industry,city,quarter,family_id,first_filing_in_window,assignees
ai,hk,2015Q1,52484359,20150216,KOKIDO DEV LTD
ai,hk,2015Q1,55180375,20150128,ALIBABA GROUP SERVICES LTD | BANMA ZHIXING NETWORK HONGKONG CO LTD
ai,hk,2015Q1,55302467,20150130,ALIBABA GROUP SERVICES LTD
ai,hk,2015Q1,55303067,20150130,ALIBABA GROUP SERVICES LTD
ai,hk,2015Q1,55402828,20150128,ALIBABA GROUP SERVICES LTD
ai,hk,2015Q1,56622227,20150213,FIH HONG KONG LTD
ai,hk,2015Q2,50683840,20150604,C2 SYSTEMS LTD
ai,hk,2015Q2,53214774,20150407,FIH HONG KONG LTD
ai,hk,2015Q2,54553421,20150519,ADVANCED APPLIED TECH LTD | APPLIED ADVANCED TECHNOLOGIES LTD
ai,hk,2015Q2,55018443,20150629,U3D LTD
ai,hk,2015Q2,55524261,20150623,THUNDER POWER HONG KONG LTD | THUNDER POWER NEW ENERGY VEHICLE DEVELOPMENT CO LTD
ai,hk,2015Q2,55749207,20150507,ALIBABA GROUP SERVICES LTD
ai,hk,2015Q2,55749213,20150506,ALIBABA GROUP SERVICES LTD
ai,hk,2015Q2,55852830,20150507,ALIBABA GROUP SERVICES LTD
ai,hk,2015Q2,55909708,20150429,ALIBABA GROUP SERVICES LTD
ai,hk,2015Q2,55912584,20150416,FIH HONG KONG LTD
ai,hk,2015Q2,56094719,20150505,ALIBABA GROUP SERVICES LTD
ai,hk,2015Q2,56151238,20150429,ALIBABA GROUP SERVICES LTD | BANMA ZHIXING NETWORK HONGKONG CO LTD
ai,hk,2015Q2,56151493,20150505,ALIBABA GROUP SERVICES LTD
ai,hk,2015Q2,56164393,20150603,FIH HONG KONG LTD
ai,hk,2015Q2,56164582,20150421,FIH HONG KONG LTD
ai,hk,2015Q2,56164802,20150420,FIH HONG KONG LTD
ai,hk,2015Q2,57601257,20150623,HONG KONG APPLIED SCIENCE & TECH RESEARCH INST CO LTD | HONG KONG APPLIED SCIENCE AND TECH RESEARCH
ai,hk,2015Q3,53886971,20150819,WELSKY TECH LIMITED | WELSKY TECH LTD | WELSKY TECHNOLOGIES LTD
ai,hk,2015Q3,54335358,20150706,KWAN CHI LEUNG
ai,hk,2015Q3,54704537,20150916,ASIA BASE TECH LIMITED | ASIABASE TECH LIMITED | ASIABASE TECH LTD | ASIABASE TECHNOLOGIES LTD
ai,hk,2015Q3,54768915,20150721,LI PO YIU PAULINE
ai,hk,2015Q3,55231665,20150811,PLATYSENS LTD
ai,hk,2015Q3,55437793,20150714,UNIV HONG KONG POLYTECHNIC
ai,hk,2015Q3,56165664,20150820,FIH HONG KONG LTD
ai,hk,2015Q3,56367693,20150902,ALIBABA GROUP SERVICES LTD
ai,hk,2015Q3,56408088,20150828,ALIBABA GROUP SERVICES LTD
ai,hk,2015Q3,56417764,20150828,ALIBABA GROUP SERVICES LTD
ai,hk,2015Q3,56434140,20150828,ALIBABA GROUP SERVICES LTD
ai,hk,2015Q3,56553134,20150828,ALIBABA GROUP SERVICES LTD
ai,hk,2015Q3,56567202,20150826,ALIBABA GROUP SERVICES LTD
ai,hk,2015Q3,56887974,20150902,ALIBABA GROUP SERVICES LTD
ai,hk,2015Q3,56925107,20150826,ALIBABA GROUP SERVICES LTD
ai,hk,2015Q3,56974192,20150831,ALIBABA GROUP SERVICES LTD
ai,hk,2015Q3,56976634,20150902,ALIBABA GROUP SERVICES LTD
ai,hk,2015Q3,57007262,20150902,ALIBABA GROUP SERVICES LTD
ai,hk,2015Q3,57204974,20150726,ANTS TECH (HK) LTD | ANTS TECH HK LIMITED
ai,hk,2015Q4,55524209,20151015,THUNDER POWER HONG KONG LTD | THUNDER POWER NEW ENERGY VEHICLE DEVELOPMENT CO LTD
ai,hk,2015Q4,55747663,20151126,CHRYSUS INTELLECTUAL PROPERTIES LTD
ai,hk,2015Q4,55962250,20151018,SOLOS TECH LIMITED
ai,hk,2015Q4,56895557,20151108,THUNDER POWER HONG KONG LTD | THUNDER POWER NEW ENERGY VEHICLE DEV CO LTD | THUNDER POWER NEW ENERGY VEHICLE DEVELOPMENT CO LTD
ai,hk,2015Q4,57129337,20151214,ALIBABA GROUP SERVICES LTD
ai,hk,2015Q4,57136710,20151214,THUNDER POWER HONG KONG LTD | THUNDER POWER NEW ENERGY VEHICLE DEVELOPMENT CO LTD
ai,hk,2015Q4,57148249,20151216,ALIBABA GROUP SERVICES LTD
ai,hk,2015Q4,57189806,20151214,THUNDER POWER HONG KONG LTD | THUNDER POWER NEW ENERGY VEHICLE DEV CO LTD | THUNDER POWER NEW ENERGY VEHICLE DEVELOPMENT CO LTD | THUNDER POWER NEW ENERGY VIHICLE DEV COMPANY LTD | THUNDER POWER NEW ENERGY VIHICLE DEVELOPMENT COMPANY LTD
ai,hk,2015Q4,57248595,20151216,ALIBABA GROUP SERVICES LTD
ai,hk,2015Q4,57248631,20151217,ALIBABA GROUP SERVICES LTD
ai,hk,2015Q4,57277237,20151216,ALIBABA GROUP SERVICES LTD
ai,hk,2015Q4,57286208,20151017,ACHIEVER TECH LTD
ai,hk,2015Q4,57399778,20151230,THUNDER POWER HONG KONG LTD
ai,hk,2015Q4,57517360,20151218,ALIBABA GROUP SERVICES LTD
ai,hk,2015Q4,57586336,20151216,ALIBABA GROUP SERVICES LTD
ai,hk,2015Q4,57586500,20151218,ALIBABA GROUP SERVICES LTD
ai,hk,2015Q4,57684154,20151216,ALIBABA GROUP SERVICES LTD
ai,hk,2015Q4,57708408,20151229,THUNDER POWER HONG KONG LTD | THUNDER POWER NEW ENERGY VEHICLE DEVELOPMENT CO LTD
ai,hk,2015Q4,57737544,20151229,THUNDER POWER HONG KONG LTD | THUNDER POWER NEW ENERGY VEHICLE DEVELOPMENT CO LTD
ai,hk,2015Q4,58523140,20151018,SOLOS TECH LIMITED
ai,hk,2015Q4,58562348,20151027,THUNDER POWER HONG KONG LTD | THUNDER POWER NEW ENERGY VEHICLE DEVELOPMENT CO LTD
ai,hk,2015Q4,58629882,20151030,GLOBAL DESIGN CORP LTD
ai,hk,2015Q4,58690410,20151113,THUNDER POWER HONG KONG LTD | THUNDER POWER NEW ENERGY VEHICLE DEV CO LTD | THUNDER POWER NEW ENERGY VEHICLE DEVELOPMENT CO LTD
ai,hk,2015Q4,59066813,20151217,UNIV CITY HONG KONG
ai,hk,2016Q1,52667581,20160305,CLEARONE COMMUNICATIONS HONG KONG LTD
ai,hk,2016Q1,55524203,20160127,THUNDER POWER HONG KONG LTD | THUNDER POWER NEW ENERGY VEHICLE DEVELOPMENT CO LTD
ai,hk,2016Q1,56554503,20160303,CHOW EDMOND K
ai,hk,2016Q1,56622077,20160201,LO HOI CHIU
ai,hk,2016Q1,56850995,20160302,M AND M TECH LIMITED | M AND M TECH LTD
ai,hk,2016Q1,56878103,20160114,THUNDER POWER HONG KONG LTD
ai,hk,2016Q1,57684226,20160308,ALIBABA GROUP SERVICES LTD
ai,hk,2016Q1,58097031,20160309,ALIBABA GROUP SERVICES LTD
ai,hk,2016Q1,58100026,20160307,ALIBABA GROUP SERVICES LTD
ai,hk,2016Q1,58190628,20160309,ALIBABA GROUP SERVICES LTD
ai,hk,2016Q1,58461747,20160217,HONG KONG APPLIED SCIENCE & TECH RESEARCH INST CO LTD
ai,hk,2016Q1,58987169,20160331,ANTS TECH (HK) LTD
ai,hk,2016Q1,59310628,20160115,UNIV CITY HONG KONG
ai,hk,2016Q1,59855606,20160321,HONG KONG APPLIED SCIENCE & TECH RESEARCH INST CO LTD
ai,hk,2016Q2,39617333,20160629,SINOEAST CONCEPT LTD
ai,hk,2016Q2,49477932,20160411,BIO-MEDICAL ENG (HK) LTD
ai,hk,2016Q2,53284181,20160429,GOODIX TECH HK COMPANY LIMITED
ai,hk,2016Q2,54322538,20160527,SINOEAST CONCEPT LTD
ai,hk,2016Q2,55919624,20160429,ROBOTICS CLUB LTD
ai,hk,2016Q2,57758888,20160518,HONG KONG PRODUCTIVITY COUNCIL
ai,hk,2016Q2,58524602,20160613,ALIBABA GROUP SERVICES LTD | BANMA ZHIXING NETWORK HONGKONG CO LTD
ai,hk,2016Q2,58690175,20160613,ALIBABA GROUP SERVICES LTD
ai,hk,2016Q2,59067090,20160614,ALIBABA GROUP SERVICES LTD
ai,hk,2016Q2,59086541,20160614,ALIBABA GROUP SERVICES LTD
ai,hk,2016Q2,59086580,20160613,ALIBABA GROUP SERVICES LTD
ai,hk,2016Q2,59960490,20160405,COMPASS TECH COMPANY LIMITED | COMPASS TECH COMPANY LTD
ai,hk,2016Q3,52428435,20160805,EDANZ GROUP LTD
ai,hk,2016Q3,57680098,20160722,THUNDER POWER HONG KONG LTD | THUNDER POWER NEW ENERGY VEHICLE DEV CO LTD | THUNDER POWER NEW ENERGY VEHICLE DEVELOPMENT CO LTD
ai,hk,2016Q3,57886032,20160801,CHI HIM WONG
ai,hk,2016Q3,58406644,20160919,ARUZE GAMING HONG KONG LTD
ai,hk,2016Q3,58430429,20160728,SIREMIX GMBH
ai,hk,2016Q3,59313354,20160823,SOLARMAX PTE LTD
ai,hk,2016Q3,59314670,20160913,ALIBABA GROUP SERVICES LTD
ai,hk,2016Q3,60294679,20160926,ARUZE GAMING HONG KONG LTD | AZURE GAMING HONG KONG LTD
ai,hk,2016Q3,60334087,20160707,ANTS TECH (HK) LIMITED | ANTS TECH HK LIMITED
ai,hk,2016Q3,61009898,20160729,HONG KONG PRODUCTIVITY COUNCIL | ONEPERSONALIZATION LTD
ai,hk,2016Q3,61129455,20160914,ANTS TECH HK LIMITED
ai,hk,2016Q4,57391776,20161114,GOODIX TECH HK COMPANY LIMITED
ai,hk,2016Q4,57681384,20161012,THUNDER POWER HONG KONG LTD | THUNDER POWER NEW ENERGY VEHICLE DEVELOPMENT CO LTD | THUNDER POWER NEW ENERGY VEHICLE DEVELOPMENT LTD
ai,hk,2016Q4,57708428,20161128,THUNDER POWER HONG KONG LTD | THUNDER POWER NEW ENERGY VEHICLE DEVELOPMENT CO LTD
ai,hk,2016Q4,58446825,20161005,KIKA TECH (HK) HOLDINGS CO LIMITED | KIKA TECH HK HOLDINGS CO LIMITED
ai,hk,2016Q4,58637749,20161223,UNIV HONG KONG BAPTIST UNIV
ai,hk,2016Q4,58696075,20161109,NEXWRITER LTD
ai,hk,2016Q4,59273316,20161219,ALIBABA GROUP SERVICES LTD
ai,hk,2016Q4,59273584,20161220,ALIBABA GROUP SERVICES LTD
ai,hk,2016Q4,59310764,20161221,ALIBABA GROUP SERVICES LTD
ai,hk,2016Q4,59625567,20161228,ALIBABA GROUP SERVICES LTD
ai,hk,2016Q4,59626743,20161014,MARVEL DIGITAL LTD
ai,hk,2016Q4,60674695,20161213,KAMI INTELLIGENCE LTD
ai,hk,2016Q4,62075466,20161101,HONG KONG R&D CENTRE FOR LOGISTICS AND SUPPLY CHAIN MANAGEMENT ENABLING TECH LIMITED | HONG KONG R&D CENTRE FOR LOGISTICS AND SUPPLY CHAIN MANAGEMENT ENABLING TECH LIMITED HONG
ai,hk,2016Q4,62487884,20161209,HONG KONG APPLIED SCIENCE & TECH RESEARCH INST CO LTD | HONG KONG APPLIED SCIENCE AND TECHNOLOY RES INSTITUTE COMPANY LIMITED
ai,hk,2017Q1,56625194,20170220,ALIBABA GROUP SERVICES LTD
ai,hk,2017Q1,58558959,20170105,FUNG CHUCK
ai,hk,2017Q1,59310795,20170116,ALIBABA GROUP SERVICES LTD
ai,hk,2017Q1,59340545,20170117,ALIBABA GROUP SERVICES LTD
ai,hk,2017Q1,59361324,20170119,ALIBABA GROUP SERVICES LTD
ai,hk,2017Q1,59361362,20170118,ALIBABA GROUP SERVICES LTD
ai,hk,2017Q1,59361469,20170120,ALIBABA GROUP SERVICES LTD
ai,hk,2017Q1,59397373,20170123,ALIBABA GROUP SERVICES LTD
ai,hk,2017Q1,59397449,20170124,ALIBABA GROUP SERVICES LTD
ai,hk,2017Q1,59499365,20170124,ALIBABA GROUP SERVICES LTD
ai,hk,2017Q1,59500562,20170124,ALIBABA GROUP SERVICES LTD
ai,hk,2017Q1,59624727,20170207,ALIBABA GROUP SERVICES LTD
ai,hk,2017Q1,59625703,20170218,MARCH PROJECTION LTD
ai,hk,2017Q1,59684712,20170208,ALIBABA GROUP SERVICES LTD
ai,hk,2017Q1,59684972,20170208,ALIBABA GROUP SERVICES LTD
ai,hk,2017Q1,59685082,20170208,ALIBABA GROUP SERVICES LTD
ai,hk,2017Q1,59685795,20170208,ALIBABA GROUP SERVICES LTD
ai,hk,2017Q1,59685834,20170208,ALIBABA GROUP SERVICES LTD
ai,hk,2017Q1,59720591,20170209,ALIBABA GROUP SERVICES LTD
ai,hk,2017Q1,59720813,20170209,ALIBABA GROUP SERVICES LTD
ai,hk,2017Q1,59721328,20170208,ALIBABA GROUP SERVICES LTD
ai,hk,2017Q1,59721634,20170209,ALIBABA GROUP SERVICES LTD
ai,hk,2017Q1,59721804,20170209,ALIBABA GROUP SERVICES LTD
ai,hk,2017Q1,59743465,20170213,ALIBABA GROUP SERVICES LTD
ai,hk,2017Q1,59790048,20170214,ALIBABA GROUP SERVICES LTD
ai,hk,2017Q1,59847135,20170125,HONG KONG APPLIED SCIENCE & TECH RESEARCH INST CO LTD
ai,hk,2017Q1,59850091,20170215,ALIBABA GROUP SERVICES LTD
ai,hk,2017Q1,59850590,20170215,ALIBABA GROUP SERVICES LTD
ai,hk,2017Q1,59851750,20170215,ALIBABA GROUP SERVICES LTD
ai,hk,2017Q1,59851772,20170215,ALIBABA GROUP SERVICES LTD
ai,hk,2017Q1,59899212,20170120,ALIBABA GROUP SERVICES LTD
ai,hk,2017Q1,59899251,20170216,ALIBABA GROUP SERVICES LTD
ai,hk,2017Q1,59899311,20170216,ALIBABA GROUP SERVICES LTD
ai,hk,2017Q1,59899371,20170217,ALIBABA GROUP SERVICES LTD
ai,hk,2017Q1,59932603,20170217,ALIBABA GROUP SERVICES LTD
ai,hk,2017Q1,59959910,20170329,HONG KONG TELECOMMUNICATIONS HKT LTD | HONG KONG TELECOMMUNICATIONS HTK LTD
ai,hk,2017Q1,59962562,20170221,ALIBABA GROUP SERVICES LTD
ai,hk,2017Q1,59962574,20170221,ALIBABA GROUP SERVICES LTD
ai,hk,2017Q1,59962602,20170220,ALIBABA GROUP SERVICES LTD
ai,hk,2017Q1,59962604,20170120,ALIBABA GROUP SERVICES LTD
ai,hk,2017Q1,59963445,20170222,ALIBABA GROUP SERVICES LTD
ai,hk,2017Q1,59963457,20170220,ALIBABA GROUP SERVICES LTD
ai,hk,2017Q1,59963490,20170221,ALIBABA GROUP SERVICES LTD
ai,hk,2017Q1,60266184,20170315,ALIBABA GROUP SERVICES LTD
ai,hk,2017Q1,60267848,20170307,ALIBABA GROUP SERVICES LTD
ai,hk,2017Q1,60324817,20170314,ALIBABA GROUP SERVICES LTD
ai,hk,2017Q1,60411068,20170313,ALIBABA GROUP SERVICES LTD
ai,hk,2017Q1,60660872,20170307,ALIBABA GROUP SERVICES LTD
ai,hk,2017Q1,61274990,20170316,SUCCESS ASIA INC LTD | UNIV HONG KONG
ai,hk,2017Q1,61583376,20170116,ANTS TECH HK LIMITED
ai,hk,2017Q1,61829314,20170112,MARVEL DIGITAL LTD
ai,hk,2017Q1,63355164,20170303,HONG KONG APPLIED SCIENCE & TECH RESEARCH INST CO LTD
ai,hk,2017Q1,63355730,20170302,HONG KONG APPLIED SCIENCE & TECH RESEARCH INST CO LTD
ai,hk,2017Q2,57601044,20170419,SUNASIC TECH LIMITED
ai,hk,2017Q2,58672331,20170419,SUNASIC TECH LIMITED
ai,hk,2017Q2,59056008,20170406,INFINITY CUBE LTD
ai,hk,2017Q2,59175489,20170619,ALIBABA GROUP SERVICES LTD
ai,hk,2017Q2,59175498,20170413,ALIBABA GROUP SERVICES LTD
ai,hk,2017Q2,59176416,20170413,ALIBABA GROUP SERVICES LTD
ai,hk,2017Q2,59190924,20170612,ALIBABA GROUP SERVICES LTD
ai,hk,2017Q2,59190965,20170609,ALIBABA GROUP SERVICES LTD
ai,hk,2017Q2,59191133,20170614,ALIBABA GROUP SERVICES LTD
ai,hk,2017Q2,59191655,20170612,ALIBABA GROUP SERVICES LTD
ai,hk,2017Q2,59206235,20170414,ALIBABA GROUP SERVICES LTD
ai,hk,2017Q2,59206339,20170614,ALIBABA GROUP SERVICES LTD
ai,hk,2017Q2,59206541,20170413,ALIBABA GROUP SERVICES LTD
ai,hk,2017Q2,59238884,20170614,ALIBABA GROUP SERVICES LTD
ai,hk,2017Q2,59439048,20170412,ALIBABA GROUP SERVICES LTD
ai,hk,2017Q2,59453249,20170615,ALIBABA GROUP SERVICES LTD
ai,hk,2017Q2,59453270,20170414,ALIBABA GROUP SERVICES LTD
ai,hk,2017Q2,60664310,20170410,ALIBABA GROUP SERVICES LTD | BANMA ZHIXING NETWORK HONGKONG CO LTD
ai,hk,2017Q2,60941692,20170509,ALIBABA GROUP SERVICES LTD
ai,hk,2017Q2,60952791,20170605,ALIBABA GROUP SERVICES LTD
ai,hk,2017Q2,60988041,20170629,NEC HONG KONG LTD
ai,hk,2017Q2,60988958,20170509,ALIBABA GROUP SERVICES LTD
ai,hk,2017Q2,60991922,20170607,ALIBABA GROUP SERVICES LTD
ai,hk,2017Q2,60991940,20170608,ALIBABA GROUP SERVICES LTD
ai,hk,2017Q2,61159073,20170629,NEC HONG KONG LTD
ai,hk,2017Q2,61162753,20170612,ALIBABA GROUP SERVICES LTD
ai,hk,2017Q2,61246382,20170613,ALIBABA GROUP SERVICES LTD
ai,hk,2017Q2,61246425,20170614,ALIBABA GROUP SERVICES LTD
ai,hk,2017Q2,61648934,20170406,ANTS TECH HK LIMITED
ai,hk,2017Q2,61685328,20170510,ALIBABA GROUP SERVICES LTD
ai,hk,2017Q2,61687907,20170510,ALIBABA GROUP SERVICES LTD
ai,hk,2017Q2,61757114,20170511,ALIBABA GROUP SERVICES LTD
ai,hk,2017Q2,61931041,20170529,ANTS TECH HK LIMITED
ai,hk,2017Q2,61964866,20170511,ANTS TECH HK LIMITED
ai,hk,2017Q2,63705333,20170414,UNIV HONG KONG CHINESE
ai,hk,2017Q2,63711777,20170406,BRASS RING INTERNATIONAL DENSITY ENTERPRISE LTD
ai,hk,2017Q2,63853994,20170419,YIP CHING WA
ai,hk,2017Q2,64458291,20170602,SUNASIC TECH LIMITED
ai,hk,2017Q2,64459792,20170606,PLUSAI LTD
ai,hk,2017Q2,64460346,20170530,SUNASIC TECH LIMITED
ai,hk,2017Q3,59175699,20170922,ALIBABA GROUP SERVICES LTD
ai,hk,2017Q3,59175722,20170911,ALIBABA GROUP SERVICES LTD
ai,hk,2017Q3,59176496,20170912,ALIBABA GROUP SERVICES LTD
ai,hk,2017Q3,59212948,20170809,ALIBABA GROUP SERVICES LTD
ai,hk,2017Q3,59341453,20170803,ALIBABA GROUP SERVICES LTD
ai,hk,2017Q3,59430889,20170915,ALIBABA GROUP SERVICES LTD
ai,hk,2017Q3,59439405,20170720,ALIBABA GROUP SERVICES LTD
ai,hk,2017Q3,59453304,20170807,ALIBABA GROUP SERVICES LTD
ai,hk,2017Q3,59501175,20170705,FIND SOLUTION ARTIFICIAL INTELLIGENCE LTD | LAM YUEN LEE VIOLA
ai,hk,2017Q3,59524561,20170804,ALIBABA GROUP SERVICES LTD
ai,hk,2017Q3,59525532,20170920,ALIBABA GROUP SERVICES LTD
ai,hk,2017Q3,59530785,20170918,ALIBABA GROUP SERVICES LTD
ai,hk,2017Q3,59530847,20170922,ALIBABA GROUP SERVICES LTD
ai,hk,2017Q3,59533114,20170807,ALIBABA GROUP SERVICES LTD
ai,hk,2017Q3,59619860,20170807,ALIBABA GROUP SERVICES LTD
ai,hk,2017Q3,59676957,20170728,CAMERON MARK STEVEN
ai,hk,2017Q3,59948376,20170731,Hong ying tang
ai,hk,2017Q3,60198988,20170907,NAM SIU TUNG
ai,hk,2017Q3,61562512,20170717,ALIBABA GROUP SERVICES LTD
ai,hk,2017Q3,61686350,20170920,UNIV HONG KONG BAPTIST UNIV
ai,hk,2017Q3,61829466,20170801,ALIBABA GROUP SERVICES LTD
ai,hk,2017Q3,61854042,20170702,ANTS TECH HK LIMITED
ai,hk,2017Q3,61891935,20170810,ALIBABA GROUP SERVICES LTD
ai,hk,2017Q3,61969515,20170803,CAINIAO SMART LOGISTICS NETWORK HONG KONG LTD
ai,hk,2017Q3,62007103,20170809,ANTS TECH HK LIMITED
ai,hk,2017Q3,62144034,20170802,ALIBABA GROUP SERVICES LTD
ai,hk,2017Q3,62168871,20170731,ALIBABA GROUP SERVICES LTD
ai,hk,2017Q3,62196168,20170915,ALIBABA GROUP SERVICES LTD
ai,hk,2017Q3,62226487,20170811,ALIBABA GROUP SERVICES LTD
ai,hk,2017Q3,62487941,20170802,ALIBABA GROUP SERVICES LTD
ai,hk,2017Q3,62643755,20170718,INTELLIGENCE & PARTNER LTD
ai,hk,2017Q3,63529001,20170905,FUTURE MOBILITY CORPORATION LTD
ai,hk,2017Q3,63529002,20170905,FUTURE MOBILITY CORPORATION LTD
ai,hk,2017Q3,63790717,20170825,FIH HONG KONG LTD
ai,hk,2017Q3,64069179,20170822,WISERS INFORMATION LTD
ai,hk,2017Q3,64452104,20170728,SUNASIC TECH LIMITED
ai,hk,2017Q3,64903213,20170705,SUNASIC TECH LIMITED
ai,hk,2017Q3,64903577,20170705,SUNASIC TECH LIMITED
ai,hk,2017Q3,65000760,20170714,UNIV HONG KONG BAPTIST UNIV
ai,hk,2017Q3,65273253,20170808,LAU GARY Q | SMITH PAUL ANTHONY
ai,hk,2017Q4,59167997,20171117,ALIBABA GROUP SERVICES LTD
ai,hk,2017Q4,59338623,20171120,ALIBABA GROUP SERVICES LTD
ai,hk,2017Q4,59530481,20171109,ALIBABA GROUP SERVICES LTD
ai,hk,2017Q4,59676141,20171117,ALIBABA GROUP SERVICES LTD
ai,hk,2017Q4,59717392,20171120,ALIBABA GROUP SERVICES LTD
ai,hk,2017Q4,59718000,20171120,ALIBABA GROUP SERVICES LTD
ai,hk,2017Q4,59725277,20171116,ALIBABA GROUP SERVICES LTD
ai,hk,2017Q4,60338344,20171122,ALIBABA GROUP SERVICES LTD
ai,hk,2017Q4,62490721,20171108,AUTHPAPER LTD
ai,hk,2017Q4,62559243,20171212,CHINESE UNIV OF HONG KONG | HONK KONG POLYTECHNIC UNIV
ai,hk,2017Q4,62626008,20171129,AIRPORT AUTHORITY | D2V LTD
ai,hk,2017Q4,62789056,20171101,ALIBABA GROUP SERVICES LTD | BANMA ZHIXING NETWORK HONGKONG CO LTD
ai,hk,2017Q4,62789058,20171031,ALIBABA GROUP SERVICES LTD
ai,hk,2017Q4,62906491,20171110,ALIBABA GROUP SERVICES LTD
ai,hk,2017Q4,62907104,20171026,ALIBABA GROUP SERVICES LTD
ai,hk,2017Q4,63167304,20171024,ALIBABA GROUP SERVICES LTD
ai,hk,2017Q4,63167400,20171027,ALIBABA GROUP SERVICES LTD
ai,hk,2017Q4,63169125,20171102,ALIBABA GROUP SERVICES LTD
ai,hk,2017Q4,63169712,20171107,ALIBABA GROUP SERVICES LTD
ai,hk,2017Q4,63170050,20171108,CAINIAO SMART LOGISTICS NETWORK HONG KONG LTD
ai,hk,2017Q4,63208899,20171009,HAMPEN TECH CORPORATION LIMITED
ai,hk,2017Q4,63220792,20171108,CAINIAO SMART LOGISTICS NETWORK HONG KONG LTD
ai,hk,2017Q4,63245769,20171024,ALIBABA GROUP SERVICES LTD
ai,hk,2017Q4,63247120,20171025,ALIBABA GROUP SERVICES LTD
ai,hk,2017Q4,63369778,20171107,ALIBABA GROUP SERVICES LTD
ai,hk,2017Q4,63444820,20171027,ALIBABA GROUP SERVICES LTD
ai,hk,2017Q4,63522791,20171120,ALIBABA GROUP SERVICES LTD
ai,hk,2017Q4,63584050,20171106,ALIBABA GROUP SERVICES LTD
ai,hk,2017Q4,63669515,20171024,ALIBABA GROUP SERVICES LTD
ai,hk,2017Q4,63762369,20171110,HAMPEN TECH CORPORATION LIMITED
ai,hk,2017Q4,64460192,20171016,GOOEE LTD
ai,hk,2017Q4,64755131,20171228,AEOLUS ROBOTICS CORPORATION LTD
ai,hk,2017Q4,64755132,20171228,AEOLUS ROBOTICS CORPORATION LTD
ai,hk,2017Q4,65897929,20171004,SMOOTHWEB TECH LTD
ai,hk,2017Q4,66813751,20171218,PLUSAI LTD
ai,hk,2017Q4,66816249,20171218,HONG KONG APPLIED SCIENCE & TECH RESEARCH INST CO LTD
ai,hk,2017Q4,66950368,20171221,UNIV CITY HONG KONG
ai,hk,2017Q4,74260737,20171228,EWIG INDUSTRIES MACAO COMMERCIAL OFFSHORE LTD
ai,hk,2018Q1,59872897,20180314,ALIBABA GROUP SERVICES LTD
ai,hk,2018Q1,60099837,20180306,ALIBABA GROUP SERVICES LTD
ai,hk,2018Q1,60271548,20180305,ALIBABA GROUP SERVICES LTD
ai,hk,2018Q1,60272274,20180305,ALIBABA GROUP SERVICES LTD
ai,hk,2018Q1,60274110,20180314,ALIBABA GROUP SERVICES LTD
ai,hk,2018Q1,60304307,20180313,ALIBABA GROUP SERVICES LTD
ai,hk,2018Q1,60304349,20180314,ALIBABA GROUP SERVICES LTD
ai,hk,2018Q1,60304805,20180316,ALIBABA GROUP SERVICES LTD
ai,hk,2018Q1,60331776,20180313,ALIBABA GROUP SERVICES LTD
ai,hk,2018Q1,60333026,20180314,ALIBABA GROUP SERVICES LTD
ai,hk,2018Q1,60338712,20180305,ALIBABA GROUP SERVICES LTD
ai,hk,2018Q1,60405205,20180305,ALIBABA GROUP SERVICES LTD
ai,hk,2018Q1,60429818,20180315,ALIBABA GROUP SERVICES LTD
ai,hk,2018Q1,60458664,20180316,ALIBABA GROUP SERVICES LTD
ai,hk,2018Q1,60487101,20180316,ALIBABA GROUP SERVICES LTD
ai,hk,2018Q1,60594797,20180316,ALIBABA GROUP SERVICES LTD
ai,hk,2018Q1,62779102,20180306,ALIBABA GROUP SERVICES LTD
ai,hk,2018Q1,62893215,20180105,QUANTUM CYBERTECH LTD
ai,hk,2018Q1,62979087,20180124,WELL BEING DIGITAL LTD
ai,hk,2018Q1,62979252,20180126,BANUBA LTD
ai,hk,2018Q1,63448614,20180309,ZYETRIC AUGMENTED REALITY LTD
ai,hk,2018Q1,63858204,20180105,BYTON LTD
ai,hk,2018Q1,63918026,20180307,ALIBABA GROUP SERVICES LTD
ai,hk,2018Q1,64104353,20180308,ALIBABA GROUP SERVICES LTD
ai,hk,2018Q1,64104390,20180308,ALIBABA GROUP SERVICES LTD
ai,hk,2018Q1,64271997,20180227,ALIBABA GROUP SERVICES LTD
ai,hk,2018Q1,64563706,20180301,ALIBABA GROUP SERVICES LTD
ai,hk,2018Q1,64564017,20180302,ALIBABA GROUP SERVICES LTD
ai,hk,2018Q1,64565717,20180313,ALIBABA GROUP SERVICES LTD
ai,hk,2018Q1,64600285,20180315,ANTS TECH HK LIMITED
ai,hk,2018Q1,64658217,20180227,ALIBABA GROUP SERVICES LTD
ai,hk,2018Q1,64658228,20180227,ALIBABA GROUP SERVICES LTD
ai,hk,2018Q1,64658290,20180301,ALIBABA GROUP SERVICES LTD
ai,hk,2018Q1,64693344,20180227,ALIBABA GROUP SERVICES LTD
ai,hk,2018Q1,65183702,20180105,BYTON LTD
ai,hk,2018Q1,67059752,20180102,UNIV CITY HONG KONG
ai,hk,2018Q1,67220248,20180302,HONG KONG APPLIED SCIENCE & TECH RESEARCH INST CO LTD
ai,hk,2018Q1,67476387,20180206,UNIV CITY HONG KONG
ai,hk,2018Q1,67685984,20180223,HONG KONG APPLIED SCIENCE & TECH RESEARCH INST CO LTD
ai,hk,2018Q1,67767700,20180305,HONG KONG APPLIED SCIENCE & TECH RESEARCH INST CO LTD
ai,hk,2018Q1,67768651,20180305,HONG KONG APPLIED SCIENCE & TECH RESEARCH INST CO LTD
ai,hk,2018Q2,60333323,20180614,NIO NEXTEV LTD
ai,hk,2018Q2,60436779,20180523,ALIBABA GROUP SERVICES LTD
ai,hk,2018Q2,60644817,20180507,ALIBABA GROUP SERVICES LTD
ai,hk,2018Q2,60644845,20180516,ALIBABA GROUP SERVICES LTD
ai,hk,2018Q2,60678692,20180514,ALIBABA GROUP SERVICES LTD
ai,hk,2018Q2,60680373,20180517,ALIBABA GROUP SERVICES LTD
ai,hk,2018Q2,60721638,20180515,ALIBABA GROUP SERVICES LTD
ai,hk,2018Q2,60722330,20180514,ALIBABA GROUP SERVICES LTD
ai,hk,2018Q2,60748842,20180516,ALIBABA GROUP SERVICES LTD
ai,hk,2018Q2,61059789,20180515,ALIBABA GROUP SERVICES LTD
ai,hk,2018Q2,61064061,20180522,ALIBABA GROUP SERVICES LTD
ai,hk,2018Q2,61100507,20180524,ALIBABA GROUP SERVICES LTD
ai,hk,2018Q2,61134798,20180510,ALIBABA GROUP SERVICES LTD
ai,hk,2018Q2,61172471,20180522,ALIBABA GROUP SERVICES LTD
ai,hk,2018Q2,61254641,20180530,ALIBABA GROUP SERVICES LTD
ai,hk,2018Q2,61266933,20180530,ALIBABA GROUP SERVICES LTD
ai,hk,2018Q2,61576552,20180525,ALIBABA GROUP SERVICES LTD
ai,hk,2018Q2,61643417,20180514,ALIBABA GROUP SERVICES LTD
ai,hk,2018Q2,61666730,20180522,ALIBABA GROUP SERVICES LTD
ai,hk,2018Q2,62791770,20180418,BANUBA LTD
ai,hk,2018Q2,62948271,20180425,BANUBA LTD
ai,hk,2018Q2,63207887,20180509,ALIBABA GROUP SERVICES LTD
ai,hk,2018Q2,63405347,20180509,ALIBABA GROUP SERVICES LTD
ai,hk,2018Q2,64273377,20180516,UNIV HONG KONG CHINESE
ai,hk,2018Q2,64315447,20180522,BANUBA LTD
ai,hk,2018Q2,64693207,20180621,BANUBA LTD
ai,hk,2018Q2,64693802,20180621,LO KIT YI
ai,hk,2018Q2,64737522,20180615,POLAR SEAL LTD
ai,hk,2018Q2,64903318,20180608,ALIBABA GROUP SERVICES LTD
ai,hk,2018Q2,64904254,20180612,ALIBABA GROUP SERVICES LTD
ai,hk,2018Q2,64950625,20180516,ALIBABA GROUP SERVICES LTD
ai,hk,2018Q2,65015352,20180612,ALIBABA GROUP SERVICES LTD
ai,hk,2018Q2,65015822,20180611,ALIBABA GROUP SERVICES LTD
ai,hk,2018Q2,65016425,20180612,ALIBABA GROUP SERVICES LTD
ai,hk,2018Q2,65038649,20180608,ALIBABA GROUP SERVICES LTD
ai,hk,2018Q2,65039939,20180605,ALIBABA GROUP SERVICES LTD
ai,hk,2018Q2,65041068,20180613,ALIBABA GROUP SERVICES LTD
ai,hk,2018Q2,65233415,20180517,ALIBABA GROUP SERVICES LTD
ai,hk,2018Q2,65722382,20180606,ALIBABA GROUP SERVICES LTD
ai,hk,2018Q2,65769598,20180614,ALIBABA GROUP SERVICES LTD
ai,hk,2018Q2,65863117,20180606,ALIBABA GROUP SERVICES LTD
ai,hk,2018Q2,65863622,20180525,ALIBABA GROUP SERVICES LTD
ai,hk,2018Q2,65896761,20180611,ALIBABA GROUP SERVICES LTD
ai,hk,2018Q2,65897354,20180611,ALIBABA GROUP SERVICES LTD
ai,hk,2018Q2,65897633,20180614,ALIBABA GROUP SERVICES LTD
ai,hk,2018Q2,65900635,20180614,ALIBABA GROUP SERVICES LTD
ai,hk,2018Q2,66041215,20180412,AEOLUS ROBOTICS CORPORATION LTD
ai,hk,2018Q2,67235300,20180418,ANTS TECH HK LIMITED
ai,hk,2018Q2,67300182,20180604,DOLSMA JOHAN MATTHIJS | LAM YUEN LEE VIOLA
ai,hk,2018Q2,67713780,20180430,MAIN CONTINENTAL TECH LIMITED
ai,hk,2018Q2,68533871,20180518,HONG KONG APPLIED SCIENCE & TECH RESEARCH INST CO LTD
ai,hk,2018Q2,68614736,20180524,TFI DIGITAL MEDIA LTD
ai,hk,2018Q2,68840276,20180619,HONG KONG APPLIED SCIENCE & TECH RESEARCH INST CO LTD
ai,hk,2018Q2,68980501,20180621,UNIV CITY HONG KONG
ai,hk,2018Q2,68982000,20180622,INSILICO MEDICINE IP LTD
ai,hk,2018Q2,68984581,20180629,LOGISTICS AND SUPPLY CHAIN MULTITECH R&D CENTRE LTD
ai,hk,2018Q2,68985753,20180629,LOGISTICS AND SUPPLY CHAIN MULTI TECH R&D CENTRE LTD | LOGISTICS AND SUPPLY CHAIN MULTITECH R&D CENTRE LTD
ai,hk,2018Q3,60186027,20180927,GOODIX TECH HK COMPANY LIMITED
ai,hk,2018Q3,61212925,20180820,ALIBABA GROUP SERVICES LTD
ai,hk,2018Q3,61535467,20180918,ALIBABA GROUP SERVICES LTD
ai,hk,2018Q3,61536298,20180918,ALIBABA GROUP SERVICES LTD
ai,hk,2018Q3,61700060,20180910,ALIBABA GROUP SERVICES LTD
ai,hk,2018Q3,61780066,20180910,ALIBABA GROUP SERVICES LTD
ai,hk,2018Q3,61845649,20180912,ALIBABA GROUP SERVICES LTD
ai,hk,2018Q3,61896352,20180912,ALIBABA GROUP SERVICES LTD
ai,hk,2018Q3,61935512,20180820,ALIBABA GROUP SERVICES LTD
ai,hk,2018Q3,61963958,20180823,ALIBABA GROUP SERVICES LTD
ai,hk,2018Q3,62080179,20180919,ALIBABA GROUP SERVICES LTD
ai,hk,2018Q3,62080436,20180903,ALIBABA GROUP SERVICES LTD
ai,hk,2018Q3,62080727,20180914,ALIBABA GROUP SERVICES LTD
ai,hk,2018Q3,62134906,20180917,ALIBABA GROUP SERVICES LTD
ai,hk,2018Q3,62172293,20180917,ALIBABA GROUP SERVICES LTD
ai,hk,2018Q3,62388927,20180920,ALIBABA GROUP SERVICES LTD
ai,hk,2018Q3,62524251,20180926,ALIBABA GROUP SERVICES LTD
ai,hk,2018Q3,62527339,20180911,ALIBABA GROUP SERVICES LTD
ai,hk,2018Q3,63518509,20180808,TYMPHANY HK LTD
ai,hk,2018Q3,64999135,20180712,BANUBA LTD
ai,hk,2018Q3,65001552,20180703,TELEFIELD MEDICAL IMAGING LTD
ai,hk,2018Q3,65210544,20180713,TYRAFOS TECHNOLOGIES CO LIMITED
ai,hk,2018Q3,65233627,20180804,ZYETRIC ENTERPRISE LTD
ai,hk,2018Q3,65268833,20180918,COMPUTIME LTD
ai,hk,2018Q3,65304532,20180720,NIU YI
ai,hk,2018Q3,65437459,20180831,BANUBA LTD
ai,hk,2018Q3,65719777,20180822,DEFOND COMPONENTS LTD
ai,hk,2018Q3,65993289,20180807,ALIBABA GROUP SERVICES LTD
ai,hk,2018Q3,65993310,20180807,ALIBABA GROUP SERVICES LTD
ai,hk,2018Q3,65993353,20180809,ALIBABA GROUP SERVICES LTD
ai,hk,2018Q3,65993678,20180807,ALIBABA GROUP SERVICES LTD
ai,hk,2018Q3,66051089,20180806,ALIBABA GROUP SERVICES LTD
ai,hk,2018Q3,66066222,20180705,TYRAFOS TECHNOLOGIES CO LIMITED
ai,hk,2018Q3,66066274,20180802,TYRAFOS TECHNOLOGIES CO LIMITED
ai,hk,2018Q3,66171147,20180817,ALIBABA GROUP SERVICES LTD
ai,hk,2018Q3,66174297,20180817,ALIBABA GROUP SERVICES LTD
ai,hk,2018Q3,66247156,20180824,ALIBABA GROUP SERVICES LTD
ai,hk,2018Q3,66327927,20180907,ALIBABA GROUP SERVICES LTD
ai,hk,2018Q3,66328670,20180907,ALIBABA GROUP SERVICES LTD
ai,hk,2018Q3,66328821,20180907,ALIBABA GROUP SERVICES LTD
ai,hk,2018Q3,66331335,20180829,ALIBABA GROUP SERVICES LTD
ai,hk,2018Q3,66432405,20180914,ALIBABA GROUP SERVICES LTD
ai,hk,2018Q3,66539363,20180917,ALIBABA GROUP SERVICES LTD
ai,hk,2018Q3,66592088,20180928,TYRAFOS TECHNOLOGIES CO LIMITED
ai,hk,2018Q3,66632575,20180928,ALIBABA GROUP SERVICES LTD
ai,hk,2018Q3,67076128,20180911,CHAN CHARLES LAP SAN
ai,hk,2018Q3,68054330,20180706,FIH HONG KONG LTD
ai,hk,2018Q3,68291466,20180706,FIH HONG KONG LTD
ai,hk,2018Q3,68326169,20180814,ANTS TECH HK LIMITED
ai,hk,2018Q3,69025549,20180724,ASTEC INT LTD | ASTEE INTERNATIONAL LTD
ai,hk,2018Q3,69138442,20180710,UNIV CITY HONG KONG
ai,hk,2018Q3,69720400,20180911,UNIV CITY HONG KONG
ai,hk,2018Q3,69720870,20180910,UNIV CITY HONG KONG
ai,hk,2018Q3,69772388,20180919,BYTON LTD
ai,hk,2018Q3,69774024,20180918,INSILICO MEDICINE IP LTD
ai,hk,2018Q3,69774184,20180913,VIRTUAL CONTROL LTD
ai,hk,2018Q3,69947115,20180927,LOGISTICS AND SUPPLY CHAIN MULTITECH R&D CENTRE LTD
ai,hk,2018Q3,69947675,20180928,LOGISTICS AND SUPPLY CHAIN MULTITECH R&D CENTRE LTD
ai,hk,2018Q3,69947787,20180928,GLO BIG BOSS LTD
ai,hk,2018Q4,40799804,20181211,SINOEAST CONCEPT LTD
ai,hk,2018Q4,60688662,20181010,GREEN GARDEN TOYS HONG KONG CO LTD
ai,hk,2018Q4,62208088,20181001,ALIBABA GROUP SERVICES LTD
ai,hk,2018Q4,62232360,20181022,ALIBABA GROUP SERVICES LTD
ai,hk,2018Q4,62517245,20181203,ALIBABA GROUP SERVICES LTD
ai,hk,2018Q4,62549051,20181029,ALIBABA GROUP SERVICES LTD
ai,hk,2018Q4,62573634,20181002,ALIBABA GROUP SERVICES LTD
ai,hk,2018Q4,62574339,20181008,ALIBABA GROUP SERVICES LTD
ai,hk,2018Q4,62624730,20181121,ZYETRIC TECH LIMITED
ai,hk,2018Q4,62645792,20181018,ALIBABA GROUP SERVICES LTD
ai,hk,2018Q4,62646294,20181023,ALIBABA GROUP SERVICES LTD
ai,hk,2018Q4,62649515,20181009,ALIBABA GROUP SERVICES LTD
ai,hk,2018Q4,62650032,20181016,ALIBABA GROUP SERVICES LTD
ai,hk,2018Q4,62773196,20181205,ALIBABA GROUP SERVICES LTD
ai,hk,2018Q4,62801738,20181011,ALIBABA GROUP SERVICES LTD
ai,hk,2018Q4,62803630,20181207,ALIBABA GROUP SERVICES LTD
ai,hk,2018Q4,62808847,20181225,ALIBABA GROUP SERVICES LTD
ai,hk,2018Q4,62867548,20181017,ALIBABA GROUP SERVICES LTD
ai,hk,2018Q4,62962510,20181018,ALIBABA GROUP SERVICES LTD
ai,hk,2018Q4,63003692,20181226,ALIBABA GROUP SERVICES LTD
ai,hk,2018Q4,63007175,20181214,ALIBABA GROUP SERVICES LTD
ai,hk,2018Q4,63007344,20181213,ALIBABA GROUP SERVICES LTD
ai,hk,2018Q4,63016624,20181204,ALIBABA GROUP SERVICES LTD
ai,hk,2018Q4,63095618,20181120,ALIBABA GROUP SERVICES LTD
ai,hk,2018Q4,63127782,20181219,ALIBABA GROUP SERVICES LTD
ai,hk,2018Q4,63156147,20181218,ALIBABA GROUP SERVICES LTD
ai,hk,2018Q4,63156823,20181220,ALIBABA GROUP SERVICES LTD
ai,hk,2018Q4,63158702,20181119,ALIBABA GROUP SERVICES LTD
ai,hk,2018Q4,63191679,20181218,ALIBABA GROUP SERVICES LTD
ai,hk,2018Q4,63192622,20181221,ALIBABA GROUP SERVICES LTD
ai,hk,2018Q4,63192672,20181221,ALIBABA GROUP SERVICES LTD
ai,hk,2018Q4,63217029,20181221,ALIBABA GROUP SERVICES LTD
ai,hk,2018Q4,63340401,20181221,ALIBABA GROUP SERVICES LTD
ai,hk,2018Q4,63344007,20181217,ALIBABA GROUP SERVICES LTD
ai,hk,2018Q4,63433489,20181119,ALIBABA GROUP SERVICES LTD
ai,hk,2018Q4,63485531,20181214,ALIBABA GROUP SERVICES LTD
ai,hk,2018Q4,63486463,20181227,ALIBABA GROUP SERVICES LTD
ai,hk,2018Q4,63633347,20181011,ALIBABA GROUP SERVICES LTD
ai,hk,2018Q4,63636413,20181127,ALIBABA GROUP SERVICES LTD
ai,hk,2018Q4,63756524,20181128,ALIBABA GROUP SERVICES LTD
ai,hk,2018Q4,63848287,20181130,ALIBABA GROUP SERVICES LTD
ai,hk,2018Q4,65441056,20181119,ALIBABA GROUP SERVICES LTD
ai,hk,2018Q4,66102794,20181120,ALIBABA GROUP SERVICES LTD
ai,hk,2018Q4,66166535,20181119,ALIBABA GROUP SERVICES LTD
ai,hk,2018Q4,66173993,20181009,MINDFIO LTD
ai,hk,2018Q4,66438227,20181113,ZYETRIC GAMING LTD
ai,hk,2018Q4,66534530,20181115,HONG KONG APPLIED SCIENCE & TECH RESEARCH INST CO LTD
ai,hk,2018Q4,66534893,20181115,UNIV HONG KONG SCI & TECH | UNIV HONG KONG SCIENCE & TECH
ai,hk,2018Q4,66696301,20181005,ALIBABA GROUP SERVICES LTD
ai,hk,2018Q4,66696327,20181211,HONG KONG RES INST TEXTILES & APPAREL LTD
ai,hk,2018Q4,66697140,20181005,ALIBABA GROUP SERVICES LTD
ai,hk,2018Q4,66750420,20181205,LAM YUEN LEE VIOLA
ai,hk,2018Q4,66818912,20181012,ALIBABA GROUP SERVICES LTD
ai,hk,2018Q4,66819563,20181012,ALIBABA GROUP SERVICES LTD
ai,hk,2018Q4,66819983,20181012,ALIBABA GROUP SERVICES LTD
ai,hk,2018Q4,66820725,20181012,ALIBABA GROUP SERVICES LTD
ai,hk,2018Q4,66820790,20181205,HO SZE KIT
ai,hk,2018Q4,67059723,20181019,ALIBABA GROUP SERVICES LTD
ai,hk,2018Q4,67059756,20181022,ALIBABA GROUP SERVICES LTD
ai,hk,2018Q4,67066389,20181023,ALIBABA GROUP SERVICES LTD
ai,hk,2018Q4,67066469,20181030,Fg innovation co ltd
ai,hk,2018Q4,67128476,20181031,ALIBABA GROUP SERVICES LTD
ai,hk,2018Q4,67391644,20181107,ALIBABA GROUP SERVICES LTD
ai,hk,2018Q4,67479089,20181219,ALIBABA GROUP SERVICES LTD
ai,hk,2018Q4,67479139,20181219,ALIBABA GROUP SERVICES LTD
ai,hk,2018Q4,67568500,20181130,IEMIS HK LTD
ai,hk,2018Q4,67750795,20181113,ALIBABA GROUP SERVICES LTD
ai,hk,2018Q4,67905703,20181116,ALIBABA GROUP SERVICES LTD
ai,hk,2018Q4,67907357,20181228,ALIBABA GROUP SERVICES LTD
ai,hk,2018Q4,67908522,20181115,ALIBABA GROUP SERVICES LTD
ai,hk,2018Q4,67983682,20181211,TUTOR GROUP LTD
ai,hk,2018Q4,68057701,20181125,WONG KING BONG
ai,hk,2018Q4,68161681,20181219,UNIV HONG KONG POLYTECHNIC
ai,hk,2018Q4,70161001,20181015,UNIV CITY HONG KONG
ai,hk,2018Q4,70279618,20181022,UNIV HONG KONG POLYTECHNIC
ai,hk,2018Q4,70326162,20181024,UNIV CITY HONG KONG
ai,hk,2018Q4,70550580,20181109,HONG KONG APPLIED SCIENCE & TECH RESEARCH INST CO LTD
ai,hk,2018Q4,70728550,20181115,HK LIJUN TECH LIMITED
ai,hk,2018Q4,71070938,20181213,HONG KONG APPLIED SCIENCE & TECH RESEARCH INST CO LTD
ai,hk,2018Q4,71408266,20181102,GLO BIG BOSS LTD
ai,hk,2019Q1,55216830,20190329,TYME LTD
ai,hk,2019Q1,63432979,20190109,ALIBABA GROUP SERVICES LTD
ai,hk,2019Q1,63516626,20190103,ALIBABA GROUP SERVICES LTD
ai,hk,2019Q1,63626416,20190102,ALIBABA GROUP SERVICES LTD
ai,hk,2019Q1,63662963,20190219,ALIBABA GROUP SERVICES LTD
ai,hk,2019Q1,63695894,20190218,ALIBABA GROUP SERVICES LTD
ai,hk,2019Q1,63744841,20190109,ALIBABA GROUP SERVICES LTD
ai,hk,2019Q1,63749422,20190218,ALIBABA GROUP SERVICES LTD
ai,hk,2019Q1,63776447,20190222,ALIBABA GROUP SERVICES LTD
ai,hk,2019Q1,63778161,20190218,ALIBABA GROUP SERVICES LTD
ai,hk,2019Q1,63799682,20190110,ALIBABA GROUP SERVICES LTD
ai,hk,2019Q1,63800141,20190102,ALIBABA GROUP SERVICES LTD
ai,hk,2019Q1,63806940,20190221,ALIBABA GROUP SERVICES LTD
ai,hk,2019Q1,63939762,20190225,ALIBABA GROUP SERVICES LTD
ai,hk,2019Q1,63941121,20190211,ALIBABA GROUP SERVICES LTD
ai,hk,2019Q1,63980782,20190110,ALIBABA GROUP SERVICES LTD
ai,hk,2019Q1,64095398,20190110,ALIBABA GROUP SERVICES LTD
ai,hk,2019Q1,64095538,20190213,ALIBABA GROUP SERVICES LTD
ai,hk,2019Q1,64154281,20190108,ALIBABA GROUP SERVICES LTD
ai,hk,2019Q1,64211982,20190213,ALIBABA GROUP SERVICES LTD
ai,hk,2019Q1,64335762,20190226,ALIBABA GROUP SERVICES LTD
ai,hk,2019Q1,64335927,20190223,ALIBABA GROUP SERVICES LTD
ai,hk,2019Q1,64336301,20190227,ALIBABA GROUP SERVICES LTD
ai,hk,2019Q1,64402822,20190211,ALIBABA GROUP SERVICES LTD
ai,hk,2019Q1,64410696,20190227,ALIBABA GROUP SERVICES LTD
ai,hk,2019Q1,64492918,20190226,ALIBABA GROUP SERVICES LTD
ai,hk,2019Q1,64538042,20190326,ALIBABA GROUP SERVICES LTD
ai,hk,2019Q1,64540905,20190227,ALIBABA GROUP SERVICES LTD
ai,hk,2019Q1,64642283,20190116,ALIBABA GROUP SERVICES LTD
ai,hk,2019Q1,65404681,20190313,ALIBABA GROUP SERVICES LTD
ai,hk,2019Q1,65528069,20190110,LONGQ LTD
ai,hk,2019Q1,65528233,20190113,YU STEPHEN WAI CHIU
ai,hk,2019Q1,65998601,20190215,HANSON ROBOTICS LTD
ai,hk,2019Q1,66002877,20190322,ALIBABA GROUP SERVICES LTD
ai,hk,2019Q1,66633203,20190110,LONGQ LTD | WANG RONGXUE
ai,hk,2019Q1,66950299,20190301,ZYETRIC VIRTUAL REALITY LTD
ai,hk,2019Q1,67164855,20190322,ALIBABA GROUP SERVICES LTD
ai,hk,2019Q1,67392334,20190124,SAGADIGITS LTD
ai,hk,2019Q1,67548770,20190124,SOLVED BY TECHNOLOGY CO LIMITED
ai,hk,2019Q1,67805628,20190227,CHAN RUSSELL WADE
ai,hk,2019Q1,67805660,20190301,INFOTOO INTERNATIONAL LTD
ai,hk,2019Q1,67986536,20190325,Fg innovation co ltd
ai,hk,2019Q1,68054784,20190322,HONG KONG PRODUCTIVITY COUNCIL HKPC
ai,hk,2019Q1,68099925,20190212,ALIBABA GROUP SERVICES LTD
ai,hk,2019Q1,68291647,20190307,ALIBABA GROUP SERVICES LTD
ai,hk,2019Q1,68466895,20190311,ALIBABA GROUP SERVICES LTD
ai,hk,2019Q1,68466921,20190308,ALIBABA GROUP SERVICES LTD
ai,hk,2019Q1,68539438,20190311,ALIBABA GROUP SERVICES LTD
ai,hk,2019Q1,68769717,20190315,ALIBABA GROUP SERVICES LTD | BANMA ZHIXING NETWORK HONGKONG CO LTD
ai,hk,2019Q1,68919897,20190320,ALIBABA GROUP SERVICES LTD
ai,hk,2019Q1,68987248,20190321,ALIBABA GROUP SERVICES LTD
ai,hk,2019Q1,68987622,20190322,ALIBABA GROUP SERVICES LTD
ai,hk,2019Q1,70056710,20190227,HONG KONG APPLIED SCIENCE & TECH RESEARCH INST CO LTD
ai,hk,2019Q1,71404592,20190107,KIKAGO LTD
ai,hk,2019Q1,72423896,20190315,HONG KONG APPLIED SCIENCE & TECH RESEARCH INST CO LTD
ai,hk,2019Q1,72514823,20190319,UNIV HONG KONG
ai,hk,2019Q2,58357231,20190521,HONG KONG LIVEME CORPORATION LTD
ai,hk,2019Q2,62024262,20190424,WONG KING BONG
ai,hk,2019Q2,64482666,20190508,ALIBABA GROUP SERVICES LTD
ai,hk,2019Q2,64495882,20190510,ALIBABA GROUP SERVICES LTD
ai,hk,2019Q2,64595253,20190605,ALIBABA GROUP SERVICES LTD
ai,hk,2019Q2,64598418,20190509,ALIBABA GROUP SERVICES LTD
ai,hk,2019Q2,64790872,20190603,ALIBABA GROUP SERVICES LTD
ai,hk,2019Q2,64816523,20190506,ALIBABA GROUP SERVICES LTD
ai,hk,2019Q2,64832878,20190604,ALIBABA GROUP SERVICES LTD
ai,hk,2019Q2,64834243,20190606,ALIBABA GROUP SERVICES LTD
ai,hk,2019Q2,64837974,20190508,ALIBABA GROUP SERVICES LTD
ai,hk,2019Q2,64838106,20190507,ALIBABA GROUP SERVICES LTD
ai,hk,2019Q2,64849684,20190611,ALIBABA GROUP SERVICES LTD
ai,hk,2019Q2,64895184,20190606,ALIBABA GROUP SERVICES LTD
ai,hk,2019Q2,64918936,20190619,ALIBABA GROUP SERVICES LTD
ai,hk,2019Q2,64919537,20190621,ALIBABA GROUP SERVICES LTD
ai,hk,2019Q2,64921165,20190603,ALIBABA GROUP SERVICES LTD
ai,hk,2019Q2,64937242,20190514,ALIBABA GROUP SERVICES LTD
ai,hk,2019Q2,64937249,20190521,ALIBABA GROUP SERVICES LTD
ai,hk,2019Q2,65049788,20190605,ALIBABA GROUP SERVICES LTD
ai,hk,2019Q2,65071383,20190606,ALIBABA GROUP SERVICES LTD
ai,hk,2019Q2,65148314,20190603,ALIBABA GROUP SERVICES LTD
ai,hk,2019Q2,65264238,20190626,ALIBABA GROUP SERVICES LTD
ai,hk,2019Q2,65292289,20190624,ALIBABA GROUP SERVICES LTD
ai,hk,2019Q2,65296601,20190620,ALIBABA GROUP SERVICES LTD
ai,hk,2019Q2,65296974,20190625,ALIBABA GROUP SERVICES LTD
ai,hk,2019Q2,65304752,20190626,ALIBABA GROUP SERVICES LTD
ai,hk,2019Q2,65403882,20190603,ALIBABA GROUP SERVICES LTD
ai,hk,2019Q2,65404844,20190626,ALIBABA GROUP SERVICES LTD
ai,hk,2019Q2,65405279,20190627,ALIBABA GROUP SERVICES LTD
ai,hk,2019Q2,65418731,20190624,ALIBABA GROUP SERVICES LTD
ai,hk,2019Q2,66554341,20190507,O NET WAVETOUCH LTD | WAVETOUCH LTD
ai,hk,2019Q2,68073219,20190627,ALIBABA GROUP SERVICES LTD
ai,hk,2019Q2,68772317,20190625,ALIBABA GROUP SERVICES LTD
ai,hk,2019Q2,68772390,20190604,ALIBABA GROUP SERVICES LTD
ai,hk,2019Q2,68772391,20190604,ALIBABA GROUP SERVICES LTD
ai,hk,2019Q2,68772396,20190605,ALIBABA GROUP SERVICES LTD
ai,hk,2019Q2,68772399,20190606,ALIBABA GROUP SERVICES LTD
ai,hk,2019Q2,68772410,20190605,ALIBABA GROUP SERVICES LTD
ai,hk,2019Q2,68772491,20190624,ALIBABA GROUP SERVICES LTD
ai,hk,2019Q2,68982036,20190620,MOFFETT TECH CO LIMITED
ai,hk,2019Q2,68982501,20190531,COLLATR LTD
ai,hk,2019Q2,68984449,20190510,WILDFACES TECH LIMITED
ai,hk,2019Q2,69143111,20190611,CAINIAO SMART LOGISTICS NETWORK HONG KONG LTD
ai,hk,2019Q2,69143117,20190611,CAINIAO SMART LOGISTICS NETWORK HONG KONG LTD
ai,hk,2019Q2,69524695,20190620,CAINIAO SMART LOGISTICS NETWORK HONG KONG LTD
ai,hk,2019Q2,69813745,20190627,CAINIAO SMART LOGISTICS NETWORK HONG KONG LTD
ai,hk,2019Q2,72749334,20190411,UNIV CITY HONG KONG
ai,hk,2019Q2,73046046,20190508,UNIV CITY HONG KONG
ai,hk,2019Q2,73047740,20190508,UNIV CITY HONG KONG
ai,hk,2019Q2,73228366,20190514,GOODIX TECH HK COMPANY LIMITED
ai,hk,2019Q2,73650583,20190610,UNIV CITY HONG KONG
ai,hk,2019Q2,73745056,20190617,UNIV CITY HONG KONG
ai,hk,2019Q3,65047102,20190703,ALIBABA GROUP SERVICES LTD
ai,hk,2019Q3,65305069,20190704,ALIBABA GROUP SERVICES LTD
ai,hk,2019Q3,65348485,20190717,ALIBABA GROUP SERVICES LTD
ai,hk,2019Q3,65608079,20190726,ALIBABA GROUP SERVICES LTD
ai,hk,2019Q3,65608270,20190729,ALIBABA GROUP SERVICES LTD
ai,hk,2019Q3,65612193,20190710,ALIBABA GROUP SERVICES LTD
ai,hk,2019Q3,65664073,20190726,ALIBABA GROUP SERVICES LTD
ai,hk,2019Q3,65691633,20190801,ALIBABA GROUP SERVICES LTD
ai,hk,2019Q3,65957463,20190801,ALIBABA GROUP SERVICES LTD
ai,hk,2019Q3,65957962,20190731,ALIBABA GROUP SERVICES LTD
ai,hk,2019Q3,65958614,20190805,ALIBABA GROUP SERVICES LTD
ai,hk,2019Q3,66066338,20190715,ALIBABA GROUP SERVICES LTD
ai,hk,2019Q3,66944493,20190902,ALIBABA GROUP SERVICES LTD
ai,hk,2019Q3,67128705,20190926,ALIBABA GROUP SERVICES LTD
ai,hk,2019Q3,67164879,20190815,ALIBABA GROUP SERVICES LTD
ai,hk,2019Q3,67165037,20190716,ALIBABA GROUP SERVICES LTD
ai,hk,2019Q3,67165074,20190919,ALIBABA GROUP SERVICES LTD
ai,hk,2019Q3,67165133,20190926,ALIBABA GROUP SERVICES LTD
ai,hk,2019Q3,67165738,20190909,ALIBABA GROUP SERVICES LTD
ai,hk,2019Q3,67188552,20190823,ALIBABA GROUP SERVICES LTD
ai,hk,2019Q3,67188569,20190827,ALIBABA GROUP SERVICES LTD
ai,hk,2019Q3,67188587,20190916,ALIBABA GROUP SERVICES LTD
ai,hk,2019Q3,67189003,20190905,ALIBABA GROUP SERVICES LTD
ai,hk,2019Q3,67189012,20190822,ALIBABA GROUP SERVICES LTD
ai,hk,2019Q3,67235093,20190917,ALIBABA GROUP SERVICES LTD
ai,hk,2019Q3,67235337,20190925,ALIBABA GROUP SERVICES LTD
ai,hk,2019Q3,67235541,20190903,ALIBABA GROUP SERVICES LTD
ai,hk,2019Q3,67262101,20190702,ACSYS HOLDINGS LTD
ai,hk,2019Q3,67274751,20190823,ALIBABA GROUP SERVICES LTD
ai,hk,2019Q3,67315521,20190807,ALIBABA GROUP SERVICES LTD
ai,hk,2019Q3,68000078,20190904,COMPUTIME LTD
ai,hk,2019Q3,68465479,20190920,LONGVIEW FINANCIAL LTD
ai,hk,2019Q3,68465710,20190805,WORLD CONCEPT DEVELOPMENT LTD
ai,hk,2019Q3,68465737,20190828,SKALA FINTECH COMPANY LTD
ai,hk,2019Q3,68470555,20190731,CYRCADIA ASIA LTD
ai,hk,2019Q3,68772389,20190710,ALIBABA GROUP SERVICES LTD
ai,hk,2019Q3,68772398,20190703,ALIBABA GROUP SERVICES LTD
ai,hk,2019Q3,68772402,20190702,ALIBABA GROUP SERVICES LTD
ai,hk,2019Q3,68772408,20190704,ALIBABA GROUP SERVICES LTD
ai,hk,2019Q3,68772503,20190723,ALIBABA GROUP SERVICES LTD
ai,hk,2019Q3,68772816,20190906,ALIBABA GROUP SERVICES LTD
ai,hk,2019Q3,69163077,20190718,BANUBA LTD
ai,hk,2019Q3,69587192,20190826,UNIV HONG KONG SCI & TECH | UNIV HONG KONG SCIENCE & TECH
ai,hk,2019Q3,69641494,20190702,ALIBABA GROUP SERVICES LTD | BANMA ZHIXING NETWORK HONGKONG CO LTD
ai,hk,2019Q3,69642894,20190703,ALIBABA GROUP SERVICES LTD
ai,hk,2019Q3,69718894,20190905,INSILICO MEDICINE HONG KONG LTD | INSILICO MEDICINE IP LTD
ai,hk,2019Q3,69722173,20190708,ALIBABA GROUP SERVICES LTD
ai,hk,2019Q3,69885049,20190710,ALIBABA GROUP SERVICES LTD
ai,hk,2019Q3,70159432,20190813,ALIBABA GROUP SERVICES LTD
ai,hk,2019Q3,70297042,20190814,ALIBABA GROUP SERVICES LTD
ai,hk,2019Q3,70309822,20190815,ALIBABA GROUP SERVICES LTD
ai,hk,2019Q3,70655656,20190816,ALIBABA GROUP SERVICES LTD
ai,hk,2019Q3,70773096,20190819,ALIBABA GROUP SERVICES LTD
ai,hk,2019Q3,70849318,20190820,ALIBABA GROUP SERVICES LTD
ai,hk,2019Q3,70850131,20190820,ALIBABA GROUP SERVICES LTD
ai,hk,2019Q3,70975185,20190822,ALIBABA GROUP SERVICES LTD
ai,hk,2019Q3,70975228,20190823,ALIBABA GROUP SERVICES LTD
ai,hk,2019Q3,71075329,20190827,ALIBABA GROUP SERVICES LTD
ai,hk,2019Q3,71075824,20190826,ALIBABA GROUP SERVICES LTD
ai,hk,2019Q3,71076754,20190826,ALIBABA GROUP SERVICES LTD
ai,hk,2019Q3,73823507,20190919,HONG KONG APPLIED SCIENCE & TECH RESEARCH INST CO LTD
ai,hk,2019Q3,74101955,20190712,UNIV CITY HONG KONG
ai,hk,2019Q3,74114100,20190926,VISUO TECH PTY LIMITED
ai,hk,2019Q3,74114929,20190709,JUMELLE FREDERIC ANDRE | LUI YAT WAN
ai,hk,2019Q3,74229905,20190729,HONG KONG APPLIED SCIENCE & TECH RESEARCH INST CO LTD
ai,hk,2019Q3,74501807,20190809,GURU NETWORK LTD
ai,hk,2019Q3,74681847,20190829,TERMINAL 1 LTD
ai,hk,2019Q3,74880926,20190923,HONG KONG APPLIED SCIENCE & TECH RESEARCH INST CO LTD
ai,hk,2019Q3,74880985,20190923,HONG KONG APPLIED SCIENCE & TECH RESEARCH INST CO LTD
ai,hk,2019Q3,75162572,20190926,UNIV HONG KONG SCIENCE & TECH
ai,hk,2019Q4,67165211,20191008,ALIBABA GROUP SERVICES LTD
ai,hk,2019Q4,67188692,20191015,ALIBABA GROUP SERVICES LTD
ai,hk,2019Q4,67235340,20191001,ALIBABA GROUP SERVICES LTD
ai,hk,2019Q4,68296230,20191021,TOP VICTORY INVESTMENTS LTD
ai,hk,2019Q4,68296231,20191021,UNIV HONG KONG CHINESE
ai,hk,2019Q4,68465492,20191023,HIGHWAYS DEPT THE GOVERNMENT OF THE HONG KONG SPECIAL ADMINISTRATIVE REGION OF THE PEOPLES | HIGHWAYS DEPT THE GOVERNMENT OF THE HONG KONG SPECIAL ADMINISTRATIVE REGION OF THE PEOPLES REPUBLIC | HIGHWAYS DEPT THE GOVERNMENT OF THE HONG KONG SPECIAL ADMINISTRATVIE REGION OF THE PEOPLES REPUBLIC
ai,hk,2019Q4,69641535,20191023,DEEP LONGEVITY LTD
ai,hk,2019Q4,70325431,20191217,REDLOTUS HONG KONG LTD
ai,hk,2019Q4,70552301,20191111,ELECTRICAL AND MECH SERVICES DEPARTMENT THE GOVERNMENT OF THE HONG KONG SPECIAL ADMINISTRATIV
ai,hk,2019Q4,71736308,20191129,ALIBABA GROUP SERVICES LTD
ai,hk,2019Q4,71736310,20191122,ALIBABA GROUP SERVICES LTD
ai,hk,2019Q4,71841973,20191125,ALIBABA GROUP SERVICES LTD
ai,hk,2019Q4,71998041,20191129,ALIBABA GROUP SERVICES LTD
ai,hk,2019Q4,72005429,20191129,ALIBABA GROUP SERVICES LTD
ai,hk,2019Q4,72521522,20191009,LI HUNG TO | ULEECO LTD
ai,hk,2019Q4,73698565,20191209,PLUSAI LTD
ai,hk,2019Q4,75273476,20191004,UNIV CITY HONG KONG
ai,hk,2019Q4,75382613,20191015,AEOLUS ROBOTICS CORPORATION LTD
ai,hk,2019Q4,75394344,20191031,WISDOM GARDEN HONG KONG LTD
ai,hk,2019Q4,75965521,20191122,NUWA ROBOTICS HK LTD
ai,hk,2019Q4,76437702,20191220,FUTURE OF PLAY GLOBAL LTD
ai,hk,2019Q4,76546259,20191231,UNIV HONG KONG BAPTIST UNIV
ai,hk,2020Q1,66381081,20200316,PROCTOR JAMES DAVID | SMITH ANDREW JAMES
ai,hk,2020Q1,67170215,20200313,MARVEL RES LIMITED
ai,hk,2020Q1,71071778,20200221,COMPUTIME LTD
ai,hk,2020Q1,71404760,20200107,GENIELAND COMPANY LTD
ai,hk,2020Q1,71685746,20200313,MATCHINGPRO LTD
ai,hk,2020Q1,71944502,20200110,LONGQ LTD
ai,hk,2020Q1,73549540,20200129,ANTS TECH HK LIMITED
ai,hk,2020Q1,74260451,20200128,ANTS TECH HK LIMITED
ai,hk,2020Q1,75845765,20200102,HONG KONG APPLIED SCIENCE & TECH RESEARCH INST CO LTD
ai,hk,2020Q1,77366974,20200224,ABREU RAUL
ai,hk,2020Q1,77556043,20200309,EC COUNCIL INTERNATIONAL LTD
ai,hk,2020Q1,77663714,20200316,HONG KONG APPLIED SCIENCE & TECH RESEARCH INST CO LTD
ai,hk,2020Q1,77665048,20200313,HONG KONG APPLIED SCIENCE & TECH RESEARCH INST CO LTD
ai,hk,2020Q1,77665542,20200311,UNIV HONG KONG CHINESE
ai,hk,2020Q1,77746772,20200319,HONG KONG APPLIED SCIENCE & TECH RESEARCH INST CO LTD
ai,hk,2020Q1,77856282,20200326,UNIV HONG KONG
ai,hk,2020Q2,70977718,20200603,TOP VICTORY INVESTMENTS LTD
ai,hk,2020Q2,73016855,20200609,KIKAGO LTD
ai,hk,2020Q2,73745930,20200602,UNIV HONG KONG SCI & TECH | UNIV HONG KONG SCIENCE & TECH
ai,hk,2020Q2,74866895,20200529,ALIBABA GROUP SERVICES LTD
ai,hk,2020Q2,77558859,20200630,MOFFETT INTERNATIONAL CO LIMITED | MOFFETT TECH CO LIMITED | MOFFETT TECHNOLOGIES CO LIMITED
ai,hk,2020Q2,77921808,20200406,COMPUTIME LTD
ai,hk,2020Q2,77922563,20200406,COMPUTIME LTD
ai,hk,2020Q2,78005865,20200414,HONG KONG APPLIED SCIENCE & TECH RESEARCH INST CO LTD
ai,hk,2020Q2,78704437,20200601,UNIV CITY HONG KONG
ai,hk,2020Q3,67494712,20200930,SZE CHUN KUEN
ai,hk,2020Q3,71894604,20200729,GOLDWAY TECH LIMITED
ai,hk,2020Q3,71894605,20200729,GOLDWAY TECH LIMITED
ai,hk,2020Q3,72470214,20200909,NEO DERM GROUP LTD
ai,hk,2020Q3,73048446,20200929,SUNNY TECH ENTERPRISE LIMITED
ai,hk,2020Q3,74229661,20200717,AI ROBOTICS LTD
ai,hk,2020Q3,74503335,20200731,HESTIA TECH LIMITED
ai,hk,2020Q3,74570394,20200814,KWB GLOBAL LTD
ai,hk,2020Q3,74852432,20200901,IQ WORKS LTD
ai,hk,2020Q3,74853007,20200903,COMPUTIME LTD
ai,hk,2020Q3,75275484,20200821,MOFFETT INTERNATIONAL CO LIMITED | MOFFETT INTERNATIONAL CO LTD | MOFFETT TECH CO LIMITED | MOFFETT TECHNOLOGIES CO LIMITED
ai,hk,2020Q3,75541303,20200819,ALIBABA GROUP SERVICES LTD
ai,hk,2020Q3,75748575,20200819,ALIBABA GROUP SERVICES LTD
ai,hk,2020Q3,77264938,20200831,ASTEC INT LTD
ai,hk,2020Q3,80269660,20200824,UNIV CITY HONG KONG
ai,hk,2020Q3,80356701,20200902,INCEPTIO HONGKONG LTD
ai,hk,2020Q3,80356708,20200902,INCEPTIO HONGKONG LTD
ai,hk,2020Q3,80627770,20200911,INCEPTIO HONGKONG LTD
ai,hk,2020Q3,80645846,20200813,GIGALINK TECH HOLDING LIMITED
ai,hk,2020Q3,80645888,20200813,GIGALINK TECH HOLDING LIMITED
ai,hk,2020Q3,80683544,20200917,BECKETT WAYNE HUGHES
ai,hk,2020Q3,80821282,20200930,MOFFETT INTERNATIONAL CO LIMITED | MOFFETT INTERNATIONAL CO LTD | MOFFETT TECH CO LIMITED | MOFFETT TECHNOLOGIES CO LIMITED
ai,hk,2020Q3,87157063,20200822,INSILICO MEDICINE IP LTD
ai,hk,2020Q4,68426230,20201102,WAVETOUCH LTD
ai,hk,2020Q4,68503094,20201102,NALANTIS HOLDING LTD
ai,hk,2020Q4,73797077,20201026,KIT HOWARD KWOK
ai,hk,2020Q4,73861412,20201026,KAR HEY ANTHONY FUNG
ai,hk,2020Q4,74123222,20201112,LUCAS GC LTD
ai,hk,2020Q4,74682958,20201112,LUCAS GC LTD
ai,hk,2020Q4,74917554,20201202,LUCAS GC LTD
ai,hk,2020Q4,75438329,20201008,AI ROBOTICS LTD
ai,hk,2020Q4,75456225,20201222,LUCAS GC LTD
ai,hk,2020Q4,75456285,20201222,LUCAS GC LTD
ai,hk,2020Q4,75513869,20201223,LUCAS GC LTD
ai,hk,2020Q4,75537985,20201008,SP AITH LTD
ai,hk,2020Q4,75853231,20201118,OOCL INFOTECH HOLDINGS LTD
ai,hk,2020Q4,75909852,20201116,ELECTRICAL AND MECH SERVICES DEPARTMENT THE GOVERNMENT OF HONG KONG SPECIAL ADMINISTRATIVE RE
ai,hk,2020Q4,76234941,20201214,LUCAS GC LTD
ai,hk,2020Q4,76317699,20201214,CHUN WO CONSTRUCTION & ENGINEERING CO LTD
ai,hk,2020Q4,76861716,20201217,MOFFETT INTERNATIONAL CO LIMITED | MOFFETT TECH CO LIMITED | MOFFETT TECHNOLOGIES CO LIMITED
ai,hk,2020Q4,78024168,20201128,AVALON BIOMEDICAL MAN LIMITED
ai,hk,2020Q4,79586278,20201221,UNIV CITY HONG KONG
ai,hk,2020Q4,81356894,20201228,WISERS INFORMATION LTD
ai,hk,2020Q4,81380203,20201029,HONG KONG APPLIED SCIENCE & TECH RESEARCH INST CO LTD
ai,hk,2020Q4,81454090,20201106,MOFFETT INTERNATIONAL CO LIMITED | MOFFETT INTERNATIONAL CO LTD | MOFFETT TECH CO LIMITED | MOFFETT TECHNOLOGIES CO LIMITED
ai,hk,2020Q4,81456900,20201109,LUI YAT WAN
ai,hk,2020Q4,81752611,20201130,MOFFETT INTERNATIONAL CO LIMITED | MOFFETT INTERNATIONAL CO LTD | MOFFETT TECH CO LIMITED | MOFFETT TECHNOLOGIES CO LIMITED
ai,hk,2020Q4,82023709,20201219,HUNG HOI CHUE
ai,hk,2021Q1,71001742,20210113,TARGET INFORMATION COMPANY LTD
ai,hk,2021Q1,74759233,20210219,INSILICO MEDICINE IP LTD
ai,hk,2021Q1,74860346,20210301,INSILICO MEDICINE IP LTD
ai,hk,2021Q1,74874918,20210310,INSILICO MEDICINE IP LTD
ai,hk,2021Q1,76316840,20210224,SZE CHUN KUEN
ai,hk,2021Q1,76970842,20210114,INSILICO MEDICINE IP LTD
ai,hk,2021Q1,77366105,20210223,TFI DIGITAL MEDIA LTD
ai,hk,2021Q1,77922555,20210331,SMOOTHWEB TECH LIMITED
ai,hk,2021Q1,77926969,20210323,UNIV HONG KONG
ai,hk,2021Q1,78373294,20210322,VERSITECH LTD
ai,hk,2021Q1,78373295,20210322,VERSITECH LTD
ai,hk,2021Q1,78828810,20210316,MOFFETT INTERNATIONAL CO LIMITED | MOFFETT TECH CO LIMITED | MOFFETT TECHNOLOGIES CO LIMITED
ai,hk,2021Q1,79169506,20210326,MINDS AI TECH LTD | MINDS AL TECH LTD
ai,hk,2021Q1,80034453,20210331,LUCAS GC LTD
ai,hk,2021Q1,80222981,20210310,HONG KONG APPLIED SCIENCE & TECH RESEARCH INST CO LTD
ai,hk,2021Q1,80469107,20210121,BGI HEALTH HK COMPANY LTD
ai,hk,2021Q1,82219149,20210104,HONG KONG APPLIED SCIENCE & TECH RESEARCH INST CO LTD
ai,hk,2021Q1,83006995,20210301,UNIV CITY HONG KONG | UNIV HONG KONG | VERSITECH LTD
ai,hk,2021Q1,83193965,20210309,UNIV HONG KONG POLYTECHNIC
ai,hk,2021Q1,83364104,20210324,UNIV CITY | UNIV CITY HONG KONG
ai,hk,2021Q1,83404789,20210331,NEOMA LTD
ai,hk,2021Q1,83457857,20210331,LI STANLEY YUEN
ai,hk,2021Q2,48952253,20210507,CREEDON TECH HK LIMITED
ai,hk,2021Q2,71143575,20210624,WAVETOUCH LTD
ai,hk,2021Q2,75977782,20210511,INSILICO MEDICINE IP LTD
ai,hk,2021Q2,76269777,20210526,INSILICO MEDICINE IP LTD
ai,hk,2021Q2,77928123,20210401,GRACE AND KOWLOON HOLDINGS LTD
ai,hk,2021Q2,78022790,20210406,COMPUTIME LTD
ai,hk,2021Q2,78467537,20210524,NEMO POWER TOOLS LTD
ai,hk,2021Q2,78525992,20210511,AUTOMATION FOR HUMANITY LTD
ai,hk,2021Q2,78826223,20210616,UNIV CITY HONG KONG
ai,hk,2021Q2,79321903,20210630,5GEN CARE LTD
ai,hk,2021Q2,80934110,20210527,LUCAS GC LTD
ai,hk,2021Q2,82024064,20210416,VIRTUAL CONTROL LTD
ai,hk,2021Q2,82705899,20210427,UNIV CITY HONG KONG
ai,hk,2021Q2,83694380,20210427,UNIV CITY HONG KONG
ai,hk,2021Q2,83694619,20210426,LEONG MUN HOONG
ai,hk,2021Q2,83809054,20210503,IEMIS HK LTD
ai,hk,2021Q2,83847959,20210427,IP YING HOI ROBERT
ai,hk,2021Q2,83915940,20210511,CREEDON TECH HK LIMITED
ai,hk,2021Q2,84390316,20210610,HONG KONG APPLIED SCIENCE & TECH RESEARCH INST CO LTD
ai,hk,2021Q2,84489485,20210622,UNIV CITY HONG KONG
ai,hk,2021Q3,78818698,20210706,LUCAS GC LTD
ai,hk,2021Q3,79292633,20210713,UNITED MICROELECTRONICS CENTRE HONG KONG LTD
ai,hk,2021Q3,79293553,20210930,CHAN KELVIN KA FAI
ai,hk,2021Q3,79585148,20210723,LIN CHUN MAN ANTHONY
ai,hk,2021Q3,80951222,20210926,SPLITMEDIALABS LTD
ai,hk,2021Q3,81257496,20210927,UNIV HONG KONG
ai,hk,2021Q3,83007777,20210816,MOFFETT INTERNATIONAL CO LIMITED | MOFFETT INTERNATIONAL CO LTD | MOFFETT TECH CO LIMITED
ai,hk,2021Q3,83363303,20210707,UNIV CITY HONG KONG
ai,hk,2021Q3,83547147,20210827,HONG KONG APPLIED SCIENCE & TECH RESEARCH INST CO LTD
ai,hk,2021Q3,83902461,20210708,HONG KONG APPLIED SCIENCE & TECH RESEARCH INST CO LTD
ai,hk,2021Q3,84975880,20210726,SMARTSENS TECH HK CO LTD
ai,hk,2021Q3,84976822,20210713,UNIV CITY HONG KONG
ai,hk,2021Q3,85177350,20210816,HONG KONG APPLIED SCIENCE & TECH RESEARCH INST CO LTD
ai,hk,2021Q3,85286940,20210827,HONG KONG APPLIED SCIENCE & TECH RESEARCH INST CO LTD
ai,hk,2021Q3,85602081,20210914,CONTEMPORARY AMPEREX TECHNOLOGY HONG KONG LTD
ai,hk,2021Q4,74590094,20211116,INNOSPIRE TECH LIMITED
ai,hk,2021Q4,78371855,20211021,GOODIX TECH HK COMPANY LIMITED
ai,hk,2021Q4,78500337,20211008,Fg innovation co ltd
ai,hk,2021Q4,80469104,20211201,BGI HEALTH HK COMPANY LTD
ai,hk,2021Q4,80932210,20211004,ONANOFF LTD COMPANY | ONANOFF LTD COMPANY LTD
ai,hk,2021Q4,81454437,20211112,UNITED MICROELECTRONICS CENTRE HONG KONG LTD
ai,hk,2021Q4,83194486,20211208,NEMO POWER TOOLS LTD
ai,hk,2021Q4,85156738,20211020,MOFFETT INTERNATIONAL CO LIMITED | MOFFETT INTERNATIONAL CO LTD
ai,hk,2021Q4,85773743,20211004,PONG YUEN HOLDINGS LTD
ai,hk,2021Q4,85981040,20211020,REMO HOLDINGS LTD
ai,hk,2021Q4,85987101,20211015,CONTEMPORARY AMPEREX TECHNOLOGY HONG KONG LTD
ai,hk,2021Q4,86324038,20211117,UNIV CITY HONG KONG
ai,hk,2021Q4,86538617,20211123,CONTEMPORARY AMPEREX TECHNOLOGY HONG KONG LTD
ai,hk,2021Q4,86607757,20211206,UNIV CITY HONG KONG
ai,hk,2021Q4,86609024,20211202,UNIV CITY HONG KONG
ai,hk,2021Q4,86611278,20211203,CONTEMPORARY AMPEREX TECHNOLOGY HONG KONG LTD
ai,hk,2021Q4,86611326,20211203,CONTEMPORARY AMPEREX TECHNOLOGY HONG KONG LTD
ai,hk,2021Q4,86991309,20211231,LOGISTICS AND SUPPLY CHAIN MULTITECH R&D CENTRE LTD
ai,hk,2022Q1,79270423,20220106,TUV SUD HONG KONG LTD
ai,hk,2022Q1,80122962,20220114,WAVETOUCH LTD
ai,hk,2022Q1,81328412,20220321,TENCENT MOBILITY LTD
ai,hk,2022Q1,82801671,20220215,UNIV HONG KONG SCIENCE & TECH
ai,hk,2022Q1,83157008,20220110,DIGITAL DOMAIN ENTERPRISES GROUP LTD
ai,hk,2022Q1,83241156,20220302,WISERS INFORMATION LTD
ai,hk,2022Q1,85572251,20220102,LUCAS GC LTD
ai,hk,2022Q1,87558678,20220216,MOFFETT INTERNATIONAL CO LIMITED | MOFFETT INTERNATIONAL CO LTD
ai,hk,2022Q1,87851583,20220303,LOGISTICS AND SUPPLY CHAIN MULTITECH R&D CENTRE LTD
ai,hk,2022Q1,88193987,20220331,LOGISTICS AND SUPPLY CHAIN MULTITECH R&D CENTRE LTD
ai,hk,2022Q1,88194439,20220331,LOGISTICS AND SUPPLY CHAIN MULTITECH R&D CENTRE LTD
ai,hk,2022Q2,82321403,20220608,INSILICO MEDICINE IP LTD
ai,hk,2022Q2,83509366,20220614,CHOW EDMOND K
ai,hk,2022Q2,84389155,20220420,CHRYSUS INTELLECTUAL PROPERTIES LTD
ai,hk,2022Q2,84544156,20220624,Fg innovation co ltd
ai,hk,2022Q2,86007025,20220503,ST MICROELECTRONICS LTD
ai,hk,2022Q2,88243753,20220408,CONTEMPORARY AMPEREX TECHNOLOGY HONG KONG LTD
ai,hk,2022Q2,88243901,20220408,CONTEMPORARY AMPEREX TECHNOLOGY HONG KONG LTD
ai,hk,2022Q2,89077505,20220608,UNIV CITY HONG KONG
ai,hk,2022Q2,89192986,20220614,CONTEMPORARY AMPEREX TECHNOLOGY HONG KONG LTD
ai,hk,2022Q2,89383530,20220630,CONTEMPORARY AMPEREX TECHNOLOGY HONG KONG LTD
ai,hk,2022Q2,89383650,20220629,HONG KONG APPLIED SCIENCE & TECH RESEARCH INST CO LTD
ai,hk,2022Q2,89383751,20220630,CONTEMPORARY AMPEREX TECHNOLOGY HONG KONG LTD
ai,hk,2022Q3,79013921,20220930,FARM LOCALLY LTD
ai,hk,2022Q3,82988312,20220803,CONTEMPORARY AMPEREX TECHNOLOGY HONG KONG LTD
ai,hk,2022Q3,84194203,20220805,LUCAS GC LTD
ai,hk,2022Q3,84891921,20220713,DYNAMIC CENTURY HOLDINGS LTD
ai,hk,2022Q3,85177672,20220715,UNIV HONG KONG SCIENCE & TECH
ai,hk,2022Q3,85199923,20220808,PACBRIDGE PARTNERS II INVEST CO LTD
ai,hk,2022Q3,85253337,20220819,VERSITECH LTD
ai,hk,2022Q3,85473422,20220819,VERSITECH LTD
ai,hk,2022Q3,85478355,20220809,UNIV CITY HONG KONG
ai,hk,2022Q3,85780474,20220922,ACT GENOMICS IP LTD
ai,hk,2022Q3,87560121,20220914,MOFFETT INTERNATIONAL CO LIMITED | MOFFETT INTERNATIONAL CO LTD
ai,hk,2022Q3,88068031,20220729,CONTEMPORARY AMPEREX TECHNOLOGY HONG KONG LTD
ai,hk,2022Q3,88099770,20220921,PANOPTICAI LTD
ai,hk,2022Q3,89168899,20220815,UNIV CITY HONG KONG
ai,hk,2022Q3,89498871,20220714,CENTRE FOR EYE AND VISION RES LIMITED | UNIV HONG KONG POLYTECHNIC
ai,hk,2022Q3,89537541,20220804,EXPERT AI ENABLING LTD
ai,hk,2022Q3,89576772,20220721,CONTEMPORARY AMPEREX TECHNOLOGY HONG KONG LTD
ai,hk,2022Q3,89705056,20220729,CONTEMPORARY AMPEREX TECHNOLOGY HONG KONG LTD
ai,hk,2022Q3,89769301,20220803,HONG KONG APPLIED SCIENCE & TECH RESEARCH INST CO LTD
ai,hk,2022Q3,89997024,20220826,CONTEMPORARY AMPEREX TECHNOLOGY HONG KONG LTD
ai,hk,2022Q3,90001296,20220831,HONG KONG APPLIED SCIENCE & TECH RESEARCH INST CO LTD
ai,hk,2022Q3,90060774,20220906,CONTEMPORARY AMPEREX TECHNOLOGY HONG KONG LTD
ai,hk,2022Q3,90141265,20220914,UNIV CITY HONG KONG
ai,hk,2022Q3,91279773,20220711,UNIV CITY HONG KONG
ai,hk,2022Q4,78846749,20221212,MOFFETT INTERNATIONAL CO LTD
ai,hk,2022Q4,80912462,20221023,HONG KONG HAICUN TECH CO LIMITED
ai,hk,2022Q4,85775532,20221006,LAM YUEN LEE VIOLA
ai,hk,2022Q4,85798147,20221007,UNIV CITY HONG KONG
ai,hk,2022Q4,86337317,20221108,ALPHA AI TECH LIMITED
ai,hk,2022Q4,86384027,20221104,UNIV CITY HONG KONG
ai,hk,2022Q4,87558696,20221116,LEPER JOHN ANTHONY
ai,hk,2022Q4,87931403,20221030,ZYETRIC TECH LIMITED
ai,hk,2022Q4,88415773,20221007,UNIV CITY HONG KONG
ai,hk,2022Q4,90793345,20221028,UNIV CITY HONG KONG
ai,hk,2022Q4,91081046,20221101,HANSON DAVID | LAM DOMINIC MAN KIT
ai,hk,2022Q4,91280007,20221206,HILLMING COMPANY LTD
ai,hk,2022Q4,91378453,20221206,CONTEMPORARY AMPEREX TECHNOLOGY HONG KONG LTD
ai,hk,2022Q4,91484083,20221215,CLEAR ROBOTICS LTD
ai,hk,2022Q4,91583712,20221223,CHAN ANDY TSZ KWAN | LEE YUK KWAI
ai,hk,2023Q1,85227231,20230203,INSILICO MEDICINE IP LTD
ai,hk,2023Q1,85477803,20230303,TOP VICTORY INVESTMENTS LTD
ai,hk,2023Q1,85482411,20230329,CONTEMPORARY AMPEREX TECHNOLOGY HONG KONG LTD
ai,hk,2023Q1,85522499,20230329,CONTEMPORARY AMPEREX TECHNOLOGY HONG KONG LTD
ai,hk,2023Q1,85522616,20230321,CONTEMPORARY AMPEREX TECHNOLOGY HONG KONG LTD
ai,hk,2023Q1,85556280,20230309,TOP VICTORY INVESTMENTS LTD
ai,hk,2023Q1,85556446,20230309,TOP VICTORY INVESTMENTS LTD
ai,hk,2023Q1,85571232,20230310,GOODIX TECH HK COMPANY LIMITED
ai,hk,2023Q1,86383493,20230123,EC COUNCIL INTERNATIONAL LTD
ai,hk,2023Q1,86469459,20230303,LONBLE ACUTREK LTD
ai,hk,2023Q1,86991848,20230227,INSILICO MEDICINE IP LTD
ai,hk,2023Q1,87850669,20230301,INSILICO MEDICINE IP LTD
ai,hk,2023Q1,87883012,20230301,INSILICO MEDICINE IP LTD
ai,hk,2023Q1,88239425,20230222,HONG KONG APPLIED SCIENCE & TECH RESEARCH INST CO LTD
ai,hk,2023Q1,88649309,20230217,UNIV CITY HONG KONG
ai,hk,2023Q1,88710203,20230203,AGILIS ROBOTICS LTD
ai,hk,2023Q1,88836518,20230215,UNIV CITY HONG KONG
ai,hk,2023Q1,89510152,20230313,CONTEMPORARY AMPEREX TECHNOLOGY HONG KONG LTD
ai,hk,2023Q1,89846432,20230330,CONTEMPORARY AMPEREX TECHNOLOGY HONG KONG LTD
ai,hk,2023Q1,89906991,20230321,CONTEMPORARY AMPEREX TECHNOLOGY HONG KONG LTD
ai,hk,2023Q1,89997026,20230321,CONTEMPORARY AMPEREX TECHNOLOGY HONG KONG LTD
ai,hk,2023Q1,90245660,20230105,THE EDUCATION UNIV OF HONG KONG
ai,hk,2023Q1,90927402,20230329,CONTEMPORARY AMPEREX TECHNOLOGY HONG KONG LTD
ai,hk,2023Q1,91079617,20230329,CONTEMPORARY AMPEREX TECHNOLOGY HONG KONG LTD
ai,hk,2023Q1,91191932,20230320,CONTEMPORARY AMPEREX TECHNOLOGY HONG KONG LTD
ai,hk,2023Q1,91761634,20230111,CENTRE FOR INTELLIGENT MULTIDIMENSIONAL DATA ANALYSIS LTD
ai,hk,2023Q1,92215970,20230212,HONG KONG APPLIED SCIENCE & TECH RESEARCH INST CO LTD
ai,hk,2023Q1,92635571,20230307,HONG KONG APPLIED SCIENCE & TECH RESEARCH INST CO LTD
ai,hk,2023Q1,92714538,20230316,LOGISTICS AND SUPPLY CHAIN MULTITECH R&D CENTRE LTD
ai,hk,2023Q1,92714639,20230316,LOGISTICS AND SUPPLY CHAIN MULTITECH R&D CENTRE LTD
ai,hk,2023Q1,92802550,20230322,HONG KONG APPLIED SCIENCE & TECH RESEARCH INST CO LTD
ai,hk,2023Q1,92804197,20230324,NEMO POWER TOOLS LTD
ai,hk,2023Q1,92846298,20230328,LOGISTICS AND SUPPLY CHAIN MULTITECH R&D CENTRE LTD
ai,hk,2023Q2,85522893,20230505,CONTEMPORARY AMPEREX TECHNOLOGY HONG KONG LTD
ai,hk,2023Q2,86604045,20230524,TOP VICTORY INVESTMENTS LTD
ai,hk,2023Q2,86604817,20230526,TOP VICTORY INVESTMENTS LTD
ai,hk,2023Q2,86731946,20230606,TOP VICTORY INVESTMENTS LTD
ai,hk,2023Q2,87347473,20230515,INNOCORN TECH LIMITED
ai,hk,2023Q2,88309336,20230511,UNIV HONG KONG CHINESE
ai,hk,2023Q2,88517874,20230427,NEUFAST LTD
ai,hk,2023Q2,88647814,20230505,HONG KONG APPLIED SCIENCE & TECH RESEARCH INST CO LTD
ai,hk,2023Q2,88836540,20230601,INTERNET INVESTMENTS GROUP LTD
ai,hk,2023Q2,89323097,20230502,UNIV CITY HONG KONG
ai,hk,2023Q2,90668514,20230425,CENTRE FOR GARMENT PRODUCTION LTD
ai,hk,2023Q2,91192929,20230420,CONTEMPORARY AMPEREX TECHNOLOGY HONG KONG LTD
ai,hk,2023Q2,91474165,20230406,CONTEMPORARY AMPEREX TECHNOLOGY HONG KONG LTD
ai,hk,2023Q2,91665820,20230505,CONTEMPORARY AMPEREX TECHNOLOGY HONG KONG LTD
ai,hk,2023Q2,92462151,20230515,MOFFETT INTERNATIONAL CO LTD
ai,hk,2023Q2,93016791,20230410,URBANCHAIN GROUP LTD
ai,hk,2023Q2,93063487,20230623,AUTOMATED MACHINE LEARNING LTD
ai,hk,2023Q2,93121726,20230419,HONG KONG APPLIED SCIENCE & TECH RESEARCH INST CO LTD
ai,hk,2023Q2,93215705,20230615,HONG KONG CENTRE FOR LOGISTICS ROBOTICS LTD
ai,hk,2023Q2,93652325,20230531,YUAN XU
ai,hk,2023Q2,93652483,20230605,UNIV HONG KONG
ai,hk,2023Q2,93720478,20230607,UNIV CITY HONG KONG
ai,hk,2023Q2,93928258,20230621,CONTEMPORARY AMPEREX TECHNOLOGY HONG KONG LTD
ai,hk,2023Q2,93929240,20230620,CONTEMPORARY AMPEREX TECHNOLOGY HONG KONG LTD
ai,hk,2023Q2,93934699,20230621,CONTEMPORARY AMPEREX TECHNOLOGY HONG KONG LTD
ai,hk,2023Q3,87517322,20230727,GOODIX TECH HK COMPANY LIMITED
ai,hk,2023Q3,87758477,20230714,CHUN YAN ENOCH SIT
ai,hk,2023Q3,89576807,20230928,PEMBERTON BRIAN
ai,hk,2023Q3,89766950,20230706,CENTRE FOR INTELLIGENT MULTIDIMENSIONAL DATA ANALYSIS LTD
ai,hk,2023Q3,90274281,20230915,CHIN JING WEI
ai,hk,2023Q3,90359479,20230908,UNIV HONG KONG
ai,hk,2023Q3,90387845,20230922,UNIV HONG KONG
ai,hk,2023Q3,90453968,20230923,DEEP TRANSLATE LTD
ai,hk,2023Q3,92598957,20230707,YOUNG’S ENG CO LTD
ai,hk,2023Q3,94338371,20230725,UNIV CITY HONG KONG
ai,hk,2023Q3,94483160,20230809,LABORATORY OF DATA DISCOVERY FOR HEALTH LTD
ai,hk,2023Q3,94568944,20230808,UNIV CITY HONG KONG
ai,hk,2023Q3,94609731,20230816,HONG KONG APPLIED SCIENCE & TECH RESEARCH INST CO LTD
ai,hk,2023Q3,94706061,20230828,CENTRE FOR INTELLIGENT MULTIDIMENSIONAL DATA ANALYSIS LTD
ai,hk,2023Q3,94713509,20230828,CENTRE FOR INTELLIGENT MULTIDIMENSIONAL DATA ANALYSIS LTD
ai,hk,2023Q3,94773238,20230901,HONG KONG APPLIED SCIENCE & TECH RESEARCH INST CO LTD
ai,hk,2023Q3,94873150,20230908,HONG KONG APPLIED SCIENCE & TECH RESEARCH INST CO LTD
ai,hk,2023Q4,85576839,20231012,CONTEMPORARY AMPEREX TECHNOLOGY HONG KONG LTD
ai,hk,2023Q4,86067596,20231214,CONTEMPORARY AMPEREX TECHNOLOGY HONG KONG LTD
ai,hk,2023Q4,87512070,20231026,CSC ROBOTIC ENGINEERING LTD
ai,hk,2023Q4,88297121,20231011,UNIV HONG KONG
ai,hk,2023Q4,88654020,20231130,CONTEMPORARY AMPEREX TECHNOLOGY HONG KONG LTD
ai,hk,2023Q4,88664937,20231129,CONTEMPORARY AMPEREX TECHNOLOGY HONG KONG LTD
ai,hk,2023Q4,88669624,20231219,CONTEMPORARY AMPEREX TECHNOLOGY HONG KONG LTD
ai,hk,2023Q4,88717382,20231212,CONTEMPORARY AMPEREX TECHNOLOGY HONG KONG LTD
ai,hk,2023Q4,88811007,20231020,CHEUNG HORACE ESMOND
ai,hk,2023Q4,89222127,20231212,COMPUTIME LTD
ai,hk,2023Q4,89473973,20231229,AUKI MATTERLESS LTD
ai,hk,2023Q4,90184372,20231006,LEAPXPERT LTD
ai,hk,2023Q4,90669087,20231012,MULTI SCALE MEDICAL ROBOTICS CENTER LTD
ai,hk,2023Q4,90669089,20231012,MULTI SCALE MEDICAL ROBOTICS CENTER LTD
ai,hk,2023Q4,91322998,20231128,PHOMEDICS LTD
ai,hk,2023Q4,91473225,20231215,CENTRE FOR NOVOSTICS
ai,hk,2023Q4,91776889,20231228,THE EDUCATION UNIV OF HONG KONG
ai,hk,2023Q4,95252960,20231218,CONTEMPORARY AMPEREX TECHNOLOGY HONG KONG LTD
ai,hk,2023Q4,95253650,20231218,CONTEMPORARY AMPEREX TECHNOLOGY HONG KONG LTD
ai,hk,2023Q4,95339689,20231204,CONTEMPORARY AMPEREX TECHNOLOGY HONG KONG LTD
ai,hk,2023Q4,95340810,20231218,CONTEMPORARY AMPEREX TECHNOLOGY HONG KONG LTD
ai,hk,2023Q4,95341159,20231218,CONTEMPORARY AMPEREX TECHNOLOGY HONG KONG LTD
ai,hk,2023Q4,95341192,20231218,CONTEMPORARY AMPEREX TECHNOLOGY HONG KONG LTD
ai,hk,2023Q4,95401996,20231024,UNIV CITY HONG KONG
ai,hk,2023Q4,95483813,20231030,THE EDUCATION UNIV OF HONG KONG
ai,hk,2023Q4,95746925,20231127,CENTRE FOR INTELLIGENT MULTIDIMENSIONAL DATA ANALYSIS LTD
ai,hk,2023Q4,95861825,20231130,UNIV CITY HONG KONG
ai,hk,2023Q4,95940369,20231212,CENTRE FOR INTELLIGENT MULTIDIMENSIONAL DATA ANALYSIS LTD
ai,hk,2023Q4,96065022,20231223,UNIV CITY HONG KONG
ai,sg,2015Q1,44312331,20150206,NANYANG TEHNOLOGICAL UNIV | SINGAPORE HEALTH SERV PTE LTD | UNIV NANYANG TECH
ai,sg,2015Q1,46490785,20150227,AVAGO TECHNOLOGIES GENERAL IP
ai,sg,2015Q1,50184004,20150216,SEMICONDUCTOR TECH & INSTRUMENTS PTE LTD | SEMICONDUCTOR TECH & INSTRUMENTS PTE LTD SG | SEMICONDUCTOR TECH AND INSTRUMENTS PTE LTD | SEMICONDUCTOR TECHNOLOGIES AND INSTR PTE LTD
ai,sg,2015Q1,50341773,20150311,COMPASS YAP CHENG KANG | YAP CHENG KANG COMPASS
ai,sg,2015Q1,52674031,20150122,LENOVO SINGAPORE PTE LTD
ai,sg,2015Q1,52781721,20150128,LENOVO SINGAPORE PTE LTD
ai,sg,2015Q1,53482521,20150310,ACK3 BIONETICS PTE LTD
ai,sg,2015Q1,53756292,20150121,TRAX TECHNOLOGY SOLUTIONS PTE LTD
ai,sg,2015Q1,53759038,20150122,LENOVO SINGAPORE PTE LTD
ai,sg,2015Q1,53773754,20150211,AGENCY SCIENCE TECH & RES
ai,sg,2015Q1,54009427,20150227,AGENCY SCIENCE TECH & RES | SINGAPORE HEALTH SERV PTE LTD
ai,sg,2015Q1,54017336,20150306,AVAGO TECHNOLOGIES GENERAL IP
ai,sg,2015Q1,54017337,20150306,AVAGO TECHNOLOGIES GENERAL IP
ai,sg,2015Q1,54053743,20150309,LENOVO SINGAPORE PTE LTD
ai,sg,2015Q1,54069394,20150312,AVAGO TECHNOLOGIES GENERAL IP
ai,sg,2015Q1,54142612,20150318,AVAGO TECHNOLOGIES GENERAL IP
ai,sg,2015Q1,54190823,20150325,AVAGO TECHNOLOGIES GENERAL IP
ai,sg,2015Q1,54190828,20150325,AVAGO TECHNOLOGIES GENERAL IP
ai,sg,2015Q1,54190872,20150325,UNIV NANYANG TECH
ai,sg,2015Q1,54190879,20150325,NANY ANG TECHNOLOGICAL UNIV | UNIV NANYANG TECH
ai,sg,2015Q1,54196089,20150325,UNIV NANYANG TECH
ai,sg,2015Q1,54210028,20150331,AVAGO TECHNOLOGIES GENERAL IP
ai,sg,2015Q1,55041655,20150323,ST MICROELECTRONICS ASIA | ST MICROELECTRONICS ASIA PACIFIC PTE LTD
ai,sg,2015Q1,55398210,20150310,SIVANTOS PTE LTD
ai,sg,2015Q1,55640622,20150326,LENOVO SINGAPORE PTE LTD
ai,sg,2015Q1,56010675,20150203,SHANKAR SURESH VENUGOPALAN
ai,sg,2015Q1,56027360,20150326,LENOVO SINGAPORE PTE LTD
ai,sg,2015Q1,56130173,20150126,CLOUD NETWORK TECH SINGAPORE PTE LTD
ai,sg,2015Q1,56163176,20150213,Sigenic Pte Ltd
ai,sg,2015Q1,56164963,20150127,AVAGO TECH INT SALES PTE LID
ai,sg,2015Q1,56356225,20150109,RAZER (ASIA-PACIFIC) PTE LTD | RAZER ASIA PACIFIC PTE LTD
ai,sg,2015Q1,56410435,20150204,LENOVO SINGAPORE PTE LTD
ai,sg,2015Q1,56432665,20150320,TACTILIS PTE LTD
ai,sg,2015Q1,56434147,20150128,CRAYON DATA PTE LTD | RAVINDRAN vivek
ai,sg,2015Q1,56622124,20150218,LENOVO SINGAPORE PTE LTD
ai,sg,2015Q1,56682721,20150227,LENOVO SINGAPORE PTE LTD
ai,sg,2015Q1,56789013,20150224,VISENZE PTE LTD
ai,sg,2015Q1,56798391,20150227,LENOVO SINGAPORE PTE LTD
ai,sg,2015Q1,56798905,20150227,LENOVO SINGAPORE PTE LTD
ai,sg,2015Q1,56798979,20150227,LENOVO SINGAPORE PTE LTD
ai,sg,2015Q1,56798985,20150227,LENOVO SINGAPORE PTE LTD
ai,sg,2015Q1,56799407,20150227,LENOVO SINGAPORE PTE LTD
ai,sg,2015Q1,56800991,20150312,VOSSELER HANS GUENTER | VOSSELER HANS-GÜNTER
ai,sg,2015Q1,56850233,20150305,LENOVO SINGAPORE PTE LTD
ai,sg,2015Q1,56886599,20150312,LENOVO SINGAPORE PTE LTD
ai,sg,2015Q1,56887936,20150312,LENOVO SINGAPORE PTE LTD
ai,sg,2015Q1,56887948,20150312,LENOVO SINGAPORE PTE LTD
ai,sg,2015Q1,56888037,20150312,LENOVO SINGAPORE PTE LTD
ai,sg,2015Q1,56975502,20150324,LENOVO SINGAPORE PTE LTD
ai,sg,2015Q1,56976026,20150327,LENOVO SINGAPORE PTE LTD
ai,sg,2015Q1,56976756,20150326,LENOVO SINGAPORE PTE LTD
ai,sg,2015Q1,57016020,20150331,LENOVO SINGAPORE PTE LTD
ai,sg,2015Q1,60664747,20150224,VISENZE PTE LTD
ai,sg,2015Q2,48431160,20150511,SIEMENS MEDICAL INSTR PTE LTD
ai,sg,2015Q2,52991736,20150420,UNIV NANYANG TECH
ai,sg,2015Q2,53784770,20150611,LENOVO SINGAPORE PTE LTD
ai,sg,2015Q2,54335062,20150401,AVAGO TECHNOLOGIES GENERAL IP
ai,sg,2015Q2,54355351,20150429,MEDIATEK SINGAPORE PTE LTD
ai,sg,2015Q2,54366759,20150506,LIFETRACK MEDICAL SYSTEMS PRIVATE LTD
ai,sg,2015Q2,54392766,20150501,TAN SEOW LOONG
ai,sg,2015Q2,54701937,20150603,CLAULT PTE LTD
ai,sg,2015Q2,54706951,20150610,LENOVO SINGAPORE PTE LTD
ai,sg,2015Q2,54768082,20150616,LENOVO SINGAPORE PTE LTD
ai,sg,2015Q2,54833970,20150612,NAT UNIV SINGAPORE | UNIV SINGAPORE
ai,sg,2015Q2,54930922,20150624,INMOBI PTE LTD
ai,sg,2015Q2,54934943,20150607,TRAX TECHNOLOGY SOLUTIONS PTE LTD
ai,sg,2015Q2,55027107,20150602,INMOBI PTE LTD
ai,sg,2015Q2,55421626,20150507,DATAESP PRIVATE LTD
ai,sg,2015Q2,55653465,20150430,CLOUDRADIGM PTE LTD
ai,sg,2015Q2,55661518,20150609,HUAWEI INT PTE LTD | HUAWEI INTERNAT PTE LTD | SINGAPORE MAN UNIV | SINGAPORE MAN UNIVERSITY | SINGAPORE MANAGEMENT UNIV
ai,sg,2015Q2,55761238,20150610,SUN ELECTRIC PTE LTD
ai,sg,2015Q2,55952961,20150427,SIVANTOS PTE LTD
ai,sg,2015Q2,56080270,20150610,SIVANTOS PTE LTD
ai,sg,2015Q2,56098071,20150624,SIVANTOS PTE LTD
ai,sg,2015Q2,56134151,20150610,LENOVO SINGAPORE PTE LTD
ai,sg,2015Q2,57112770,20150410,LENOVO SINGAPORE PTE LTD
ai,sg,2015Q2,57143331,20150423,INFINITY OPTICS SOLUTIONS PTE LTD
ai,sg,2015Q2,57352526,20150603,LENOVO ENTPR SOLUTIONS SINGAPORE PTE LTD
ai,sg,2015Q2,57392166,20150525,TRAKOMATIC PTE LTD
ai,sg,2015Q2,57467231,20150619,LENOVO SINGAPORE PTE LTD
ai,sg,2015Q2,57545375,20150616,DATASPARK PTE LTD
ai,sg,2015Q2,57588301,20150619,LENOVO SINGAPORE PTE LTD
ai,sg,2015Q2,57588350,20150617,LENOVO SINGAPORE PTE LTD
ai,sg,2015Q2,57603098,20150629,LENOVO ENTPR SOLUTIONS SINGAPORE PTE LTD
ai,sg,2015Q3,46796234,20150928,AVAGO TECHNOLOGIES GENERAL IP
ai,sg,2015Q3,47067924,20150915,UNIV NANYANG TECH
ai,sg,2015Q3,54014782,20150814,SIVANTOS PTE LTD
ai,sg,2015Q3,54258796,20150817,LENOVO SINGAPORE PTE LTD
ai,sg,2015Q3,54291024,20150928,LENOVO SINGAPORE PTE LTD
ai,sg,2015Q3,54293308,20150918,HUAWEI INTERNAT PTE LTD | SINGAPORE MAN UNIVERSITY
ai,sg,2015Q3,54330787,20150828,COOLPAY PTE LTD
ai,sg,2015Q3,55017179,20150914,RENEW GROUP PRIVATE LTD | RENEW GROUP PTE LTD
ai,sg,2015Q3,55079708,20150724,LENOVO SINGAPORE PTE LTD
ai,sg,2015Q3,55134999,20150805,LENOVO SINGAPORE PTE LTD
ai,sg,2015Q3,55267665,20150811,INMOBI PTE LTD
ai,sg,2015Q3,55400138,20150825,AGENCY FOR SCIENCE TECH AND RES (A*STAR) | AGENCY FOR SCIENCE TECH AND RESEARCH A*STAR | AGENCY SCIENCE TECH & RES
ai,sg,2015Q3,55400793,20150825,NAT SKIN CENTRE SINGAPORE PTE LTD | SINGAPORE UNIV OF TECH AND DESIGN | UNIV SINGAPORE TECHNOLOGY & DESIGN
ai,sg,2015Q3,55402887,20150827,INMOBI PTE LTD
ai,sg,2015Q3,55437777,20150903,AGENCY SCIENCE TECH & RES
ai,sg,2015Q3,55533574,20150915,TEMASEK LIFE SCIENCES LAB LTD | TEMASEK LIFE SCIENCES LABORATORY | TEMASEK LIFE SCIENCES LABORATORY LTD
ai,sg,2015Q3,55631061,20150902,MENTORICA TECH PTE LTD | MENTORICA TECHNOLOGY PTE LTD
ai,sg,2015Q3,55631064,20150929,UNIV NANYANG TECH
ai,sg,2015Q3,56609692,20150803,LENOVO SINGAPORE PTE LTD
ai,sg,2015Q3,56684464,20150731,LENOVO SINGAPORE PTE LTD
ai,sg,2015Q3,56895122,20150713,LENOVO SINGAPORE PTE LTD
ai,sg,2015Q3,57685992,20150709,RAZER (ASIA-PACIFIC) PTE LTD | RAZER ASIA PACIFIC PTE LTD
ai,sg,2015Q3,57730181,20150711,TAASCOM INC | THINXTREAM TECH PTD LTD | THINXTREAM TECH PTE LTD
ai,sg,2015Q3,57758265,20150716,THINXTREAM TECH PTD LTD | THINXTREAM TECH PTE LTD
ai,sg,2015Q3,57837288,20150804,CLOUD NETWORK TECH SINGAPORE PTE LTD
ai,sg,2015Q3,57882427,20150731,LENOVO SINGAPORE PTE LTD
ai,sg,2015Q3,57884992,20150724,CERTIS CISCO SECURITY PTE LTD | ENSIGN INFOSECURITY CYBERSECURITY PTE LTD
ai,sg,2015Q3,57886036,20150731,LENOVO SINGAPORE PTE LTD
ai,sg,2015Q3,57943400,20150731,VADARO PTE LTD
ai,sg,2015Q3,58095446,20150827,LENOVO ( SINGAPORE) PTE LTD | LENOVO SINGAPORE PTE LTD
ai,sg,2015Q3,58160821,20150910,UNIV NANYANG TECH
ai,sg,2015Q3,58160853,20150910,UNIV NANYANG TECH
ai,sg,2015Q3,58282436,20150917,LENOVO SINGAPORE PTE LTD
ai,sg,2015Q3,58406337,20150929,CLOUD NETWORK TECH SINGAPORE PTE LTD
ai,sg,2015Q4,50288202,20151002,SIVANTOS PTE LTD
ai,sg,2015Q4,54850485,20151218,LENOVO SINGAPORE PTE LTD
ai,sg,2015Q4,55132717,20151112,LENOVO SINGAPORE PTE LTD
ai,sg,2015Q4,55168333,20151231,CREATIVE TECH LTD
ai,sg,2015Q4,55311171,20151217,LENOVO SINGAPORE PTE LTD
ai,sg,2015Q4,55311534,20151223,LENOVO SINGAPORE PTE LTD
ai,sg,2015Q4,55631074,20151004,SIX CAPITAL PTE LTD
ai,sg,2015Q4,55638148,20151020,LENOVO SINGAPORE PTE LTD
ai,sg,2015Q4,55749334,20151016,UNIV NANYANG TECH
ai,sg,2015Q4,55857949,20151028,NAT UNIV SINGAPORE | UNIV SINGAPORE
ai,sg,2015Q4,56014301,20151118,AGENCY SCIENCE TECH & RES
ai,sg,2015Q4,56074788,20151124,AGENCY SCIENCE TECH & RES
ai,sg,2015Q4,56092101,20151201,SINGAPORE UNIV OF TECH AND DESIGN | UNIV SINGAPORE TECHNOLOGY & DESIGN
ai,sg,2015Q4,56112146,20151214,BITWAVE PTE LTD
ai,sg,2015Q4,57153414,20151026,LENOVO SINGAPORE PTE LTD
ai,sg,2015Q4,57286232,20151105,LENOVO SINGAPORE PTE LTD
ai,sg,2015Q4,57542819,20151209,LENOVO SINGAPORE PTE LTD
ai,sg,2015Q4,57571140,20151001,LENOVO SINGAPORE PTE LTD
ai,sg,2015Q4,57963784,20151029,LENOVO SINGAPORE PTE LTD
ai,sg,2015Q4,57963793,20151028,LENOVO ENTPR SOLUTIONS SINGAPORE PTE LTD
ai,sg,2015Q4,58498662,20151013,LENOVO SINGAPORE PTE LTD
ai,sg,2015Q4,58517561,20151015,SINGAPORE PRESS HOLDINGS LTD
ai,sg,2015Q4,58558547,20151027,LENOVO SINGAPORE PTE LTD
ai,sg,2015Q4,58558900,20151027,LENOVO SINGAPORE PTE LTD
ai,sg,2015Q4,58559044,20151023,LENOVO SINGAPORE PTE LTD
ai,sg,2015Q4,58664268,20151109,LENOVO ENTPR SOLUTIONS SINGAPORE PTE LTD
ai,sg,2015Q4,58690054,20151112,LENOVO SINGAPORE PTE LTD
ai,sg,2015Q4,58691062,20151116,LENOVO SINGAPORE PTE LTD
ai,sg,2015Q4,58773693,20151209,LENOVO SINGAPORE PTE LTD
ai,sg,2015Q4,58777698,20151201,LENOVO SINGAPORE PTE LTD
ai,sg,2015Q4,58798616,20151203,LENOVO SINGAPORE PTE LTD
ai,sg,2015Q4,59020054,20151209,LENOVO SINGAPORE PTE LTD
ai,sg,2015Q4,59057151,20151216,INVISIRON PTE LTD | VI DIMENSIONS PTE LTD
ai,sg,2015Q4,59225763,20151231,CREATIVE TECH LTD
ai,sg,2016Q1,52778327,20160330,OSLABS PTE LTD
ai,sg,2016Q1,53544965,20160205,LENOVO SINGAPORE PTE LTD
ai,sg,2016Q1,54017383,20160113,LENOVO SINGAPORE PTE LTD
ai,sg,2016Q1,55526002,20160329,LENOVO SINGAPORE PTE LTD
ai,sg,2016Q1,55863164,20160318,AGENCY SCIENCE TECH & RES | HISTOINDEX PTE LTD
ai,sg,2016Q1,56367785,20160114,LENOVO SINGAPORE PTE LTD
ai,sg,2016Q1,56543864,20160129,SINGAPORE UNIV OF TECH AND DESIGN | UNIV SINGAPORE TECHNOLOGY & DESIGN
ai,sg,2016Q1,56543867,20160201,AGENCY SCIENCE TECH & RES
ai,sg,2016Q1,56563517,20160129,DH TECHNOLOGIES DEV PTE LTD
ai,sg,2016Q1,56879170,20160222,UNIV NANYANG TECH
ai,sg,2016Q1,56920181,20160318,SINGAPORE UNIV OF TECH AND DESIGN | UNIV SINGAPORE TECHNOLOGY & DESIGN
ai,sg,2016Q1,57015449,20160328,HEPTAGON MICRO OPTICS PTE LTD
ai,sg,2016Q1,57017619,20160328,HEPTAGON MICRO OPTICS PTE LTD
ai,sg,2016Q1,57714385,20160119,SIVANTOS PTE LTD
ai,sg,2016Q1,57848262,20160127,VISCOVERY PTE LTD
ai,sg,2016Q1,58524080,20160204,AVANSEUS HOLDINGS PTE LTD
ai,sg,2016Q1,58530500,20160310,SIVANTOS PTE LTD
ai,sg,2016Q1,58635654,20160127,AVAGO TECHNOLOGIES GENERAL IP
ai,sg,2016Q1,59275792,20160108,LENOVO SINGAPORE PTE LTD
ai,sg,2016Q1,59313791,20160119,LENOVO SINGAPORE PTE LTD
ai,sg,2016Q1,59359480,20160126,LENOVO SINGAPORE PTE LTD
ai,sg,2016Q1,59359752,20160126,LENOVO SINGAPORE PTE LTD
ai,sg,2016Q1,59360448,20160126,LENOVO SINGAPORE PTE LTD
ai,sg,2016Q1,59360689,20160125,MASTERCARD ASIA PACIFIC PTE LTD
ai,sg,2016Q1,59360836,20160126,LENOVO SINGAPORE PTE LTD
ai,sg,2016Q1,59361091,20160118,UNIV NANYANG TECH
ai,sg,2016Q1,59385546,20160129,LENOVO SINGAPORE PTE LTD
ai,sg,2016Q1,59542687,20160324,SPAYCE ASIA PTE LTD | SPAYCEASIA PTE LTD
ai,sg,2016Q1,59679708,20160226,LENOVO ENTPR SOLUTIONS SINGAPORE PTE LTD
ai,sg,2016Q1,59788491,20160314,MASTERCARD ASIA PACIFIC PTE LTD
ai,sg,2016Q1,59789842,20160309,TRAKOMATIC PTE LTD
ai,sg,2016Q1,59896789,20160324,LENOVO ENTPR SOLUTIONS SINGAPORE PTE LTD
ai,sg,2016Q1,59961160,20160330,LENOVO SINGAPORE PTE LTD
ai,sg,2016Q1,59961328,20160330,LENOVO SINGAPORE PTE LTD
ai,sg,2016Q1,75846099,20160210,MARVELL ASIA PTE LTD
ai,sg,2016Q2,50100813,20160527,QUESTOR CAPITAL HOLDINGS LTD
ai,sg,2016Q2,51531805,20160419,Vios Medical Singapore PTE LTD
ai,sg,2016Q2,52814861,20160401,SIVANTOS PTE LTD
ai,sg,2016Q2,52996373,20160516,LENOVO SINGAPORE PTE LTD
ai,sg,2016Q2,54199594,20160603,SIVANTOS PTE LTD
ai,sg,2016Q2,56098174,20160603,SIVANTOS PTE LTD
ai,sg,2016Q2,57277544,20160512,AMKOR TECH SINGAPORE HOLDING PTE LTD
ai,sg,2016Q2,57452011,20160603,AMKOR TECH SINGAPORE HOLDING PTE | AMKOR TECH SINGAPORE HOLDING PTE LTD
ai,sg,2016Q2,57586405,20160623,LIM SUSAN M L
ai,sg,2016Q2,57776168,20160628,MB TECH PARTNERS LTD
ai,sg,2016Q2,58016588,20160425,SIVANTOS PTE LTD
ai,sg,2016Q2,58046514,20160414,SIVANTOS PTE LTD
ai,sg,2016Q2,58709721,20160530,SIVANTOS PTE LTD
ai,sg,2016Q2,58796432,20160630,AON SINGAPORE CENTRE FOR INNOVATION STRATEGY AND MAN PTE LTD
ai,sg,2016Q2,59961079,20160404,OSLABS PTE LTD
ai,sg,2016Q2,59961677,20160508,CLOUD NETWORK TECH SINGAPORE PTE LTD
ai,sg,2016Q2,60158349,20160428,CLOUD NETWORK TECH SINGAPORE PTE LTD
ai,sg,2016Q2,60203148,20160504,CERTIS CISCO SECURITY PTE LTD
ai,sg,2016Q2,60267125,20160511,MASTERCARD ASIA PACIFIC PTE LTD
ai,sg,2016Q2,60660513,20160616,LENOVO ENTPR SOLUTIONS SINGAPORE PTE LTD
ai,sg,2016Q2,60786180,20160628,AKRIBIS SYSTEMS PTE LTD
ai,sg,2016Q2,60786187,20160630,AEM SINGAPORE PTE LTD
ai,sg,2016Q3,38575286,20160810,CREATIVE TECH LTD
ai,sg,2016Q3,44710678,20160725,ACK3 BIONETICS PTE LTD
ai,sg,2016Q3,54531064,20160713,JING KING TECH HOLDINGS PTE LTD
ai,sg,2016Q3,57983385,20160811,UNIV NANYANG TECH
ai,sg,2016Q3,58282461,20160915,OSLABS PTE LTD
ai,sg,2016Q3,58289568,20160916,NANYANG TECHNOLOGYICAL UNIV | UNIV NANYANG TECH
ai,sg,2016Q3,59409185,20160729,LENOVO SINGAPORE PTE LTD
ai,sg,2016Q3,59996839,20160822,LENOVO SINGAPORE PTE LTD
ai,sg,2016Q3,60037069,20160829,LENOVO SINGAPORE PTE LTD
ai,sg,2016Q3,60418758,20160901,LENOVO SINGAPORE PTE LTD
ai,sg,2016Q3,60889906,20160722,LENOVO SINGAPORE PTE LTD
ai,sg,2016Q3,60889908,20160722,LENOVO SINGAPORE PTE LTD
ai,sg,2016Q3,60910838,20160711,KENNY CHUA WEI LIANG
ai,sg,2016Q3,60988123,20160722,LENOVO SINGAPORE PTE LTD
ai,sg,2016Q3,60988815,20160720,LENOVO SINGAPORE PTE LTD
ai,sg,2016Q3,61009256,20160914,PCCW VUCLIP SINGAPORE PTE LTD | VUCLIP (SINGAPORE) PTE LTD | VUCLIP SINGAPORE PTE LTD
ai,sg,2016Q3,61010091,20160729,MASTERCARD ASIA PACIFIC PTE LTD
ai,sg,2016Q3,61012103,20160729,LENOVO ENTPR SOLUTIONS SINGAPORE PTE LTD
ai,sg,2016Q3,61083533,20160822,LENOVO SINGAPORE PTE LTD
ai,sg,2016Q3,61158815,20160921,CLOUD NETWORK TECH SINGAPORE PTE LTD
ai,sg,2016Q3,61166798,20160830,LENOVO ENTPR SOLUTIONS SINGAPORE PTE LTD
ai,sg,2016Q3,61166834,20160831,LENOVO SINGAPORE PTE LTD
ai,sg,2016Q3,61191794,20160822,LENOVO SINGAPORE PTE LTD
ai,sg,2016Q3,61191805,20160926,CLOUD NETWORK TECH SINGAPORE PTE LTD
ai,sg,2016Q3,61243272,20160829,LENOVO SINGAPORE PTE LTD
ai,sg,2016Q3,61564079,20160926,LENOVO SINGAPORE PTE LTD
ai,sg,2016Q3,61685376,20160926,LENOVO SINGAPORE PTE LTD
ai,sg,2016Q3,61686354,20160928,LENOVO SINGAPORE PTE LTD
ai,sg,2016Q3,61686601,20160927,LENOVO SINGAPORE PTE LTD
ai,sg,2016Q4,39030345,20161103,CREATIVE TECH LTD
ai,sg,2016Q4,49622679,20161201,BITWAVE PTE LTD
ai,sg,2016Q4,55248302,20161104,JING KING TECH HOLDINGS PTE LTD
ai,sg,2016Q4,55361871,20161215,HCP HEALTHCARE ASIA PTE LTD
ai,sg,2016Q4,58422503,20161003,RYNAN TECH PTE LTD
ai,sg,2016Q4,58488023,20161005,UNIV NANYANG TECH
ai,sg,2016Q4,58694910,20161109,DESKERA SINGAPORE PTE LTD
ai,sg,2016Q4,58778201,20161130,MARVELL ASIA PTE LTD
ai,sg,2016Q4,59275258,20161220,HEPTAGON MICRO OPTICS PTE LTD
ai,sg,2016Q4,60244952,20161215,SIVANTOS PTE LTD
ai,sg,2016Q4,60302431,20161031,HUAWEI INT PTE LTD
ai,sg,2016Q4,60320674,20161118,LENOVO SINGAPORE PTE LTD
ai,sg,2016Q4,60418512,20161130,AVAGO TECH INT SALES PTE LID
ai,sg,2016Q4,61902993,20161019,COMPONENT AEROSPACE SINGAPORE PTE LTD
ai,sg,2016Q4,62021594,20161202,AVANSEUS HOLDINGS PTE LTD
ai,sg,2016Q4,62025327,20161024,CERTIS CISCO SECURITY PTE LTD
ai,sg,2016Q4,62147615,20161118,LENOVO SINGAPORE PTE LTD
ai,sg,2016Q4,62190987,20161128,LENOVO SINGAPORE PTE LTD
ai,sg,2016Q4,62193357,20161130,LENOVO SINGAPORE PTE LTD
ai,sg,2016Q4,62194672,20161123,YEO WENQI
ai,sg,2016Q4,62490688,20161206,GT ROBOT TECH PTE LTD
ai,sg,2016Q4,62561820,20161220,MASTERCARD ASIA PACIFIC PTE LTD
ai,sg,2016Q4,62710843,20161228,RAZER ASIA PACIFIC PTE LTD
ai,sg,2017Q1,45874062,20170306,NAT UNIV SINGAPORE
ai,sg,2017Q1,46969588,20170130,UST GLOBAL SINGAPORE PTE LTD
ai,sg,2017Q1,49879316,20170109,UST GLOBAL SINGAPORE PTE LTD
ai,sg,2017Q1,55650256,20170330,UNIV SINGAPORE TECHNOLOGY & DESIGN
ai,sg,2017Q1,56454307,20170222,MEDIATEK SINGAPORE PTE LTD
ai,sg,2017Q1,57878066,20170126,AAC OPTICS SOLUTIONS PTE LTD | AAC TECHNOLOGIES PTE LTD
ai,sg,2017Q1,58053980,20170127,FLEX LTD
ai,sg,2017Q1,59499953,20170202,AGENCY SCIENCE TECH & RES
ai,sg,2017Q1,59626242,20170216,HEPTAGON MICRO OPTICS PTE LTD
ai,sg,2017Q1,59722321,20170302,AMS SENSORS SINGAPORE PTE LTD | HEPTAGON MICRO OPTICS PTE LTD
ai,sg,2017Q1,59789585,20170309,AGENCY SCIENCE TECH & RES
ai,sg,2017Q1,59790713,20170306,X ZELL BIOTECH PTE LTD
ai,sg,2017Q1,59851351,20170314,FORTH TV PTE LTD
ai,sg,2017Q1,59852349,20170316,AGENCY SCIENCE TECH & RES
ai,sg,2017Q1,59856166,20170314,MEDIATEK SINGAPORE PTE LTD
ai,sg,2017Q1,59959014,20170328,ELID TECH INT PTE LTD | ELID TECH INTERNATIONAL PTE LTD
ai,sg,2017Q1,59959233,20170328,ELID TECH INT PTE LTD | ELID TECH INTERNATIONAL PTE LTD
ai,sg,2017Q1,59964979,20170330,AGENCY SCIENCE TECH & RES
ai,sg,2017Q1,59964980,20170330,AGENCY SCIENCE TECH & RES
ai,sg,2017Q1,59965107,20170331,AGENCY SCIENCE TECH & RES
ai,sg,2017Q1,59966175,20170328,SINGAPORE UNIV OF TECH AND DESIGN | UNIV SINGAPORE TECHNOLOGY & DESIGN
ai,sg,2017Q1,60543401,20170111,SIVANTOS PTE LTD
ai,sg,2017Q1,60953210,20170105,ST ELECTRONICS (TRAINING & SIMULATION SYSTEMS) PTE LTD | ST ELECTRONICS TRAINING & SIMULATION SYSTEMS | ST ELECTRONICS TRAINING & SIMULATION SYSTEMS PTE LTD
ai,sg,2017Q1,61094356,20170306,SIVANTOS PTE LTD
ai,sg,2017Q1,62018819,20170322,SINGAPORE TECH ELECTRONICS LIMITED | ST ENG ELECTRONICS LTD | ST ENG URBAN SOLUTIONS LTD
ai,sg,2017Q1,62708517,20170103,LENOVO SINGAPORE PTE LTD
ai,sg,2017Q1,62783102,20170111,HENDRICKS CORP PTE LTD | ORGANIZATIONAL STRATEGIES INT PTE LTD
ai,sg,2017Q1,62840824,20170119,KEYSIGHT TECH SINGAPORE SALES PTE LTD
ai,sg,2017Q1,62841664,20170116,LENOVO SINGAPORE PTE LTD
ai,sg,2017Q1,62843359,20170201,UNIV NANYANG TECH
ai,sg,2017Q1,62843503,20170127,UNIV NANYANG TECH
ai,sg,2017Q1,62906585,20170124,LENOVO SINGAPORE PTE LTD
ai,sg,2017Q1,62906707,20170123,LENOVO SINGAPORE PTE LTD
ai,sg,2017Q1,63014183,20170220,CLOUD NETWORK TECH SINGAPORE PTE LTD
ai,sg,2017Q1,63169169,20170217,DATA SPARK PTE LTD | DATASPARK PTE LTD
ai,sg,2017Q1,63446383,20170321,CLOUD NETWORK TECH SINGAPORE PTE LTD
ai,sg,2017Q1,63448255,20170308,JEWEL PAYMENTECH PTE LTD
ai,sg,2017Q1,63584669,20170324,AGENCY SCIENCE TECH & RES
ai,sg,2017Q1,63585666,20170324,AGENCY SCIENCE TECH & RES
ai,sg,2017Q1,63671684,20170328,ROCKWELL AUTOMATION ASIA PACIFIC BUSINESS CENTER PTE LTD
ai,sg,2017Q1,63677935,20170330,AGENCY SCIENCE TECH & RES
ai,sg,2017Q2,47880677,20170621,BITWAVE PTE LTD
ai,sg,2017Q2,51487882,20170428,LENOVO SINGAPORE PTE LTD
ai,sg,2017Q2,59847045,20170607,TRAX TECHNOLOGY SOLUTIONS PTE LTD
ai,sg,2017Q2,60116464,20170419,AVAGO TECH INT SALES PTE LID
ai,sg,2017Q2,60158402,20170428,MARVELL ASIA PTE LTD
ai,sg,2017Q2,60243840,20170504,MEDIATEK SINGAPORE PTE LTD
ai,sg,2017Q2,60417927,20170511,MARVELL ASIA PTE LTD | MARVELL ASIA PTE LTD REGISTRATION NO 199702379M
ai,sg,2017Q2,60676893,20170622,AGENCY SCIENCE TECH & RES
ai,sg,2017Q2,60785975,20170628,TRAX TECHNOLOGY SOLUTIONS PTE LTD
ai,sg,2017Q2,61231167,20170403,SIVANTOS PTE LTD
ai,sg,2017Q2,61965837,20170421,SIVANTOS PTE LTD
ai,sg,2017Q2,62200260,20170523,LENOVO SINGAPORE PTE LTD
ai,sg,2017Q2,62723220,20170524,LENOVO SINGAPORE PTE LTD
ai,sg,2017Q2,62723247,20170531,LENOVO SINGAPORE PTE LTD
ai,sg,2017Q2,63042172,20170616,LENOVO SINGAPORE PTE LTD
ai,sg,2017Q2,63587645,20170407,LENOVO SINGAPORE PTE LTD
ai,sg,2017Q2,63667543,20170620,Attribuild Pte Ltd
ai,sg,2017Q2,63668717,20170404,MASTERCARD ASIA PACIFIC PTE LTD
ai,sg,2017Q2,63711550,20170411,LENOVO SINGAPORE PTE LTD
ai,sg,2017Q2,63789907,20170413,MASTERCARD ASIA PACIFIC PTE LTD
ai,sg,2017Q2,63790511,20170412,LENOVO SINGAPORE PTE LTD
ai,sg,2017Q2,63793548,20170410,GARINI TECH CORPORATION PTE LTD
ai,sg,2017Q2,63917382,20170427,LENOVO SINGAPORE PTE LTD
ai,sg,2017Q2,63962675,20170509,LENOVO SINGAPORE PTE LTD
ai,sg,2017Q2,64096022,20170509,LENOVO SINGAPORE PTE LTD
ai,sg,2017Q2,64105613,20170512,RAZER ASIA PACIFIC PTE LTD
ai,sg,2017Q2,64279323,20170531,LENOVO SINGAPORE PTE LTD
ai,sg,2017Q2,64400280,20170524,LENOVO SINGAPORE PTE LTD
ai,sg,2017Q2,64401261,20170526,LENOVO SINGAPORE PTE LTD
ai,sg,2017Q2,64401705,20170526,LENOVO SINGAPORE PTE LTD
ai,sg,2017Q2,64457308,20170619,LENOVO SINGAPORE PTE LTD
ai,sg,2017Q2,64457309,20170620,LENOVO SINGAPORE PTE LTD
ai,sg,2017Q2,64459492,20170605,LENOVO SINGAPORE PTE LTD
ai,sg,2017Q2,64459847,20170531,LENOVO SINGAPORE PTE LTD
ai,sg,2017Q2,64460352,20170605,LENOVO SINGAPORE PTE LTD
ai,sg,2017Q2,64460610,20170531,LENOVO SINGAPORE PTE LTD
ai,sg,2017Q2,64563007,20170609,MASTERCARD ASIA PACIFIC PTE LTD
ai,sg,2017Q2,64563697,20170607,LENOVO SINGAPORE PTE LTD
ai,sg,2017Q2,64656590,20170619,LENOVO SINGAPORE PTE LTD
ai,sg,2017Q2,64657600,20170620,LENOVO SINGAPORE PTE LTD
ai,sg,2017Q2,64658285,20170615,LENOVO SINGAPORE PTE LTD
ai,sg,2017Q2,64692967,20170622,LENOVO SINGAPORE PTE LTD
ai,sg,2017Q2,64742432,20170629,CERTIS CISCO SECURITY PTE LTD
ai,sg,2017Q3,52023280,20170811,BITWAVE PTE LTD
ai,sg,2017Q3,53183466,20170901,VISCOVERY PTE LTD
ai,sg,2017Q3,54769797,20170810,LENOVO SINGAPORE PTE LTD
ai,sg,2017Q3,59887351,20170829,HOME CONTROL SINGAPORE PTE LTD
ai,sg,2017Q3,59974638,20170721,CHIN HON TOH | TOH CHIN HON
ai,sg,2017Q3,60295226,20170802,AON SINGAPORE CENTRE FOR INNOVATION STRATEGY AND MAN PTE LTD
ai,sg,2017Q3,60953312,20170710,KURVE AUTOMATION PTE LTD
ai,sg,2017Q3,60988541,20170720,AMS SENSORS SINGAPORE PTE LTD | HEPTAGON MICRO OPTICS PTE LTD
ai,sg,2017Q3,60992230,20170721,OSLABS PTE LTD
ai,sg,2017Q3,61011774,20170727,AMS SENSORS SINGAPORE PTE LTD | HEPTAGON MICRO OPTICS PTE LTD
ai,sg,2017Q3,61011918,20170724,CINIME ASIA PACIFIC PTE LTD
ai,sg,2017Q3,61012091,20170724,CINIME ASIA PACIFIC PTE LTD
ai,sg,2017Q3,61072120,20170717,ASM TECH SINGAPORE PTE LTD
ai,sg,2017Q3,61133548,20170928,ONECONNECT FINANCIAL TECH SINGAPORE CO PTE LTD
ai,sg,2017Q3,61147922,20170721,PCCW VUCLIP SINGAPORE PTE LTD | VUCLIP SINGAPORE PTE LTD
ai,sg,2017Q3,61281797,20170906,HEPTAGON MICRO OPTICS PTE LTD
ai,sg,2017Q3,61301264,20170822,UNIV SINGAPORE TECHNOLOGY & DESIGN
ai,sg,2017Q3,61561988,20170907,AIQ PTE LTD | GOH SOO SIAH | Gokh Su Siakh
ai,sg,2017Q3,61562210,20170907,AIQ PTE LTD | GOH SOO SIAH | Gokh Su Siakh
ai,sg,2017Q3,61690224,20170904,STR8BAT SPORTS TECH SOLUTIONS OTE | STR8BAT SPORTS TECH SOLUTIONS PTE LTD
ai,sg,2017Q3,62022403,20170707,AVANSEUS HOLDINGS PTE LTD
ai,sg,2017Q3,62904267,20170707,LENOVO ENTPR SOLUTIONS SINGAPORE PTE LTD
ai,sg,2017Q3,63035945,20170728,MASTERCARD ASIA PACIFIC PTE LTD
ai,sg,2017Q3,63916793,20170824,MEDIATEK SINGAPORE PTE LTD
ai,sg,2017Q3,64452139,20170801,LENOVO SINGAPORE PTE LTD
ai,sg,2017Q3,64949973,20170703,NEC ASIA PACIFIC PTE LTD
ai,sg,2017Q3,64950153,20170703,NEC ASIA PACIFIC PTE LTD
ai,sg,2017Q3,64950257,20170704,PSA INT PTE LTD
ai,sg,2017Q3,64999057,20170712,LENOVO SINGAPORE PTE LTD
ai,sg,2017Q3,64999583,20170712,LENOVO SINGAPORE PTE LTD
ai,sg,2017Q3,64999822,20170712,LENOVO SINGAPORE PTE LTD
ai,sg,2017Q3,65000654,20170713,LENOVO SINGAPORE PTE LTD
ai,sg,2017Q3,65015392,20170719,NEC APAC PTE LTD
ai,sg,2017Q3,65018741,20170718,LENOVO SINGAPORE PTE LTD
ai,sg,2017Q3,65019032,20170724,LENOVO ENTPR SOLUTIONS SINGAPORE PTE LTD
ai,sg,2017Q3,65038719,20170726,LENOVO SINGAPORE PTE LTD
ai,sg,2017Q3,65084698,20170809,LENOVO SINGAPORE PTE LTD
ai,sg,2017Q3,65230274,20170807,LENOVO SINGAPORE PTE LTD
ai,sg,2017Q3,65234884,20170815,LENOVO SINGAPORE PTE LTD
ai,sg,2017Q3,65241804,20170814,LENOVO SINGAPORE PTE LTD
ai,sg,2017Q3,65275203,20170814,LENOVO SINGAPORE PTE LTD
ai,sg,2017Q3,65275248,20170809,LENOVO SINGAPORE PTE LTD
ai,sg,2017Q3,65275299,20170814,LENOVO SINGAPORE PTE LTD
ai,sg,2017Q3,65321424,20170825,LENOVO SINGAPORE PTE LTD
ai,sg,2017Q3,65321706,20170829,LENOVO SINGAPORE PTE LTD
ai,sg,2017Q3,65633716,20170905,MICROMERTICS TECH PTE LTD | MICROMETRICS TECH PTE LTD
ai,sg,2017Q3,65722553,20170915,SMARTCLEAN TECH PTE LTD | SMARTCLEAN TECHNOLOGIES PTE LTD
ai,sg,2017Q3,65807637,20170927,AROLI VEETTIL RAJESH KUMAR
ai,sg,2017Q3,65811019,20170920,ANG TEOH HWA | BLOSH CO PTE LTD
ai,sg,2017Q3,65903337,20170928,AGENCY SCIENCE TECH & RES
ai,sg,2017Q4,49712347,20171011,NAT UNIV SINGAPORE | VISENZE PTE LTD
ai,sg,2017Q4,56287113,20171018,MARVELL ASIA PTE LTD
ai,sg,2017Q4,60268453,20171013,LIFE TECH HOLDINGS PTE LIMITED | LIFE TECH HOLDINGS PTE LTD
ai,sg,2017Q4,60270226,20171004,CONTINENTAL AUTOMOTIVE SINGAPORE PTE LTD
ai,sg,2017Q4,60702846,20171018,PEACH INTELLIHEALTH PTE LTD
ai,sg,2017Q4,60805707,20171122,CONTINENTAL AUTOMOTIVE SINGAPORE PTE LTD
ai,sg,2017Q4,60990583,20171222,LEICA INSTR SINGAPORE PTE LTD
ai,sg,2017Q4,61028145,20171221,AON GLOBAL OPERATIONS LTD SINGAPORE BRANCH | AON GLOBAL OPERATIONS PLC SINGAPORE BRANCH
ai,sg,2017Q4,61760100,20171002,ETH SINGAPORE SEC LTD
ai,sg,2017Q4,61879717,20171020,SMARTCOMM ELECTRONICS PTE LTD | WANG HAIWEI
ai,sg,2017Q4,62196168,20171117,ADVANCED NOVA TECH SINGAPORE HOLDING PTE LTD
ai,sg,2017Q4,62242639,20171129,AGENCY FOR SCIENCE TECH END RESEARCH | AGENCY SCIENCE TECH & RES
ai,sg,2017Q4,64395752,20171017,KRONIKARE PTE LTD
ai,sg,2017Q4,65809144,20171206,DRUVA TECH PTE LTD
ai,sg,2017Q4,66100097,20171009,1EXCHANGE PTE LTD | CAPBRIDGE CORNERSTONE PTE LTD
ai,sg,2017Q4,66247584,20171025,WEI LONG ELECTRONICS ENG PTE LTD
ai,sg,2017Q4,66328512,20171106,LIFETRACK MEDICAL SYSTEMS PRIVATE LTD | SCHULZE ERIC
ai,sg,2017Q4,66332173,20171101,RAZER (ASIA-PACIFIC) PTE LTD | RAZER ASIA PACIFIC PTE LTD
ai,sg,2017Q4,66432265,20171114,LENOVO SINGAPORE PTE LTD
ai,sg,2017Q4,66438043,20171110,RAZER (ASIA-PACIFIC) PTE LTD | RAZER ASIA PACIFIC PTE LTD
ai,sg,2017Q4,66532675,20171117,GAO XINTING | XU SHAN
ai,sg,2017Q4,66815189,20171218,LENOVO SINGAPORE PTE LTD
ai,sg,2017Q4,66816137,20171214,LENOVO SINGAPORE PTE LTD
ai,sg,2018Q1,61521289,20180215,LEICA INSTR SINGAPORE PTE LTD
ai,sg,2018Q1,61691686,20180316,LEICA INSTR SINGAPORE PTE LTD
ai,sg,2018Q1,62908769,20180119,GREENPHYTO PTE LTD
ai,sg,2018Q1,62909195,20180117,NAT UNIV SINGAPORE
ai,sg,2018Q1,63369539,20180227,UNIV SINGAPORE TECHNOLOGY & DESIGN
ai,sg,2018Q1,63585621,20180323,JEWEL PAYMENTECH PTE LTD
ai,sg,2018Q1,64903291,20180201,MSM HOLDINGS PTE
ai,sg,2018Q1,65495205,20180105,CREATIVE TECH LTD
ai,sg,2018Q1,65955100,20180326,LENOVO SINGAPORE PTE LTD
ai,sg,2018Q1,66632555,20180220,AON GLOBAL OPERATIONS LTD SINGAPORE BRANCH
ai,sg,2018Q1,67214446,20180115,LENOVO SINGAPORE PTE LTD
ai,sg,2018Q1,67541087,20180215,LENOVO SINGAPORE PTE LTD
ai,sg,2018Q1,67541174,20180215,LENOVO SINGAPORE PTE LTD
ai,sg,2018Q1,67542263,20180213,LENOVO SINGAPORE PTE LTD
ai,sg,2018Q1,67549702,20180212,CO NUT INK PTE LTD
ai,sg,2018Q1,67622884,20180301,GLOBALFOUNDRIES SG PTE LTD | MARVELL ASIA PTE LTD
ai,sg,2018Q1,67805466,20180227,JOSEPH PALATHINKAL RONY | NAVEEN PETER | PETER NAVEEN | Rony Joseph Palathinkal
ai,sg,2018Q1,67806329,20180301,AUTONOTECH PTE LTD
ai,sg,2018Q1,67842600,20180312,LENOVO SINGAPORE PTE LTD
ai,sg,2018Q1,67847321,20180305,AGENCY SCIENCE TECH & RES
ai,sg,2018Q1,67847549,20180305,KAHA PTE LTD
ai,sg,2018Q1,67847551,20180306,GOH CHIOK LEONG
ai,sg,2018Q1,67847552,20180306,AGENCY SCIENCE TECH & RES | ILLINOIS AT SINGAPORE PTE LTD
ai,sg,2018Q1,67904596,20180316,LENOVO SINGAPORE PTE LTD
ai,sg,2018Q1,67983571,20180322,LENOVO SINGAPORE PTE LTD
ai,sg,2018Q1,67983686,20180322,LENOVO SINGAPORE PTE LTD
ai,sg,2018Q1,67983697,20180322,LENOVO SINGAPORE PTE LTD
ai,sg,2018Q1,68053793,20180327,LENOVO SINGAPORE PTE LTD
ai,sg,2018Q1,68054525,20180327,LENOVO SINGAPORE PTE LTD
ai,sg,2018Q1,68055154,20180329,LENOVO ENTPR SOLUTIONS SINGAPORE PTE LTD
ai,sg,2018Q1,68055431,20180328,LENOVO SINGAPORE PTE LTD
ai,sg,2018Q1,68059751,20180327,NEC ASIA PACIFIC PTE LTD
ai,sg,2018Q1,68060064,20180329,NEC ASIA PACIFIC PTE LTD
ai,sg,2018Q1,68060207,20180329,NEC ASIA PACIFIC PTE LTD
ai,sg,2018Q1,68061512,20180329,NEC ASIA PACIFIC PTE LTD
ai,sg,2018Q1,68240264,20180317,DATASPARK PTE LTD
ai,sg,2018Q2,62812516,20180528,MARTIN RAINER GABRIEL SCHWEIGER
ai,sg,2018Q2,63371725,20180629,FLEX LTD
ai,sg,2018Q2,63711136,20180402,AVAGO TECHNOLOGIES GENERAL IP
ai,sg,2018Q2,63712109,20180406,SCHWEIGER MARTIN RAINER GABRIEL
ai,sg,2018Q2,63873590,20180531,UCWEB SINGAPORE PTE LTD
ai,sg,2018Q2,63917742,20180420,AUDIO ZOOM PTE LTD
ai,sg,2018Q2,64274531,20180521,NAT UNIV SINGAPORE
ai,sg,2018Q2,64274534,20180515,NAT UNIV SINGAPORE
ai,sg,2018Q2,64274541,20180515,NAT UNIV SINGAPORE
ai,sg,2018Q2,64456369,20180528,SKAINOM PTE LTD
ai,sg,2018Q2,64459956,20180412,CLOUD NETWORK TECH SINGAPORE PTE LTD
ai,sg,2018Q2,64460723,20180402,CLOUD NETWORK TECH SINGAPORE PTE LTD
ai,sg,2018Q2,65361083,20180502,MEDIATEK SINGAPORE PTE LTD
ai,sg,2018Q2,65417514,20180601,EDUCATION INDEX MAN ASIA PACIFIC PTE LTD
ai,sg,2018Q2,65713836,20180620,UCWEB SINGAPORE PTE LTD
ai,sg,2018Q2,65713841,20180531,UCWEB SINGAPORE PTE LTD
ai,sg,2018Q2,66217765,20180430,SIVANTOS PTE LTD
ai,sg,2018Q2,66476578,20180618,SIVANTOS PTE LTD
ai,sg,2018Q2,66476633,20180511,SIVANTOS PTE LTD
ai,sg,2018Q2,66554227,20180530,SIVANTOS PTE LTD
ai,sg,2018Q2,66630262,20180618,SIVANTOS PTE LTD
ai,sg,2018Q2,66647279,20180618,SIVANTOS PTE LTD
ai,sg,2018Q2,66690197,20180621,SIVANTOS PTE LTD
ai,sg,2018Q2,68097245,20180405,LENOVO SINGAPORE PTE LTD
ai,sg,2018Q2,68099044,20180409,WANG WENSHENG
ai,sg,2018Q2,68101546,20180404,NOOGGI PTE LTD
ai,sg,2018Q2,68161851,20180629,FLEX LTD
ai,sg,2018Q2,68237957,20180424,LENOVO SINGAPORE PTE LTD
ai,sg,2018Q2,68239196,20180417,DATASPARK PTE LTD
ai,sg,2018Q2,68290675,20180430,FLEX LTD
ai,sg,2018Q2,68699005,20180601,KAHA PTE LTD
ai,sg,2018Q2,68843140,20180612,NEC ASIA PACIFIC PTE LTD
ai,sg,2018Q2,68886044,20180629,UNIV NANYANG TECH
ai,sg,2018Q2,68981409,20180626,LENOVO SINGAPORE PTE LTD
ai,sg,2018Q2,68987291,20180628,NCS PTE LTD
ai,sg,2018Q2,80034428,20180425,MARVELL ASIA PTE LTD
ai,sg,2018Q3,52292539,20180831,LENOVO SINGAPORE PTE LTD
ai,sg,2018Q3,60651209,20180801,JOYME PTE LTD
ai,sg,2018Q3,60980916,20180911,BIGO TECH PTE LTD
ai,sg,2018Q3,61102106,20180914,BIGO TECH PTE LTD
ai,sg,2018Q3,63165435,20180712,MASTERCARD ASIA PACIFIC PTE LTD
ai,sg,2018Q3,63592691,20180905,WISTA LAB LTD
ai,sg,2018Q3,64625867,20180918,UCWEB SINGAPORE PTE LTD
ai,sg,2018Q3,64626155,20180918,UCWEB SINGAPORE PTE LTD
ai,sg,2018Q3,64755219,20180919,CREATIVE TECH LTD
ai,sg,2018Q3,64832100,20180827,UCWEB SINGAPORE PTE LTD
ai,sg,2018Q3,65040684,20180724,NAT UNIV SINGAPORE | SINGAPORE HEALTH SERV PTE LTD
ai,sg,2018Q3,65275407,20180809,LENOVO SINGAPORE PTE LTD
ai,sg,2018Q3,65362025,20180817,UNIV NANYANG TECH
ai,sg,2018Q3,65362476,20180814,DATHENA SCIENCE PTD LTD | DATHENA SCIENCE PTE LTD
ai,sg,2018Q3,65362592,20180814,AGENCY SCIENCE TECH & RES
ai,sg,2018Q3,65362995,20180817,NAT UNIV SINGAPORE
ai,sg,2018Q3,65438788,20180821,NAT UNIV SINGAPORE
ai,sg,2018Q3,65633613,20180905,TRAX TECHNOLOGY SOLUTIONS PTE LTD
ai,sg,2018Q3,65701519,20180911,ELID TECH INTERNATIONAL PTE LTD
ai,sg,2018Q3,67587440,20180927,SIVANTOS PTE LTD
ai,sg,2018Q3,67906338,20180730,AVAGO TECH INT SALES PTE LID | AVAGO TECHNOLOGIES GENERAL IP
ai,sg,2018Q3,68463304,20180724,LENOVO SINGAPORE PTE LTD
ai,sg,2018Q3,68614149,20180821,LENOVO SINGAPORE PTE LTD
ai,sg,2018Q3,69139436,20180712,GLOBALFOUNDRIES SG PTE LTD
ai,sg,2018Q3,69179328,20180724,AAC TECHNOLOGIES PTE LTD
ai,sg,2018Q3,69180689,20180726,SINGAPORE TELECOMMUNICATIONS LTD
ai,sg,2018Q3,69182397,20180727,AIOZ PTE LTD
ai,sg,2018Q3,69525971,20180816,NAT UNIV HOSPITAL SINGAPORE PTE LTD | NAT UNIV SINGAPORE
ai,sg,2018Q3,69587271,20180821,LENOVO SINGAPORE PTE LTD
ai,sg,2018Q3,69639061,20180830,LENOVO SINGAPORE PTE LTD
ai,sg,2018Q3,69643716,20180831,GRABTAXI HOLDINGS PTE LTD
ai,sg,2018Q3,69644369,20180831,NEC ASIA PACIFIC PTE LTD
ai,sg,2018Q3,69722492,20180906,NEC ASIA PACIFIC PTE LTD
ai,sg,2018Q3,69722551,20180906,NEC ASIA PACIFIC PTE LTD
ai,sg,2018Q3,69722869,20180905,NEC ASIA PACIFIC PTE LTD
ai,sg,2018Q3,69722900,20180906,NEC ASIA PACIFIC PTE LTD
ai,sg,2018Q3,69887701,20180918,OSIM INT PTE LTD
ai,sg,2018Q3,69887715,20180918,SIXAN PTE LTD
ai,sg,2018Q3,69945165,20180928,LENOVO SINGAPORE PTE LTD
ai,sg,2018Q3,69947662,20180928,LENOVO SINGAPORE PTE LTD
ai,sg,2018Q3,69952421,20180927,COOLPAY PTE LTD
ai,sg,2018Q3,81656321,20180830,MARVELL ASIA PTE LTD
ai,sg,2018Q4,56094482,20181105,AIPARC HOLDINGS PTE LTD | ALPARC HOLDINGS PTE LTD | SINGAPORE BIOTECH PTE LTD
ai,sg,2018Q4,61961986,20181130,BIGO TECH PTE LTD
ai,sg,2018Q4,62669780,20181224,BIGO TECH PTE LTD
ai,sg,2018Q4,62894868,20181204,BIGO TECH PTE LTD
ai,sg,2018Q4,62924593,20181204,BIGO TECH PTE LTD
ai,sg,2018Q4,63878469,20181016,SIVANTOS PTE LTD
ai,sg,2018Q4,64607279,20181012,SURESH SUBRA | UNIV NANYANG TECH
ai,sg,2018Q4,64655465,20181105,CONTINENTAL AUTOMOTIVE SINGAPORE PTE LTD
ai,sg,2018Q4,64900820,20181221,SIVANTOS PTE LTD
ai,sg,2018Q4,65019282,20181227,LEICA INSTR SINGAPORE PTE LTD
ai,sg,2018Q4,65193019,20181024,TRANSF ROBOTICS PTE LTD
ai,sg,2018Q4,65345991,20181024,CHEN I MING | LI BINGBING | TRANSF ROBOTICS PTE LTD
ai,sg,2018Q4,65555130,20181128,BIGO TECH PTE LTD
ai,sg,2018Q4,65994978,20181004,INTEGRAL TECH S PTE LTD
ai,sg,2018Q4,66244344,20181026,NAT UNIV SINGAPORE
ai,sg,2018Q4,66248159,20181012,GREY ORANGE PTE LTD | GREYORANGE PTE LTD
ai,sg,2018Q4,66331442,20181102,AGENCY SCIENCE TECH & RES
ai,sg,2018Q4,66437833,20181108,PROHIBITION X PTE LTD
ai,sg,2018Q4,66630748,20181127,WILLOWMORE PTE LTD
ai,sg,2018Q4,66665510,20181119,DH TECHNOLOGIES DEV PTE LTD
ai,sg,2018Q4,66749897,20181203,NAT UNIV SINGAPORE
ai,sg,2018Q4,66815214,20181218,SALTMINE PTE LTD
ai,sg,2018Q4,67064015,20181226,KAHA PTE LTD
ai,sg,2018Q4,67066495,20181228,CHANGI GENERAL HOSPITAL PTE LTD | UNIV SINGAPORE TECHNOLOGY & DESIGN
ai,sg,2018Q4,67144157,20181228,SMARTCLEAN TECH PTE LTD | SMARTCLEAN TECHNOLOGIES PTE LTD
ai,sg,2018Q4,67475161,20181109,MARVELL ASIA PTE LTD
ai,sg,2018Q4,67769942,20181025,GREY ORANGE PTE LTD
ai,sg,2018Q4,67770215,20181115,GREY ORANGE PTE LTD
ai,sg,2018Q4,68062757,20181001,RIGEL TECH S PTE LTD
ai,sg,2018Q4,68617904,20181119,CLOUD NETWORK TECH SINGAPORE PTE LTD
ai,sg,2018Q4,68732857,20181207,CREATIVE TECH LTD
ai,sg,2018Q4,68807190,20181212,LENOVO SINGAPORE PTE LTD
ai,sg,2018Q4,70051186,20181009,LENOVO SINGAPORE PTE LTD
ai,sg,2018Q4,70055935,20181002,NCS PTE LTD
ai,sg,2018Q4,70159401,20181016,LENOVO SINGAPORE PTE LTD
ai,sg,2018Q4,70459183,20181101,LENOVO SINGAPORE PTE LTD
ai,sg,2018Q4,70464465,20181029,NEC ASIA PACIFIC PTE LTD
ai,sg,2018Q4,70550266,20181108,LIU BINGBING
ai,sg,2018Q4,70551782,20181114,LIU BINGBING
ai,sg,2018Q4,70774116,20181122,OPTIMAX MAN SERVICES PTE LTD
ai,sg,2018Q4,70774752,20181119,MEDO DX PTE LTD
ai,sg,2018Q4,70849040,20181130,LIU BINGBING
ai,sg,2018Q4,70851116,20181130,VANGUARD INIERNATIONAL SEMICONDUCTOR SINGAPORE PTE LTD | VANGUARD INT SEMICONDUCTOR SINGAPORE PTE LTD
ai,sg,2018Q4,71075525,20181213,NAT UNIV SINGAPORE | SEMBCORP IND LTD | SEMBCORP WATERTECH PTE LTD
ai,sg,2018Q4,71102951,20181221,WILMAR INTERNATIONAL LTD
ai,sg,2018Q4,80856642,20181214,ALPARC HOLDINGS PTE LTD
ai,sg,2019Q1,56094484,20190102,AIPARC HOLDINGS PTE LTD | SINGAPORE BIOTECH PTE LTD
ai,sg,2019Q1,56094485,20190111,AIPARC HOLDINGS PTE LTD | SINGAPORE BIOTECH PTE LTD
ai,sg,2019Q1,59086641,20190104,AON GLOBAL OPERATIONS LTD SINGAPORE BRANCH
ai,sg,2019Q1,65520347,20190131,MARVELL ASIA PTE LTD
ai,sg,2019Q1,66432588,20190110,TRAX TECHNOLOGY SOLUTIONS PTE LTD
ai,sg,2019Q1,67139515,20190314,TRAX TECHNOLOGY SOLUTIONS PTE LTD | TRAX TECHNOLOLGY SOLUTIONS PTE LTD
ai,sg,2019Q1,67144237,20190107,PARAMEVIA PTE LTD | RADWISP PTE LTD
ai,sg,2019Q1,67212888,20190110,CAPILLARY TECH INTERNATIONAL PTE LTD
ai,sg,2019Q1,67219922,20190110,TRAX TECHNOLOGY SOLUTIONS PTE LTD
ai,sg,2019Q1,67543428,20190124,MASTERCARD ASIA PACIFIC PTE LTD
ai,sg,2019Q1,67618872,20190130,Wearne Digital Pte Ltd
ai,sg,2019Q1,67774442,20190205,AVAGO TECH INT SALES PTE LID
ai,sg,2019Q1,67808805,20190228,NITTO DENKO CORP
ai,sg,2019Q1,67847556,20190306,AGENCY SCIENCE TECH & RES
ai,sg,2019Q1,67908443,20190314,AGENCY SCIENCE TECH & RES
ai,sg,2019Q1,67988078,20190226,BIOSIGNS PTE LTD
ai,sg,2019Q1,67988438,20190322,INFINIUM ROBOTICS PTE LTD
ai,sg,2019Q1,68062630,20190329,AGENCY SCIENCE TECH & RES
ai,sg,2019Q1,68062645,20190328,AGENCY SCIENCE TECH & RES
ai,sg,2019Q1,68541165,20190301,SCHNEIDER ELECTRIC ASIA PTE LTD
ai,sg,2019Q1,68617443,20190327,V3 SMART TECH PTE LTD
ai,sg,2019Q1,68806632,20190213,SIVANTOS PTE LTD
ai,sg,2019Q1,69185462,20190205,SIVANTOS PTE LTD
ai,sg,2019Q1,69411210,20190128,WILMAR INTERNATIONAL LTD
ai,sg,2019Q1,70284858,20190327,LENOVO SINGAPORE PTE LTD
ai,sg,2019Q1,70461323,20190329,LENOVO SINGAPORE PTE LTD
ai,sg,2019Q1,70856072,20190326,LENOVO SINGAPORE PTE LTD
ai,sg,2019Q1,71516687,20190116,LENOVO SINGAPORE PTE LTD
ai,sg,2019Q1,71836887,20190206,PCCW VUCLIP (SINGAPORE) PTE LTD | PCCW VUCLIP SINGAPORE PTE LTD
ai,sg,2019Q1,71840467,20190128,GRABTAXI HOLDINGS PTE LTD
ai,sg,2019Q1,71944598,20190207,LENOVO SINGAPORE PTE LTD
ai,sg,2019Q1,72042608,20190219,LENOVO SINGAPORE PTE LTD
ai,sg,2019Q1,72143007,20190222,LENOVO SINGAPORE PTE LTD
ai,sg,2019Q1,72236502,20190301,HYTTO PTE LTD
ai,sg,2019Q1,72240220,20190227,SINGAPORE PREC INDUSTRIES PTE LTD
ai,sg,2019Q1,72334639,20190306,UNIV SINGAPORE TECHNOLOGY & DESIGN
ai,sg,2019Q1,72425929,20190311,HOUSING & DEV BOARD | HOUSING AND DEV BOARD | NAT UNIV SINGAPORE
ai,sg,2019Q1,72516244,20190318,RAPSODO PTE LTD
ai,sg,2019Q1,72603677,20190327,LENOVO SINGAPORE PTE LTD
ai,sg,2019Q1,72604159,20190327,LENOVO SINGAPORE PTE LTD
ai,sg,2019Q1,72604632,20190329,LENOVO SINGAPORE PTE LTD
ai,sg,2019Q1,72604679,20190328,LENOVO SINGAPORE PTE LTD
ai,sg,2019Q1,72605099,20190327,LENOVO SINGAPORE PTE LTD
ai,sg,2019Q1,72605393,20190329,CLOUD NETWORK TECH SINGAPORE PTE LTD
ai,sg,2019Q1,72605455,20190327,LENOVO SINGAPORE PTE LTD
ai,sg,2019Q1,72605952,20190327,LENOVO SINGAPORE PTE LTD
ai,sg,2019Q1,72606163,20190326,LENOVO SINGAPORE PTE LTD
ai,sg,2019Q1,72606190,20190329,LENOVO SINGAPORE PTE LTD
ai,sg,2019Q1,72606430,20190329,LENOVO SINGAPORE PTE LTD
ai,sg,2019Q1,72607378,20190328,LENOVO SINGAPORE PTE LTD
ai,sg,2019Q1,72607417,20190327,LENOVO SINGAPORE PTE LTD
ai,sg,2019Q1,72607448,20190329,LENOVO SINGAPORE PTE LTD
ai,sg,2019Q1,72612015,20190326,NEC ASIA PACIFIC PTE LTD
ai,sg,2019Q1,72612065,20190325,RAZER ASIA PACIFIC PTE LTD
ai,sg,2019Q1,72666778,20190329,NEC CORP
ai,sg,2019Q1,72666893,20190329,AGENCY SCIENCE TECH & RES
ai,sg,2019Q1,72667364,20190329,AGENCY SCIENCE TECH & RES | TAN TOCK SENG HOSPITAL PTE LTD
ai,sg,2019Q1,72667446,20190329,AGENCY SCIENCE TECH & RES
ai,sg,2019Q2,58357231,20190521,JOYME PTE LTD
ai,sg,2019Q2,63636413,20190509,ANTCHAIN TECH PTE LTD
ai,sg,2019Q2,63900180,20190505,JOYINME PTE LTD | JUPITER PALACE PTE LTD
ai,sg,2019Q2,66655225,20190527,LEICA INSTR SINGAPORE PTE LTD
ai,sg,2019Q2,66998511,20190604,LIGHTELLIGENCE PTE LTD
ai,sg,2019Q2,67081833,20190627,BIGO TECH PTE LTD
ai,sg,2019Q2,67385673,20190531,ADVANIDE HOLDINGS PTE LTD
ai,sg,2019Q2,67637603,20190628,AAC TECHNOLOGIES PTE LTD
ai,sg,2019Q2,67928854,20190605,SEVENTH SENSE ARTIFICIAL INTELLIGENCE PRIVATE LIMTED | SEVENTH SENSE ARTIFICIAL INTELLIGENCE PRIVATE LTD | SEVENTH SENSE ARTIFICIAL INTELLIGENCE PVT LTD
ai,sg,2019Q2,68238047,20190418,NAT UNIV SINGAPORE
ai,sg,2019Q2,68238121,20190418,NAT UNIV SINGAPORE
ai,sg,2019Q2,68295826,20190429,AGENCY SCIENCE TECH & RES
ai,sg,2019Q2,68697320,20190524,GREENWAVE SYSTEMS PTE LTD
ai,sg,2019Q2,68764174,20190611,MASTERCARD ASIA PACIFIC PTE LTD
ai,sg,2019Q2,68765037,20190610,CAPILLARY TECH INTERNATIONAL PTE LTD
ai,sg,2019Q2,68765686,20190607,ROSS DIGITAL PTD LTD | ROSS DIGITAL PTE LTD
ai,sg,2019Q2,68838969,20190528,LENOVO SINGAPORE PTE LTD
ai,sg,2019Q2,68840009,20190529,LENOVO SINGAPORE PTE LTD
ai,sg,2019Q2,68985925,20190624,AGENCY SCIENCE TECH & RES
ai,sg,2019Q2,68985933,20190628,SENSERBOT PTE LTD
ai,sg,2019Q2,69058610,20190605,CLOUD NETWORK TECH SINGAPORE PTE LTD
ai,sg,2019Q2,69143318,20190629,XJERA LABS PTE LTD
ai,sg,2019Q2,69528686,20190409,SIVANTOS PTE LTD
ai,sg,2019Q2,69720921,20190410,LIU BINGBING
ai,sg,2019Q2,70052245,20190530,MSD INT GMBH
ai,sg,2019Q2,70858526,20190425,MARVELL ASIA PTE LTD
ai,sg,2019Q2,71181882,20190629,PENSEES PTE LTD
ai,sg,2019Q2,72515808,20190423,AVANSEUS HOLDINGS PTE LTD
ai,sg,2019Q2,72661514,20190503,AVANSEUS HOLDINGS PTE LTD
ai,sg,2019Q2,72667488,20190401,ADVANIDE HOLDINGS PTE LTD
ai,sg,2019Q2,72751162,20190410,GROUP IB GLOBAL PRIVATE LTD
ai,sg,2019Q2,72829404,20190421,LENOVO SINGAPORE PTE LTD
ai,sg,2019Q2,72832582,20190416,YANG WEI
ai,sg,2019Q2,72832762,20190424,CLOUD NETWORK TECH SINGAPORE PTE LTD
ai,sg,2019Q2,72837499,20190417,HENDRICKS CORP PTE LTD
ai,sg,2019Q2,73050958,20190505,SUPREME QI PTE LTD
ai,sg,2019Q2,73230870,20190514,PCCW VUCLIP SINGAPORE PTE LTD
ai,sg,2019Q2,73290311,20190515,GRABTAXI HOLDINGS PTE LTD
ai,sg,2019Q2,73697212,20190430,ICO PLATFORM PTE LTD
ai,sg,2019Q2,74043781,20190627,LENOVO SINGAPORE PTE LTD
ai,sg,2019Q2,74044111,20190625,LENOVO SINGAPORE PTE LTD
ai,sg,2019Q2,74044635,20190627,LENOVO SINGAPORE PTE LTD
ai,sg,2019Q2,74067004,20190522,MARVELL ASIA PTE LTD
ai,sg,2019Q2,74659202,20190522,MARVELL ASIA PTE LTD
ai,sg,2019Q2,74659232,20190522,MARVELL ASIA PTE LTD
ai,sg,2019Q2,74659376,20190522,MARVELL ASIA PTE LTD
ai,sg,2019Q2,75689361,20190522,MARVELL ASIA PTE LTD
ai,sg,2019Q2,75981829,20190522,MARVELL ASIA PTE LTD
ai,sg,2019Q3,64633696,20190806,AAC TECHNOLOGIES PTE LTD
ai,sg,2019Q3,64763727,20190823,BIGO TECH PTE LTD
ai,sg,2019Q3,64988957,20190801,AAC TECHNOLOGIES PTE LTD
ai,sg,2019Q3,65306546,20190827,BIGO TECH PTE LTD
ai,sg,2019Q3,65384722,20190919,BIGO TECH PTE LTD
ai,sg,2019Q3,65467469,20190823,BIGO TECH PTE LTD
ai,sg,2019Q3,67658325,20190722,MARVELL ASIA PTE LTD
ai,sg,2019Q3,67766313,20190807,SMITH & NEPHEW ASIA PACIFIC PTE LTD
ai,sg,2019Q3,67810397,20190829,LEICA INSTR SINGAPORE PTE LTD
ai,sg,2019Q3,68109448,20190923,AMS SENSORS ASIA PTE LTD
ai,sg,2019Q3,68344999,20190927,SMITH & NEPHEW ASIA PACIFIC PTE LTD | SMITH & NEPHEW PTE LTD
ai,sg,2019Q3,68345006,20190930,SMITH & NEPHEW ASIA PACIFIC PTE LTD | SMITH & NEPHEW PTE LTD
ai,sg,2019Q3,68514166,20190823,MICROMERTICS TECH PTE LTD | MICROMETRICS TECH PTE LTD
ai,sg,2019Q3,68735856,20190919,ONECONNECT FINANCIAL TECH SINGAPORE CO PTE LTD
ai,sg,2019Q3,68773221,20190925,ONECONNECT FINANCIAL TECH SINGAPORE CO PTE LTD
ai,sg,2019Q3,68839333,20190828,AON GLOBAL OPERATIONS LTD SINGAPORE BRANCH | AON GLOBAL OPERATIONS SE SINGAPORE BRANCH
ai,sg,2019Q3,69059492,20190702,C/O H3 DYNAMICS PTE LTD | H3 DYNAMICS PTE LTD | HUS UNMANNED SYSTEMS PTE LTD | JTC CORP | JURONG TOWN CORP
ai,sg,2019Q3,69059926,20190703,MEDIATEK SINGAPORE PTE LTD
ai,sg,2019Q3,69108262,20190925,ONECONNECT FINANCIAL TECH SINGAPORE CO PTE LTD
ai,sg,2019Q3,69139854,20190712,AVAGO TECH INT SALES PTE LID
ai,sg,2019Q3,69161798,20190722,LENOVO SINGAPORE PTE LTD
ai,sg,2019Q3,69178374,20190908,WANG WENSHENG
ai,sg,2019Q3,69231952,20190730,AGENCY SCIENCE TECH & RES
ai,sg,2019Q3,69525969,20190812,AUDIO ZOOM PTE LTD | CHANG JOSEPH SYLVESTER
ai,sg,2019Q3,69641325,20190912,TRAX TECHNOLOGY SOLUTIONS PTE LTD
ai,sg,2019Q3,69643719,20190902,NAT UNIV HOSPITAL SINGAPORE PTE LTD | NAT UNIV SINGAPORE
ai,sg,2019Q3,69645835,20190826,AGENCY SCIENCE TECH & RES
ai,sg,2019Q3,69645838,20190830,AGENCY SCIENCE TECH & RES
ai,sg,2019Q3,69718817,20190906,PROHIBITION X PTE LTD
ai,sg,2019Q3,70055977,20190918,GPS LANDS SINGAPORE PTE LTD
ai,sg,2019Q3,70297499,20190925,SENSETIME INT PTE LTD
ai,sg,2019Q3,70550529,20190816,SILOT PTE LTD
ai,sg,2019Q3,70848707,20190905,SILOT PTE LTD
ai,sg,2019Q3,71611982,20190709,LENOVO SINGAPORE PTE LTD
ai,sg,2019Q3,72042134,20190709,CLOUD NETWORK TECH SINGAPORE PTE LTD
ai,sg,2019Q3,72043234,20190704,LENOVO SINGAPORE PTE LTD
ai,sg,2019Q3,72193343,20190911,SIVANTOS PTE LTD
ai,sg,2019Q3,72193349,20190911,SIVANTOS PTE LTD
ai,sg,2019Q3,72290840,20190918,SIVANTOS PTE LTD
ai,sg,2019Q3,72749931,20190815,LENOVO SINGAPORE PTE LTD
ai,sg,2019Q3,73044636,20190826,LENOVO SINGAPORE PTE LTD
ai,sg,2019Q3,74065486,20190702,LENOVO SINGAPORE PTE LTD
ai,sg,2019Q3,74066404,20190702,LENOVO SINGAPORE PTE LTD
ai,sg,2019Q3,74066502,20190702,ASM TECH SINGAPORE PTE LTD
ai,sg,2019Q3,74066559,20190702,LENOVO SINGAPORE PTE LTD
ai,sg,2019Q3,74103198,20190708,LENOVO SINGAPORE PTE LTD
ai,sg,2019Q3,74114777,20190705,NEC ASIA PACIFIC PTE LTD
ai,sg,2019Q3,74190566,20190816,CLOUD NETWORK TECH SINGAPORE PTE LTD
ai,sg,2019Q3,74193712,20190719,NEC CORP
ai,sg,2019Q3,74229661,20190729,ARTIFICIAL INTELLIGENCE ROBOTICS PTE LTD
ai,sg,2019Q3,74567273,20190816,S ANCIAL PTE LTD
ai,sg,2019Q3,74567289,20190815,LENOVO SINGAPORE PTE LTD
ai,sg,2019Q3,74567323,20190816,S ANCIAL PTE LTD
ai,sg,2019Q3,74568234,20190816,LENOVO SINGAPORE PTE LTD
ai,sg,2019Q3,74645832,20190819,LENOVO SINGAPORE PTE LTD
ai,sg,2019Q3,74645868,20190819,LENOVO SINGAPORE PTE LTD
ai,sg,2019Q3,74647365,20190820,LENOVO SINGAPORE PTE LTD
ai,sg,2019Q3,74659619,20190822,QUANTUMCIEL PTE LTD
ai,sg,2019Q3,74681844,20190826,LENOVO ENTPR SOLUTIONS SINGAPORE PTE LTD
ai,sg,2019Q3,74849418,20190906,LENOVO SINGAPORE PTE LTD
ai,sg,2019Q3,74852391,20190905,NEC ASIA PACIFIC PTE LTD
ai,sg,2019Q3,74852765,20190903,AGENCY SCIENCE TECH & RES
ai,sg,2019Q3,74868980,20190913,LENOVO ENTPR SOLUTIONS SINGAPORE PTE LTD
ai,sg,2019Q3,74881146,20190921,LENOVO SINGAPORE PTE LTD
ai,sg,2019Q3,74883038,20190919,ARCTAN ANALYTICS PTE LTD
ai,sg,2019Q3,75161841,20190930,LENOVO SINGAPORE PTE LTD
ai,sg,2019Q3,75161844,20190930,LENOVO SINGAPORE PTE LTD
ai,sg,2019Q3,75163164,20190930,LENOVO SINGAPORE PTE LTD
ai,sg,2019Q3,75163355,20190930,LENOVO SINGAPORE PTE LTD
ai,sg,2019Q3,75163356,20190930,LENOVO SINGAPORE PTE LTD
ai,sg,2019Q3,75163550,20190930,LENOVO SINGAPORE PTE LTD
ai,sg,2019Q3,75165409,20190927,RAZ R ASIA PACIFIC PTE LTD | RAZER ASIA PACIFIC PTE LTD
ai,sg,2019Q4,65748813,20191113,BIGO TECH PTE LTD
ai,sg,2019Q4,65867635,20191120,BIGO TECH PTE LTD
ai,sg,2019Q4,65959363,20191203,BIGO TECH PTE LTD
ai,sg,2019Q4,66917398,20191014,AAC TECHNOLOGIES PTE LTD
ai,sg,2019Q4,67165315,20191029,AAC TECHNOLOGIES PTE LTD
ai,sg,2019Q4,68424568,20191010,LEICA INSTR SINGAPORE PTE LTD
ai,sg,2019Q4,68425243,20191021,AMS SENSORS ASIA PTE LTD
ai,sg,2019Q4,68583139,20191115,SIVANTOS PTE LTD
ai,sg,2019Q4,68807214,20191126,DI CICCO MAURILIO | MATTHIAS SAPUAN | Maurilio Di Cicco | SAPUAN MATTHIAS
ai,sg,2019Q4,69191261,20191220,SMITH & NEPHEW ASIA PACIFIC PTE LTD | SMITH & NEPHEW PTE LTD
ai,sg,2019Q4,69326664,20191220,SMITH & NEPHEW ASIA PACIFIC PTE LTD | SMITH & NEPHEW PTE LTD
ai,sg,2019Q4,70050951,20191007,FRESHTOHOME PTE LTD
ai,sg,2019Q4,70052198,20191204,LIGHTELLIGENCE PTE LTD
ai,sg,2019Q4,70297448,20191203,SENSETIME INT PTE LTD
ai,sg,2019Q4,70325161,20191025,MARVELL ASIA PTE LTD
ai,sg,2019Q4,70615285,20191231,ALIPAY LABS SINGAPORE PTE LTD
ai,sg,2019Q4,70615294,20191204,PROFILEPRINT PTE LTD | TEAPASAR PTE LTD
ai,sg,2019Q4,70682463,20191127,LENOVO SINGAPORE PTE LTD
ai,sg,2019Q4,70774759,20191120,AGENCY SCIENCE TECH & RES
ai,sg,2019Q4,70855373,20191125,AGENCY SCIENCE TECH & RES
ai,sg,2019Q4,70855378,20191126,AGENCY SCIENCE TECH & RES
ai,sg,2019Q4,70971672,20191023,AVAGO TECH INT SALES PTE LID
ai,sg,2019Q4,71071567,20191213,AMARIS AI PTE LTD
ai,sg,2019Q4,71125693,20191204,BIGO TECH PTE LTD
ai,sg,2019Q4,71126898,20191204,BIGO TECH PTE LTD
ai,sg,2019Q4,71126923,20191129,BIGO TECH PTE LTD
ai,sg,2019Q4,71128768,20191226,BIGO TECH PTE LTD
ai,sg,2019Q4,71516694,20191231,DATHENA SCIENCE PTE LTD
ai,sg,2019Q4,71613354,20191204,LIGHTELLIGENCE PTE LTD
ai,sg,2019Q4,71613802,20191031,NAT UNIV SINGAPORE
ai,sg,2019Q4,71836600,20191231,DATHENA SCIENCE PTE LTD
ai,sg,2019Q4,71837702,20191230,DATHENA SCIENCE PTE LTD
ai,sg,2019Q4,72236638,20191231,DATHENA SCIENCE PTE LTD
ai,sg,2019Q4,72478905,20191218,YITU PTE LTD
ai,sg,2019Q4,72643799,20191223,SENSETIME INT PTE LTD
ai,sg,2019Q4,72801364,20191111,SIVANTOS PTE LTD
ai,sg,2019Q4,73034390,20191223,SENSETIME INT PTE LTD
ai,sg,2019Q4,73138749,20191212,SIVANTOS PTE LTD
ai,sg,2019Q4,73448795,20191203,SIVANTOS PTE LTD
ai,sg,2019Q4,73576382,20191107,CLOUD NETWORK TECH SINGAPORE PTE LTD
ai,sg,2019Q4,73597987,20191213,SIVANTOS PTE LTD
ai,sg,2019Q4,73698215,20191121,LIAN WANG | WANG LIAN
ai,sg,2019Q4,73698217,20191223,SENSETIME INT PTE LTD
ai,sg,2019Q4,73698219,20191223,SENSETIME INT PTE LTD
ai,sg,2019Q4,73698220,20191224,SENSETIME INT PTE LTD
ai,sg,2019Q4,74101444,20191230,SENSETIME INT PTE LTD
ai,sg,2019Q4,74101454,20191230,SENSETIME INT PTE LTD
ai,sg,2019Q4,74259677,20191029,UST GLOBAL SINGAPORE PTE LTD
ai,sg,2019Q4,74260957,20191121,LENOVO SINGAPORE PTE LTD
ai,sg,2019Q4,74498586,20191220,UST GLOBAL SINGAPORE PTE LTD
ai,sg,2019Q4,74537043,20191017,LENOVO SINGAPORE PTE LTD
ai,sg,2019Q4,74645830,20191024,QUANTELA PTE LTD
ai,sg,2019Q4,74879934,20191015,LENOVO ENTPR SOLUTIONS SINGAPORE PTE LTD
ai,sg,2019Q4,75030315,20191125,CLOUD NETWORK TECH SINGAPORE PTE LTD
ai,sg,2019Q4,75110348,20191107,CLOUD NETWORK TECH SINGAPORE PTE LTD
ai,sg,2019Q4,75163357,20191001,LENOVO SINGAPORE PTE LTD
ai,sg,2019Q4,75163359,20191001,LENOVO SINGAPORE PTE LTD
ai,sg,2019Q4,75273647,20191004,TOOKITAKI HOLDING PTE LTD
ai,sg,2019Q4,75383109,20191011,LENOVO SINGAPORE PTE LTD
ai,sg,2019Q4,75383947,20191014,LENOVO SINGAPORE PTE LTD
ai,sg,2019Q4,75400721,20191016,REALTEK SINGAPORE PRIVATE LTD
ai,sg,2019Q4,75436771,20191010,GRABTAXI HOLDINGS PTE LTD
ai,sg,2019Q4,75490852,20191016,LIU BINGBING
ai,sg,2019Q4,75491279,20191021,LENOVO SINGAPORE PTE LTD
ai,sg,2019Q4,75492368,20191021,PCCW VUCLIP SINGAPORE PTE LTD
ai,sg,2019Q4,75492492,20191021,LENOVO SINGAPORE PTE LTD
ai,sg,2019Q4,75504621,20191231,SENSETIME INT PTE LTD
ai,sg,2019Q4,75689150,20191031,AVAGO TECH INT SALES PTE LID | AVAGO TECNOLOGIES INTERNATIONAL SALES PTE LTD
ai,sg,2019Q4,75847747,20191107,UNIV NANYANG TECH
ai,sg,2019Q4,75848605,20191108,SINGAPORE MANAGEMENT UNIV
ai,sg,2019Q4,75908030,20191118,LENOVO SINGAPORE PTE LTD
ai,sg,2019Q4,75908061,20191118,LENOVO SINGAPORE PTE LTD
ai,sg,2019Q4,75908123,20191118,LENOVO SINGAPORE PTE LTD
ai,sg,2019Q4,75908801,20191118,LENOVO SINGAPORE PTE LTD
ai,sg,2019Q4,75908806,20191118,LENOVO SINGAPORE PTE LTD
ai,sg,2019Q4,75909403,20191119,LENOVO SINGAPORE PTE LTD
ai,sg,2019Q4,75962299,20191203,SIVANTOS PTE LTD
ai,sg,2019Q4,75975045,20191121,LENOVO SINGAPORE PTE LTD
ai,sg,2019Q4,75975245,20191122,LENOVO SINGAPORE PTE LTD
ai,sg,2019Q4,75975456,20191122,LENOVO SINGAPORE PTE LTD
ai,sg,2019Q4,75980025,20191122,AGENCY SCIENCE TECH & RES
ai,sg,2019Q4,76084724,20191217,SIVANTOS PTE LTD
ai,sg,2019Q4,76209891,20191209,AMKOR TECH SINGAPORE HOLDING PTE LTD
ai,sg,2019Q4,76316711,20191213,RAPSODO PTE LTD
ai,sg,2019Q4,76317538,20191213,LENOVO ENTPR SOLUTIONS SINGAPORE PTE LTD
ai,sg,2019Q4,76329132,20191211,AUTONYM PTE LTD
ai,sg,2019Q4,76330624,20191210,AGENCY SCIENCE TECH & RES
ai,sg,2019Q4,76372347,20191223,SENSETIME INT PTE LTD
ai,sg,2019Q4,76372349,20191223,SENSETIME INT PTE LTD
ai,sg,2019Q4,76372353,20191230,SENSETIME INT PTE LTD
ai,sg,2019Q4,76438194,20191223,MARVELL ASIA PTE LTD
ai,sg,2019Q4,76438951,20191219,LENOVO SINGAPORE PTE LTD
ai,sg,2019Q4,76439046,20191223,LENOVO SINGAPORE PTE LTD
ai,sg,2019Q4,76478856,20191220,ULTRON TECHNIQUES PTE LTD
ai,sg,2019Q4,76546494,20191226,LENOVO SINGAPORE PTE LTD
ai,sg,2019Q4,76547461,20191231,AMC FUTURE TECH PTE LTD | AXP Solutions Pte Ltd
ai,sg,2019Q4,76573911,20191224,SENSETIME INT PTE LTD
ai,sg,2019Q4,76685954,20191230,SENSETIME INT PTE LTD
ai,sg,2019Q4,76687149,20191231,SENSETIME INT PTE LTD
ai,sg,2020Q1,69159631,20200113,SIRIONLABS PTE LTD
ai,sg,2020Q1,69167884,20200103,BRANE COGNITIVES PTE LTD | FRACTAL COGNITIVES PTE LTD
ai,sg,2020Q1,69423067,20200108,MARVELL ASIA PTE LTD
ai,sg,2020Q1,69591729,20200114,BHUIYAN MD IHTIMAM HOSSAIN
ai,sg,2020Q1,69740506,20200219,AON GLOBAL OPERATIONS SE SINGAPORE BRANCH | Aon Global Operations Ltd (Singapore Branch)
ai,sg,2020Q1,69740710,20200130,LIFE TECH HOLDINGS PTE LIMITED
ai,sg,2020Q1,69740829,20200204,SMITH & NEPHEW ASIA PACIFIC PTE LTD | SMITH & NEPHEW ASIAN PACIFIC PTE LTD | SMITH & NEPHEW PTE LTD
ai,sg,2020Q1,69845226,20200312,CREATIVE TECH LTD
ai,sg,2020Q1,70057322,20200304,SMITH & NEPHEW ASIA PACIFIC PTE LTD
ai,sg,2020Q1,70155342,20200305,TRAX TECH SOLUTIONS PIE LTD | TRAX TECHNOLIGY SOLUTION PTE LTD | TRAX TECHNOLOGY SOLUTIONS PTE LTD
ai,sg,2020Q1,70228801,20200311,SMITH & NEPHEW ASIA PACIFIC PTE LTD
ai,sg,2020Q1,70771493,20200202,AAC TECHNOLOGIES PTE LTD
ai,sg,2020Q1,70775427,20200220,MARVELL ASIA PTE LTD
ai,sg,2020Q1,71067495,20200225,GROUP IB GLOBAL PRIVATE LTD
ai,sg,2020Q1,71403436,20200108,APTIV TECH LTD | Du Toit Philip Christopher | QIN BAOXING | YE YAWEI
ai,sg,2020Q1,71516489,20200327,EKO AI PTE LTD
ai,sg,2020Q1,71608789,20200323,ALIPAY LABS SINGAPORE PTE LTD
ai,sg,2020Q1,71737449,20200121,UNIV NANYANG TECH
ai,sg,2020Q1,71794221,20200117,BIGO TECH PTE LTD
ai,sg,2020Q1,71842469,20200121,AGENCY SCIENCE TECH & RES
ai,sg,2020Q1,71842475,20200122,SINGAPORE TELECOMMUNICATIONS LTD
ai,sg,2020Q1,71947487,20200210,UNIV NANYANG TECH
ai,sg,2020Q1,71947489,20200207,PENCIL TECH PTE LTD
ai,sg,2020Q1,71947490,20200207,AGENCY SCIENCE TECH & RES | SINGAPORE HEALTH SERV PTE LTD
ai,sg,2020Q1,72042201,20200217,AMARISAI PTE LTD
ai,sg,2020Q1,72045666,20200211,NAT UNIV SINGAPORE | SINGAPORE HEALTH SERV PTE LTD
ai,sg,2020Q1,72238314,20200226,NGEE ANN POLYTECHNIC
ai,sg,2020Q1,72241437,20200226,GREY ORANGE PTE LTD | GREYORANGE PTE LTD
ai,sg,2020Q1,72334984,20200219,AMARIS AI PTE LTD
ai,sg,2020Q1,72338774,20200305,UNIV SINGAPORE TECHNOLOGY & DESIGN
ai,sg,2020Q1,72338775,20200228,NAT UNIV SINGAPORE
ai,sg,2020Q1,72355633,20200106,ALIPAY LABS SINGAPORE PTE LTD
ai,sg,2020Q1,72355640,20200220,ALIPAY LABS SINGAPORE PTE LTD
ai,sg,2020Q1,72355657,20200309,FLEXXON PTE LTD
ai,sg,2020Q1,72355668,20200203,ALIPAY LABS SINGAPORE PTE LTD
ai,sg,2020Q1,72424753,20200312,GO PLUS HOLDINGS PTE LTD
ai,sg,2020Q1,72426459,20200313,SMITH & NEPHEW ASIA PACIFIC PTE LTD
ai,sg,2020Q1,72521231,20200319,LIGHTELLIGENCE PTE LTD
ai,sg,2020Q1,72606212,20200204,CLOUD NETWORK TECH SINGAPORE PTE LTD
ai,sg,2020Q1,72609977,20200327,AGENCY SCIENCE TECH & RES
ai,sg,2020Q1,72609979,20200327,AGENCY SCIENCE TECH & RES
ai,sg,2020Q1,72609980,20200324,AGENCY SCIENCE TECH & RES
ai,sg,2020Q1,72609984,20200326,AGENCY SCIENCE TECH & RES
ai,sg,2020Q1,72609986,20200327,AGENCY SCIENCE TECH & RES
ai,sg,2020Q1,72643813,20200318,ALIPAY LABS SINGAPORE PTE LTD
ai,sg,2020Q1,72663060,20200223,AMARIS AI PTE LTD
ai,sg,2020Q1,72667493,20200327,RAM LIFTING TECH PTE LTD | RAM SMAG LIFTING TECH PTE LTD
ai,sg,2020Q1,73045523,20200129,LENOVO SINGAPORE PTE LTD
ai,sg,2020Q1,73221739,20200130,LENOVO SINGAPORE PTE LTD
ai,sg,2020Q1,73838948,20200117,SIVANTOS PTE LTD
ai,sg,2020Q1,74059796,20200306,UNIV NANYANG TECH
ai,sg,2020Q1,74418311,20200226,SIVANTOS PTE LTD
ai,sg,2020Q1,74776295,20200211,ALIPAY LABS SINGAPORE PTE LTD
ai,sg,2020Q1,75161941,20200130,LENOVO SINGAPORE PTE LTD
ai,sg,2020Q1,75229228,20200221,ALIPAY LABS SINGAPORE PTE LTD
ai,sg,2020Q1,75815223,20200312,ALIPAY LABS SINGAPORE PTE LTD
ai,sg,2020Q1,75864127,20200226,PENSEES PTE LTD
ai,sg,2020Q1,75981971,20200120,LENOVO SINGAPORE PTE LTD
ai,sg,2020Q1,76162447,20200225,CLOUD NETWORK TECH SINGAPORE PTE LTD
ai,sg,2020Q1,76548100,20200214,LENOVO SINGAPORE PTE LTD
ai,sg,2020Q1,76655397,20200106,LENOVO SINGAPORE PTE LTD
ai,sg,2020Q1,76760467,20200109,LENOVO SINGAPORE PTE LTD
ai,sg,2020Q1,76763673,20200109,LENOVO SINGAPORE PTE LTD
ai,sg,2020Q1,76764335,20200114,LENOVO SINGAPORE PTE LTD
ai,sg,2020Q1,76787949,20200107,NEC ASIA PACIFIC PTE LTD
ai,sg,2020Q1,76856391,20200211,AVANSEUS HOLDINGS PTE LTD
ai,sg,2020Q1,76858239,20200121,LENOVO SINGAPORE PTE LTD
ai,sg,2020Q1,76970122,20200128,LENOVO SINGAPORE PTE LTD
ai,sg,2020Q1,76971552,20200218,LENOVO SINGAPORE PTE LTD
ai,sg,2020Q1,77062882,20200130,NOMADD DESERT SOLAR SOLUTIONS PTE | NOMADD DESERT SOLAR SOLUTIONS PTE LTD
ai,sg,2020Q1,77079783,20200131,GRABTAXI HOLDINGS PTE LTD
ai,sg,2020Q1,77175886,20200220,SIVANTOS PTE LTD
ai,sg,2020Q1,77176356,20200225,EMAGE AI PTE LTD | EMAGE AL PTE LTD
ai,sg,2020Q1,77178739,20200210,LENOVO SINGAPORE PTE LTD
ai,sg,2020Q1,77200837,20200204,GRABTAXI HOLDINGS PTE LTD
ai,sg,2020Q1,77272642,20200218,LENOVO SINGAPORE PTE LTD
ai,sg,2020Q1,77272741,20200215,NEAR PTE LTD
ai,sg,2020Q1,77272765,20200218,LENOVO SINGAPORE PTE LTD
ai,sg,2020Q1,77272847,20200215,NEAR PTE LTD
ai,sg,2020Q1,77273009,20200215,NEAR PTE LTD
ai,sg,2020Q1,77273347,20200213,LENOVO SINGAPORE PTE LTD
ai,sg,2020Q1,77273510,20200219,LENOVO SINGAPORE PTE LTD
ai,sg,2020Q1,77273651,20200215,LENOVO SINGAPORE PTE LTD
ai,sg,2020Q1,77366097,20200220,LENOVO SINGAPORE PTE LTD
ai,sg,2020Q1,77366194,20200220,LENOVO SINGAPORE PTE LTD
ai,sg,2020Q1,77367085,20200225,LENOVO SINGAPORE PTE LTD
ai,sg,2020Q1,77411159,20200203,LENOVO SINGAPORE PTE LTD
ai,sg,2020Q1,77556756,20200304,LENOVO ENTPR SOLUTIONS SINGAPORE PTE LTD
ai,sg,2020Q1,77612925,20200306,GRABTAXI HOLDING PTE LTD | GRABTAXI HOLDINGS PTE LTD
ai,sg,2020Q1,77670757,20200311,GRABTAXI HOLDINGS PTE LTD
ai,sg,2020Q1,77746806,20200317,LENOVO SINGAPORE PTE LTD
ai,sg,2020Q1,77748051,20200318,ROKT PTE LTD
ai,sg,2020Q1,77767946,20200316,UNIV NANYANG TECH
ai,sg,2020Q1,77771150,20200316,GRABTAXI HOLDINGS PTE LTD
ai,sg,2020Q1,77856403,20200331,LENOVO SINGAPORE PTE LTD
ai,sg,2020Q1,77856660,20200327,LENOVO SINGAPORE PTE LTD
ai,sg,2020Q1,77892117,20200323,NEC ASIA PACIFIC PTE LTD
ai,sg,2020Q1,77892578,20200327,ASCENT SOLUTIONS PTE LTD
ai,sg,2020Q1,80683461,20200311,MARVELL ASIA PTE LTD | MARVELL ASIA PTE LTD REGISTRATION NO 199702379M
ai,sg,2020Q2,50727161,20200622,AMKOR TECH SINGAPORE HOLDING PTE LTD
ai,sg,2020Q2,67432146,20200612,UNIV NANYANG TECH
ai,sg,2020Q2,68218637,20200624,BIGO TECH PTE LTD
ai,sg,2020Q2,68218673,20200622,BIGO TECH PTE LTD
ai,sg,2020Q2,70476380,20200403,NEPHEW ASIA PACIFIC PTE LTD | SMITH & NEPHEW ASIA PACIFIC PTE LTD
ai,sg,2020Q2,70482764,20200424,AMS SENSORS ASIA PTE LTD
ai,sg,2020Q2,70482765,20200427,SINGPILOT PTE LTD
ai,sg,2020Q2,71092503,20200608,UNIV NANYANG TECH
ai,sg,2020Q2,71096688,20200610,LENOVO SINGAPORE PTE LTD
ai,sg,2020Q2,71741873,20200610,AMS SENSORS ASIA PTE LTD
ai,sg,2020Q2,71784329,20200624,MARVELL ASIA PTE LTD
ai,sg,2020Q2,72606438,20200615,BANSAL RAJESH
ai,sg,2020Q2,72643816,20200430,ALIPAY LABS SINGAPORE PTE LTD
ai,sg,2020Q2,72673951,20200515,YITU PTE LTD
ai,sg,2020Q2,72674300,20200515,YITU PTE LTD
ai,sg,2020Q2,72720895,20200618,AAC TECHNOLOGIES PTE LTD
ai,sg,2020Q2,72838245,20200415,TRICOG HEALTH PTE LTD
ai,sg,2020Q2,72839463,20200428,MARVELL ASIA PTE LTD
ai,sg,2020Q2,72985132,20200428,MARVELL ASIA PTE LTD
ai,sg,2020Q2,73016003,20200407,MARVELL ASIA PTE LTD
ai,sg,2020Q2,73016539,20200429,MARVELL ASIA PTE LTD
ai,sg,2020Q2,73028865,20200501,THE CLINICIAN PTE LTD
ai,sg,2020Q2,73029738,20200429,NAT UNIV SINGAPORE
ai,sg,2020Q2,73228071,20200501,DH TECHNOLOGIES DEV PTE LTD
ai,sg,2020Q2,73231260,20200514,MSD INT GMBH
ai,sg,2020Q2,73290354,20200515,NAT UNIV SINGAPORE
ai,sg,2020Q2,73290360,20200508,UNIV SINGAPORE TECHNOLOGY & DESIGN
ai,sg,2020Q2,73459589,20200515,ZHANG YONGTAI
ai,sg,2020Q2,73552992,20200527,ACTIVE INTELLIGENCE PTE LTD
ai,sg,2020Q2,73553013,20200417,UNIV SINGAPORE TECHNOLOGY & DESIGN
ai,sg,2020Q2,73652630,20200608,UNIV SINGAPORE TECHNOLOGY & DESIGN
ai,sg,2020Q2,73865952,20200615,SENSETIME INT PTE LTD
ai,sg,2020Q2,74043729,20200622,CERTIS CISCO SECURITY PTE LTD
ai,sg,2020Q2,74062099,20200624,UNIV SINGAPORE TECHNOLOGY & DESIGN
ai,sg,2020Q2,74062108,20200624,UNIV SINGAPORE TECHNOLOGY & DESIGN
ai,sg,2020Q2,74067964,20200603,SENSETIME INT PTE LTD
ai,sg,2020Q2,74101375,20200626,NAT UNIV SINGAPORE
ai,sg,2020Q2,74115340,20200612,UNIV NANYANG TECH
ai,sg,2020Q2,74218984,20200608,ALIPAY LABS SINGAPORE PTE LTD
ai,sg,2020Q2,74225411,20200528,SENSETIME INT PTE LTD
ai,sg,2020Q2,74679387,20200522,FLEXXON PTE LTD
ai,sg,2020Q2,74695147,20200502,ALIPAY LABS SINGAPORE PTE LTD
ai,sg,2020Q2,74698656,20200624,ALIPAY LABS SINGAPORE PTE LTD
ai,sg,2020Q2,74758374,20200601,YITU PTE LTD
ai,sg,2020Q2,74758378,20200601,ALIPAY LABS SINGAPORE PTE LTD
ai,sg,2020Q2,74854902,20200601,ALIPAY LABS SINGAPORE PTE LTD
ai,sg,2020Q2,75161966,20200615,SENSETIME INT PTE LTD
ai,sg,2020Q2,75188154,20200601,ALIPAY LABS SINGAPORE PTE LTD
ai,sg,2020Q2,75846701,20200413,UST GLOBAL SINGAPORE PTE LTD
ai,sg,2020Q2,76098868,20200618,SIVANTOS PTE LTD
ai,sg,2020Q2,76269303,20200523,SENSETIME INT PTE LTD
ai,sg,2020Q2,76438874,20200430,MARVELL ASIA PTE LTD | MARVELL ASIA PTE LTD REGISTRATION NO 199702379M
ai,sg,2020Q2,76546996,20200518,SENSETIME INT PTE LTD
ai,sg,2020Q2,77365491,20200420,UST GLOBAL SINGAPORE PTE LTD
ai,sg,2020Q2,77366127,20200420,UST GLOBAL SINGAPORE PTE LTD
ai,sg,2020Q2,77922114,20200404,LENOVO SINGAPORE PTE LTD
ai,sg,2020Q2,78006418,20200409,LENOVO SINGAPORE PTE LTD
ai,sg,2020Q2,78006458,20200518,AVANSEUS HOLDINGS PTE LTD
ai,sg,2020Q2,78007974,20200512,LENOVO SINGAPORE PTE LTD
ai,sg,2020Q2,78022972,20200409,SENSETIME INT PTE LTD
ai,sg,2020Q2,78082286,20200417,LENOVO SINGAPORE PTE LTD
ai,sg,2020Q2,78082698,20200420,LENOVO SINGAPORE PTE LTD
ai,sg,2020Q2,78084811,20200413,NEC ASIA PACIFIC PTE LTD
ai,sg,2020Q2,78161463,20200429,MARVELL ASIA PTE LTD | MARVELL ASIA PTE LTD REGISTRATION NO 199702379M
ai,sg,2020Q2,78267696,20200430,MARVELL ASIA PTE LTD
ai,sg,2020Q2,78373769,20200430,GRABTAXI HOLDINGS PTE LTD
ai,sg,2020Q2,78511406,20200513,ASM TECH SINGAPORE PTE LTD
ai,sg,2020Q2,78512742,20200601,CLOUD NETWORK TECH SINGAPORE PTE LTD
ai,sg,2020Q2,78672017,20200529,CLOUD NETWORK TECH SINGAPORE PTE LTD
ai,sg,2020Q2,78745731,20200529,LIU CHANG
ai,sg,2020Q2,78847057,20200609,RYNAN TECH PTE LTD
ai,sg,2020Q2,79030757,20200625,LENOVO ENTPR SOLUTIONS SINGAPORE PTE LTD
ai,sg,2020Q2,79030909,20200629,LENOVO ENTPR SOLUTIONS SINGAPORE PTE LTD
ai,sg,2020Q2,79031257,20200630,LENOVO ENTPR SOLUTIONS SINGAPORE PTE LTD
ai,sg,2020Q2,81535398,20200625,MSM HOLDINGS PTE | MSM Holdings Pte Ltd
ai,sg,2020Q2,81656285,20200430,MARVELL ASIA PTE LTD
ai,sg,2020Q2,83365751,20200430,MARVELL ASIA PTE LTD | MARVELL ASIA PTE LTD REGISTRATION NO 199702379M
ai,sg,2020Q2,86059919,20200430,MARVELL ASIA PTE LTD
ai,sg,2020Q3,69442354,20200806,BIGO TECH PTE LTD
ai,sg,2020Q3,69551843,20200701,BIGO TECH PTE LTD
ai,sg,2020Q3,69909096,20200820,BIGO TECH PTE LTD
ai,sg,2020Q3,70088256,20200807,BIGO TECH PTE LTD
ai,sg,2020Q3,71653546,20200710,BIGO TECH PTE LTD
ai,sg,2020Q3,71944427,20200717,SMITH & NEPHEW ASIA PACIFIC PTE LTD
ai,sg,2020Q3,71994662,20200720,TRAX TECHNOLOGY SOLUTIONS PTE LTD
ai,sg,2020Q3,72432982,20200903,AMS SENSORS SINGAPORE PTE LTD
ai,sg,2020Q3,72643814,20200701,ALIPAY LABS SINGAPORE PTE LTD
ai,sg,2020Q3,72832704,20200704,SINGAPORE TELECOMMUNICATIONS LTD
ai,sg,2020Q3,72841210,20200904,WHISPER HOLDINGS PTE LTD
ai,sg,2020Q3,72953730,20200702,NDR MEDICAL TECH PTE LTD
ai,sg,2020Q3,73034368,20200909,SENSETIME INT PTE LTD
ai,sg,2020Q3,73034371,20200801,GRABTAXI HOLDINGS PTE LTD
ai,sg,2020Q3,73034379,20200901,ENSIGN INFOSECURITY PTD LTD | ENSIGN INFOSECURITY PTE LTD
ai,sg,2020Q3,73398804,20200730,FLEXXON PTE LTD
ai,sg,2020Q3,74115341,20200703,NAT UNIV SINGAPORE
ai,sg,2020Q3,74181446,20200713,UNIV NANYANG TECH
ai,sg,2020Q3,74194309,20200707,NAT UNIV SINGAPORE
ai,sg,2020Q3,74194314,20200720,CHEKTEC PTE LTD | ZIXXE PTE LTD
ai,sg,2020Q3,74258930,20200731,BITWAVE PTE LTD
ai,sg,2020Q3,74303816,20200803,ELID TECH INTERNATIONAL PTE LTD
ai,sg,2020Q3,74504303,20200730,GLOBAL ENGINEERS INVEST SINGAPORE PTE LTD | GLOBAL ENGINEERS TECH PTE LTD
ai,sg,2020Q3,74504307,20200805,NAT UNIV SINGAPORE
ai,sg,2020Q3,74686119,20200821,NAT UNIV SINGAPORE
ai,sg,2020Q3,74698733,20200721,YITU PTE LTD
ai,sg,2020Q3,74852837,20200904,ResMed Asia Pte Ltd
ai,sg,2020Q3,74870019,20200911,UNIV NANYANG TECH
ai,sg,2020Q3,74883873,20200921,NGEE ANN POLYTECHNIC | SINGAPORE HEALTH SERV PTE LTD
ai,sg,2020Q3,75162048,20200925,KNOREX PTE LTD
ai,sg,2020Q3,75166519,20200926,LIM KIM HWA
ai,sg,2020Q3,75169156,20200916,NAT UNIV SINGAPORE
ai,sg,2020Q3,75247807,20200801,SENSETIME INT PTE LTD
ai,sg,2020Q3,75587498,20200819,LENOVO SINGAPORE PTE LTD
ai,sg,2020Q3,76269633,20200720,SIVANTOS PTE LTD
ai,sg,2020Q3,76317208,20200722,7 TRINITY BIOTECH PTE LTD
ai,sg,2020Q3,76318082,20200722,7 TRINITY BIOTECH PTE LTD
ai,sg,2020Q3,76546479,20200706,SENSETIME INT PTE LTD
ai,sg,2020Q3,76920610,20200805,SIVANTOS PTE LTD
ai,sg,2020Q3,76942843,20200805,SIVANTOS PTE LTD
ai,sg,2020Q3,77316824,20200828,SIVANTOS PTE LTD
ai,sg,2020Q3,77465252,20200909,SENSETIME INT PTE LTD
ai,sg,2020Q3,77665935,20200708,LENOVO SINGAPORE PTE LTD
ai,sg,2020Q3,78397460,20200801,SENSETIME INT PTE LTD
ai,sg,2020Q3,78818686,20200820,LENOVO SINGAPORE PTE LTD
ai,sg,2020Q3,79172646,20200707,NEONEXUS PTE LTD | ZHENG QILIN
ai,sg,2020Q3,79172661,20200710,LIU BINGBING
ai,sg,2020Q3,79292440,20200716,LENOVO SINGAPORE PTE LTD
ai,sg,2020Q3,79555802,20200713,GRABTAXI HOLDINGS PTE LTD
ai,sg,2020Q3,80002177,20200814,GRABTAXI HOLDINGS PTE LTD
ai,sg,2020Q3,80115222,20200804,CAPRICORN HOLDING PTE LTD
ai,sg,2020Q3,80221124,20200828,SIVANTOS PTE LTD
ai,sg,2020Q3,80223187,20200814,LENOVO SINGAPORE PTE LTD
ai,sg,2020Q3,80224504,20200814,LENOVO SINGAPORE PTE LTD
ai,sg,2020Q3,80270861,20200821,LENOVO SINGAPORE PTE LTD
ai,sg,2020Q3,80323635,20200818,CONEX HEALTHCARE PTE LTD
ai,sg,2020Q3,80353665,20200831,AGENCY SCIENCE TECH & RES
ai,sg,2020Q3,80628035,20200912,NEAR PTE LTD
ai,sg,2020Q3,80740371,20200918,CAPRICORN HOLDING PTE LTD
ai,sg,2020Q3,80821357,20200930,REALTEK SINGAPORE PRIVATE LTD
ai,sg,2020Q3,80822559,20200930,LENOVO ENTPR SOLUTIONS SINGAPORE PTE LTD
ai,sg,2020Q3,80822597,20200930,NEAR PTE LTD
ai,sg,2020Q3,83149996,20200723,MARVELL ASIA PTE LTD
ai,sg,2020Q3,83194831,20200801,UST GLOBAL SINGAPORE PTE LTD | UST GLOBAL SINGAPORE PTE LTE
ai,sg,2020Q4,70204517,20201204,ANX IP HOLDING PTE LTD
ai,sg,2020Q4,70393283,20201113,ENVISION DIGITAL INT PTE LTD
ai,sg,2020Q4,70502229,20201223,ENVISION DIGITAL INT PTE LTD
ai,sg,2020Q4,70502549,20201013,BIGO TECH PTE LTD
ai,sg,2020Q4,70558712,20201214,BIGO TECH PTE LTD
ai,sg,2020Q4,70657647,20201223,BIGO TECH PTE LTD
ai,sg,2020Q4,71976651,20201223,ENVISION DIGITAL INT PTE LTD
ai,sg,2020Q4,72826862,20201002,LENOVO SINGAPORE PTE LTD
ai,sg,2020Q4,72948254,20201013,SENSETIME INT PTE LTD
ai,sg,2020Q4,73043257,20201030,LEICA INSTR SINGAPORE PTE LTD
ai,sg,2020Q4,73471079,20201027,SENSETIME INT PTE LTD
ai,sg,2020Q4,73646409,20201124,AMS SENSORS SINGAPORE PTE LTD
ai,sg,2020Q4,73698205,20201001,FLEXXON PTE LTD
ai,sg,2020Q4,73943371,20201203,MARVELL ASIA PTE LTD
ai,sg,2020Q4,74095929,20201208,MARVELL ASIA PTE LTD
ai,sg,2020Q4,74096065,20201208,SMITH & NEPHEW ASIA PACIFIC PTE LTD
ai,sg,2020Q4,74101443,20201202,PT APLIKASI KARYA ANAK BANGSA
ai,sg,2020Q4,74646992,20201109,EKO AI PTE LTD
ai,sg,2020Q4,74850242,20201117,GREENWAVE SYSTEMS PTE LTD
ai,sg,2020Q4,74953043,20201030,SENSETIME INT PTE LTD
ai,sg,2020Q4,75346814,20201001,YITU PTE LTD
ai,sg,2020Q4,75346878,20201001,YITU PTE LTD
ai,sg,2020Q4,75490900,20201015,AFFLE INT PTE LTD
ai,sg,2020Q4,75491204,20201026,SENSETIME INT PTE LTD
ai,sg,2020Q4,75491227,20201015,AFFLE INT PTE LTD
ai,sg,2020Q4,75491688,20201015,AFFLE INT PTE LTD
ai,sg,2020Q4,75492478,20201016,AFFLE INT PTE LTD
ai,sg,2020Q4,75620905,20201021,NAT UNIV SINGAPORE
ai,sg,2020Q4,76132744,20201126,ResMed Asia Pte Ltd
ai,sg,2020Q4,76132748,20201127,NAT UNIV SINGAPORE
ai,sg,2020Q4,76160803,20201202,VISIOTECH VENTURES PTE LTD
ai,sg,2020Q4,76160815,20201202,VISIOTECH VENTURES PTE LTD
ai,sg,2020Q4,76210123,20201203,SOL X PTE LTD
ai,sg,2020Q4,76327619,20201203,BORECAM ASIA PTE LTD
ai,sg,2020Q4,76330622,20201209,HORIZON QUANTUM COMPUTING PTE LTD
ai,sg,2020Q4,76330623,20201201,AUGMENTUS PTE LTD
ai,sg,2020Q4,76330780,20201208,ACTIVE INTELLIGENCE PTE LTD
ai,sg,2020Q4,76330791,20201208,AGENCY SCIENCE TECH & RES
ai,sg,2020Q4,76477950,20201218,MOOVITA PTE LTD
ai,sg,2020Q4,76505940,20201224,ENVISION DIGITAL INT PTE LTD
ai,sg,2020Q4,76545961,20201231,CHIA XUJIE XAVIER
ai,sg,2020Q4,76546486,20201217,MEDO DX PTE LTD
ai,sg,2020Q4,76546497,20201217,MEDO DX PTE LTD
ai,sg,2020Q4,76599602,20201014,SENSETIME INT PTE LTD
ai,sg,2020Q4,76599606,20201030,SENSETIME INT PTE LTD
ai,sg,2020Q4,76689735,20201210,NAT UNIV SINGAPORE
ai,sg,2020Q4,76689736,20201228,NAT UNIV SINGAPORE | SINGAPORE HEALTH SERV PTE LTD
ai,sg,2020Q4,76689737,20201230,QUANTIFIED ENERGY LABS PTE LTD
ai,sg,2020Q4,76689741,20201229,NCS PTE LTD | UNIV NANYANG TECH
ai,sg,2020Q4,77129928,20201207,SENSETIME INT PTE LTD
ai,sg,2020Q4,77543434,20201015,SIVANTOS PTE LTD
ai,sg,2020Q4,77640414,20201015,SIVANTOS PTE LTD
ai,sg,2020Q4,77887655,20201211,LENOVO SINGAPORE PTE LTD
ai,sg,2020Q4,78511533,20201029,LENOVO SINGAPORE PTE LTD
ai,sg,2020Q4,78524162,20201001,LENOVO SINGAPORE PTE LTD
ai,sg,2020Q4,78703837,20201216,LENOVO SINGAPORE PTE LTD
ai,sg,2020Q4,80003226,20201030,SENSETIME INT PTE LTD
ai,sg,2020Q4,80117155,20201030,SENSETIME INT PTE LTD
ai,sg,2020Q4,80215811,20201110,MOZARK PTE LTD
ai,sg,2020Q4,80778219,20201228,SENSETIME INT PTE LTD
ai,sg,2020Q4,80931404,20201005,LENOVO SINGAPORE PTE LTD
ai,sg,2020Q4,81184408,20201019,MARVELL ASIA PTE LTD
ai,sg,2020Q4,81185069,20201015,LENOVO SINGAPORE PTE LTD
ai,sg,2020Q4,81257340,20201026,NEAR PTE LTD
ai,sg,2020Q4,81258499,20201027,NEONEXUS PTE LTD | ZHENG QILIN
ai,sg,2020Q4,81384195,20201102,LIAN WEI HUAN
ai,sg,2020Q4,81456900,20201109,AUTONYM PTE LTD
ai,sg,2020Q4,81458154,20201106,VISENZE PTE LTD
ai,sg,2020Q4,81657144,20201130,CLOUD NETWORK TECH SINGAPORE PTE LTD
ai,sg,2020Q4,81709439,20201118,HIJO IP PTE LD | HIJO IP PTE LTD
ai,sg,2020Q4,81751981,20201201,CERTIS CISCO SECURITY PTE LTD
ai,sg,2020Q4,81847443,20201221,SIVANTOS PTE LTD
ai,sg,2020Q4,81849098,20201209,ROKT PTE LTD
ai,sg,2020Q4,81941486,20201216,LENOVO SINGAPORE PTE LTD
ai,sg,2020Q4,81941997,20201214,LENOVO SINGAPORE PTE LTD
ai,sg,2020Q4,81942015,20201211,LENOVO SINGAPORE PTE LTD
ai,sg,2020Q4,82021392,20201221,LENOVO SINGAPORE PTE LTD
ai,sg,2020Q4,82022711,20201223,LENOVO SINGAPORE PTE LTD
ai,sg,2020Q4,82024085,20201209,ROKT PTE LTD
ai,sg,2020Q4,82059474,20201214,YCH GROUP PTE LTD
ai,sg,2020Q4,82120011,20201230,POINT ROBOTICS SINGAPORE PTE LTD
ai,sg,2020Q4,82259828,20201230,AGENCY SCIENCE TECH & RES
ai,sg,2020Q4,90245718,20201005,SMITH & NEPHEW ASIA PACIFIC PTE LTD
ai,sg,2021Q1,70864762,20210302,BIGO TECH PTE LTD
ai,sg,2021Q1,71186011,20210225,BIGO TECH PTE LTD
ai,sg,2021Q1,71979976,20210311,ENVISION DIGITAL INT PTE LTD | ENVISON DIGITAL INT PTE LTD
ai,sg,2021Q1,72071365,20210202,WIZ HOLDINGS PTE LTD
ai,sg,2021Q1,74572791,20210209,AQUAEASY PTE LTD
ai,sg,2021Q1,74592721,20210111,ENDOSIQ TECH PTE LTD
ai,sg,2021Q1,74665138,20210226,EDGECORTIX PTE LTD
ai,sg,2021Q1,74758358,20210126,ENSIGN INFOSECURITY PTE LTD
ai,sg,2021Q1,74860481,20210212,SMITH & NEPHEW ASIA PACIFIC PTE LTD
ai,sg,2021Q1,75108776,20210222,SMITH & NEPHEW ASIA PACIFIC PTE LTD
ai,sg,2021Q1,75108900,20210226,SMITH & NEPHEW ASIA PACIFIC PTE LTD
ai,sg,2021Q1,75280449,20210112,MINDBCI PTE LTD | ZAIREN SALLEH MR
ai,sg,2021Q1,75394411,20210105,NEAR PTE LTD
ai,sg,2021Q1,75397142,20210124,NANYANG TECHNOLOGICAL UNIVERSITY SINGAPORE
ai,sg,2021Q1,75975417,20210128,ALIPAY LABS SINGAPORE PTE LTD
ai,sg,2021Q1,76546289,20210317,LIGHTELLIGENCE PTE LTD
ai,sg,2021Q1,76788900,20210105,NAT UNIV SINGAPORE
ai,sg,2021Q1,76788902,20210107,WILMAR INTERNATIONAL LTD
ai,sg,2021Q1,76809297,20210114,VISIOTECH VENTURES PTE LTD
ai,sg,2021Q1,76863628,20210113,NAT UNIV SINGAPORE
ai,sg,2021Q1,76968828,20210210,MARVELL ASIA PTE LTD
ai,sg,2021Q1,76970170,20210127,WOWLINK PTE LTD
ai,sg,2021Q1,76993404,20210118,DATASPARK PTE LTD | UNIV NANYANG TECH
ai,sg,2021Q1,77200410,20210128,SINGTEL CYBER SECURITY SINGAPORE PTE LTD
ai,sg,2021Q1,77338421,20210106,GRABTAXI HOLDINGS PTE LTD
ai,sg,2021Q1,77366627,20210331,EKO AI PTE LTD
ai,sg,2021Q1,77366758,20210331,EKO AI PTE LTD
ai,sg,2021Q1,77463765,20210301,LOMOTIF PRIVATE LTD
ai,sg,2021Q1,77492142,20210226,UNIV SINGAPORE TECHNOLOGY & DESIGN
ai,sg,2021Q1,77612318,20210301,ALIPAY LABS SINGAPORE PTE LTD
ai,sg,2021Q1,77614513,20210303,NAT UNIV SINGAPORE
ai,sg,2021Q1,77672464,20210309,NAT UNIV SINGAPORE
ai,sg,2021Q1,77672467,20210304,UNIV NANYANG TECH
ai,sg,2021Q1,77930438,20210329,UNIV NANYANG TECH
ai,sg,2021Q1,77930444,20210329,AGENCY SCIENCE TECH & RES
ai,sg,2021Q1,78007979,20210104,EDGECORTIX PTE LTD
ai,sg,2021Q1,78372413,20210302,GRABTAXI HOLDINGS PTE LTD
ai,sg,2021Q1,79688862,20210226,MARVELL ASIA PTE LTD
ai,sg,2021Q1,80002155,20210330,SENSETIME INT PTE LTD
ai,sg,2021Q1,80447157,20210122,AVAGO TECH INT SALES PTE LID
ai,sg,2021Q1,80820275,20210322,ALIBABA SINGAPORE HOLDING PRIVATE LTD
ai,sg,2021Q1,80934147,20210205,LENOVO SINGAPORE PTE LTD
ai,sg,2021Q1,81175478,20210317,LENOVO SINGAPORE PTE LTD
ai,sg,2021Q1,81974847,20210321,GOPALAN RAJA
ai,sg,2021Q1,82218955,20210106,LENOVO SINGAPORE PTE LTD
ai,sg,2021Q1,82219815,20210107,LENOVO SINGAPORE PTE LTD
ai,sg,2021Q1,82357527,20210108,AGENCY SCIENCE TECH & RES
ai,sg,2021Q1,82357528,20210108,AGENCY SCIENCE TECH & RES
ai,sg,2021Q1,82495044,20210125,LENOVO SINGAPORE PTE LTD
ai,sg,2021Q1,82495678,20210326,RIGHT HAND CYBER SECURITY PTE LTD
ai,sg,2021Q1,82704374,20210210,NOMADD DESERT SOLAR SOLUTIONS PTE LTD
ai,sg,2021Q1,82900757,20210225,LENOVO SINGAPORE PTE LTD
ai,sg,2021Q1,83117239,20210304,LENOVO SINGAPORE PTE LTD
ai,sg,2021Q1,83117388,20210305,LENOVO SINGAPORE PTE LTD
ai,sg,2021Q1,83117626,20210302,LENOVO SINGAPORE PTE LTD
ai,sg,2021Q1,83155164,20210303,UNIV NANYANG TECH
ai,sg,2021Q1,83155515,20210303,AGENCY SCIENCE TECH & RES
ai,sg,2021Q1,83194007,20210315,LENOVO SINGAPORE PTE LTD
ai,sg,2021Q1,83194916,20210309,LENOVO SINGAPORE PTE LTD
ai,sg,2021Q1,83228188,20210310,VOYAGER INNOVATIONS HOLDINGS PTE LTD
ai,sg,2021Q1,83283826,20210316,LENOVO SINGAPORE PTE LTD
ai,sg,2021Q1,83283951,20210316,LENOVO SINGAPORE PTE LTD
ai,sg,2021Q1,83284036,20210318,LENOVO SINGAPORE PTE LTD
ai,sg,2021Q1,83285258,20210318,LENOVO SINGAPORE PTE LTD
ai,sg,2021Q1,83321408,20210317,AGENCY SCIENCE TECH & RES
ai,sg,2021Q1,83363460,20210326,LENOVO ENTPR SOLUTIONS SINGAPORE PTE LTD
ai,sg,2021Q1,83363802,20210329,LENOVO SINGAPORE PTE LTD
ai,sg,2021Q1,83364568,20210329,ALIBABA SINGAPORE HOLDING PRIVATE LTD
ai,sg,2021Q1,83364731,20210329,LENOVO SINGAPORE PTE LTD
ai,sg,2021Q1,83395987,20210324,AGENCY SCIENCE TECH & RES
ai,sg,2021Q1,83449840,20210331,LENOVO ENTPR SOLUTIONS SINGAPORE PTE LTD
ai,sg,2021Q1,83450274,20210331,LENOVO ENTPR SOLUTIONS SINGAPORE PTE LTD
ai,sg,2021Q1,83916534,20210205,ARRIVE PTE LTD
ai,sg,2021Q2,71750560,20210402,BIGO TECH PTE LTD
ai,sg,2021Q2,71812733,20210402,BIGO TECH PTE LTD
ai,sg,2021Q2,71874880,20210415,BIGO TECH PTE LTD
ai,sg,2021Q2,71904841,20210423,ANX IP HOLDING PTE LTD
ai,sg,2021Q2,72183951,20210402,BIGO TECH PTE LTD
ai,sg,2021Q2,72759820,20210518,BIGO TECH PTE LTD
ai,sg,2021Q2,72984100,20210521,BIGO TECH PTE LTD
ai,sg,2021Q2,73001402,20210601,BIGO TECH PTE LTD
ai,sg,2021Q2,73315354,20210512,BIGO TECH PTE LTD
ai,sg,2021Q2,74603919,20210630,SENSETIME INT PTE LTD
ai,sg,2021Q2,75529861,20210414,AVAGO TECH INT SALES PTE LID
ai,sg,2021Q2,75674990,20210405,SMITH & NEPHEW ASIA PACIFIC PTE LTD
ai,sg,2021Q2,76099003,20210420,SMITH & NEPHEW ASIA PACIFIC PTE LTD
ai,sg,2021Q2,76217926,20210512,AES GLOBAL HOLDINGS PTE LTD
ai,sg,2021Q2,76310141,20210630,EDGECORTIX PTE LTD
ai,sg,2021Q2,76555785,20210604,HORIZON QUANTUM COMPUTING PTE LTD
ai,sg,2021Q2,76633480,20210430,NCS PTE LTD
ai,sg,2021Q2,76695781,20210525,DH TECHNOLOGIES DEV PTE LTD
ai,sg,2021Q2,76845340,20210616,SMITH & NEPHEW ASIA PACIFIC PTE LTD
ai,sg,2021Q2,76943044,20210514,DH TECHNOLOGIES DEV PTE LTD
ai,sg,2021Q2,76976925,20210427,SENSETIME INT PTE LTD
ai,sg,2021Q2,77022184,20210616,SMITH & NEPHEW ASIA PACIFIC PTE LTD
ai,sg,2021Q2,77081302,20210428,SENSETIME INT PTE LTD
ai,sg,2021Q2,77234431,20210625,ALIPAY LABS SINGAPORE PTE LTD
ai,sg,2021Q2,77234573,20210602,ALIPAY LABS SINGAPORE PTE LTD
ai,sg,2021Q2,77234661,20210621,ALIPAY LABS SINGAPORE PTE LTD
ai,sg,2021Q2,77331329,20210625,SENSETIME INT PTE LTD
ai,sg,2021Q2,77427024,20210625,SENSETIME INT PTE LTD
ai,sg,2021Q2,77427055,20210628,SENSETIME INT PTE LTD
ai,sg,2021Q2,77481196,20210608,SENSETIME INT PTE LTD
ai,sg,2021Q2,77719397,20210608,SENSETIME INT PTE LTD
ai,sg,2021Q2,77719456,20210601,SENSETIME INT PTE LTD
ai,sg,2021Q2,77719509,20210625,SENSETIME INT PTE LTD | SENSETIMENTERNATIONAL PTE LTD
ai,sg,2021Q2,77819459,20210625,SENSETIME INT PTE LTD
ai,sg,2021Q2,77819491,20210629,SENSETIME INT PTE LTD
ai,sg,2021Q2,77819507,20210625,SENSETIME INT PTE LTD
ai,sg,2021Q2,77947391,20210625,SENSETIME INT PTE LTD
ai,sg,2021Q2,78008207,20210625,SENSETIME INT PTE LTD
ai,sg,2021Q2,78008210,20210625,SENSETIME INT PTE LTD
ai,sg,2021Q2,78008211,20210625,SENSETIME INT PTE LTD
ai,sg,2021Q2,78008218,20210628,SENSETIME INT PTE LTD
ai,sg,2021Q2,78092801,20210428,SENSETIME INT PTE LTD
ai,sg,2021Q2,78092805,20210428,SENSETIME INT PTE LTD
ai,sg,2021Q2,78092809,20210621,SENSETIME INT PTE LTD
ai,sg,2021Q2,78092818,20210428,SENSETIME INT PTE LTD
ai,sg,2021Q2,78092823,20210628,SENSETIME INT PTE LTD
ai,sg,2021Q2,78106532,20210625,SENSETIME INT PTE LTD
ai,sg,2021Q2,78106540,20210607,SENSETIME INT PTE LTD
ai,sg,2021Q2,78106556,20210608,SENSETIME INT PTE LTD
ai,sg,2021Q2,78161462,20210428,LIGHTELLIGENCE PTE LTD
ai,sg,2021Q2,78167070,20210623,ALIPAY LABS SINGAPORE PTE LTD
ai,sg,2021Q2,78174921,20210625,SENSETIME INT PTE LTD
ai,sg,2021Q2,78237475,20210415,ASM TECH SINGAPORE PTE LTD | ASMPT SINGAPORE PTE LTD
ai,sg,2021Q2,78242853,20210519,SENSETIME INT PTE LTD
ai,sg,2021Q2,78242886,20210625,SENSETIME INT PTE LTD
ai,sg,2021Q2,78269751,20210421,YUMCHA STUDIOS PTE LTD
ai,sg,2021Q2,78292138,20210428,SMITH & NEPHEW ASIA PACIFIC PTE LTD
ai,sg,2021Q2,78310958,20210628,SENSETIME INT PTE LTD
ai,sg,2021Q2,78391359,20210625,SENSETIME INT PTE LTD
ai,sg,2021Q2,78391368,20210601,SENSETIME INT PTE LTD
ai,sg,2021Q2,78397436,20210415,SENSETIME INT PTE LTD
ai,sg,2021Q2,78423278,20210621,ALIPAY LABS SINGAPORE PTE LTD
ai,sg,2021Q2,78468779,20210507,VULCAN AI PTE LTD
ai,sg,2021Q2,78525072,20210514,LUMILEDS SINGAPORE PTE LTD
ai,sg,2021Q2,78645752,20210513,SINGAPORE MANAGEMENT UNIV
ai,sg,2021Q2,78686692,20210628,SENSETIME INT PTE LTD
ai,sg,2021Q2,78704664,20210527,DATHENA SCIENCE PTE LTD
ai,sg,2021Q2,78704704,20210528,TRAX TECHNOLOGY SOLUTIONS PTE LTD
ai,sg,2021Q2,78707040,20210526,JOTY SHAFIQ RAYHAN
ai,sg,2021Q2,78817380,20210608,CHEN ANDREW THEODORE
ai,sg,2021Q2,78825638,20210521,NEXTSMARTY HOLDINGS PTE LTD
ai,sg,2021Q2,78831699,20210604,NAT UNIV SINGAPORE
ai,sg,2021Q2,78845823,20210413,GRABTAXI HOLDINGS PTE LTD
ai,sg,2021Q2,78845825,20210607,PATHNOVA LABORATORIES PTE LTD | TEMASEK LIFE SCIENCES LABORATORY LTD | TEMASEK LIFE SICENCES LABORATORY LTD
ai,sg,2021Q2,78873911,20210625,SENSETIME INT PTE LTD
ai,sg,2021Q2,78877281,20210625,SENSETIME INT PTE LTD
ai,sg,2021Q2,79026225,20210531,SENSETIME INT PTE LTD
ai,sg,2021Q2,79031166,20210517,MASTERCARD ASIA PACIFIC PTE LTD
ai,sg,2021Q2,79268587,20210511,MYRO INT PTE LTD | MYRO INTERNATIONAL PTE LTD
ai,sg,2021Q2,79268732,20210615,NAT UNIV SINGAPORE
ai,sg,2021Q2,79268734,20210621,NAT UNIV SINGAPORE
ai,sg,2021Q2,79268735,20210615,NAT UNIV SINGAPORE
ai,sg,2021Q2,79729516,20210629,ORICA INT PTE LTD
ai,sg,2021Q2,79867888,20210429,SENSETIME INT PTE LTD
ai,sg,2021Q2,80213610,20210601,SENSETIME INT PTE LTD
ai,sg,2021Q2,80213621,20210628,SENSETIME INT PTE LTD
ai,sg,2021Q2,80270731,20210602,REVERSEADS PTE LTD
ai,sg,2021Q2,80364033,20210625,SENSETIME INT PTE LTD
ai,sg,2021Q2,80364067,20210628,SENSETIME INT PTE LTD
ai,sg,2021Q2,80364105,20210628,SENSETIME INT PTE LTD
ai,sg,2021Q2,80364119,20210625,SENSETIME INT PTE LTD
ai,sg,2021Q2,80790530,20210617,ALIPAY LABS SINGAPORE PTE LTD
ai,sg,2021Q2,81448592,20210521,SIVANTOS PTE LTD
ai,sg,2021Q2,81457560,20210601,SENSETIME INT PTE LTD
ai,sg,2021Q2,81457563,20210625,SENSETIME INT PTE LTD
ai,sg,2021Q2,81457569,20210625,SENSETIME INT PTE LTD
ai,sg,2021Q2,81457570,20210607,SENSETIME INT PTE LTD
ai,sg,2021Q2,81457571,20210625,SENSETIME INT PTE LTD
ai,sg,2021Q2,81457575,20210625,SENSETIME INT PTE LTD
ai,sg,2021Q2,81457590,20210625,SENSETIME INT PTE LTD
ai,sg,2021Q2,81457597,20210628,SENSETIME INT PTE LTD
ai,sg,2021Q2,81457598,20210628,SENSETIME INT PTE LTD
ai,sg,2021Q2,81457601,20210628,SENSETIME INT PTE LTD
ai,sg,2021Q2,81457603,20210625,SENSETIME INT PTE LTD
ai,sg,2021Q2,81750346,20210611,SIVANTOS PTE LTD
ai,sg,2021Q2,82258705,20210428,SENSETIME INT PTE LTD
ai,sg,2021Q2,82260505,20210427,SENSETIME INT PTE LTD
ai,sg,2021Q2,82260509,20210428,SENSETIME INT PTE LTD
ai,sg,2021Q2,82260512,20210428,SENSETIME INT PTE LTD
ai,sg,2021Q2,82260515,20210519,SENSETIME INT PTE LTD
ai,sg,2021Q2,82260516,20210429,SENSETIME INT PTE LTD
ai,sg,2021Q2,82274792,20210625,SENSETIME INT PTE LTD
ai,sg,2021Q2,82406324,20210510,UST GLOBAL SINGAPORE PTE LTD
ai,sg,2021Q2,82901720,20210531,SENSETIME INT PTE LTD
ai,sg,2021Q2,82931400,20210625,SENSETIME INT PTE LTD
ai,sg,2021Q2,82932134,20210608,SENSETIME INT PTE LTD
ai,sg,2021Q2,82932307,20210624,SPACE PTE LTD
ai,sg,2021Q2,83017930,20210513,DELTA ELECTRONICS INT SINGAPORE PTE LTD | UNIV NANYANG TECH
ai,sg,2021Q2,83319902,20210607,SENSETIME INT PTE LTD
ai,sg,2021Q2,83321928,20210601,SENSETIME INT PTE LTD
ai,sg,2021Q2,83450219,20210401,LENOVO SINGAPORE PTE LTD
ai,sg,2021Q2,83451059,20210505,LENOVO SINGAPORE PTE LTD
ai,sg,2021Q2,83455532,20210402,DIXTECH INNOVATION PTE LTD | HUI DING INT PTE LTD
ai,sg,2021Q2,83458140,20210531,SENSETIME INT PTE LTD
ai,sg,2021Q2,83458141,20210608,SENSETIME INT PTE LTD
ai,sg,2021Q2,83510834,20210608,CLOUD NETWORK TECH SINGAPORE PTE LTD
ai,sg,2021Q2,83546329,20210407,BIOSIGNS PTE LTD
ai,sg,2021Q2,83601599,20210531,SENSETIME INT PET LTD | SENSETIME INT PTE LTD
ai,sg,2021Q2,83601611,20210531,SENSETIME INT PTE LTD
ai,sg,2021Q2,83602470,20210420,ALIBABA INNOVATION PRIVATE LTD | ALIBABA SINGAPORE HOLDING PRIVATE LTD
ai,sg,2021Q2,83639686,20210531,SENSETIME INT PTE LTD
ai,sg,2021Q2,83694362,20210423,ALIBABA SINGAPORE HOLDING PRIVATE LTD
ai,sg,2021Q2,83694391,20210421,ALIBABA SINGAPORE HOLDING PRIVATE LTD
ai,sg,2021Q2,83809532,20210610,LENOVO SINGAPORE PTE LTD
ai,sg,2021Q2,83847783,20210429,ALIBABA INNOVATION PRIVATE LTD | ALIBABA SINGAPORE HOLDING PRIVATE LTD
ai,sg,2021Q2,84058252,20210616,CLOUD NETWORK TECH SINGAPORE PTE LTD
ai,sg,2021Q2,84102789,20210520,ALIBABA SINGAPORE HOLDING PRIVATE LTD
ai,sg,2021Q2,84104267,20210524,MPICS INNOVATIONS PTE LTD
ai,sg,2021Q2,84140324,20210531,SENSETIME INT PTE LTD
ai,sg,2021Q2,84140326,20210531,SENSETIME INT PTE LTD
ai,sg,2021Q2,84140327,20210625,SENSETIME INT PTE LTD
ai,sg,2021Q2,84390409,20210615,DATHENA SCIENCE PTE LTD
ai,sg,2021Q2,84424787,20210625,SENSETIME INT PTE LTD
ai,sg,2021Q2,84464081,20210617,REALTEK SINGAPORE PTE LTD
ai,sg,2021Q2,84489198,20210625,SENSETIME INT PTE LTD
ai,sg,2021Q2,84489273,20210622,QoreNext Pte Ltd
ai,sg,2021Q2,84489326,20210622,CONFIRMU PTE LTD
ai,sg,2021Q2,84490596,20210625,SENSETIME INT PTE LTD
ai,sg,2021Q2,84499751,20210628,SENSETIME INT PTE LTD
ai,sg,2021Q2,84527160,20210625,SENSETIME INT PTE LTD
ai,sg,2021Q2,84527163,20210628,SENSETIME INT PTE LTD
ai,sg,2021Q2,84527172,20210629,SENSETIME INT PTE LTD
ai,sg,2021Q2,84541776,20210629,LENOVO SINGAPORE PTE LTD
ai,sg,2021Q2,84542445,20210630,SENSETIME INT PTE LTD
ai,sg,2021Q2,84544579,20210621,ANOR TECH PTE LTD
ai,sg,2021Q2,84545463,20210625,SENSETIME INT PTE LTD
ai,sg,2021Q2,84545466,20210625,SENSETIME INT PTE LTD
ai,sg,2021Q2,84785503,20210630,LENOVO SINGAPORE PTE LTD
ai,sg,2021Q2,90245647,20210404,HYTTO PTE LTD
ai,sg,2021Q3,72658900,20210816,ANX IP HOLDING PTE LTD
ai,sg,2021Q3,73286541,20210806,BIGO TECH PTE LTD
ai,sg,2021Q3,73333878,20210917,ANX IP HOLDING PTE LTD
ai,sg,2021Q3,73472791,20210806,BIGO TECH PTE LTD
ai,sg,2021Q3,73473216,20210723,BIGO TECH PTE LTD
ai,sg,2021Q3,73516444,20210723,BIGO TECH PTE LTD
ai,sg,2021Q3,73610437,20210823,LEMON INC
ai,sg,2021Q3,73611476,20210820,LEMON INC
ai,sg,2021Q3,74423616,20210924,BIGO TECH PTE LTD
ai,sg,2021Q3,76999717,20210720,LEICA INSTR SINGAPORE PTE LTD
ai,sg,2021Q3,77316825,20210812,SIVANTOS PTE LTD
ai,sg,2021Q3,77338872,20210722,DIAN ZAHNG | KALE SUMEET | KARUNIA SANDY | ZHANG DIAN
ai,sg,2021Q3,77367264,20210816,SIVANTOS PTE LTD
ai,sg,2021Q3,77564137,20210708,SMITH & NEPHEW ASIA PACIFIC PTE LTD
ai,sg,2021Q3,77595439,20210901,HILL ROM SERVICES PTE LTD
ai,sg,2021Q3,77640689,20210824,LENOVO SINGAPORE PTE LTD
ai,sg,2021Q3,77923876,20210811,AMC FUTURE TECH PTE LTD
ai,sg,2021Q3,78049780,20210826,SMITH & NEPHEW ASIA PACIFIC PTE LTD
ai,sg,2021Q3,78135027,20210924,SPORTSCIENTIA PTE LTD
ai,sg,2021Q3,78222473,20210702,UNIV SINGAPORE TECHNOLOGY & DESIGN
ai,sg,2021Q3,78588360,20210926,SENSETIME INT PTE LTD
ai,sg,2021Q3,78608983,20210803,BRANE COGNITIVES PTE LTD
ai,sg,2021Q3,78727744,20210924,SENSETIME INT PTE LTD
ai,sg,2021Q3,78727745,20210913,SENSETIME INT PTE LTD
ai,sg,2021Q3,78825541,20210827,THINXTREAM TECH PTD LTD
ai,sg,2021Q3,78873895,20210928,SENSETIME INT PTE LTD
ai,sg,2021Q3,78873899,20210924,SENSETIME INT PTE LTD
ai,sg,2021Q3,78877394,20210809,BIGO TECH PTE LTD
ai,sg,2021Q3,78982719,20210928,SENSETIME INT PTE LTD
ai,sg,2021Q3,79291982,20210716,GREY ORANGE PTE LTD | GREYORANGE PTE LTD
ai,sg,2021Q3,79556144,20210715,UNIV SINGAPORE TECHNOLOGY & DESIGN
ai,sg,2021Q3,79729999,20210722,NAT UNIV SINGAPORE
ai,sg,2021Q3,80053725,20210926,SENSETIME INT PTE LTD
ai,sg,2021Q3,80115261,20210808,MARVELL ASIA PTE LTD
ai,sg,2021Q3,80120152,20210804,SURBANA JURONG PRIVATE LTD | UNIV NANYANG TECH
ai,sg,2021Q3,80120158,20210803,GRABTAXI HOLDINGS PTE LTD
ai,sg,2021Q3,80120159,20210730,CURIUM PTE LTD
ai,sg,2021Q3,80221807,20210902,EMAGE TOMO PTE LTD | Viralint Pte Ltd
ai,sg,2021Q3,80221813,20210826,EMAGE AI PTE LTD | EMAGE AL PTE LTD
ai,sg,2021Q3,80248220,20210811,NAT UNIV SINGAPORE
ai,sg,2021Q3,80249556,20210716,YIJIAHE SINGAPORE PTE LTD
ai,sg,2021Q3,80323229,20210817,COGNIUS AI PTE LTD
ai,sg,2021Q3,80352939,20210826,AGENCY SCIENCE TECH & RES | SINGAPORE HEALTH SERV PTE LTD
ai,sg,2021Q3,80353748,20210811,LEMON INC
ai,sg,2021Q3,80364107,20210928,SENSETIME INT PTE LTD
ai,sg,2021Q3,80492474,20210902,SINGAPORE HEALTH SERV PTE LTD | UNIV NANYANG TECH
ai,sg,2021Q3,80739814,20210924,GREY ORANGE PTE LTD
ai,sg,2021Q3,80788773,20210918,SINGAPORE MANAGEMENT UNIV
ai,sg,2021Q3,80847040,20210915,GRABTAXI HOLDINGS PTE LTD
ai,sg,2021Q3,80950753,20210830,LEMON INC
ai,sg,2021Q3,82655071,20210721,AVAGO TECH INT SALES PTE LID
ai,sg,2021Q3,82839154,20210708,AVAGO TECH INT SALES PTE LID
ai,sg,2021Q3,83196132,20210722,ALIPAY LABS SINGAPORE PTE LTD
ai,sg,2021Q3,83450497,20210825,CLOUD NETWORK TECH SINGAPORE PTE LTD
ai,sg,2021Q3,83946896,20210812,MEDIATEK SINGAPORE PTE LTD
ai,sg,2021Q3,84000643,20210930,LENOVO SINGAPORE PTE LTD
ai,sg,2021Q3,84500751,20210916,SENSETIME INT PTE LTD
ai,sg,2021Q3,84623084,20210930,HUIKE SINGAPORE HOLDING PTE LTD
ai,sg,2021Q3,84690782,20210913,SENSETIME INT PTE LTD
ai,sg,2021Q3,84706528,20210730,RAVI KAVITHA
ai,sg,2021Q3,84786195,20210701,LENOVO SINGAPORE PTE LTD
ai,sg,2021Q3,84799480,20210707,LENOVO SINGAPORE PTE LTD
ai,sg,2021Q3,84977443,20210726,LENOVO SINGAPORE PTE LTD
ai,sg,2021Q3,85037419,20210728,LENOVO SINGAPORE PTE LTD
ai,sg,2021Q3,85037733,20210729,LENOVO SINGAPORE PTE LTD
ai,sg,2021Q3,85037735,20210729,OPEN4SALE INT PTE LTD
ai,sg,2021Q3,85038809,20210728,LENOVO SINGAPORE PTE LTD
ai,sg,2021Q3,85039660,20210927,SENSETIME INT PTE LTD
ai,sg,2021Q3,85039661,20210927,SENSETIME INT PTE LTD
ai,sg,2021Q3,85132014,20210927,SENSETIME INT PTE LTD
ai,sg,2021Q3,85153224,20210805,LENOVO SINGAPORE PTE LTD
ai,sg,2021Q3,85229507,20210926,SENSETIME INT PTE LTD
ai,sg,2021Q3,85229508,20210927,SENSETIME INT PTE LTD
ai,sg,2021Q3,85240900,20210820,PWK HOLDINGS PTE LTD
ai,sg,2021Q3,85286865,20210831,RAPSODO PTE LTD
ai,sg,2021Q3,85287456,20210827,RAPSODO PTE LTD
ai,sg,2021Q3,85287932,20210827,RAPSODO PTE LTD
ai,sg,2021Q3,85322391,20210827,DIXTECH INNOVATION PTE LTD
ai,sg,2021Q3,85384724,20210818,Neerkoli Pte Ltd
ai,sg,2021Q3,85386557,20210831,RAPSODO PTE LTD
ai,sg,2021Q3,85478287,20210926,SENSETIME INT PTE LTD
ai,sg,2021Q3,85507422,20210924,SENSETIME INT PTE LTD
ai,sg,2021Q3,85572017,20210927,SENSETIME INT PTE LTD
ai,sg,2021Q3,85573010,20210927,SENSETIME INT PTE LTD
ai,sg,2021Q3,85601913,20210924,SENSETIME INT PTE LTD
ai,sg,2021Q3,85601917,20210926,SENSETIME INT PTE LTD
ai,sg,2021Q3,85601918,20210926,SENSETIME INT PTE LTD
ai,sg,2021Q3,85603324,20210917,DCONSTRUCT TECH PTE LTD
ai,sg,2021Q3,85719185,20210928,SENSETIME INT PTE LTD
ai,sg,2021Q3,85719321,20210927,SENSETIME INT PTE LTD
ai,sg,2021Q3,85719322,20210927,SENSETIME INT PTE LTD
ai,sg,2021Q3,85719323,20210926,SENSETIME INT PTE LTD
ai,sg,2021Q3,85719325,20210927,SENSETIME INT PTE LTD
ai,sg,2021Q3,85719326,20210927,SENSETIME INT PTE LTD
ai,sg,2021Q3,85719327,20210927,SENSETIME INT PTE LTD
ai,sg,2021Q3,85719329,20210927,SENSETIME INT PTE LTD
ai,sg,2021Q3,85719332,20210928,SENSETIME INT PTE LTD
ai,sg,2021Q3,85719333,20210928,SENSETIME INT PTE LTD
ai,sg,2021Q3,85783335,20210929,HALESIGHT PTE LTD
ai,sg,2021Q3,93931806,20210730,MARVELL ASIA PTE LTD
ai,sg,2021Q4,74330870,20211026,BIGO TECH PTE LTD
ai,sg,2021Q4,74363000,20211106,LEMON INC
ai,sg,2021Q4,74363718,20211106,LEMON INC
ai,sg,2021Q4,74427399,20211214,ANX IP HOLDING PTE LTD
ai,sg,2021Q4,74691946,20211203,BIGO TECH PTE LTD
ai,sg,2021Q4,74693014,20211116,LEMON INC
ai,sg,2021Q4,74773394,20211116,LEMON INC
ai,sg,2021Q4,74914662,20211122,LEMON INC
ai,sg,2021Q4,74979293,20211027,BIGO TECH PTE LTD
ai,sg,2021Q4,74979505,20211022,BIGO TECH PTE LTD
ai,sg,2021Q4,75033297,20211125,BIGO TECH PTE LTD
ai,sg,2021Q4,75325962,20211228,BIGO TECH PTE LTD
ai,sg,2021Q4,75363041,20211222,BIGO TECH PTE LTD
ai,sg,2021Q4,75505929,20211116,LEMON INC
ai,sg,2021Q4,75512434,20211222,BIGO TECH PTE LTD
ai,sg,2021Q4,75513512,20211228,BIGO TECH PTE LTD
ai,sg,2021Q4,75546610,20211224,BIGO TECH PTE LTD
ai,sg,2021Q4,75754059,20211227,BIGO TECH PTE LTD
ai,sg,2021Q4,77423498,20211029,SENSETIME INT PTE LTD
ai,sg,2021Q4,78332660,20211020,ADVANCED MEDTECH CORP PTE LTD
ai,sg,2021Q4,78414374,20211028,LEICA INSTR SINGAPORE PTE LTD
ai,sg,2021Q4,78463988,20211008,SMITH & NEPHEW ASIA PACIFIC PTE LTD
ai,sg,2021Q4,78516925,20211008,SMITH & NEPHEW ASIA PACIFIC PTE LTD
ai,sg,2021Q4,78676526,20211117,SIVANTOS PTE LTD
ai,sg,2021Q4,78676648,20211012,TRAX TECHNOLOGY SOLUTIONS PTE LTD
ai,sg,2021Q4,78825128,20211118,CREATIVE TECH LTD
ai,sg,2021Q4,79034803,20211021,CROWN DIGITAL PTE LTD
ai,sg,2021Q4,79185403,20211123,MARVELL ASIA PTE LTD
ai,sg,2021Q4,79289045,20211221,EVYD RES PRIVATE LIMITED
ai,sg,2021Q4,79927247,20211111,TRAX TECHNOLOGY SOLUTIONS PTE LTD
ai,sg,2021Q4,80116794,20211221,SENSETIME INT PTE LTD
ai,sg,2021Q4,80116795,20211221,SENSETIME INT PTE LTD
ai,sg,2021Q4,80116796,20211217,SENSETIME INT PTE LTD
ai,sg,2021Q4,80116797,20211221,SENSETIME INT PTE LTD
ai,sg,2021Q4,80116798,20211222,SENSETIME INT PTE LTD
ai,sg,2021Q4,80116799,20211221,SENSETIME INT PTE LTD
ai,sg,2021Q4,80116800,20211221,SENSETIME INT PTE LTD
ai,sg,2021Q4,80116801,20211222,SENSETIME INT PTE LTD
ai,sg,2021Q4,80116803,20211221,SENSETIME INT PTE LTD
ai,sg,2021Q4,80213682,20211222,SENSETIME INT PTE LTD
ai,sg,2021Q4,80270395,20211020,ITSEC ANALYTICS PTE LTD
ai,sg,2021Q4,80447570,20211210,MARVELL ASIA PTE LTD
ai,sg,2021Q4,80659075,20211222,SENSETIME INT PTE LTD
ai,sg,2021Q4,80818534,20211014,EMAGE VISION PTE LTD
ai,sg,2021Q4,80951935,20211001,CHEW KHIEN MEOW DAVID | CHEW RONG JIE DAVID | CHEW RONG QI PHOEBE
ai,sg,2021Q4,81077831,20211220,TRAX TECHNOLOGY SOLUTIONS PTE LTD
ai,sg,2021Q4,81127138,20211008,ROSS DIGITAL PTE LTD
ai,sg,2021Q4,81185136,20211221,SENSETIME INT PTE LTD
ai,sg,2021Q4,81185138,20211221,SENSETIME INT PTE LTD
ai,sg,2021Q4,81185329,20211221,SENSETIME INT PTE LTD
ai,sg,2021Q4,81185333,20211222,SENSETIME INT PTE LTD
ai,sg,2021Q4,81185347,20211221,SENSETIME INT PTE LTD
ai,sg,2021Q4,81185351,20211221,SENSETIME INT PTE LTD
ai,sg,2021Q4,81214567,20211110,SPACE PTE LTD
ai,sg,2021Q4,81291752,20211022,NEUROGLEE SCIENCE PTE LTD | NEUROGLEE THERAPEUTICS PTE LTD
ai,sg,2021Q4,81384493,20211026,UNIV NANYANG TECH
ai,sg,2021Q4,81407889,20211124,BIGO TECH PTE LTD
ai,sg,2021Q4,81458607,20211103,AGENCY SCIENCE TECH & RES | NAT UNIV SINGAPORE
ai,sg,2021Q4,81458611,20211104,ASTORIA SOLUTIONS PTE LTD
ai,sg,2021Q4,81458612,20211105,UNIV NANYANG TECH
ai,sg,2021Q4,81458618,20211109,NAT UNIV SINGAPORE
ai,sg,2021Q4,81586793,20211220,TRAX TECH SOLUTIOS PTE LTD | TRAX TECHNOLOGY SOLUTIONS PTE LTD
ai,sg,2021Q4,81602691,20211112,NAT UNIV SINGAPORE
ai,sg,2021Q4,81709888,20211103,UNIV NANYANG TECH
ai,sg,2021Q4,81756300,20211130,NAT UNIV SINGAPORE
ai,sg,2021Q4,81849093,20211208,LIGHTELLIGENCE PTE LTD
ai,sg,2021Q4,81849362,20211207,3D IM PTE LTD | GELENCSER ZOLTAN
ai,sg,2021Q4,81853994,20211203,DEFUGO TECH PTE LTD | DEFUGO TECHOLOGIES PTE LTD
ai,sg,2021Q4,81854930,20211203,NAT UNIV SINGAPORE
ai,sg,2021Q4,81942885,20211214,SMITH & NEPHEW ASIA PACIFIC PTE LTD
ai,sg,2021Q4,81974860,20211210,NAT UNIV SINGAPORE
ai,sg,2021Q4,82060120,20211206,NAT UNIV SINGAPORE
ai,sg,2021Q4,82136923,20211228,DELTA ELECTRONICS INTL SINGAPORE PTE LTD
ai,sg,2021Q4,82160166,20211221,NAT UNIV SINGAPORE
ai,sg,2021Q4,82358784,20211203,LIN WUJUAN | SETYAWAN LEONARDY
ai,sg,2021Q4,83018065,20211221,SENSETIME INT PTE LTD
ai,sg,2021Q4,83511297,20211217,SENSETIME INT PTE LTD
ai,sg,2021Q4,83602960,20211026,AMWISE DIAGNOSTICS PTE LTD
ai,sg,2021Q4,83994991,20211028,AVAGO TECH INT SALES PTE LID
ai,sg,2021Q4,84029498,20211109,BINARYFLUX PTE LTD
ai,sg,2021Q4,84361626,20211125,SIVANTOS PTE LTD
ai,sg,2021Q4,84363816,20211227,BELOUSSOV SERGUEI | Protasov Stanislav | STROGOV VLADIMIR
ai,sg,2021Q4,84426601,20211124,UNIV NANYANG TECH
ai,sg,2021Q4,84463225,20211214,LENOVO SINGAPORE PTE LTD | LENOVO SINGAPORE PTE LTD NEW TECH PARK
ai,sg,2021Q4,84463268,20211214,LENOVO SINGAPORE PTE LTD | LENOVO SINGAPORE PTE LTD NEW TECH PARK
ai,sg,2021Q4,84535902,20211213,UNIV NANYANG TECH
ai,sg,2021Q4,84724671,20211230,DELTA ELECTRONICS INTL SINGAPORE PTE LTD | UNIV NANYANG TECH
ai,sg,2021Q4,84887673,20211220,LENOVO SINGAPORE PTE LTD
ai,sg,2021Q4,84901259,20211124,LENOVO SINGAPORE PTE LTD
ai,sg,2021Q4,84922764,20211109,LENOVO SINGAPORE PTE LTD
ai,sg,2021Q4,85774113,20211006,LEAN STATION PTE LTD
ai,sg,2021Q4,85803942,20211130,GENERAL SYSTEMS SG PTE LTD
ai,sg,2021Q4,85804594,20211008,AGENCY SCIENCE TECH & RES
ai,sg,2021Q4,86056894,20211026,EDGECORTIX PTE LTD
ai,sg,2021Q4,86145283,20211028,LENOVO SINGAPORE PTE LTD
ai,sg,2021Q4,86147089,20211028,RAKUTEN ASIA PTE LTD
ai,sg,2021Q4,86229240,20211108,HYTTO PTE LTD
ai,sg,2021Q4,86323467,20211116,LENOVO SINGAPORE PTE LTD
ai,sg,2021Q4,86323818,20211115,LENOVO SINGAPORE PTE LTD
ai,sg,2021Q4,86323913,20211118,LENOVO SINGAPORE PTE LTD
ai,sg,2021Q4,86607902,20211202,LENOVO SINGAPORE PTE LTD
ai,sg,2021Q4,86692259,20211223,REALTEK SINGAPORE PRIVATE LTD | REALTEK SINGAPORE PTE LTD
ai,sg,2021Q4,86729715,20211207,SABIC SK NEXLENE COMPANY PTE LTD
ai,sg,2021Q4,86729722,20211217,SENSETIME INT PTE LTD
ai,sg,2021Q4,86768727,20211217,LENOVO SINGAPORE PTE LTD
ai,sg,2021Q4,86769313,20211221,LENOVO SINGAPORE PTE LTD
ai,sg,2021Q4,86773715,20211221,EVYD RES PRIVATE LIMITED
ai,sg,2021Q4,86773718,20211221,EVYD RES PRIVATE LIMITED
ai,sg,2021Q4,86896327,20211223,LENOVO SINGAPORE PTE LTD
ai,sg,2021Q4,86896904,20211225,LENOVO SINGAPORE PTE LTD
ai,sg,2021Q4,86897839,20211227,BELOUSSOV SERGUEI | Protasov Stanislav | STROGOV VLADIMIR
ai,sg,2021Q4,86901429,20211222,SENSETIME INT PTE LTD
ai,sg,2021Q4,86946142,20211222,NAT UNIV SINGAPORE
ai,sg,2021Q4,91196873,20211026,MARVELL ASIA PTE LTD
ai,sg,2022Q1,67685293,20220314,MARVELL ASIA PTE LTD
ai,sg,2022Q1,75457394,20220105,BIGO TECH PTE LTD
ai,sg,2022Q1,75548274,20220104,BIGO TECH PTE LTD
ai,sg,2022Q1,75591231,20220105,BIGO TECH PTE LTD
ai,sg,2022Q1,75652157,20220111,BIGO TECH PTE LTD
ai,sg,2022Q1,75690765,20220215,BIGO TECH PTE LTD
ai,sg,2022Q1,75701405,20220110,BIGO TECH PTE LTD | ZHANG JIANNING
ai,sg,2022Q1,75859172,20220119,BIGO TECH PTE LTD
ai,sg,2022Q1,75860591,20220128,BIGO TECH PTE LTD
ai,sg,2022Q1,75864970,20220128,BIGO TECH PTE LTD
ai,sg,2022Q1,75986200,20220128,BIGO TECH PTE LTD
ai,sg,2022Q1,76124096,20220218,LEMON INC
ai,sg,2022Q1,76244962,20220131,LEMON INC
ai,sg,2022Q1,76513877,20220315,ANX IP HOLDING PTE LTD
ai,sg,2022Q1,77274568,20220323,AMS OSRAM ASIA PACIFIC PTE LTD
ai,sg,2022Q1,79193087,20220331,LIBIAO ROBOTICS HOLDINGS PTE LTD
ai,sg,2022Q1,80034822,20220105,CAMBRIDGE CENTRE FOR ADVANCED RES AND EDUCATION IN SINGAPORE LTD
ai,sg,2022Q1,80123285,20220106,SMITH & NEPHEW ASIA PACIFIC PTE LTD
ai,sg,2022Q1,80623465,20220128,ResMed Asia Pte Ltd
ai,sg,2022Q1,80682391,20220216,LEICA INSTR SINGAPORE PTE LTD
ai,sg,2022Q1,80738783,20220125,MARVELL ASIA PTE LTD
ai,sg,2022Q1,80953459,20220303,LEICA INSTR SINGAPORE PTE LTD
ai,sg,2022Q1,81926044,20220202,LENOVO SINGAPORE PTE LTD
ai,sg,2022Q1,82358783,20220104,ANR DESIGN ENG PTE LTD
ai,sg,2022Q1,82405228,20220106,MEDIATEK SINGAPORE PTE LTD
ai,sg,2022Q1,82406132,20220117,Meridian Innovation Pte Ltd | VIZZIO TECH PTE LTD
ai,sg,2022Q1,82549190,20220119,SINGAPORE HEALTH SERV PTE LTD | UNIV NANYANG TECH
ai,sg,2022Q1,82623488,20220125,LEMON INC
ai,sg,2022Q1,82742574,20220204,UNIV SINGAPORE TECHNOLOGY & DESIGN
ai,sg,2022Q1,82742581,20220204,SILVER FACTORY TECH PTE LTD | UNIV NANYANG TECH
ai,sg,2022Q1,82837498,20220113,ALIPAY LABS SINGAPORE PTE LTD
ai,sg,2022Q1,82900806,20220222,CAPILLARY PTE LTD
ai,sg,2022Q1,82932305,20220217,NAT UNIV SINGAPORE
ai,sg,2022Q1,83006704,20220225,LEMON INC
ai,sg,2022Q1,83050168,20220222,NAT UNIV SINGAPORE
ai,sg,2022Q1,83117189,20220303,LEMON INC
ai,sg,2022Q1,83155522,20220228,NAT UNIV SINGAPORE
ai,sg,2022Q1,83155642,20220209,GRABTAXI HOLDINGS PTE LTD
ai,sg,2022Q1,83188042,20220321,LENOVO SINGAPORE PTE LTD
ai,sg,2022Q1,83228525,20220308,REAL ESTATE ANALYTICS PTE LTD
ai,sg,2022Q1,83322375,20220317,UNIV NANYANG TECH
ai,sg,2022Q1,83322377,20220317,UNIV NANYANG TECH
ai,sg,2022Q1,83365741,20220321,TEAMSOLVE PTE LTD
ai,sg,2022Q1,83398093,20220123,GRABTAXI HOLDINGS PTE LTD
ai,sg,2022Q1,83398096,20220321,SINGAPORE MANAGEMENT UNIV
ai,sg,2022Q1,83459986,20220329,AI PALETTE PTE LTD
ai,sg,2022Q1,83459989,20220329,AGENCY SCIENCE TECH & RES
ai,sg,2022Q1,83459994,20220330,EMO TECH PTE LTD
ai,sg,2022Q1,83723735,20220217,QUANTIFIED ENERGY LABS PTE LTD
ai,sg,2022Q1,83848506,20220316,AES GLOBAL HOLDINGS PTE LTD
ai,sg,2022Q1,83948775,20220316,LENOVO SINGAPORE PTE LTD
ai,sg,2022Q1,84193645,20220120,HYTTO PTE LTD
ai,sg,2022Q1,84723464,20220216,DELTA ELECTRONICS INTL SINGAPORE PTE LTD | UNIV NANYANG TECH
ai,sg,2022Q1,84888541,20220128,AVAGO TECH INT SALES PTE LID
ai,sg,2022Q1,84888565,20220127,AVAGO TECH INT SALES PTE LID
ai,sg,2022Q1,85199406,20220224,SIVANTOS PTE LTD
ai,sg,2022Q1,85240951,20220121,RAKUTEN SYMPHONY SINGAPORE PTE LTD
ai,sg,2022Q1,85240953,20220121,RAKUTEN SYMPHONY SINGAPORE PTE LTD
ai,sg,2022Q1,85240956,20220121,RAKUTEN SYMPHONY SINGAPORE PTE LTD
ai,sg,2022Q1,85415283,20220307,SIVANTOS PTE LTD
ai,sg,2022Q1,85781419,20220130,SENSETIME INT PTE LTD
ai,sg,2022Q1,85781420,20220130,SENSETIME INT PTE LTD
ai,sg,2022Q1,87069200,20220107,LENOVO SINGAPORE PTE LTD
ai,sg,2022Q1,87162052,20220114,LENOVO SINGAPORE PTE LTD
ai,sg,2022Q1,87348634,20220124,LAN LAN | LIN WUJUAN
ai,sg,2022Q1,87348690,20220118,AGENCY SCIENCE TECH & RES | UNIV NANYANG TECH
ai,sg,2022Q1,87558294,20220216,LENOVO SINGAPORE PTE LTD
ai,sg,2022Q1,87558933,20220217,LENOVO SINGAPORE PTE LTD
ai,sg,2022Q1,87850855,20220304,OPSIS PTE LTD
ai,sg,2022Q1,87850888,20220307,MEDIATEK SINGAPORE PTE LTD
ai,sg,2022Q1,88067210,20220317,LENOVO SINGAPORE PET LTD
ai,sg,2022Q1,88067607,20220316,LENOVO SINGAPORE PET LTD | LENOVO SINGAPORE PTE LTD
ai,sg,2022Q1,88067693,20220318,LENOVO SINGAPORE PTE LTD
ai,sg,2022Q1,88067709,20220321,LENOVO SINGAPORE PTE LTD
ai,sg,2022Q1,88096239,20220324,LENOVO SINGAPORE PTE LTD
ai,sg,2022Q1,88096862,20220324,LENOVO SINGAPORE PTE LTD
ai,sg,2022Q1,88192679,20220331,LENOVO SINGAPORE PTE LTD
ai,sg,2022Q1,88700930,20220106,SKYWORKS GLOBAL PTE LTD
ai,sg,2022Q1,90928735,20220302,MARVELL ASIA PTE LTD
ai,sg,2022Q1,92936249,20220202,MARVELL ASIA PTE LTD
ai,sg,2022Q2,76377597,20220421,AMS OSRAM ASIA PACIFIC PTE LTD | AMS SENSORS SINGAPORE PTE LTD
ai,sg,2022Q2,76380803,20220512,VISIOTECH VENTURES PTE LTD
ai,sg,2022Q2,76876029,20220617,ANX IP HOLDING PTE LTD | ANXIP HOLDING PTE LTD
ai,sg,2022Q2,76986229,20220428,LEMON INC
ai,sg,2022Q2,76986370,20220428,LEMON INC
ai,sg,2022Q2,77188904,20220622,ANX IP HOLDING PTE LTD
ai,sg,2022Q2,77320443,20220425,BIGO TECH PTE LTD
ai,sg,2022Q2,77324202,20220516,BIGO TECH PTE LTD
ai,sg,2022Q2,77353922,20220628,AMS OSRAM ASIA PACIFIC PTE LTD
ai,sg,2022Q2,77533545,20220525,BIGO TECH PTE LTD
ai,sg,2022Q2,77574848,20220530,BIGO TECH PTE LTD
ai,sg,2022Q2,77716513,20220510,LEMON INC
ai,sg,2022Q2,78064211,20220428,ALIBABA SINGAPORE HOLDING PRIVATE LTD
ai,sg,2022Q2,78065017,20220429,ALIBABA SINGAPORE HOLDING PRIVATE LTD
ai,sg,2022Q2,78124821,20220603,ALIBABA SINGAPORE HOLDING PRIVATE LTD
ai,sg,2022Q2,79464626,20220405,NAT UNIV SINGAPORE
ai,sg,2022Q2,80456608,20220405,NAT UNIV SINGAPORE
ai,sg,2022Q2,80796260,20220405,NAT UNIV SINGAPORE
ai,sg,2022Q2,81213552,20220401,LENOVO SINGAPORE PTE LTD
ai,sg,2022Q2,81326101,20220418,UST GLOBAL SINGAPORE PTE LTD
ai,sg,2022Q2,81389189,20220406,UNIV NANYANG TECH
ai,sg,2022Q2,81448353,20220412,UNIV NANYANG TECH
ai,sg,2022Q2,81595714,20220414,UNIV NANYANG TECH
ai,sg,2022Q2,81595843,20220407,LEICA INSTR SINGAPORE PTE LTD
ai,sg,2022Q2,81595874,20220414,UNIV NANYANG TECH
ai,sg,2022Q2,81748982,20220504,DH TECHNOLOGIES DEV PTE LTD
ai,sg,2022Q2,81750445,20220503,TRAX TECHNOLOGY SOLUTIONS PTE LTD
ai,sg,2022Q2,81750583,20220505,X ZELL BIOTECH PTE LTD
ai,sg,2022Q2,82016208,20220510,LENOVO SINGAPORE PTE LTD
ai,sg,2022Q2,82319837,20220607,UNIV NANYANG TECH
ai,sg,2022Q2,82321667,20220609,UNIV NANYANG TECH
ai,sg,2022Q2,82608314,20220628,MEDIATEK SINGAPORE PTE LTD
ai,sg,2022Q2,83546653,20220407,UNIV NANYANG TECH
ai,sg,2022Q2,83546654,20220408,NAT UNIV SINGAPORE
ai,sg,2022Q2,83723731,20220422,UNIV NANYANG TECH
ai,sg,2022Q2,83723733,20220421,UNIV NANYANG TECH
ai,sg,2022Q2,83723743,20220420,MESH BIO PTE LTD
ai,sg,2022Q2,83848882,20220426,UNIV NANYANG TECH
ai,sg,2022Q2,83848885,20220428,NAT UNIV SINGAPORE
ai,sg,2022Q2,83848886,20220428,UNIV NANYANG TECH
ai,sg,2022Q2,83853684,20220504,LEMON INC
ai,sg,2022Q2,83853873,20220504,LEMON INC
ai,sg,2022Q2,83854333,20220502,ENSIGN INFOSECURITY PTE LTD
ai,sg,2022Q2,83903025,20220520,GROUP IB GLOBAL PRIVATE LTD
ai,sg,2022Q2,83997914,20220513,AON GLOBAL OPERATIONS SE SINGAPORE BRANCH
ai,sg,2022Q2,84029747,20220414,LEMON INC
ai,sg,2022Q2,84029905,20220510,NAT UNIV SINGAPORE
ai,sg,2022Q2,84029909,20220512,GRABTAXI HOLDINGS PTE LTD
ai,sg,2022Q2,84029912,20220513,NAT UNIV SINGAPORE
ai,sg,2022Q2,84029913,20220512,UNIV NANYANG TECH
ai,sg,2022Q2,84103790,20220510,ALIBABA SINGAPORE HOLDING PRIVATE LTD
ai,sg,2022Q2,84103989,20220502,LYNX ANALYTICS PTE LTD
ai,sg,2022Q2,84104009,20220510,ALIBABA INNOVATION PRIVATE LTD | ALIBABA SINGAPORE HOLDING PRIVATE LTD
ai,sg,2022Q2,84141978,20220510,GRABTAXI HOLDINGS PTE LTD
ai,sg,2022Q2,84141980,20220506,GARENA ONLINE PRIVATE LTD | SHOPEE IP SINGAPORE PRIVATE LTD
ai,sg,2022Q2,84155683,20220516,ALIBABA INNOVATION PRIVATE LTD
ai,sg,2022Q2,84157483,20220526,MARVELL ASIA PTE LTD
ai,sg,2022Q2,84193261,20220525,VIZZIO TECH PTE LTD
ai,sg,2022Q2,84284632,20220510,LEMON INC
ai,sg,2022Q2,84284665,20220510,LEMON INC
ai,sg,2022Q2,84294668,20220510,LEMON INC
ai,sg,2022Q2,84325023,20220510,LEMON INC
ai,sg,2022Q2,84389814,20220523,LEMON INC
ai,sg,2022Q2,84390414,20220524,LEMON INC
ai,sg,2022Q2,84390873,20220610,VIZZIO TECH PTE LTD
ai,sg,2022Q2,84490230,20220608,YARDSTICK PTE LTD
ai,sg,2022Q2,84490582,20220510,LEMON INC
ai,sg,2022Q2,84490594,20220511,LEMON INC
ai,sg,2022Q2,84492900,20220610,MEDIATEK SINGAPORE PTE LTD
ai,sg,2022Q2,84527674,20220610,UNIV NANYANG TECH
ai,sg,2022Q2,84546005,20220621,LEMON INC
ai,sg,2022Q2,84546015,20220509,GRABTAXI HOLDINGS PTE LTD
ai,sg,2022Q2,84689980,20220509,LEMON INC
ai,sg,2022Q2,84693374,20220602,LENOVO SINGAPORE PTE LTD
ai,sg,2022Q2,84706475,20220628,NAT UNIV SINGAPORE
ai,sg,2022Q2,84706477,20220628,GRABTAXI HOLDINGS PTE LTD
ai,sg,2022Q2,84706486,20220610,NAT UNIV SINGAPORE
ai,sg,2022Q2,84706488,20220610,NAT UNIV SINGAPORE
ai,sg,2022Q2,84706531,20220606,NAT UNIV SINGAPORE
ai,sg,2022Q2,84706533,20220525,GRABTAXI HOLDINGS PTE LTD
ai,sg,2022Q2,84976458,20220613,LEMON INC
ai,sg,2022Q2,84980591,20220630,AGENCY SCIENCE TECH & RES
ai,sg,2022Q2,85037455,20220506,LEMON INC
ai,sg,2022Q2,85037582,20220506,LEMON INC
ai,sg,2022Q2,85037660,20220513,LEMON INC
ai,sg,2022Q2,85037807,20220524,LEMON INC
ai,sg,2022Q2,85037942,20220518,LEMON INC
ai,sg,2022Q2,85038396,20220602,LEMON INC
ai,sg,2022Q2,85038596,20220510,LEMON INC
ai,sg,2022Q2,85044167,20220510,LEMON INC
ai,sg,2022Q2,85413165,20220527,GARENA ONLINE PRIVATE LTD
ai,sg,2022Q2,87558666,20220505,LITE ON SINGAPORE PTE LTD
ai,sg,2022Q2,88240573,20220411,ASMPT SINGAPORE PTE LTD
ai,sg,2022Q2,88330065,20220415,RAKUTEN SYMPHONY SINGAPORE PTE LTD
ai,sg,2022Q2,88330068,20220415,RAKUTEN SYMPHONY SINGAPORE PTE LTD
ai,sg,2022Q2,88519473,20220426,RAKUTEN SYMPHONY SINGAPORE PTE LTD
ai,sg,2022Q2,88666892,20220512,LENOVO SINGAPORE PTE LTD
ai,sg,2022Q2,88698628,20220512,LENOVO SINGAPORE PTE LTD
ai,sg,2022Q2,88700288,20220510,LENOVO SINGAPORE PTE LTD
ai,sg,2022Q2,88792675,20220630,VALDIMIR PTE LTD
ai,sg,2022Q2,88919706,20220523,RAKUTEN SYMPHONY SINGAPORE PTE LTD
ai,sg,2022Q2,88919770,20220526,RAKUTEN SYMPHONY SINGAPORE PTE LTD
ai,sg,2022Q2,89169119,20220616,LENOVO SINGAPORE PTE LTD
ai,sg,2022Q2,89169836,20220621,LENOVO SINGAPORE PTE LTD
ai,sg,2022Q2,89324626,20220610,OXTI PTE LTD
ai,sg,2022Q2,89324629,20220610,OXTI PTE LTD
ai,sg,2022Q2,89433257,20220630,LENOVO SINGAPORE PTE LTD
ai,sg,2022Q2,89433309,20220629,MEDIATEK SINGAPORE PTE LTD
ai,sg,2022Q2,89433384,20220630,LENOVO SINGAPORE PTE LTD
ai,sg,2022Q2,94176150,20220518,MARVELL ASIA PTE LTD
ai,sg,2022Q3,73315043,20220809,WIZ HOLDINGS PTE LTD
ai,sg,2022Q3,77540947,20220719,AMS OSRAM ASIA PACIFIC PTE LTD
ai,sg,2022Q3,78305622,20220726,ENVISION DIGITAL INT PTE LTD
ai,sg,2022Q3,78308687,20220815,LEMON INC
ai,sg,2022Q3,78339861,20220802,LEMON INC
ai,sg,2022Q3,78583934,20220826,ENVISION DIGITAL INT PTE LTD
ai,sg,2022Q3,78656252,20220715,LEMON INC
ai,sg,2022Q3,78681156,20220715,LEMON INC
ai,sg,2022Q3,78878696,20220823,LEMON INC
ai,sg,2022Q3,80205598,20220930,BIGO TECH PTE LTD
ai,sg,2022Q3,82656341,20220707,LENOVO SINGAPORE PTE LTD
ai,sg,2022Q3,82898936,20220728,DH TECHNOLOGIES DEV PTE LTD
ai,sg,2022Q3,82899355,20220810,LEICA INSTR SINGAPORE PTE LTD
ai,sg,2022Q3,83114625,20220804,SUNIA PTE LTD | SUNIA PTE LTD SINGAPORE
ai,sg,2022Q3,83355383,20220915,LEICA INSTR SINGAPORE PTE LTD
ai,sg,2022Q3,83508829,20220909,DH TECHNOLOGIES DEV PTE LTD
ai,sg,2022Q3,83546962,20220912,LENOVO SINGAPORE PTE LTD
ai,sg,2022Q3,84388120,20220919,LEICA INSTR SINGAPORE PTE LTD
ai,sg,2022Q3,84540047,20220713,UNIV NANYANG TECH
ai,sg,2022Q3,84802140,20220707,SINGAPORE UNIV OF TECHNOLOGY & DESIGN | UNIV SINGAPORE TECHNOLOGY & DESIGN
ai,sg,2022Q3,84855225,20220714,LEMON INC
ai,sg,2022Q3,84890786,20220919,MARVELL ASIA PTE LTD
ai,sg,2022Q3,84891098,20220706,UNIV NANYANG TECH
ai,sg,2022Q3,85088218,20220719,UNIV NANYANG TECH
ai,sg,2022Q3,85153074,20220726,LEMON INC
ai,sg,2022Q3,85177122,20220726,LEMON INC
ai,sg,2022Q3,85212993,20220721,MEDIATEK SINGAPORE PTE LTD
ai,sg,2022Q3,85290141,20220818,LEMON INC
ai,sg,2022Q3,85323516,20220826,NAT UNIV SINGAPORE | UNIV NANYANG TECH
ai,sg,2022Q3,85479456,20220818,AIRES INVESTMENT HOLDINGS PRIVATE LTD
ai,sg,2022Q3,85571945,20220922,HYTTO PTE LTD
ai,sg,2022Q3,85706522,20220927,LEMON INC
ai,sg,2022Q3,85706539,20220928,LEMON INC
ai,sg,2022Q3,85721345,20220916,LEMON INC
ai,sg,2022Q3,85775741,20220927,TEAMSOLVE PTE LTD
ai,sg,2022Q3,85797112,20220928,LEMON INC
ai,sg,2022Q3,85798684,20220831,BITWAVE PTE LTD
ai,sg,2022Q3,85981733,20220929,LEMON INC
ai,sg,2022Q3,85982313,20220929,LEMON INC
ai,sg,2022Q3,86397976,20220916,GRABTAXI HOLDINGS PTE LTD
ai,sg,2022Q3,86543694,20220808,NAT UNIV SINGAPORE
ai,sg,2022Q3,87036173,20220728,AVAGO TECH INT SALES PTE LID
ai,sg,2022Q3,87315097,20220812,LENOVO SINGAPORE PTE LTD
ai,sg,2022Q3,87377931,20220728,AVAGO TECH INT SALES PTE LID
ai,sg,2022Q3,87567156,20220804,UNIV NANYANG TECH
ai,sg,2022Q3,87852117,20220914,SUNIA | SUNIA PTE LTD | SUNIAPTE LTD
ai,sg,2022Q3,88195772,20220923,AI SEER PTE LTD | AL SEER PTE LTD
ai,sg,2022Q3,88308207,20220802,UST GLOBAL SINGAPORE PTE LTD
ai,sg,2022Q3,89453889,20220705,RAKUTEN SYMPHONY SINGAPORE PTE LTD
ai,sg,2022Q3,89475671,20220714,SUNIA PTE LTD
ai,sg,2022Q3,89508115,20220721,AVAGO TECH INT SALES PTE LID
ai,sg,2022Q3,89509420,20220714,LENOVO SINGAPORE PTE LTD
ai,sg,2022Q3,89510250,20220714,HUIKE SINGAPORE HOLDING PTE LTD
ai,sg,2022Q3,89617233,20220721,EVYD TECH LIMITED
ai,sg,2022Q3,89624507,20220728,LENOVO SINGAPORE PTE LTD
ai,sg,2022Q3,89707094,20220727,RAKUTEN SYMPHONY SINGAPORE PTE LTD
ai,sg,2022Q3,89769137,20220805,MATERCARD ASIA/PACIFIC PTE LTD
ai,sg,2022Q3,89844236,20220829,UNIV NANYANG TECH
ai,sg,2022Q3,89844398,20220829,AVAGO TECH INT SALES PTE LID
ai,sg,2022Q3,89848583,20220801,EVYD TECH LIMITED
ai,sg,2022Q3,89995474,20220823,LENOVO SINGAPORE PTE LTD
ai,sg,2022Q3,90012641,20220824,EVYD TECH LIMITED
ai,sg,2022Q3,90012644,20220824,EVYD TECH LIMITED
ai,sg,2022Q3,90012645,20220824,EVYD TECH LIMITED
ai,sg,2022Q3,90061454,20220907,LENOVO SINGAPORE PTE LTD
ai,sg,2022Q3,90140892,20220914,LENOVO SINGAPORE PTE LTD
ai,sg,2022Q3,90141061,20220912,LENOVO SINGAPORE PTE LTD
ai,sg,2022Q3,90141528,20220913,HUIKE SINGAPORE HOLDING PTE LTD
ai,sg,2022Q3,90141559,20220914,LENOVO SINGAPORE PTE LTD
ai,sg,2022Q3,90274050,20220913,HUIKE SINGAPORE HOLDING PTE LTD
ai,sg,2022Q3,90359468,20220926,LENOVO SINGAPORE PTE LTD
ai,sg,2022Q3,90478870,20220930,RAKUTEN SYMPHONY SINGAPORE PTE LTD
ai,sg,2022Q4,79466512,20221025,BIGO TECH PTE LTD
ai,sg,2022Q4,79930375,20221011,LEMON INC
ai,sg,2022Q4,80273012,20221116,BIGO TECH PTE LTD
ai,sg,2022Q4,80273018,20221116,BIGO TECH PTE LTD
ai,sg,2022Q4,80303172,20221003,LEMON INC
ai,sg,2022Q4,80383854,20221104,LEMON INC
ai,sg,2022Q4,80458358,20221107,LEMON INC
ai,sg,2022Q4,80761226,20221214,LEMON INC
ai,sg,2022Q4,80797847,20221222,LEMON INC
ai,sg,2022Q4,81054746,20221220,BIGO TECH PTE LTD
ai,sg,2022Q4,81359067,20221125,ALIBABA INNOVATION PRIVATE LTD
ai,sg,2022Q4,83899402,20221005,DH TECHNOLOGIES DEV PTE LTD
ai,sg,2022Q4,83995617,20221007,MARVELL ASIA PTE LTD
ai,sg,2022Q4,84053246,20221004,SMITH & NEPHEW ASIA PACIFIC PTE LTD
ai,sg,2022Q4,84192324,20221026,SUNIA PTE LTD
ai,sg,2022Q4,84387517,20221229,LENOVO SINGAPORE PTE LTD
ai,sg,2022Q4,84388387,20221110,SUNIA PTE LTD
ai,sg,2022Q4,84627473,20221117,SMITH & NEPHEW ASIA PACIFIC PTE LTD
ai,sg,2022Q4,84818484,20221020,UNIV NANYANG TECH
ai,sg,2022Q4,84839575,20221107,UNIV NANYANG TECH
ai,sg,2022Q4,84887391,20221213,WISTA LAB LTD
ai,sg,2022Q4,84888958,20221117,UNIV NANYANG TECH
ai,sg,2022Q4,85151334,20221107,LENOVO SINGAPORE PTE LTD
ai,sg,2022Q4,85224917,20221109,LENOVO SINGAPORE PTE LTD
ai,sg,2022Q4,85981132,20221019,MOOVITA PTE LTD
ai,sg,2022Q4,85982837,20221221,POINT ROBOTICS SINGAPORE PTE LTD
ai,sg,2022Q4,85987979,20221011,RADWISP PTE LTD
ai,sg,2022Q4,86059758,20221021,NAT UNIV SINGAPORE
ai,sg,2022Q4,86059759,20221014,GRABTAXI HOLDINGS PTE LTD
ai,sg,2022Q4,86059763,20221021,UNIV NANYANG TECH
ai,sg,2022Q4,86072799,20221021,LEMON INC
ai,sg,2022Q4,86089925,20221021,LEMON INC
ai,sg,2022Q4,86147242,20221101,AES GLOBAL HOLDINGS PTE LTD
ai,sg,2022Q4,86160647,20221025,NAT UNIV SINGAPORE
ai,sg,2022Q4,86177450,20221010,LEMON INC
ai,sg,2022Q4,86228432,20221104,LEMON INC
ai,sg,2022Q4,86228609,20221107,LEMON INC
ai,sg,2022Q4,86229897,20221025,LEMON INC
ai,sg,2022Q4,86242264,20221020,GRABTAXI HOLDINGS PTE LTD
ai,sg,2022Q4,86323953,20221103,LEMON INC
ai,sg,2022Q4,86332433,20221006,LENOVO SINGAPORE PTE LTD
ai,sg,2022Q4,86334339,20221118,LEMON INC
ai,sg,2022Q4,86337337,20221111,NAT UNIV SINGAPORE
ai,sg,2022Q4,86337340,20221109,NAT UNIV SINGAPORE
ai,sg,2022Q4,86356830,20221118,LEMON INC
ai,sg,2022Q4,86384016,20221104,LEMON INC
ai,sg,2022Q4,86397981,20221118,SINGAPORE HEALTH SERV PTE LTD | UNIV NANYANG TECH
ai,sg,2022Q4,86397982,20221118,NAT UNIV SINGAPORE
ai,sg,2022Q4,86500357,20221107,LEMON INC
ai,sg,2022Q4,86540471,20221121,SURBANA JURONG PTE LTD | UNIV NANYANG TECH
ai,sg,2022Q4,86540476,20221123,AGENCY SCIENCE TECH & RES
ai,sg,2022Q4,86540482,20221121,GRABTAXI HOLDINGS PTE LTD
ai,sg,2022Q4,86613198,20221122,GRABTAXI HOLDINGS PTE LTD
ai,sg,2022Q4,86613208,20221121,GRABTAXI HOLDINGS PTE LTD
ai,sg,2022Q4,86695599,20221017,LENOVO SINGAPORE PTE LTD
ai,sg,2022Q4,86731421,20221202,GRABTAXI HOLDINGS PTE LTD
ai,sg,2022Q4,86731422,20221205,AGENCY SCIENCE TECH & RES
ai,sg,2022Q4,86731427,20221201,EM2AI Pte Ltd | Q & M DENTAL GROUP SINGAPORE LTD
ai,sg,2022Q4,86768428,20221125,LEMON INC
ai,sg,2022Q4,86768737,20221123,LEMON INC
ai,sg,2022Q4,86775364,20221212,GRABTAXI HOLDINGS PTE LTD
ai,sg,2022Q4,86780279,20221010,AAC TECHNOLOGIES PTE LTD
ai,sg,2022Q4,86903848,20221215,GRABTAXI HOLDINGS PTE LTD
ai,sg,2022Q4,86903849,20221221,GRABTAXI HOLDINGS PTE LTD
ai,sg,2022Q4,87000406,20221227,LEMON INC
ai,sg,2022Q4,87000408,20221227,GRABTAXI HOLDINGS PTE LTD
ai,sg,2022Q4,87161979,20221228,LEMON INC
ai,sg,2022Q4,87278491,20221212,GRABTAXI HOLDINGS PTE LTD
ai,sg,2022Q4,87522344,20221004,HEHEALTH PTE LTD
ai,sg,2022Q4,88731421,20221124,SIVANTOS PTE LTD
ai,sg,2022Q4,89121882,20221207,AVAGO TECH INT SALES PTE LID
ai,sg,2022Q4,89222735,20221214,UNIV NANYANG TECH
ai,sg,2022Q4,89847665,20221012,UNIV NANYANG TECH
ai,sg,2022Q4,90607906,20221007,LENOVO SINGAPORE PTE LTD
ai,sg,2022Q4,90625977,20221130,1BSTORIES PTE LTD
ai,sg,2022Q4,90738086,20221018,RAKUTEN SYMPHONY SINGAPORE PTE LTD
ai,sg,2022Q4,90929429,20221104,MEDIATEK SINGAPORE PTE LTD
ai,sg,2022Q4,91033852,20221027,MARVELL ASIA PTE LTD
ai,sg,2022Q4,91079837,20221122,UST GLOBAL SINGAPORE PTE LTD
ai,sg,2022Q4,91083419,20221117,DEEPGREEN ENG PTE LTD
ai,sg,2022Q4,91196022,20221124,LENOVO SINGAPORE PTE LTD
ai,sg,2022Q4,91281578,20221013,SUNIA PTE LTD
ai,sg,2022Q4,91448022,20221216,DELTA ELECTRONICS INTL SINGAPORE PTE LTD | UNIV NANYANG TECH
ai,sg,2022Q4,92899600,20221026,MARVELL ASIA PTE LTD
ai,sg,2022Q4,93123313,20221014,MARVELL ASIA PTE LTD
ai,sg,2023Q1,80069628,20230106,ANX IP HOLDING PTE LTD
ai,sg,2023Q1,81094825,20230310,CLOUD INTELLIGENCE ASSETS HOLDING SINGAPORE PRIVATE LTD
ai,sg,2023Q1,81264581,20230315,CLOUD INTELLIGENCE ASSETS HOLDING SINGAPORE PRIVATE LTD
ai,sg,2023Q1,81596800,20230202,LEMON INC
ai,sg,2023Q1,81674728,20230210,LEMON INC
ai,sg,2023Q1,81718672,20230220,BIGO TECH PTE LTD
ai,sg,2023Q1,81808691,20230303,BIGO TECH PTE LTD
ai,sg,2023Q1,81814780,20230303,LEMON INC
ai,sg,2023Q1,81863469,20230307,BIGO TECH PTE LTD
ai,sg,2023Q1,81945954,20230216,ALIBABA INNOVATION PRIVATE LTD
ai,sg,2023Q1,82076536,20230330,ALIBABA INNOVATION PRIVATE LTD
ai,sg,2023Q1,82142567,20230317,LEMON INC
ai,sg,2023Q1,82143087,20230323,LEMON INC
ai,sg,2023Q1,82143205,20230322,LEMON INC
ai,sg,2023Q1,84126103,20230329,LEMON INC
ai,sg,2023Q1,85172592,20230202,LEICA INSTR SINGAPORE PTE LTD
ai,sg,2023Q1,85227439,20230106,SMITH & NEPHEW ASIA PACIFIC PTE LTD
ai,sg,2023Q1,85251649,20230215,LEICA INSTR SINGAPORE PTE LTD
ai,sg,2023Q1,85278550,20230206,LENOVO SINGAPORE PTE LTD
ai,sg,2023Q1,85328543,20230220,LENOVO SINGAPORE PTE LTD
ai,sg,2023Q1,85382676,20230220,UNIV NANYANG TECH
ai,sg,2023Q1,85703493,20230315,LEICA INSTR SINGAPORE PTE LTD
ai,sg,2023Q1,85703671,20230223,HILL ROM SERVICES PTE LTD
ai,sg,2023Q1,85776177,20230320,LENOVO SINGAPORE PTE LTD
ai,sg,2023Q1,85794098,20230227,UNIV NANYANG TECH
ai,sg,2023Q1,86228025,20230329,UNIV NANYANG TECH
ai,sg,2023Q1,87074379,20230104,UNIV NANYANG TECH
ai,sg,2023Q1,87074380,20230104,LEMON INC
ai,sg,2023Q1,87214294,20230113,LEMON INC
ai,sg,2023Q1,87313974,20230123,UNIV NANYANG TECH
ai,sg,2023Q1,87314284,20230113,LEMON INC
ai,sg,2023Q1,87314451,20230118,LEMON INC
ai,sg,2023Q1,87347932,20230124,WONDER TECH PTE LTD
ai,sg,2023Q1,87348405,20230119,INOUE YOHEI | METAMATIKS PTE LTD
ai,sg,2023Q1,87349310,20230112,NAT UNIV SINGAPORE
ai,sg,2023Q1,87349313,20230119,Entropica Labs
ai,sg,2023Q1,87470458,20230113,ANX IP HOLDING PTE LTD
ai,sg,2023Q1,87521282,20230202,LEMON INC
ai,sg,2023Q1,87552877,20230206,NANYANG TECH UNVERSITY | UNIV NANYANG TECH
ai,sg,2023Q1,87553441,20230131,LEMON INC
ai,sg,2023Q1,87565233,20230207,LEMON INC
ai,sg,2023Q1,87579176,20230206,LEMON INC
ai,sg,2023Q1,87579183,20230216,NAT UNIV SINGAPORE
ai,sg,2023Q1,87761760,20230227,COGNIUS AI PTE LTD
ai,sg,2023Q1,87766654,20230206,MEDIATEK SINGAPORE PTE LTD
ai,sg,2023Q1,87766812,20230215,UNIV NANYANG TECH
ai,sg,2023Q1,87850834,20230307,GARENA ONLINE PRIVATE LTD | SHOPEE IP SINGAPORE PRIVATE LTD
ai,sg,2023Q1,87850892,20230303,LEMON INC
ai,sg,2023Q1,87931753,20230223,LENOVO SINGAPORE PTE LTD
ai,sg,2023Q1,87937278,20230303,FABRICA ROBOTICS PTE LTD
ai,sg,2023Q1,87937285,20230311,SMUDG COMPANY PTE LTD
ai,sg,2023Q1,87937289,20230311,SMUDG COMPANY PTE LTD
ai,sg,2023Q1,88024571,20230310,NAT UNIV SINGAPORE
ai,sg,2023Q1,88102238,20230307,AGENCY SCIENCE TECH & RES
ai,sg,2023Q1,88102243,20230316,LEMON INC
ai,sg,2023Q1,88102248,20230323,AGENCY SCIENCE TECH & RES
ai,sg,2023Q1,88102257,20230317,GreenArc Capital
ai,sg,2023Q1,88194590,20230313,DESYGNER PTE LTD
ai,sg,2023Q1,88203623,20230330,AGENCY SCIENCE TECH & RES
ai,sg,2023Q1,88203625,20230323,LEMON INC
ai,sg,2023Q1,88203627,20230313,UNIV NANYANG TECH
ai,sg,2023Q1,88203633,20230328,GRABTAXI HOLDINGS PTE LTD
ai,sg,2023Q1,88244163,20230321,SES HOLDINGS PTE LTD
ai,sg,2023Q1,88308866,20230119,UNIV NANYANG TECH
ai,sg,2023Q1,88330452,20230220,Simpple Pte Ltd
ai,sg,2023Q1,89050808,20230217,FLEXXON PTE LTD
ai,sg,2023Q1,89077862,20230109,PALEXY PTE LTD
ai,sg,2023Q1,89542280,20230102,SIVANTOS PTE LTD
ai,sg,2023Q1,89620183,20230127,AVAGO TECH INT SALES PTE LID
ai,sg,2023Q1,89663268,20230127,AVAGO TECH INT SALES PTE LID
ai,sg,2023Q1,89716009,20230127,AVAGO TECH INT SALES PTE LID
ai,sg,2023Q1,90364929,20230316,SIVANTOS PTE LTD
ai,sg,2023Q1,90928012,20230113,MEDIATEK SINGAPORE PTE LTD
ai,sg,2023Q1,91472688,20230323,SPACEBRAINZ PRIVATE LTD
ai,sg,2023Q1,91803542,20230106,MEDIATEK SINGAPORE PTE LTD
ai,sg,2023Q1,91955026,20230119,MEDIATEK SINGAPORE PTE LTD
ai,sg,2023Q1,91956423,20230119,AGENCY SCIENCE TECH & RES
ai,sg,2023Q1,92277559,20230217,MEDIATEK SINGAPORE PTE LTD
ai,sg,2023Q1,92302960,20230111,ENSIGN INFOSECURITY PTE LTD
ai,sg,2023Q1,92305137,20230217,HYTTO PTE LTD
ai,sg,2023Q1,92545661,20230127,MARVELL ASIA PTE LTD
ai,sg,2023Q1,92636972,20230329,LENOVO SINGAPORE PTE LTD
ai,sg,2023Q1,92896415,20230329,LENOVO SINGAPORE PTE LTD
ai,sg,2023Q1,92896861,20230328,LENOVO SINGAPORE PTE LTD
ai,sg,2023Q1,92896869,20230329,LENOVO SINGAPORE PTE LTD
ai,sg,2023Q1,92897433,20230329,LENOVO SINGAPORE PTE LTD
ai,sg,2023Q1,92897978,20230331,LENOVO ENTPR SOLUTIONS SINGAPORE PTE LTD
ai,sg,2023Q1,98700200,20230303,MARVELL ASIA PTE LTD
ai,sg,2023Q2,82332594,20230504,ALIPAY LABS SINGAPORE PTE LTD
ai,sg,2023Q2,82364996,20230406,LEMON INC
ai,sg,2023Q2,82630108,20230411,LEMON INC
ai,sg,2023Q2,82984174,20230516,BIGO TECH PTE LTD
ai,sg,2023Q2,83866929,20230630,HUIKE SINGAPORE HOLDING PTE LTD
ai,sg,2023Q2,83983651,20230515,EFFITO PTE LTD
ai,sg,2023Q2,84249404,20230515,EFFITO PTE LTD
ai,sg,2023Q2,86286072,20230404,DH TECHNOLOGIES DEV PTE LTD
ai,sg,2023Q2,86331837,20230503,LENOVO SINGAPORE PTE LTD
ai,sg,2023Q2,86386933,20230516,LEICA INSTR SINGAPORE PTE LTD
ai,sg,2023Q2,86497485,20230516,UNIV NANYANG TECH
ai,sg,2023Q2,86654759,20230601,LEMON INC
ai,sg,2023Q2,86691929,20230428,UNIV NANYANG TECH
ai,sg,2023Q2,86732127,20230516,UNIV NANYANG TECH
ai,sg,2023Q2,86764404,20230606,WISTA LAB LTD
ai,sg,2023Q2,86852039,20230512,BRANE COGNITIVES PTE LTD
ai,sg,2023Q2,86895968,20230616,EFFITO PTE LTD
ai,sg,2023Q2,87156895,20230605,UNIV NANYANG TECH
ai,sg,2023Q2,87157862,20230628,AVAGO TECH INT SALES PTE LID
ai,sg,2023Q2,87575750,20230505,LEMON INC
ai,sg,2023Q2,87759621,20230415,SUNIA PTE LTD
ai,sg,2023Q2,88093278,20230628,SUNIA PTE LTD | SUNIA PTE LTD SINGAPORE
ai,sg,2023Q2,88237198,20230629,SUNIA PTE LTD | Zhuang jian ming
ai,sg,2023Q2,88239789,20230613,EKO AI PTE LTD
ai,sg,2023Q2,88244209,20230404,AGENCY SCIENCE TECH & RES | EYRIS PTE LTD | NAT SKIN CENTRE SINGAPORE PTE LTD
ai,sg,2023Q2,88244210,20230404,Entropica Labs
ai,sg,2023Q2,88244253,20230405,ILLINOIS AT SINGAPORE PTE LTD | UNIV SINGAPORE TECHNOLOGY & DESIGN
ai,sg,2023Q2,88308166,20230414,BRILLNICS SINGAPORE PTE LTD
ai,sg,2023Q2,88308177,20230419,LEMON INC
ai,sg,2023Q2,88415424,20230413,LEMON INC
ai,sg,2023Q2,88415435,20230412,LEMON INC
ai,sg,2023Q2,88419170,20230414,SINGAPORE MANAGEMENT UNIV
ai,sg,2023Q2,88420774,20230419,UNIV NANYANG TECH
ai,sg,2023Q2,88512077,20230425,LEMON INC
ai,sg,2023Q2,88512413,20230511,EKO AI PTE LTD
ai,sg,2023Q2,88519950,20230420,UNIV NANYANG TECH
ai,sg,2023Q2,88519960,20230426,UNIV NANYANG TECH
ai,sg,2023Q2,88519961,20230427,LEMON INC
ai,sg,2023Q2,88519962,20230427,LEMON INC
ai,sg,2023Q2,88646784,20230502,LEMON INC
ai,sg,2023Q2,88647747,20230410,GRABTAXI HOLDINGS PTE LTD
ai,sg,2023Q2,88663255,20230508,LEMON INC
ai,sg,2023Q2,88731202,20230509,AEM SINGAPORE PTE LTD
ai,sg,2023Q2,88731208,20230419,GRABTAXI HOLDINGS PTE LTD
ai,sg,2023Q2,88731209,20230504,LIONSBOT INT PTE LTD
ai,sg,2023Q2,88791680,20230517,GARENA ONLINE PRIVATE LTD
ai,sg,2023Q2,88791847,20230508,LEMON INC
ai,sg,2023Q2,88791907,20230517,LEMON INC
ai,sg,2023Q2,88791909,20230508,LEMON INC
ai,sg,2023Q2,88791937,20230508,LEMON INC
ai,sg,2023Q2,88836302,20230520,CHEW IAN
ai,sg,2023Q2,88876605,20230508,LEMON INC
ai,sg,2023Q2,88920716,20230529,NAT UNIV SINGAPORE
ai,sg,2023Q2,88920720,20230526,UNIV SINGAPORE TECHNOLOGY & DESIGN
ai,sg,2023Q2,89028172,20230502,GRABTAXI HOLDINGS PTE LTD
ai,sg,2023Q2,89028177,20230529,NITTO DENKO CORP
ai,sg,2023Q2,89076641,20230601,LEMON INC
ai,sg,2023Q2,89077627,20230526,LEMON INC
ai,sg,2023Q2,89118656,20230601,LEMON INC
ai,sg,2023Q2,89118659,20230605,LEMON INC
ai,sg,2023Q2,89119125,20230607,NAT UNIV SINGAPORE
ai,sg,2023Q2,89168963,20230614,LEMON INC
ai,sg,2023Q2,89193131,20230607,LEMON INC
ai,sg,2023Q2,89193132,20230612,PT GOTO GOJEK TOKOPEDIA TBK
ai,sg,2023Q2,89193164,20230516,GP NETWORK ASIA PTE LTD
ai,sg,2023Q2,89241258,20230614,LEMON INC
ai,sg,2023Q2,89356241,20230627,EDTECH PLUS PTE LTD
ai,sg,2023Q2,89380708,20230523,GRABTAXI HOLDINGS PTE LTD
ai,sg,2023Q2,89380709,20230601,LEMON INC
ai,sg,2023Q2,89380712,20230529,AGENCY SCIENCE TECH & RES | NAT SKIN CENTRE SINGAPORE PTE LTD | UNIV NANYANG TECH
ai,sg,2023Q2,89380975,20230622,LEMON INC
ai,sg,2023Q2,89380980,20230622,LEMON INC
ai,sg,2023Q2,89384341,20230601,GRABTAXI HOLDINGS PTE LTD
ai,sg,2023Q2,89393554,20230630,LENOVO SINGAPORE PTE LTD
ai,sg,2023Q2,89852600,20230526,SEMICONDUCTOR TECH & INSTRUMENTS PTE LTD
ai,sg,2023Q2,91247160,20230523,SIVANTOS PTE LTD
ai,sg,2023Q2,91465180,20230621,SIVANTOS PTE LTD
ai,sg,2023Q2,91963724,20230523,LITE ON SINGAPORE PTE LTD
ai,sg,2023Q2,92274869,20230427,REALTEK SINGAPORE PRIVATE LTD | REALTEK SINGAPORE PTE LTD
ai,sg,2023Q2,92933572,20230419,EMAGE VISION PTE LTD
ai,sg,2023Q2,93121637,20230421,LENOVO SINGAPORE PTE LTD
ai,sg,2023Q2,93159465,20230426,ASMPT SINGAPORE PTE LTD
ai,sg,2023Q2,93255351,20230428,PROXIMA BETA PTE LTD
ai,sg,2023Q2,93355726,20230512,MEDIATEK SINGAPORE PTE LTD
ai,sg,2023Q2,93745139,20230606,WIZ HOLDINGS PTE LTD
ai,sg,2023Q2,93939650,20230628,ROKKO SYSTEMS PTE LTD
ai,sg,2023Q2,93939664,20230404,WAN HAI LINES SINGAPORE PTE LTD
ai,sg,2023Q3,83767239,20230712,BIGO TECH PTE LTD
ai,sg,2023Q3,83824048,20230724,CLOUD INTELLIGENCE ASSETS HOLDING SINGAPORE PRIVATE LTD
ai,sg,2023Q3,84062724,20230712,BIGO TECH PTE LTD
ai,sg,2023Q3,84423403,20230904,BIGO TECH PTE LTD
ai,sg,2023Q3,84865148,20230927,BIGO TECH PTE LTD
ai,sg,2023Q3,84990515,20230927,ALIBABA INNOVATION PRIVATE LTD
ai,sg,2023Q3,86928156,20230824,HUIKE SINGAPORE HOLDING PTE LTD
ai,sg,2023Q3,87570904,20230726,LENOVO SINGAPORE PTE LTD
ai,sg,2023Q3,87571254,20230719,ResMed Asia Pte Ltd
ai,sg,2023Q3,87571454,20230718,UNIV NANYANG TECH
ai,sg,2023Q3,87696079,20230725,LUMILEDS SINGAPORE PTE LTD
ai,sg,2023Q3,87696206,20230808,UNIV NANYANG TECH
ai,sg,2023Q3,87759631,20230724,SUNIA PTE LTD
ai,sg,2023Q3,88020982,20230822,SMITH & NEPHEW ASIA PACIFIC PTE LTD
ai,sg,2023Q3,88068047,20230703,LEMON INC
ai,sg,2023Q3,88098468,20230831,CHANGI AIRPORT GROUP SINGAPORE PTE LTD
ai,sg,2023Q3,88146876,20230825,CREATIVE TECH LTD
ai,sg,2023Q3,88197022,20230914,AMS OSRAM ASIA PACIFIC PTE LTD
ai,sg,2023Q3,88198129,20230706,LENOVO SINGAPORE PTE LTD
ai,sg,2023Q3,88237707,20230925,UNIV NANYANG TECH
ai,sg,2023Q3,88466613,20230928,LENOVO SINGAPORE PTE LTD
ai,sg,2023Q3,88506743,20230927,SMITH & NEPHEW ASIA PACIFIC PTE LTD
ai,sg,2023Q3,88507172,20230920,UNIV NANYANG TECH
ai,sg,2023Q3,88599386,20230725,SUNIA PTE LTD
ai,sg,2023Q3,88700149,20230728,RAPSODO PTE LTD
ai,sg,2023Q3,88979896,20230710,LEMON INC
ai,sg,2023Q3,89077659,20230825,HUIKE SINGAPORE HOLDING PTE LTD
ai,sg,2023Q3,89534234,20230913,LENOVO SINGAPORE PTE LTD
ai,sg,2023Q3,89537550,20230714,AGENCY SCIENCE TECH & RES
ai,sg,2023Q3,89537553,20230712,UNIV NANYANG TECH
ai,sg,2023Q3,89537556,20230712,UNIV NANYANG TECH
ai,sg,2023Q3,89707576,20230725,UNIV NANYANG TECH
ai,sg,2023Q3,89748274,20230712,LEMON INC
ai,sg,2023Q3,89768852,20230807,MEDIATEK SINGAPORE PTE LTD
ai,sg,2023Q3,89849966,20230728,GRABTAXI HOLDINGS PTE LTD
ai,sg,2023Q3,89852596,20230802,GRABTAXI HOLDINGS PTE LTD
ai,sg,2023Q3,89942116,20230818,GRABTAXI HOLDINGS PTE LTD
ai,sg,2023Q3,89942431,20230815,GRABTAXI HOLDINGS PTE LTD
ai,sg,2023Q3,89942434,20230728,SINGAPORE POLYTECHNIC
ai,sg,2023Q3,89942435,20230818,Next Opus Ventures LLP
ai,sg,2023Q3,89942436,20230818,SP POWERASSETS LTD | UNIV NANYANG TECH
ai,sg,2023Q3,89942437,20230818,NAT UNIV SINGAPORE
ai,sg,2023Q3,90014178,20230823,NAT UNIV SINGAPORE
ai,sg,2023Q3,90014179,20230816,UNIV NANYANG TECH
ai,sg,2023Q3,90275961,20230725,GRABTAXI HOLDINGS PTE LTD
ai,sg,2023Q3,90479042,20230928,BIOMAP INTELLIGENCE TECH SG PTE LTD
ai,sg,2023Q3,90479231,20230823,GRABTAXI HOLDINGS PTE LTD
ai,sg,2023Q3,90737035,20230927,VITRUVIANMD PTE LTD
ai,sg,2023Q3,90738577,20230912,GRABTAXI HOLDINGS PTE LTD
ai,sg,2023Q3,90832142,20230921,UNIV NANYANG TECH
ai,sg,2023Q3,90833544,20230829,LENOVO SINGAPORE PTE LTD
ai,sg,2023Q3,90833704,20230908,GARENA ONLINE PRIVATE LTD
ai,sg,2023Q3,90931701,20230929,GRABTAXI HOLDINGS PTE LTD
ai,sg,2023Q3,91282187,20230926,UST GLOBAL SINGAPORE PTE LTD
ai,sg,2023Q3,91969265,20230803,RAPSODO PTE LTD
ai,sg,2023Q3,92043112,20230830,AVAGO TECH INT SALES PTE LID
ai,sg,2023Q3,92543058,20230904,SIVANTOS PTE LTD
ai,sg,2023Q3,92804721,20230802,SUNIA PTE LTD | ZHUANG JIANMING
ai,sg,2023Q3,93654706,20230831,EMAGE VISION PTE LTD
ai,sg,2023Q3,94126249,20230702,LENOVO SINGAPORE PTE LTD
ai,sg,2023Q3,94175510,20230704,SUNIAPTE LTD | ZHUANG JIANMING
ai,sg,2023Q3,94211892,20230711,LENOVO SINGAPORE PTE LTD
ai,sg,2023Q3,94260318,20230717,LENOVO SINGAPORE PTE LTD
ai,sg,2023Q3,94281207,20230717,RYNAN TECH PTE LTD
ai,sg,2023Q3,94372835,20230728,LENOVO SINGAPORE PTE LTD
ai,sg,2023Q3,94373748,20230725,MEDIATEK SINGAPORE PTE LTD
ai,sg,2023Q3,94391270,20230817,UNIV NANYANG TECH
ai,sg,2023Q3,94392943,20230731,MEDIATEK SINGAPORE PTE LTD
ai,sg,2023Q3,94392993,20230731,MEDIATEK SINGAPORE PTE LTD
ai,sg,2023Q3,94481990,20230810,LENOVO SINGAPORE PTE LTD
ai,sg,2023Q3,94665060,20230822,LENOVO SINGAPORE PTE LTD
ai,sg,2023Q3,94688353,20230825,MEDIATEK SINGAPORE PTE LTD
ai,sg,2023Q3,94689049,20230822,LENOVO SINGAPORE PTE LTD
ai,sg,2023Q3,94707663,20230922,CLOUD NETWORK TECH SINGAPORE PTE LTD
ai,sg,2023Q3,94773251,20230901,LENOVO SINGAPORE PTE LTD
ai,sg,2023Q3,94773376,20230831,LENOVO SINGAPORE PTE LTD
ai,sg,2023Q3,94875633,20230926,UNIV NANYANG TECH
ai,sg,2023Q3,95068600,20230927,ASMPT SINGAPORE PTE LTD
ai,sg,2023Q4,84252390,20231030,ALIBABA INNOVATION PRIVATE LTD
ai,sg,2023Q4,84721818,20231116,CLOUD INTELLIGENCE ASSETS HOLDING SINGAPORE PRIVATE LTD
ai,sg,2023Q4,84854127,20231214,ALIBABA INNOVATION PRIVATE LTD
ai,sg,2023Q4,85236179,20231222,ALIBABA INNOVATION PRIVATE LTD
ai,sg,2023Q4,85354189,20231024,ALIBABA INNOVATION PRIVATE LTD
ai,sg,2023Q4,85427886,20231206,ALIBABA INNOVATION PRIVATE LTD
ai,sg,2023Q4,86494224,20231101,CLOUD INTELLIGENCE ASSETS HOLDING SINGAPORE PRIVATE LTD
ai,sg,2023Q4,87352120,20231110,BIGO TECH PTE LTD
ai,sg,2023Q4,88295653,20231006,LENOVO SINGAPORE PTE LTD
ai,sg,2023Q4,88297029,20231004,LENOVO SINGAPORE PTE LTD
ai,sg,2023Q4,88412444,20231012,LENOVO SINGAPORE PTE LTD
ai,sg,2023Q4,88598664,20231020,LENOVO SINGAPORE PTE LTD
ai,sg,2023Q4,88650778,20231031,LENOVO SINGAPORE PTE LTD
ai,sg,2023Q4,88731404,20231101,LENOVO SINGAPORE PTE LTD
ai,sg,2023Q4,88731568,20231031,LENOVO SINGAPORE PTE LTD
ai,sg,2023Q4,88793188,20231107,LENOVO SINGAPORE PTE LTD
ai,sg,2023Q4,88920989,20231113,LENOVO SINGAPORE PTE LTD
ai,sg,2023Q4,89073502,20231026,UNIV NANYANG TECH
ai,sg,2023Q4,89221976,20231129,AIRBUS SINGAPORE PRIVATE LTD
ai,sg,2023Q4,89386157,20231227,LEICA INSTR SINGAPORE PTE LTD
ai,sg,2023Q4,89427173,20231215,LENOVO SINGAPORE PTE LTD
ai,sg,2023Q4,89429089,20231124,UNIV NANYANG TECH
ai,sg,2023Q4,89507390,20231218,LENOVO SINGAPORE PTE LTD
ai,sg,2023Q4,89768236,20231122,IRON HORSE AI PRIVATE LTD | IRON HORSE AL PRIVATE LTD
ai,sg,2023Q4,89844047,20231228,SUNIA PTE LTD
ai,sg,2023Q4,90627753,20231229,HYTTO PTE LTD
ai,sg,2023Q4,90670382,20231003,GRABTAXI HOLDINGS PTE LTD
ai,sg,2023Q4,90670383,20231005,UNIV NANYANG TECH
ai,sg,2023Q4,90670384,20231011,NAT UNIV SINGAPORE
ai,sg,2023Q4,90670387,20231011,UNIV NANYANG TECH
ai,sg,2023Q4,90738572,20231005,GRABTAXI HOLDINGS PTE LTD
ai,sg,2023Q4,91028185,20231110,LEMON INC
ai,sg,2023Q4,91033674,20231016,AGENCY SCIENCE TECH & RES | UNIV NANYANG TECH
ai,sg,2023Q4,91079812,20231120,LEMON INC
ai,sg,2023Q4,91085207,20231115,LEMON INC
ai,sg,2023Q4,91085592,20231114,UNIV NANYANG TECH
ai,sg,2023Q4,91085594,20231114,UNIV NANYANG TECH
ai,sg,2023Q4,91085595,20231114,UNIV NANYANG TECH
ai,sg,2023Q4,91085597,20231117,NAT UNIV SINGAPORE
ai,sg,2023Q4,91142881,20231019,LENOVO SINGAPORE PTE LTD
ai,sg,2023Q4,91192614,20231226,NAT UNIV SINGAPORE
ai,sg,2023Q4,91196710,20231124,UNIV NANYANG TECH
ai,sg,2023Q4,91196712,20231124,AGENCY SCIENCE TECH & RES
ai,sg,2023Q4,91289145,20231205,LEMON INC
ai,sg,2023Q4,91325105,20231128,AGENCY SCIENCE TECH & RES
ai,sg,2023Q4,91377683,20231220,LENOVO SINGAPORE PTE LTD
ai,sg,2023Q4,91380120,20231204,GENESIS MEDTECH INTERNATIONAL PRIVATE LTD
ai,sg,2023Q4,91380399,20231110,GRABTAXI HOLDINGS PTE LTD
ai,sg,2023Q4,91380402,20231201,HORIZON QUANTUM COMPUTING PTE LTD
ai,sg,2023Q4,91380403,20231211,NAT UNIV HOSPITAL SINGAPORE PTE LTD | NAT UNIV SINGAPORE
ai,sg,2023Q4,91590247,20231222,AGENCY SCIENCE TECH & RES
ai,sg,2023Q4,91897924,20231205,GRABTAXI HOLDINGS PTE LTD
ai,sg,2023Q4,92762035,20231027,AVAGO TECH INT SALES PTE LID
ai,sg,2023Q4,93521862,20231122,RAPSODO PTE LTD
ai,sg,2023Q4,93648797,20231218,LENOVO SINGAPORE PTE LTD
ai,sg,2023Q4,93652306,20231204,DURAPOWER HOLDINGS PTE LTD | UNIV NANYANG TECH
ai,sg,2023Q4,95156863,20231027,MARVELL ASIA PTE LTD
ai,sg,2023Q4,95253454,20231010,LENOVO SINGAPORE PTE LTD
ai,sg,2023Q4,95253457,20231009,GLOBALFOUNDRIES SG PTE LTD
ai,sg,2023Q4,95253479,20231009,HISHAB SINGAPORE PRIVATE LTD
ai,sg,2023Q4,95253569,20231009,LENOVO SINGAPORE PTE LTD
ai,sg,2023Q4,95340733,20231016,LENOVO SINGAPORE PTE LTD
ai,sg,2023Q4,95340747,20231013,UST GLOBAL SINGAPORE PTE LTD
ai,sg,2023Q4,95396092,20231009,ST ENG IHQ PTE LTD
ai,sg,2023Q4,95399948,20231107,SIVANTOS PTE LTD
ai,sg,2023Q4,95401372,20231020,LENOVO ENTPR SOLUTIONS SINGAPORE PTE LTD
ai,sg,2023Q4,95402756,20231115,CERTIS CISCO SECURITY PTE LTD
ai,sg,2023Q4,95447671,20231020,GRABTAXI HOLDINGS PTE LTD
ai,sg,2023Q4,95483932,20231031,RAPSODO PTE LTD
ai,sg,2023Q4,95484752,20231030,SUNIA PTE LTD | ZHUANG JIANMING
ai,sg,2023Q4,95543563,20231110,ASUS GLOBAL PTE LTD
ai,sg,2023Q4,95561580,20231102,LENOVO SINGAPORE PTE LTD
ai,sg,2023Q4,95981011,20231205,RYNAN TECH PTE LTD
ai,sg,2023Q4,96022914,20231218,LENOVO SINGAPORE PTE LTD
ai,sg,2023Q4,96058178,20231215,ST ENG IHQ PTE LTD
ai,sg,2023Q4,96135972,20231218,GRABTAXI HOLDINGS PTE LTD
ai,sg,2023Q4,96174227,20231229,LENOVO SINGAPORE PTE LTD
biomed,hk,2015Q1,40568064,20150128,WELL BEING DIGITAL LTD
biomed,hk,2015Q1,44314337,20150204,FIRST GAIN INT LTD
biomed,hk,2015Q1,44903981,20150302,DIAGCOR BIOSCIENCE INC LTD
biomed,hk,2015Q1,49778791,20150129,NANO & ADVANCED MATERIALS INST LTD
biomed,hk,2015Q1,50475529,20150316,VISION GLOBAL HOLDINGS LTD
biomed,hk,2015Q1,50686975,20150227,ROTAM AGROCHEM INT CO LTD | ROTAM AGROCHEM INTERNAT CO
biomed,hk,2015Q1,51022609,20150209,MEDISEN LTD
biomed,hk,2015Q1,51492690,20150326,SU SOPHIA HAI YUN
biomed,hk,2015Q1,51935541,20150312,UNIV HONG KONG BAPTIST
biomed,hk,2015Q1,52019426,20150121,UNIV HONG KONG BAPTIST
biomed,hk,2015Q1,52450514,20150127,HOVIONE HOLDING LTD | HOVIONE INT LTD
biomed,hk,2015Q1,52558112,20150128,FORSTAR LTD | SOFT LINES INTERNATIONAL LTD
biomed,hk,2015Q1,52814137,20150330,HOVIONE HOLDING LTD | HOVIONE INT LTD
biomed,hk,2015Q1,52824497,20150330,HOVIONE HOLDING LTD | HOVIONE INT LTD
biomed,hk,2015Q1,53045897,20150325,SOFT LINES INTERNATIONAL LTD
biomed,hk,2015Q1,53178377,20150330,ROTAM AGROCHEM INT CO LTD
biomed,hk,2015Q1,53178482,20150331,ROTAM AGROCHEM INT CO LTD
biomed,hk,2015Q1,53480585,20150120,PSC COSMETICS LTD
biomed,hk,2015Q1,53488510,20150206,DIAGCOR BIOSCIENCE INC LTD
biomed,hk,2015Q1,53493284,20150106,BINATONE ELECTRONICS INTERNATIONAL LTD
biomed,hk,2015Q1,53520409,20150114,UNIV HONG KONG
biomed,hk,2015Q1,53520414,20150313,UNIV HONG KONG BAPTIST
biomed,hk,2015Q1,53753958,20150204,TRZECIESKI MICHAEL ALEXANDER
biomed,hk,2015Q1,53782974,20150325,SINGLE PERSON TRANSP DESIGN (SPTD) LTD | SINGLE PERSON TRANSP DESIGN SPTD LTD
biomed,hk,2015Q1,53782976,20150313,CHOI LUNG WAI
biomed,hk,2015Q1,53796999,20150216,UNIV HONG KONG BAPTIST | UNIV HONG KONG BAPTIST UNIV
biomed,hk,2015Q1,53797169,20150213,APPLIED BIOPHOTONICS LTD
biomed,hk,2015Q1,53879056,20150220,NAL PHARMACEUTICAL GROUP LTD | NAL PHARMACEUTICALS LTD
biomed,hk,2015Q1,53881576,20150226,UNIV HONG KONG POLYTECHNIC
biomed,hk,2015Q1,54016289,20150130,UNIV HONG KONG BAPTIST
biomed,hk,2015Q1,54141032,20150313,NANO & ADVANCED MATERIALS INST LTD
biomed,hk,2015Q1,54141033,20150217,NANO & ADVANCED MATERIALS INST LTD
biomed,hk,2015Q1,54143755,20150309,FRUIT INNOVATIONS LTD
biomed,hk,2015Q1,54333710,20150330,SU SOPHIA HAI YUN
biomed,hk,2015Q1,55069367,20150226,CHENG CHUEN LUNG
biomed,hk,2015Q1,55178949,20150109,NANO & ADVANCED MATERIALS INST LTD
biomed,hk,2015Q1,55410307,20150330,TSANG CHUN HUNG
biomed,hk,2015Q1,56342950,20150203,UNIV HONG KONG POLYTECHNIC
biomed,hk,2015Q1,56408248,20150116,UNIV CITY HONG KONG
biomed,hk,2015Q1,56433573,20150127,CHUNG YUK WAN
biomed,hk,2015Q1,56433675,20150128,UNIV CITY HONG KONG
biomed,hk,2015Q1,56620639,20150318,EASTERN VISION LTD
biomed,hk,2015Q1,56693134,20150225,WONG KWONG HOU
biomed,hk,2015Q1,56850056,20150302,SCHOOL OF GROWTH LTD
biomed,hk,2015Q1,56887222,20150309,Benir Baby LTD
biomed,hk,2015Q2,36407863,20150414,SCION MEDICAL LTD
biomed,hk,2015Q2,38180712,20150416,WEX MEDICAL LTD
biomed,hk,2015Q2,38198831,20150428,POWDER PHARMACEUTICALS INC
biomed,hk,2015Q2,45724073,20150410,PANGU BIOPHARMA LTD
biomed,hk,2015Q2,46753752,20150403,SOFT LINES INT LTD | SOFT LINES INTERNATIONAL LTD
biomed,hk,2015Q2,47753359,20150629,BILLION KING INT LTD
biomed,hk,2015Q2,49915315,20150528,CHAN WAI LING
biomed,hk,2015Q2,51177532,20150504,ROTAM AGROCHEM INT CO LTD
biomed,hk,2015Q2,51177533,20150526,ROTAM AGROCHEM INT CO LTD
biomed,hk,2015Q2,51495890,20150604,WONG YUEN CHIU
biomed,hk,2015Q2,51872484,20150421,APPLIED SCIENCE & TECH RES
biomed,hk,2015Q2,51959765,20150522,UNIV CITY HONG KONG
biomed,hk,2015Q2,52466987,20150415,NANO & ADVANCED MATERIALS INST LTD
biomed,hk,2015Q2,53276780,20150602,JOINT CONCEPT (HONG KONG) LTD
biomed,hk,2015Q2,53404352,20150510,NANO & ADVANCED MATERIALS INST LTD
biomed,hk,2015Q2,53498842,20150622,ZEN DESIGN SOLUTIONS LTD
biomed,hk,2015Q2,53784928,20150604,ROTAM AGROCHEM INT CO LTD
biomed,hk,2015Q2,53784933,20150604,ROTAM AGROCHEM INT CO LTD
biomed,hk,2015Q2,53797103,20150501,UNIV HONG KONG BAPTIST
biomed,hk,2015Q2,54021523,20150610,CONSTANCE LEUNG KI HIN | LEUNG KI HIN CONSTANCE MISS
biomed,hk,2015Q2,54172175,20150604,PETROLEUM 2 0 LTD
biomed,hk,2015Q2,54212302,20150603,HONG KONG APPLIED SCIENCE & TECH RESEARCH INST CO LTD | HONG KONG APPLIED SCIENCE AND TECH RES | HONG KONG APPLIED SCIENCE AND TECH RES INST CO LTD
biomed,hk,2015Q2,54320975,20150422,BIO MEDICAL ENG HK LTD | BIO-MEDICAL ENG (HK) LTD
biomed,hk,2015Q2,54354808,20150428,BIO CANCER TREAT INTERNATIONAL LIMITED | BIO CANCER TREATMENT INT LTD | BIO-CANCER TREAT INT LTD | BIO-CANCER TREAT INTERNATIONAL LIMITED
biomed,hk,2015Q2,54366685,20150430,ZEN DESIGN SOLUTIONS LTD
biomed,hk,2015Q2,54553421,20150519,ADVANCED APPLIED TECH LTD | APPLIED ADVANCED TECHNOLOGIES LTD
biomed,hk,2015Q2,54555101,20150521,REGINA MIRACLE INTERNAT GROUP LTD | REGINA MIRACLE INTERNATIONAL GROUP LTD
biomed,hk,2015Q2,54783086,20150622,ROTAM AGROCHEM INT CO LTD | ROTAM AGROCHEM INTERNATIONAL CO LTD
biomed,hk,2015Q2,54835114,20150604,Benir Baby LTD
biomed,hk,2015Q2,54868657,20150618,UNIV HONG KONG BAPTIST | UNIV HONG KONG BAPTIST UNIV
biomed,hk,2015Q2,55016241,20150628,CHEER GLOBAL LTD | KWOK SUI YI | SUI YI KWOK
biomed,hk,2015Q2,56556304,20150608,ROTAM AGROCHEM INT CO LTD
biomed,hk,2015Q2,57146593,20150424,FIH HONG KONG LTD
biomed,hk,2015Q2,57243400,20150413,EAST PACIFIC IND LTD
biomed,hk,2015Q2,57275851,20150621,UNIV HONG KONG POLYTECHNIC
biomed,hk,2015Q2,57276399,20150621,UNIV HONG KONG POLYTECHNIC
biomed,hk,2015Q2,57397418,20150601,ASIA PACIFIC MEDICAL TECH DEV COMPANY LTD | ASIA PACIFIC MEDICAL TECH DEVELOPMENT COMPANY LTD
biomed,hk,2015Q2,57440801,20150601,ASIA PACIFIC MEDICAL TECH DEVELOPMENT COMPANY LTD | ASIA PACIFIC MEDICAL TECHNOLOGY DEVELOPMENT COMPANY LTD
biomed,hk,2015Q2,57450882,20150608,ROTAM AGROCHEM INT CO LTD
biomed,hk,2015Q2,57586781,20150616,UNIV HONG KONG BAPTIST UNIV
biomed,hk,2015Q2,57587248,20150622,UNIV CITY HONG KONG
biomed,hk,2015Q2,57587540,20150618,UNIV HONG KONG BAPTIST UNIV
biomed,hk,2015Q2,57601346,20150626,UNIV CITY HONG KONG
biomed,hk,2015Q3,35907224,20150915,UNIV HONG KONG POLYTECHNIC
biomed,hk,2015Q3,37967417,20150902,LEAD BILLION LTD
biomed,hk,2015Q3,40877072,20150803,UNIV HONG KONG
biomed,hk,2015Q3,42131715,20150720,NAL PHARMACEUTICAL GROUP LTD | NAL PHARMACEUTICALS LTD
biomed,hk,2015Q3,45402504,20150812,NAL PHARMACEUTICALS GROUP LTD | NAL PHARMACEUTICALS LTD
biomed,hk,2015Q3,46313165,20150702,SBC VIRBAC LTD
biomed,hk,2015Q3,49114635,20150716,UNIV HONG KONG CHINESE
biomed,hk,2015Q3,51353479,20150722,US PACIFIC NONWOVENS INDUSTRY LTD
biomed,hk,2015Q3,51488086,20150901,VISION GLOBAL HOLDINGS LTD
biomed,hk,2015Q3,51631062,20150701,TAM WENG KIE
biomed,hk,2015Q3,51904106,20150831,PINE MEDICAL LTD
biomed,hk,2015Q3,52668154,20150729,UNIV HONG KONG BAPTIST
biomed,hk,2015Q3,52932380,20150812,UNIV HONG KONG BAPTIST | UNIV HONG KONG BAPTIST UNIV
biomed,hk,2015Q3,53782926,20150702,CHEN KWOK FAI
biomed,hk,2015Q3,53840667,20150923,UNIV HONG KONG BAPTIST
biomed,hk,2015Q3,54009626,20150929,POWDER PHARMACEUTICALS INC | POWDER PHARMACEUTICALS INCORPORATED
biomed,hk,2015Q3,54010628,20150727,CHEN KWOK FAI
biomed,hk,2015Q3,54011738,20150731,HOVIONE INT LTD
biomed,hk,2015Q3,54199523,20150714,NANO & ADVANCED MATERIALS INST LTD
biomed,hk,2015Q3,54325133,20150818,WELL BEING DIGITAL LTD
biomed,hk,2015Q3,54538253,20150724,KO PAUL YIU SHUM | LAW SUI CHUN
biomed,hk,2015Q3,54544051,20150901,JOINT CONCEPT HONG KONG LTD
biomed,hk,2015Q3,54555281,20150721,UNIV HONG KONG BAPTIST | UNIV HONG KONG BAPTIST UNIV
biomed,hk,2015Q3,54595947,20150814,PUZHEN LIFE CO LTD
biomed,hk,2015Q3,54697427,20150925,WMT ASIA LTD
biomed,hk,2015Q3,54707144,20150824,SOFT LINES INTERNATIONAL LTD
biomed,hk,2015Q3,54768915,20150721,LI PO YIU PAULINE
biomed,hk,2015Q3,55073409,20150715,SEALAND HOLDINGS CO LTD
biomed,hk,2015Q3,55074077,20150720,UNIV HONG KONG CHINESE
biomed,hk,2015Q3,55231665,20150811,PLATYSENS LTD
biomed,hk,2015Q3,55301325,20150812,UNIV HONG KONG
biomed,hk,2015Q3,55301714,20150807,JUPENG BIO HK LTD
biomed,hk,2015Q3,55347308,20150819,TRZECIESKI MICHAEL
biomed,hk,2015Q3,55453673,20150910,CHAN VICTOR
biomed,hk,2015Q3,55458356,20150909,UNIV HONG KONG POLYTECHNIC
biomed,hk,2015Q3,56162929,20150826,UNIV CITY HONG KONG
biomed,hk,2015Q3,56888935,20150831,UNIV HONG KONG
biomed,hk,2015Q3,57072410,20150821,SOFT LINES INT LTD
biomed,hk,2015Q3,57682812,20150702,CHEN KWOK FAI
biomed,hk,2015Q3,58157458,20150819,UNIV CITY HONG KONG
biomed,hk,2015Q3,58256950,20150915,HONG KONG PASSKEY IND CO LTD
biomed,hk,2015Q3,58257855,20150915,HONG KONG PASSKEY IND CO LTD
biomed,hk,2015Q4,42731267,20151016,SCION MEDICAL LTD
biomed,hk,2015Q4,47091258,20151118,VERSITECH LTD
biomed,hk,2015Q4,47391048,20151208,JUPENG BIO HK LTD
biomed,hk,2015Q4,51864923,20151112,VISION GLOBAL HOLDINGS LTD
biomed,hk,2015Q4,51901413,20151001,MYOVOLT LTD
biomed,hk,2015Q4,52880822,20151027,SINO INTERNAT GROUP LTD | SINO INTERNATIONAL GROUP LTD
biomed,hk,2015Q4,53461913,20151119,ADVANCE ELECTRONIC AND MEDICAL IND COMPANY LTD | ADVANCE ELECTRONIC AND MEDICAL INDUSTRIES COMPANY LTD
biomed,hk,2015Q4,53526420,20151111,ID INFINITY LTD
biomed,hk,2015Q4,54606137,20151006,SPENCER YU CHEONG LEUNG
biomed,hk,2015Q4,54937369,20151130,A & B HK COMPANY LTD
biomed,hk,2015Q4,55130941,20151012,GAMOLIN LTD
biomed,hk,2015Q4,55131006,20151014,WONDERLAND NURSERY GOODS
biomed,hk,2015Q4,55132864,20151116,CENTURY INT ENTPR LTD | CENTURY INTERNATIONAL ENTERPRISES LTD
biomed,hk,2015Q4,55272331,20151123,HAI KANG LIFE CORP LTD | HAI KANG LIFE CORPORATION LTD
biomed,hk,2015Q4,55301656,20151030,UNIV HONG KONG BAPTIST | UNIV HONG KONG BAPTIST UNIV
biomed,hk,2015Q4,55301657,20151030,UNIV HONG KONG BAPTIST | UNIV HONG KONG BAPTIST UNIV
biomed,hk,2015Q4,55510343,20151231,DERMACLIP HONGKONG LTD
biomed,hk,2015Q4,55555374,20151105,NANO & ADVANCED MATERIALS INST LTD
biomed,hk,2015Q4,55654600,20151105,HK APPLIED SCIENCE & TECH RES | HONG KONG APPLIED SCIENCE & TECH RESEARCH INST CO LTD
biomed,hk,2015Q4,55654813,20151014,Lomak Industrial Company Ltd
biomed,hk,2015Q4,55724942,20151203,OSPICON COMPANY LTD
biomed,hk,2015Q4,55747660,20151126,LI CHIU SHEUNG
biomed,hk,2015Q4,55789323,20151217,AQUAMED LTD
biomed,hk,2015Q4,55851422,20151022,YEUNG WAI KIN
biomed,hk,2015Q4,55908622,20151105,UNIV HONG KONG BAPTIST | UNIV HONG KONG BAPTIST UNIV
biomed,hk,2015Q4,55911387,20151105,NANO & ADVANCED MATERIALS INST LTD
biomed,hk,2015Q4,55993357,20151216,CIRQ TECH LIMITED
biomed,hk,2015Q4,56091014,20151130,CRAGE MEDICAL CO LTD
biomed,hk,2015Q4,56110201,20151215,NANO & ADVANCED MATERIALS INST LTD
biomed,hk,2015Q4,56438738,20151224,WORLD WIDE STATIONERY MFG CO
biomed,hk,2015Q4,57569872,20151229,THUNDER POWER HONG KONG LTD | THUNDER POWER NEW ENERGY VEHICLE DEVELOPMENT CO LTD
biomed,hk,2015Q4,57586500,20151218,ALIBABA GROUP SERVICES LTD
biomed,hk,2015Q4,58009559,20151209,NG KA LUN | NG KA LUN ALAN
biomed,hk,2015Q4,58412810,20151124,ANTS TECH (HK) LTD | ANTS TECH HK LIMITED
biomed,hk,2015Q4,58446753,20151006,CONVERGENCE SYSTEMS LTD
biomed,hk,2015Q4,58524266,20151020,CHOW FUNG LING
biomed,hk,2015Q4,58630946,20151029,ROTAM AGROCHEM INT CO LTD
biomed,hk,2015Q4,58630950,20151029,ROTAM AGROCHEM INT CO LTD
biomed,hk,2015Q4,58630955,20151029,ROTAM AGROCHEM INT CO LTD
biomed,hk,2015Q4,58630962,20151029,ROTAM AGROCHEM INT CO LTD
biomed,hk,2015Q4,58637512,20151104,ASIA PACIFIC MEDICAL TECH DEV COMPANY LTD
biomed,hk,2015Q4,58637916,20151104,ASIA PACIFIC MEDICAL TECH DEV COMPANY LTD | ASIA PACIFIC MEDICAL TECH DEVELOPMENT COMPANY LTD
biomed,hk,2015Q4,58638524,20151104,ASIA PACIFIC MEDICAL TECH DEV COMPANY LTD | ASIA PACIFIC MEDICAL TECH DEVELOPMENT COMPAN Y LTD | ASIA PACIFIC MEDICAL TECH DEVELOPMENT COMPANY LTD
biomed,hk,2015Q4,58643430,20151201,ROTAM AGROCHEM INT CO LTD
biomed,hk,2015Q4,58662249,20151104,ASIA PACIFIC MEDICAL TECH DEVELOPMENT COMPANY LTD
biomed,hk,2015Q4,58662343,20151104,ASIA PACIFIC MEDICAL TECH DEVELOPMENT COMPANY LTD
biomed,hk,2015Q4,58662353,20151104,ASIA PACIFIC MEDICAL TECH DEVELOPMENT COMPANY LTD
biomed,hk,2015Q4,58719860,20151119,UNIV CITY HONG KONG
biomed,hk,2015Q4,58720076,20151124,UNIV HONG KONG BAPTIST UNIV
biomed,hk,2015Q4,58796187,20151203,ROTAM AGROCHEM INT CO LTD
biomed,hk,2015Q4,59018915,20151214,ROTAM AGROCHEM INT CO LTD | ROTAM AGROCHEM INTERNATIONAL CO LTD
biomed,hk,2015Q4,59018998,20151211,UNIV CITY HONG KONG
biomed,hk,2016Q1,45470021,20160311,PANGU BIOPHARMA LTD
biomed,hk,2016Q1,49325768,20160127,BLUE MEDICAL INNOVATION LTD
biomed,hk,2016Q1,50026152,20160128,LAM SIU YIN | TO CHI HO | TSE YAN YIN | UNIV HONG KONG POLYTECHNIC
biomed,hk,2016Q1,54153890,20160308,LAU WING KEUNG
biomed,hk,2016Q1,54936450,20160314,OUTSTANDING HEALTHCARE COMPANY LTD
biomed,hk,2016Q1,55137475,20160118,INTELLECTUAL PROPERTY WHOLLY OWNED CO LTD | IP FULL ASSET LTD
biomed,hk,2016Q1,55156191,20160225,NICK WANG TECH LTD | NICK WANG TECHNOLOGY LTD
biomed,hk,2016Q1,55179351,20160222,NANO & ADVANCED MATERIALS INST LTD
biomed,hk,2016Q1,55486915,20160108,EVERGREEN LAND LTD
biomed,hk,2016Q1,55488178,20160119,ROTAM AGROCHEM INT CO LTD
biomed,hk,2016Q1,55524257,20160307,THUNDER POWER HONG KONG LTD
biomed,hk,2016Q1,55646350,20160108,MAXINASE LIFE SCIENCES LTD
biomed,hk,2016Q1,55697432,20160203,BRIDEA IP LTD
biomed,hk,2016Q1,55815892,20160318,PUZHEN LIFE CO LTD
biomed,hk,2016Q1,55872359,20160310,PUZHEN LIFE CO LTD
biomed,hk,2016Q1,55911026,20160104,KEI INTERNATIONAL LTD | KEI INTERNATIONAL LTD A CHINESE COMPANY | TOMORROWS IP LTD | TOMORROWS IP LTD A CHINESE COMPANY
biomed,hk,2016Q1,55933584,20160218,CHOW FUNG LING | CHOW FUNG LING MS
biomed,hk,2016Q1,55952143,20160310,ROTAM AGROCHEM INT CO LTD
biomed,hk,2016Q1,56311070,20160324,PUZHEN LIFE CO LTD
biomed,hk,2016Q1,56356515,20160108,GRAND DECADE DEVELOPMENTS LTD
biomed,hk,2016Q1,56367113,20160113,UNIV HONG KONG CHINESE
biomed,hk,2016Q1,56367740,20160113,UNIV HONG KONG CHINESE
biomed,hk,2016Q1,56416439,20160119,UNIV HONG KONG CHINESE
biomed,hk,2016Q1,56552832,20160316,UNIV HONG KONG BAPTIST UNIV
biomed,hk,2016Q1,56554406,20160128,PATHWAY PHARMACEUTICALS LTD
biomed,hk,2016Q1,56554410,20160128,PATHWAY PHARMACEUTICALS LTD
biomed,hk,2016Q1,56615337,20160215,THE CHINESS UNIV OF HONG KONG | UNIV HONG KONG CHINESE
biomed,hk,2016Q1,56690260,20160221,UNIV HONG KONG BAPTIST UNIV
biomed,hk,2016Q1,56848663,20160301,AVALON BIOLOGICS LTD | NANSHA BIOLOGICS HONG KONG LTD | NANSHA BIOLOGIES HONG KONG LTD
biomed,hk,2016Q1,57601461,20160204,BILLION KING INT LTD
biomed,hk,2016Q1,58643424,20160107,ROTAM AGROCHEM INT CO LTD
biomed,hk,2016Q1,59359993,20160126,ASIA PACIFIC MEDICAL TECH DEVELOPMENT COMPANY LTD
biomed,hk,2016Q1,59398296,20160126,ASIA PACIFIC MEDICAL TECH DEVELOPMENT COMPANY LTD | ASIA PACIFIC MEDICAL TECHNOLOGY DEVELOPMENT COMPANY LTD
biomed,hk,2016Q1,59496560,20160204,BILLION KING INT LTD
biomed,hk,2016Q1,59678695,20160229,ENANO HEALTH LTD
biomed,hk,2016Q1,59684746,20160301,HONG KONG RES INST TEXTILES & APPAREL LTD
biomed,hk,2016Q1,59743307,20160316,EMERGING VIRAL THRAPEUTICS LTD
biomed,hk,2016Q1,59788692,20160310,SENTRIX TECH LTD
biomed,hk,2016Q1,59962672,20160331,LONG SHENG FARMA LTD
biomed,hk,2016Q1,67848052,20160108,HEARTISANS LTD
biomed,hk,2016Q1,73019352,20160216,SIU CHUNG WAH
biomed,hk,2016Q2,36939225,20160405,VERSITECH LTD
biomed,hk,2016Q2,39798126,20160509,UNIV HONG KONG CHINESE
biomed,hk,2016Q2,42233805,20160429,PERFECT VISION TECH (HK) LTD
biomed,hk,2016Q2,42400717,20160526,WELL BEING DIGITAL LTD
biomed,hk,2016Q2,45470102,20160419,PACIFIC ARROW LTD
biomed,hk,2016Q2,46171096,20160517,THE CHINESE UNIV OF HONG KONG OFFICE OF RES AND KNOWLEDGE TRANSFER SERVICES | UNIV HONG KONG CHINESE
biomed,hk,2016Q2,49477932,20160411,BIO-MEDICAL ENG (HK) LTD
biomed,hk,2016Q2,53385534,20160610,MEHTA RAMAN
biomed,hk,2016Q2,53396312,20160610,MEHTA RAMAN
biomed,hk,2016Q2,55019816,20160613,DRAGON VICTORY DEV LTD
biomed,hk,2016Q2,55106373,20160422,LAU SHU LAM
biomed,hk,2016Q2,55320308,20160623,NG TAT YUNG | NG TSZ YAN IRYS
biomed,hk,2016Q2,55335513,20160624,SOL MILLENNIUM MEDICAL HK LTD | SOL-MILLENNIUM MEDICAL HK LTD
biomed,hk,2016Q2,56097001,20160525,MERCURY INNOVATIONS LTD | PHILLIPS ADAM NIGEL
biomed,hk,2016Q2,56116321,20160608,HUI KAM WAH
biomed,hk,2016Q2,56235643,20160622,HONG KONG FORTUNE TECH LTD
biomed,hk,2016Q2,56297385,20160509,ROTAM AGROCHEM INT CO LTD
biomed,hk,2016Q2,56369637,20160519,ROTAM AGROCHEM INT CO LTD | ROTAM AGROCHEM INTERNATIONAL CO LTD
biomed,hk,2016Q2,56381577,20160609,ALAMAK BIOSCIENCES INCORPORATION COMPANY LTD
biomed,hk,2016Q2,56849162,20160627,INNOVATIVE PREC INSTR LTD
biomed,hk,2016Q2,57120794,20160415,UNIV HONG KONG BAPTIST UNIV
biomed,hk,2016Q2,57147165,20160415,UNIV HONG KONG
biomed,hk,2016Q2,57147401,20160422,UNIV HONG KONG
biomed,hk,2016Q2,57217865,20160504,EMERGING VIRAL DIAGNOSTICS LTD
biomed,hk,2016Q2,57250020,20160527,LEE KAM YIN
biomed,hk,2016Q2,57276450,20160428,TRZECIESKI MICHAEL ALEXANDER
biomed,hk,2016Q2,57440189,20160606,UNIV HONG KONG
biomed,hk,2016Q2,57441975,20160603,EMV MERS HK LTD
biomed,hk,2016Q2,57450856,20160603,UNIV HONG KONG CHINESE
biomed,hk,2016Q2,57518021,20160602,CANADIAN CHIROPRACTIC CENTRE LTD
biomed,hk,2016Q2,57600834,20160623,UNIV HONG KONG BAPTIST UNIV
biomed,hk,2016Q2,57610765,20160516,ZHONGJI HENGRUN INT HOLDINGS LTD
biomed,hk,2016Q2,57884140,20160408,TELEFIELD MEDICAL IMAGING LTD
biomed,hk,2016Q2,59189368,20160614,ALIBABA GROUP SERVICES LTD
biomed,hk,2016Q2,59316041,20160516,ONEDASH LTD | WELL BEING DIGITAL LTD
biomed,hk,2016Q2,59900676,20160511,ASIA PACIFIC MEDICAL TECH DEVELOPMENT COMPANY LTD | ASIA PACIFIC MEDICAL TECHNOLOGY DEVELOPMENT COMPANY LTD
biomed,hk,2016Q2,59999233,20160408,UNIV HONG KONG | VERSITECH LTD
biomed,hk,2016Q2,59999693,20160407,SOFT LINES INT LTD
biomed,hk,2016Q2,60115706,20160421,VERSITECH LTD
biomed,hk,2016Q2,60161742,20160426,TELEFIELD MEDICAL IMAGING LTD
biomed,hk,2016Q2,60297251,20160511,PERFECT VISION TECH (HK) LTD
biomed,hk,2016Q2,60329316,20160517,UNIV CITY HONG KONG
biomed,hk,2016Q2,61147838,20160603,HOMETEK INT LTD
biomed,hk,2016Q2,65200065,20160619,ALAMAK BIOSCIENCES INCORPORATION COMPANY LTD
biomed,hk,2016Q3,33397022,20160713,MCGRATH MATTHEW J R
biomed,hk,2016Q3,34975353,20160725,PROVENTURE (FAR EAST) LTD
biomed,hk,2016Q3,35731380,20160718,SCION MEDICAL LTD
biomed,hk,2016Q3,42740199,20160906,PANGU BIOPHARMA LTD
biomed,hk,2016Q3,43500337,20160906,UNIV HONG KONG CHINESE
biomed,hk,2016Q3,47746128,20160805,IMMORTAL SPIRIT LTD
biomed,hk,2016Q3,49622984,20160714,WELLS RESOURCES LTD
biomed,hk,2016Q3,54010825,20160721,MEHTA RAMAN
biomed,hk,2016Q3,54347619,20160701,TSALYS LTD
biomed,hk,2016Q3,55870922,20160823,UNIV HONG KONG CHINESE
biomed,hk,2016Q3,56369656,20160801,SILICAMED LTD
biomed,hk,2016Q3,57003338,20160909,Tai Chi Pang
biomed,hk,2016Q3,57325031,20160708,HSIAO WEN LUAN WENDY
biomed,hk,2016Q3,57756659,20160714,UNIV HONG KONG
biomed,hk,2016Q3,57833669,20160720,UNIV HONG KONG CHINESE
biomed,hk,2016Q3,57833803,20160725,UNIV HONG KONG CHINESE
biomed,hk,2016Q3,57833861,20160721,ATHENEX THERAPEUTICS LTD | Health Hope Pharma HK Ltd
biomed,hk,2016Q3,57834522,20160713,EMV ENHANCE HK LTD | VERSITECH LTD
biomed,hk,2016Q3,57983895,20160812,UNIV HONG KONG CHINESE
biomed,hk,2016Q3,57983917,20160811,COHERENT BIOPHARMA I LTD
biomed,hk,2016Q3,57994273,20160927,UNIV HONG KONG BAPTIST UNIV
biomed,hk,2016Q3,58011085,20160725,IGGENE LTD
biomed,hk,2016Q3,58103425,20160826,YEUNG DAVID KA WAI
biomed,hk,2016Q3,58186816,20160826,NORTH & SOUTH BROTHER PHARMACY INVESTMENT CO LTD
biomed,hk,2016Q3,58189924,20160818,TRZECIESKI MICHAEL ALEXANDER
biomed,hk,2016Q3,58236493,20160923,UNIV HONG KONG
biomed,hk,2016Q3,58276412,20160902,LAU SHU LAM
biomed,hk,2016Q3,58276749,20160922,UNIV HONG KONG CHINESE
biomed,hk,2016Q3,58406336,20160919,ZEN DESIGN SOLUTIONS LTD
biomed,hk,2016Q3,58408671,20160926,ATHENEX HK INNOVATIVE LTD | HEALTH HOPE PHARMA LTD | Health Hope Pharma HK Ltd
biomed,hk,2016Q3,58409756,20160922,RONDISH COMPANY LTD
biomed,hk,2016Q3,58447228,20160930,TRZECIESKI MICHAEL
biomed,hk,2016Q3,58561529,20160830,CHEUNG YUN YU
biomed,hk,2016Q3,58614986,20160812,CHEUNG YUN YU
biomed,hk,2016Q3,58615606,20160801,INNOVATIVE PREC INSTR LTD
biomed,hk,2016Q3,59316044,20160810,PUZHEN LIFE CO LTD
biomed,hk,2016Q3,59961657,20160913,ALIBABA GROUP SERVICES LTD
biomed,hk,2016Q3,60040991,20160727,LONG SHENG FARMA LTD
biomed,hk,2016Q3,60082794,20160927,UNIV HONG KONG BAPTIST UNIV
biomed,hk,2016Q3,60940403,20160804,ROTAM AGROCHEM INT CO LTD
biomed,hk,2016Q3,60940405,20160804,ROTAM AGROCHEM INT CO LTD
biomed,hk,2016Q3,60940407,20160804,ROTAM AGROCHEM INT CO LTD
biomed,hk,2016Q3,60940411,20160804,ROTAM AGROCHEM INT CO LTD
biomed,hk,2016Q3,60940414,20160804,ROTAM AGROCHEM INT CO LTD
biomed,hk,2016Q3,60942251,20160712,LIANKANG TECH LIMITED
biomed,hk,2016Q3,60952772,20160711,UNIV HONG KONG
biomed,hk,2016Q3,61017167,20160728,VIRGILANT TECH LIMITED
biomed,hk,2016Q3,61071576,20160804,UNIV CITY HONG KONG
biomed,hk,2016Q3,61162402,20160809,PERFECT VISION TECH HK LTD
biomed,hk,2016Q3,61191152,20160818,UNIV HONG KONG POLYTECHNIC
biomed,hk,2016Q3,61191345,20160818,UNIV CITY HONG KONG
biomed,hk,2016Q3,61558964,20160915,CHHATLANI SUJIT I
biomed,hk,2016Q3,62001741,20160831,NANO SCIENCES LTD
biomed,hk,2016Q4,44069402,20161122,SCION LTD MEDICAL | SCION MEDICAL LTD
biomed,hk,2016Q4,44904343,20161129,PANGU BIOPHARMA LTD
biomed,hk,2016Q4,47901876,20161213,MICRO RESOURCES LTD
biomed,hk,2016Q4,51061508,20161017,ACE COMMUNICATIONS LTD
biomed,hk,2016Q4,55282352,20161031,CRAGE MEDICAL CO LTD
biomed,hk,2016Q4,56399313,20161212,NORTH & SOUTH BROTHER PHARMACY INVESTMENT CO LTD
biomed,hk,2016Q4,57133097,20161013,WONG KA PO
biomed,hk,2016Q4,57281888,20161014,WONG CHEUKLA FLORENCE
biomed,hk,2016Q4,57589299,20161116,ROTAM AGROCHEM INT CO LTD
biomed,hk,2016Q4,58053239,20161019,UNIV HONG KONG BAPTIST UNIV
biomed,hk,2016Q4,58097552,20161115,UNIV HONG KONG BAPTIST UNIV
biomed,hk,2016Q4,58257765,20161129,ZEN DESIGN SOLUTIONS LTD
biomed,hk,2016Q4,58406078,20161208,AGILITECH LTD
biomed,hk,2016Q4,58447206,20161006,TRZECIESKI MICHAEL ALEXANDER
biomed,hk,2016Q4,58447230,20161014,UNIV HONG KONG BAPTIST UNIV
biomed,hk,2016Q4,58522803,20161115,UNIV HONG KONG BAPTIST UNIV
biomed,hk,2016Q4,58530228,20161229,ACTIVWELL LTD
biomed,hk,2016Q4,58637749,20161223,UNIV HONG KONG BAPTIST UNIV
biomed,hk,2016Q4,58717361,20161121,CREATION PLUS BIOTECHNOLOGY CO LTD
biomed,hk,2016Q4,58762793,20161123,INFAGEN HONG KONG LTD
biomed,hk,2016Q4,58763019,20161128,NORTH & SOUTH BROTHER PHARMACY INVESTMENT CO LTD
biomed,hk,2016Q4,58763582,20161123,DSG TECHNOLOGY HOLDINGS LTD
biomed,hk,2016Q4,58776738,20161129,UNIV HONG KONG
biomed,hk,2016Q4,58800139,20161207,TRZECIESKI MICHAEL
biomed,hk,2016Q4,58800534,20161202,LOMACK IND CO LTD
biomed,hk,2016Q4,58800557,20161202,UNIV HONG KONG
biomed,hk,2016Q4,59012459,20161209,JINGANG MEDICINE AUSTRALIA PTY LTD
biomed,hk,2016Q4,59055780,20161216,TALENGEN INT LTD
biomed,hk,2016Q4,59055795,20161216,TALENGEN INT LTD
biomed,hk,2016Q4,59055796,20161216,TALENGEN INT LTD
biomed,hk,2016Q4,59273339,20161122,HEARTISANS LTD
biomed,hk,2016Q4,59632636,20161103,LONG SHENG FARMA LTD
biomed,hk,2016Q4,59776692,20161222,LITTLE NOBLEMAN TECH LIMITED | LITTLE NOBLEMAN TECH LTD
biomed,hk,2016Q4,60040778,20161114,LONG SHENG FARMA LTD
biomed,hk,2016Q4,61557429,20161005,WORLD WIDE DAILY HOLDINGS CO LTD | WORLD WIDE STATIONERY MFG CO LTD
biomed,hk,2016Q4,61643598,20161028,NANTIN ENTERPRISE LTD
biomed,hk,2016Q4,61907994,20161107,ROTAM AGROCHEM INT CO LTD
biomed,hk,2016Q4,62023008,20161027,UNIV CITY HONG KONG
biomed,hk,2016Q4,62063671,20161109,UNIV CITY HONG KONG
biomed,hk,2016Q4,62106712,20161115,UNIV CITY HONG KONG
biomed,hk,2016Q4,62144294,20161123,UNIV CITY HONG KONG
biomed,hk,2016Q4,62240231,20161206,LAM SHIU KUM
biomed,hk,2016Q4,62489203,20161208,PERFECT VISION TECH HK LTD
biomed,hk,2016Q4,62490034,20161208,PERFECT VISION TECH HK LTD
biomed,hk,2017Q1,43970198,20170217,DSG TECHNOLOGY HOLDINGS LTD
biomed,hk,2017Q1,49620233,20170313,HOVIONE INT LTD
biomed,hk,2017Q1,51530749,20170109,DSG TECHNOLOGY HOLDINGS LTD
biomed,hk,2017Q1,51530754,20170217,DSG TECHNOLOGY HOLDINGS LTD
biomed,hk,2017Q1,55445998,20170113,INTERACTIVE HOLDINGS LTD
biomed,hk,2017Q1,55763489,20170221,YEN DING YUAN
biomed,hk,2017Q1,56403780,20170221,YEN DING YUAN
biomed,hk,2017Q1,56748288,20170213,IP FULL ASSET LTD
biomed,hk,2017Q1,56750144,20170330,IP FULL ASSET LTD
biomed,hk,2017Q1,56927483,20170221,YEN DING YUAN
biomed,hk,2017Q1,57660960,20170330,IP FULL ASSET LTD
biomed,hk,2017Q1,58018927,20170309,LITTLE NOBLEMAN TECH LIMITED
biomed,hk,2017Q1,58224267,20170128,WANG NAN
biomed,hk,2017Q1,58314146,20170228,LIFENG TECH LIMITED | LIFENG TECH LTD
biomed,hk,2017Q1,58462329,20170203,VORNAGAIN LTD
biomed,hk,2017Q1,58463010,20170120,NAN WANG
biomed,hk,2017Q1,58719438,20170206,UNIV HONG KONG POLYTECHNIC
biomed,hk,2017Q1,58800551,20170220,BESTOP GROUP HOLDINGS LTD
biomed,hk,2017Q1,59087725,20170118,KWONG Wai Yeung | WONG WAN KEUNG RAYMOND
biomed,hk,2017Q1,59236082,20170103,REGINA MIRACLE INT (GROUP) LTD
biomed,hk,2017Q1,59275342,20170105,RACEFIT INT COMPANY LTD | RACEFIT INTERNATIONAL COMPANY LTD
biomed,hk,2017Q1,59310881,20170111,NORTH & SOUTH BROTHER PHARMACY INVESTMENT CO LTD
biomed,hk,2017Q1,59360060,20170125,RONDISH COMPANY LTD
biomed,hk,2017Q1,59411347,20170106,HARRIA INVEST GROUP INC
biomed,hk,2017Q1,59679399,20170324,ENANO HEALTH LTD
biomed,hk,2017Q1,59850975,20170315,ITABMED HK LTD
biomed,hk,2017Q1,59896244,20170317,UNIV HONG KONG BAPTIST UNIV
biomed,hk,2017Q1,59904967,20170324,YAU TAT WAI
biomed,hk,2017Q1,60549354,20170321,SINO INTERNATIONAL GROUP LTD
biomed,hk,2017Q1,61971652,20170308,TRZECIESKI MICHAEL ALEXANDER
biomed,hk,2017Q1,63105058,20170213,UNIV CITY HONG KONG
biomed,hk,2017Q1,63166720,20170220,JACOBSON RES LABORTORY LIMITED
biomed,hk,2017Q1,63220053,20170228,HONG KONG RES INST TEXTILES & APPAREL LTD
biomed,hk,2017Q1,63369613,20170303,WORLD WIDE STATIONERY MFG CO LTD
biomed,hk,2017Q1,63522640,20170315,HONG KONG R&D CENTRE FOR LOGISTICS AND SUPPLY CHAIN MANAGEMENT ENABLING TECH LIMITED
biomed,hk,2017Q1,69101851,20170324,VERSITECH LTD
biomed,hk,2017Q2,38429288,20170502,DSG TECHNOLOGY HOLDINGS LTD
biomed,hk,2017Q2,40639207,20170630,HO ANDY
biomed,hk,2017Q2,42131890,20170505,UNIV HONG KONG CHINESE
biomed,hk,2017Q2,42270755,20170424,TMB LABS LTD
biomed,hk,2017Q2,45841525,20170505,NAL PHARMACEUTICAL GROUP LTD
biomed,hk,2017Q2,48135714,20170512,PERFECT VISION TECH (HK) LTD
biomed,hk,2017Q2,50149449,20170620,UNIV HONG KONG CHINESE | UNIV HONG KONG POLYTECHNIC
biomed,hk,2017Q2,56013374,20170518,Z5 GLOBAL GROUP LTD
biomed,hk,2017Q2,56092725,20170518,SONIKURE HOLDINGS LTD
biomed,hk,2017Q2,58668779,20170426,COOLING ELECTRONICS CO LTD
biomed,hk,2017Q2,58715009,20170516,ROTAM AGROCHEM INT CO LTD
biomed,hk,2017Q2,58735584,20170411,ALBAUGH ASIA PACIFIC LTD
biomed,hk,2017Q2,58773037,20170405,LAI LILY
biomed,hk,2017Q2,58778884,20170519,VITARGENT (INTERNATIONAL) BIOTECHNOLOGY LTD | VITARGENT INTERNATIONAL BIOTECHNOLOGY LTD
biomed,hk,2017Q2,59014462,20170529,INNOTECH APPLIANCE LTD
biomed,hk,2017Q2,59409143,20170628,FOREVER CHEER HOLDING LTD | FOREVER CHEER INTERNATIONAL LTD
biomed,hk,2017Q2,59788592,20170527,YINGXIUKE LTD
biomed,hk,2017Q2,59848144,20170601,UNIV HONG KONG BAPTIST UNIV
biomed,hk,2017Q2,59904913,20170517,CHAN KA YAN
biomed,hk,2017Q2,59927535,20170517,CHENG SIU HANG
biomed,hk,2017Q2,60022343,20170525,INNOVATIVE PREC INSTR LTD | INNOVATIVE PREC INSTRUMENTS LIMITED
biomed,hk,2017Q2,60039252,20170412,UNIV HONG KONG BAPTIST UNIV
biomed,hk,2017Q2,60041293,20170418,SYMPHONY HOLDINGS LTD
biomed,hk,2017Q2,60082323,20170424,ADVANTEK SERUM LABORATORIES LTD
biomed,hk,2017Q2,60089273,20170424,UNIV HONG KONG BAPTIST UNIV
biomed,hk,2017Q2,60116308,20170418,VERSITECH LTD
biomed,hk,2017Q2,60266664,20170509,BELUN TECH COMPANY LIMITED
biomed,hk,2017Q2,60267312,20170503,PERFECT VISION TECH HK LTD
biomed,hk,2017Q2,60296994,20170623,PERECT VISION TECH HK LTD | PERFECT VISION TECH (HK) LTD | PERFECT VISION TECH HK LTD
biomed,hk,2017Q2,60329899,20170522,UNIV HONG KONG BAPTIST UNIV
biomed,hk,2017Q2,60412127,20170525,NEW LIFE MEDICINE TECH COMPANY LIMITED | UNIV HONG KONG BAPTIST UNIV
biomed,hk,2017Q2,60479040,20170530,UNIV HONG KONG CHINESE
biomed,hk,2017Q2,60577597,20170608,CONNECT BIOPHARMA HONGKONG LTD
biomed,hk,2017Q2,60582195,20170625,WONG CHO KEE | WONG YEUNG WAI JUN SABRINA
biomed,hk,2017Q2,60661522,20170619,TRZECIESKI MICHAEL ALEXANDER
biomed,hk,2017Q2,60663920,20170609,TELEFIELD MEDICAL IMAGING LTD
biomed,hk,2017Q2,60663933,20170609,TELEFIELD MEDICAL IMAGING LTD
biomed,hk,2017Q2,60664163,20170612,VERSITECH LTD
biomed,hk,2017Q2,60787652,20170630,EMERGING VIRAL DIAGNOSTICS HK LTD | VERSITECH LTD
biomed,hk,2017Q2,61016888,20170609,TELEFIELD MEDICAL IMAGING LTD
biomed,hk,2017Q2,61016897,20170421,CRAGE MEDICAL CO LTD
biomed,hk,2017Q2,62557852,20170619,TALENGEN INT LTD
biomed,hk,2017Q2,62557882,20170619,TALENGEN INT LTD
biomed,hk,2017Q2,62558191,20170619,TALENGEN INT LTD
biomed,hk,2017Q2,62705520,20170620,HEARTISANS LTD
biomed,hk,2017Q2,63705333,20170414,UNIV HONG KONG CHINESE
biomed,hk,2017Q2,63852923,20170421,UNIV CITY HONG KONG
biomed,hk,2017Q2,63854371,20170420,KWOK NGOK WING JIMMY
biomed,hk,2017Q2,64097643,20170509,UNIV CITY HONG KONG
biomed,hk,2017Q2,64459110,20170531,UNIV CITY HONG KONG
biomed,hk,2017Q2,64459232,20170606,UNIV CITY HONG KONG
biomed,hk,2017Q2,64460346,20170530,SUNASIC TECH LIMITED
biomed,hk,2017Q2,64656107,20170614,UNIV CITY HONG KONG
biomed,hk,2017Q2,64691258,20170626,INNOTECH APPLIANCE LTD
biomed,hk,2017Q3,48522402,20170908,SWISS SPA SYSTEM LTD
biomed,hk,2017Q3,50275067,20170712,UNIV HONG KONG CHINESE
biomed,hk,2017Q3,51061637,20170912,UNIV HONG KONG CHINESE
biomed,hk,2017Q3,51654958,20170804,DSG TECHNOLOGY HOLDINGS LTD
biomed,hk,2017Q3,59212948,20170809,ALIBABA GROUP SERVICES LTD
biomed,hk,2017Q3,59501175,20170705,FIND SOLUTION ARTIFICIAL INTELLIGENCE LTD | LAM YUEN LEE VIOLA
biomed,hk,2017Q3,59593189,20170801,TENACIA BIOTECHNOLOGY HONG KONG CO LTD
biomed,hk,2017Q3,59593191,20170801,TENACIA BIOTECHNOLOGY HONG KONG CO LTD
biomed,hk,2017Q3,59593195,20170801,TENACIA BIOTECHNOLOGY HONG KONG CO LTD
biomed,hk,2017Q3,59593196,20170801,TENACIA BIOTECHNOLOGY HONG KONG CO LIMITED | TENACIA BIOTECHNOLOGY HONG KONG CO LTD
biomed,hk,2017Q3,59619860,20170807,ALIBABA GROUP SERVICES LTD
biomed,hk,2017Q3,59914387,20170919,LAI HO WA
biomed,hk,2017Q3,60295074,20170802,ENANO HEALTH LTD
biomed,hk,2017Q3,60551970,20170930,WONG KEI TING
biomed,hk,2017Q3,60807316,20170913,LIHEALTH LTD
biomed,hk,2017Q3,60941847,20170713,HONG KONG RES INST TEXTILES & APPAREL LTD
biomed,hk,2017Q3,60991793,20170721,AMORV IP COMPANY LTD
biomed,hk,2017Q3,60991959,20170719,HUI SING KWONG SAMUEL | LEE KA SHEK NEVILLE
biomed,hk,2017Q3,61015603,20170719,NORTH & SOUTH BROTHER PHARMACY INVESTMENT CO LTD
biomed,hk,2017Q3,61016941,20170728,TOMOIKE BIO LTD
biomed,hk,2017Q3,61072781,20170802,NORTH & SOUTH BROTHER PHARMACY INVESTMENT CO LTD
biomed,hk,2017Q3,61074084,20170731,GREGERSEN HANS
biomed,hk,2017Q3,61110532,20170715,ACCRO BIOSCIENCE HK LTD
biomed,hk,2017Q3,61161929,20170811,NOVOHEART INTERNATIONAL LTD | NOVOHEART LTD
biomed,hk,2017Q3,61190942,20170822,HONG KONG RES INST TEXTILES & APPAREL LTD
biomed,hk,2017Q3,61191087,20170817,TAM PUI LING
biomed,hk,2017Q3,61196632,20170817,TOMOIKE BIO LTD
biomed,hk,2017Q3,61197262,20170815,NORTH & SOUTH BROTHER PHARMACY INVESTMENT CO LTD
biomed,hk,2017Q3,61241122,20170828,SOFT LINES INT LTD
biomed,hk,2017Q3,61301333,20170829,NORTH & SOUTH BROTHER PHARMACY INVESTMENT CO LTD
biomed,hk,2017Q3,61437766,20170821,UNIV HONG KONG CHINESE
biomed,hk,2017Q3,61562093,20170907,KOLN 3D TECH MEDICAL LIMITED
biomed,hk,2017Q3,61562404,20170907,VERSITECH LTD
biomed,hk,2017Q3,61617636,20170821,CM HK LTD
biomed,hk,2017Q3,61618233,20170920,UNIV HONG KONG BAPTIST UNIV
biomed,hk,2017Q3,61618639,20170918,I MAB BIOPHARMA HONG KONG LTD
biomed,hk,2017Q3,61619237,20170913,EV71 HK LTD | VERSITECH LTD
biomed,hk,2017Q3,61621107,20170918,SCHNEIDER DAVID LYLE
biomed,hk,2017Q3,61830766,20170929,UNIV HONG KONG BAPTIST UNIV
biomed,hk,2017Q3,62004927,20170927,HEPAGENE THERAPEUTICS HK LTD
biomed,hk,2017Q3,62065859,20170928,INSILICO MEDICINE IP LTD
biomed,hk,2017Q3,63592647,20170918,MAST INDUSTRIES FAR EAST LTD
biomed,hk,2017Q3,63682458,20170919,WORLD WIDE DAILY HOLDINGS CO LTD
biomed,hk,2017Q3,65000760,20170714,UNIV HONG KONG BAPTIST UNIV
biomed,hk,2017Q3,65014253,20170719,UNIV CITY HONG KONG
biomed,hk,2017Q3,65014608,20170721,CITY UNIV OF IIONG KONG | UNIV CITY HONG KONG
biomed,hk,2017Q3,65232979,20170731,AVALON BONE SUPPLEMENT HK LTD | VERSITECH LTD
biomed,hk,2017Q3,65360994,20170816,UNIV CITY HONG KONG
biomed,hk,2017Q3,65517110,20170905,UNIV CITY HONG KONG
biomed,hk,2017Q3,65630142,20170912,UNIV CITY HONG KONG
biomed,hk,2017Q3,65633401,20170907,VERSITECH LTD
biomed,hk,2017Q3,68055275,20170713,LAM DOMINIC MAN KIT | LEI HAN | POLY TECH SERVICES LTD
biomed,hk,2017Q3,79168193,20170731,GREGERSEN HANS
biomed,hk,2017Q4,35351726,20171214,UNIV HONG KONG CHINESE
biomed,hk,2017Q4,52274459,20171222,UNIV HONG KONG CHINESE
biomed,hk,2017Q4,58949632,20171229,NORTH & SOUTH BROTHER PHARMACY INVESTMENT CO LTD
biomed,hk,2017Q4,60437863,20171025,SUN LUEN ELECTRICAL MFG CO LTD
biomed,hk,2017Q4,60629470,20171205,JACOBSON RES LABORATORY LIMITED | JBM RES LABORATORY LIMITED
biomed,hk,2017Q4,60805525,20171120,REBIO TECH LIMITED
biomed,hk,2017Q4,61003197,20171115,EVERGREEN LAND LTD
biomed,hk,2017Q4,61010761,20171009,ACE COMMUNICATIONS LTD
biomed,hk,2017Q4,61131515,20171222,PINGSENSE TECH LIMITED
biomed,hk,2017Q4,61233246,20171212,YEUNG CHI WAI
biomed,hk,2017Q4,61282424,20171103,UNIV HONG KONG BAPTIST UNIV
biomed,hk,2017Q4,61832121,20171005,AVALON SPINECARE HK LTD
biomed,hk,2017Q4,61903724,20171018,UNIV HONG KONG CHINESE
biomed,hk,2017Q4,62018209,20171016,NEW LIFE MEDICINE TECH COMPANY LIMITED | UNIV HONG KONG BAPTIST UNIV
biomed,hk,2017Q4,62019784,20171020,NANO & ADVANCED MATERIALS INST LTD
biomed,hk,2017Q4,62020049,20171218,DAYTON TECH LIMITED
biomed,hk,2017Q4,62024501,20171029,VINCENT YUVAL R&D LTD
biomed,hk,2017Q4,62025423,20171024,UNIV HONG KONG CHINESE
biomed,hk,2017Q4,62065255,20171019,NANO & ADVANCED MATERIALS INST LTD
biomed,hk,2017Q4,62065312,20171108,UNIV HONG KONG BAPTIST UNIV
biomed,hk,2017Q4,62075395,20171101,NUTRITION SCIENCE PARTNERS LTD
biomed,hk,2017Q4,62076166,20171027,HEPAGENE THERAPEUTICS HK LTD
biomed,hk,2017Q4,62076286,20171107,AUSMED GLOBAL LTD
biomed,hk,2017Q4,62076518,20171103,VICWOOD PROSPERITY TECH LIMITED
biomed,hk,2017Q4,62108366,20171221,PINGSENSE TECH LIMITED
biomed,hk,2017Q4,62109681,20171108,EMV ENHANCE HK LTD | VERSITECH LTD
biomed,hk,2017Q4,62144295,20171120,UNIV HONG KONG CHINESE
biomed,hk,2017Q4,62145206,20171107,UNIV HONG KONG BAPTIST UNIV
biomed,hk,2017Q4,62190770,20171130,UNIV HONG KONG CHINESE
biomed,hk,2017Q4,62242801,20171130,EPONA BIOTEC LTD
biomed,hk,2017Q4,62488197,20171211,UNIV HONG KONG POLYTECHNIC
biomed,hk,2017Q4,62557993,20171215,TALENGEN INT LTD
biomed,hk,2017Q4,62558051,20171214,NORTH & SOUTH BROTHER PHARMACY INVESTMENT CO LTD
biomed,hk,2017Q4,62627816,20171222,DSG TECHNOLOGY HOLDINGS LTD
biomed,hk,2017Q4,62708780,20171222,JI XING PHARMACEUTICALS HONG KONG LTD
biomed,hk,2017Q4,62709109,20171222,CORXEL PHARMACEUTICALS HONG KONG LTD | JI XING PHARMACEUTICALS HONG KONG LTD
biomed,hk,2017Q4,62838926,20171127,CHUN KWOK TUNG
biomed,hk,2017Q4,64051518,20171012,SWISS SPA SYSTEM LTD
biomed,hk,2017Q4,65014276,20171023,LAO CHUNG HING
biomed,hk,2017Q4,66097687,20171017,VIRGILANT TECH LIMITED
biomed,hk,2017Q4,66328307,20171107,UNIV CITY HONG KONG
biomed,hk,2017Q4,66632970,20171129,GROKING LAB LTD
biomed,hk,2017Q4,66663773,20171129,UNIV HONG KONG
biomed,hk,2017Q4,67057553,20171228,VOCATIONAL TRAINING COUNCIL
biomed,hk,2017Q4,67058419,20171228,VOCATIONAL TRAINING COUNCIL
biomed,hk,2018Q1,47745805,20180319,HONG KONG POLYTECHNIC UNIV
biomed,hk,2018Q1,60428322,20180312,ALIBABA GROUP SERVICES LTD
biomed,hk,2018Q1,61197605,20180110,MV SQUARE LTD
biomed,hk,2018Q1,61223609,20180206,LEE WAI LEUNG
biomed,hk,2018Q1,61563195,20180305,UNITO SMART TECH LIMITED
biomed,hk,2018Q1,61773313,20180111,JOHNLUI COM
biomed,hk,2018Q1,62024208,20180117,INNOVATIVE PREC INSTRUMENTS LIMITED
biomed,hk,2018Q1,62782553,20180308,UNIV CITY HONG KONG
biomed,hk,2018Q1,62789136,20180103,AUXILIA LTD
biomed,hk,2018Q1,62838357,20180313,SU SOPHIA HAI YUN
biomed,hk,2018Q1,62840605,20180115,NANSHA BIOLOGICS HONG KONG LTD | NANSHA BIOLOGIES HONG KONG LTD
biomed,hk,2018Q1,62905753,20180125,THE CHINESE UNIV OF HONG KONG OFFICE OF RESEARCH AND KNOWLEDGE TRANSFER SERVICES | UNIV HONG KONG CHINESE
biomed,hk,2018Q1,62908330,20180122,NORTH & SOUTH BROTHER PHARMACY INVESTMENT CO LTD
biomed,hk,2018Q1,62979087,20180124,WELL BEING DIGITAL LTD
biomed,hk,2018Q1,63094096,20180208,CELLULAR BIOMEDICINE GROUP HK LTD
biomed,hk,2018Q1,63169144,20180213,MEDPOT LTD
biomed,hk,2018Q1,63239077,20180208,CRAGE MEDICAL CO LTD
biomed,hk,2018Q1,63245496,20180222,DSG TECHNOLOGY HOLDINGS LTD
biomed,hk,2018Q1,63253013,20180222,DSG TECHNOLOGY HOLDINGS LTD
biomed,hk,2018Q1,63253072,20180221,AVALON NANOSILVER RX HK LTD
biomed,hk,2018Q1,63254094,20180226,DSG TECHNOLOGY HOLDINGS LTD
biomed,hk,2018Q1,63369754,20180226,HEROKA IND LTD
biomed,hk,2018Q1,63522755,20180313,NANO & ADVANCED MATERIALS INST LTD
biomed,hk,2018Q1,63676838,20180328,CHIU YIN TO | PHASE SCIENT INTERNATIONAL LTD
biomed,hk,2018Q1,63676910,20180331,ACT GENOMICS IP CO LTD
biomed,hk,2018Q1,63707888,20180320,SOL MILLENNIUM MEDICAL HK LTD
biomed,hk,2018Q1,63710144,20180320,UNIV HONG KONG BAPTIST UNIV
biomed,hk,2018Q1,63858204,20180105,BYTON LTD
biomed,hk,2018Q1,65721827,20180213,INNOVATIVE PREC INSTRUMENTS LIMITED
biomed,hk,2018Q1,67059752,20180102,UNIV CITY HONG KONG
biomed,hk,2018Q1,67299172,20180119,UNIV CITY HONG KONG
biomed,hk,2018Q1,67392767,20180309,HONG KONG RES INST TEXTILES & APPAREL LTD
biomed,hk,2018Q1,67844423,20180312,UNIV CITY HONG KONG
biomed,hk,2018Q1,67906025,20180316,ALPHATECH INTERNATIONAL LTD
biomed,hk,2018Q1,67986635,20180321,CHAROENFUPRASERT SULAWAN
biomed,hk,2018Q1,68057025,20180327,DRD LIFESCIENCES GROUP LTD | INT BIOTECH INSTITUTE INC | LAM DOMINIC MAN KIT | LEI HAN
biomed,hk,2018Q1,68765534,20180321,UNIV CITY HONG KONG
biomed,hk,2018Q2,43530526,20180420,UNIV HONG KONG CHINESE
biomed,hk,2018Q2,45818394,20180612,DSG TECHNOLOGY HOLDINGS LTD
biomed,hk,2018Q2,61042561,20180508,ALIBABA GROUP SERVICES LTD
biomed,hk,2018Q2,61088233,20180515,ALIBABA GROUP SERVICES LTD
biomed,hk,2018Q2,61629150,20180607,SMART BEAT PROFITS LTD
biomed,hk,2018Q2,61666730,20180522,ALIBABA GROUP SERVICES LTD
biomed,hk,2018Q2,62143929,20180607,SMART BEAT PROFITS LTD
biomed,hk,2018Q2,62200214,20180515,FOREVER CHEER HOLDING LTD | FOREVER CHEER INTERNATIONAL LTD
biomed,hk,2018Q2,62202790,20180410,Terence Man Wai Ng
biomed,hk,2018Q2,63236441,20180626,LAU CHUN YIN
biomed,hk,2018Q2,63355059,20180416,NEW LIFE MEDICINE TECH COMPANY LIMITED | UNIV HONG KONG BAPTIST UNIV
biomed,hk,2018Q2,63573651,20180404,LAGUNAMOON BEAUTY LTD
biomed,hk,2018Q2,63792787,20180411,NAL PHARMACEUTICAL GROUP LTD
biomed,hk,2018Q2,63852463,20180423,WU KAN
biomed,hk,2018Q2,63919457,20180425,UNIV HONG KONG
biomed,hk,2018Q2,64015901,20180504,ELIXIRON IMMUNOTHERAPEUTICS HONG KONG LTD | ELIXIRON IMMUNOTHERAPEUTICS HONG KONG LTD HK
biomed,hk,2018Q2,64269736,20180517,INNOTECH APPLIANCE LTD
biomed,hk,2018Q2,64273377,20180516,UNIV HONG KONG CHINESE
biomed,hk,2018Q2,64273414,20180516,ENZYNOMICS H K LTD
biomed,hk,2018Q2,64278377,20180615,VIRGILANT TECH LIMITED
biomed,hk,2018Q2,64454398,20180530,CRAGE MEDICAL CO LTD
biomed,hk,2018Q2,64456489,20180601,CHIU YIN TO
biomed,hk,2018Q2,64661021,20180615,AVALON FLAVIVIRAL THERAPEUTICS HK LTD
biomed,hk,2018Q2,64693802,20180621,LO KIT YI
biomed,hk,2018Q2,64735901,20180620,NANOMAB TECH LIMITED
biomed,hk,2018Q2,64737532,20180620,WELL BEING DIGITAL LTD
biomed,hk,2018Q2,64740430,20180627,VISION GLOBAL HOLDINGS LTD
biomed,hk,2018Q2,64821922,20180623,ACCRO BIOSCIENCE HK LTD
biomed,hk,2018Q2,66004408,20180519,KIN WAN LI | Ming Hon Chan
biomed,hk,2018Q2,66819469,20180411,BUCKYOL LTD
biomed,hk,2018Q2,67059139,20180608,MSHEAF HEALTH MANAGEMENT TECH LIMITED
biomed,hk,2018Q2,67300182,20180604,DOLSMA JOHAN MATTHIJS | LAM YUEN LEE VIOLA
biomed,hk,2018Q2,68097698,20180409,UNIV HONG KONG POLYTECHNIC
biomed,hk,2018Q2,68099260,20180410,UNIV HONG KONG POLYTECHNIC
biomed,hk,2018Q2,68162736,20180409,VINCENT MEDICAL MANUFACTUING CO LTD
biomed,hk,2018Q2,68236284,20180419,UNIV CITY HONG KONG
biomed,hk,2018Q2,68290910,20180430,UNIV CITY HONG KONG
biomed,hk,2018Q2,68384288,20180507,UNIV HONG KONG CHINESE
biomed,hk,2018Q2,68387039,20180504,CONNECT BIOPHARMA HONGKONG LTD
biomed,hk,2018Q2,68463723,20180509,SMITH ANDRE HUGO
biomed,hk,2018Q2,68465258,20180509,UNIV HONG KONG SCI & TECH
biomed,hk,2018Q2,68465306,20180513,GA HEALTH & BEAUTY CO LTD
biomed,hk,2018Q2,68533871,20180518,HONG KONG APPLIED SCIENCE & TECH RESEARCH INST CO LTD
biomed,hk,2018Q2,68539350,20180604,CELLULAR BIOMEDICINE GROUP HK LTD
biomed,hk,2018Q2,68764344,20180607,UNIV CITY HONG KONG
biomed,hk,2018Q3,60459762,20180720,CONTIN TECH LIMITED
biomed,hk,2018Q3,62206371,20180925,BELUN TECH IP COMPANY LIMITED
biomed,hk,2018Q3,63077712,20180712,LEE RAYER LAVONNE
biomed,hk,2018Q3,63165492,20180724,HEPAGENE THERAPEUTICS HK LTD
biomed,hk,2018Q3,63209242,20180810,MEHTA RAMAN | Raman Mehta
biomed,hk,2018Q3,63684400,20180808,KEI INTERNATIONAL LTD | TOMORROWS IP LTD
biomed,hk,2018Q3,63715219,20180824,YAHUIKANG LTD
biomed,hk,2018Q3,63915825,20180702,DENG CHUNLIAN | LIANKANG TECH LIMITED
biomed,hk,2018Q3,64014077,20180709,UNIV HONG KONG BAPTIST UNIV
biomed,hk,2018Q3,64108940,20180928,Pui Tong Kwan
biomed,hk,2018Q3,64656851,20180821,BAI YAHUI | YAHUIKANG LTD
biomed,hk,2018Q3,64662349,20180919,WORLD WIDE DAILY HOLDINGS CO LTD
biomed,hk,2018Q3,64744470,20180831,WONG HAU PLASTIC WORKS & TRADING CO LTD
biomed,hk,2018Q3,65001021,20180703,TELEFIELD MEDICAL IMAGING LTD
biomed,hk,2018Q3,65001552,20180703,TELEFIELD MEDICAL IMAGING LTD
biomed,hk,2018Q3,65001576,20180703,TELEFIELD MEDICAL IMAGING LTD
biomed,hk,2018Q3,65002321,20180703,TELEFIELD MEDICAL IMAGING LTD
biomed,hk,2018Q3,65002333,20180703,TELEFIELD MEDICAL IMAGING LTD
biomed,hk,2018Q3,65014315,20180722,UNIV HONG KONG | VERSITECH LTD
biomed,hk,2018Q3,65039389,20180726,UNIV HONG KONG CHINESE
biomed,hk,2018Q3,65138490,20180725,INSILICO MEDICINE IP LTD
biomed,hk,2018Q3,65232362,20180731,EXPLORUS SURGICAL LTD
biomed,hk,2018Q3,65232366,20180731,REFLECTION BIOTECHNOLOGIES LTD
biomed,hk,2018Q3,65362913,20180815,AVALON POLYTOM HK LTD
biomed,hk,2018Q3,65439862,20180808,NAL PHARMACEUTICAL GROUP LTD
biomed,hk,2018Q3,65517772,20180907,ATHENEX HK INNOVATIVE LTD
biomed,hk,2018Q3,65687383,20180913,NANOMAB TECH LIMITED
biomed,hk,2018Q3,65721208,20180829,WORLD WIDE DAILY HOLDINGS CO LTD
biomed,hk,2018Q3,65722430,20180918,NORTH & SOUTH BROTHER PHARMACY INVESTMENT CO LTD
biomed,hk,2018Q3,65723855,20180917,CHIU YIN TO | PHASE SCIENT INTERNATIONAL LTD
biomed,hk,2018Q3,65810078,20180918,UNIV HONG KONG SCI & TECH | UNIV HONG KONG SCIENCE & TECH
biomed,hk,2018Q3,65900767,20180921,NORTH & SOUTH BROTHER PHARMACY INVESTMENT CO LTD
biomed,hk,2018Q3,65992802,20180801,WORLD WIDE DAILY HOLDINGS CO LTD
biomed,hk,2018Q3,67143484,20180705,KWB GLOBAL LTD
biomed,hk,2018Q3,68054636,20180711,PUZHEN LIFE CO LTD
biomed,hk,2018Q3,69405673,20180807,UNIV CITY HONG KONG
biomed,hk,2018Q3,69640763,20180829,UNIV HONG KONG POLYTECHNIC
biomed,hk,2018Q3,69720400,20180911,UNIV CITY HONG KONG
biomed,hk,2018Q3,69855700,20180920,TESCO DENTAL HONG KONG LTD
biomed,hk,2018Q3,69945528,20180928,UNIV CITY HONG KONG
biomed,hk,2018Q4,46457270,20181023,UNIV HONG KONG CHINESE
biomed,hk,2018Q4,46600764,20181023,VERSITECH LTD
biomed,hk,2018Q4,52144269,20181130,DSG TECHNOLOGY HOLDINGS LTD
biomed,hk,2018Q4,52361224,20181221,HO DAVID SAI WAH
biomed,hk,2018Q4,52688316,20181106,UNIV HONG KONG CHINESE
biomed,hk,2018Q4,60971969,20181228,COMEPA INDUSTRIES LTD | CONSUMABLES MEDICAL PACIFIC IND LTD
biomed,hk,2018Q4,62232360,20181022,ALIBABA GROUP SERVICES LTD
biomed,hk,2018Q4,64362685,20181031,HEPAGENE THERAPEUTICS HK LTD
biomed,hk,2018Q4,64572512,20181109,HEPAGENE THERAPEUTICS HK LTD
biomed,hk,2018Q4,64617622,20181030,MAK CHI PONG
biomed,hk,2018Q4,64665712,20181214,DCIC BIOPHARMACEUTICAL LTD
biomed,hk,2018Q4,64740168,20181115,XIANLAN TECH CO LIMITED | XIANLANG TECH CO LIMITED
biomed,hk,2018Q4,65230852,20181009,CONVERGENCE SYSTEMS LTD
biomed,hk,2018Q4,65434676,20181025,UNIV HONG KONG BAPTIST UNIV
biomed,hk,2018Q4,65630688,20181115,XIAN LANFANG | XIANLAN TECH CO LIMITED
biomed,hk,2018Q4,65992356,20181004,ATHENEX HK INNOVATIVE LTD | Health Hope Pharma HK Ltd
biomed,hk,2018Q4,65993017,20181204,UNIV HONG KONG BAPTIST UNIV
biomed,hk,2018Q4,66096821,20181012,UNIV HONG KONG CHINESE
biomed,hk,2018Q4,66173467,20181016,AVALON FLAVIVIRAL THERAPEUTICS HK LTD | VERSITECH LTD
biomed,hk,2018Q4,66173993,20181009,MINDFIO LTD
biomed,hk,2018Q4,66243987,20181101,UNIV HONG KONG CHINESE
biomed,hk,2018Q4,66247187,20181029,ALIS PHARMA LTD
biomed,hk,2018Q4,66331624,20181105,VICWOOD PROSPERITY TECH LIMITED
biomed,hk,2018Q4,66432712,20181115,INTERSELECT TRADING LTD
biomed,hk,2018Q4,66437594,20181108,SINOMAB BIOSCIENCE LTD
biomed,hk,2018Q4,66438765,20181107,ELEGANT BEST INVESTMENT LTD
biomed,hk,2018Q4,66534922,20181110,NORTH & SOUTH BROTHER PHARMACY INVESTMENT CO LTD
biomed,hk,2018Q4,66630497,20181126,UNIV HONG KONG
biomed,hk,2018Q4,66665432,20181129,NOVOHEART INTERNATIONAL LTD | NOVOHEART LTD
biomed,hk,2018Q4,66734576,20181212,CHOW CHUN TO
biomed,hk,2018Q4,66750051,20181127,ECO BIOMASS TECH COMPANY LIMITED
biomed,hk,2018Q4,66750367,20181127,ECO BIOMASS TECH COMPANY LIMITED
biomed,hk,2018Q4,66750420,20181205,LAM YUEN LEE VIOLA
biomed,hk,2018Q4,66820790,20181205,HO SZE KIT
biomed,hk,2018Q4,66929250,20181219,ACOUSTIC ARC INTERNATIONAL LTD
biomed,hk,2018Q4,66993007,20181217,WORLD WIDE DAILY HOLDINGS CO LTD
biomed,hk,2018Q4,66993218,20181221,PHARMALINK INTERNATIONAL LTD
biomed,hk,2018Q4,67059056,20181130,MSHEAF HEALTH MANAGEMENT TECH LIMITED
biomed,hk,2018Q4,67063259,20181228,ACT GENOMICS IP CO LTD | ACT GENOMICS IP LTD
biomed,hk,2018Q4,67273244,20181106,SILENTMODE LTD | SJLENTMODE LTD
biomed,hk,2018Q4,67543512,20181114,INNOVATIVE PREC INSTRUMENTS LIMITED
biomed,hk,2018Q4,67568500,20181130,IEMIS HK LTD
biomed,hk,2018Q4,67904846,20181214,UNIV HONG KONG BAPTIST UNIV
biomed,hk,2018Q4,68161681,20181219,UNIV HONG KONG POLYTECHNIC
biomed,hk,2018Q4,68317260,20181031,LIFETRONS SWITZERLAND GROUP LTD
biomed,hk,2018Q4,69887709,20181206,UNIV CITY HONG KONG
biomed,hk,2018Q4,70284403,20181019,AVALON HEPAPOC LTD
biomed,hk,2018Q4,70327515,20181030,UNIV CITY HONG KONG
biomed,hk,2018Q4,70461397,20181213,THUNDER POWER NEW ENERGY VEHICLE DEVELOPMENT CO LTD
biomed,hk,2018Q4,71070279,20181115,XIANLAN TECH CO LIMITED
biomed,hk,2018Q4,71121541,20181228,RECYCLEGREEN PROJECT LTD | UNIV HONG KONG POLYTECHNIC
biomed,hk,2019Q1,51388739,20190123,UNIV HONG KONG CHINESE
biomed,hk,2019Q1,55216830,20190329,TYME LTD
biomed,hk,2019Q1,62218693,20190114,ANIWEAR COMPANY LTD
biomed,hk,2019Q1,65023760,20190114,NOVETEX TEXTILES LTD
biomed,hk,2019Q1,65347544,20190201,WORLD WIDE DAILY HOLDINGS CO LTD
biomed,hk,2019Q1,65444348,20190131,TENACIA BIOTECHNOLOGY HONG KONG CO LTD
biomed,hk,2019Q1,65528233,20190113,YU STEPHEN WAI CHIU
biomed,hk,2019Q1,65998669,20190211,ROTAM AGROCHEM INT CO LTD
biomed,hk,2019Q1,66335923,20190327,HOFFMANN ASIA LTD
biomed,hk,2019Q1,66432310,20190109,LANG SHILEI | SHILEITECH LTD
biomed,hk,2019Q1,67214215,20190115,HYGIEIA HEALTH CO LTD
biomed,hk,2019Q1,67218614,20190108,UNIV HONG KONG CHINESE | UNIV HONG KONG POLYTECHNIC
biomed,hk,2019Q1,67301653,20190117,NANO & ADVANCED MATERIALS INST LTD
biomed,hk,2019Q1,67301666,20190117,UNIV HONG KONG BAPTIST UNIV
biomed,hk,2019Q1,67301698,20190114,ANIWEAR COMPANY LTD
biomed,hk,2019Q1,67302509,20190118,PHASE SCIENT INTERNATIONAL LTD
biomed,hk,2019Q1,67352606,20190129,KOLN HONG KONG LTD
biomed,hk,2019Q1,67365949,20190123,NORTH & SOUTH BROTHER PHARMACY INVESTMENT CO LTD
biomed,hk,2019Q1,67477919,20190202,CRAGE MEDICAL CO LTD
biomed,hk,2019Q1,67478601,20190130,NORTH & SOUTH BROTHER PHARMACY INVESTMENT CO LTD
biomed,hk,2019Q1,67479594,20190201,UNIV HONG KONG CHINESE
biomed,hk,2019Q1,67549318,20190130,NORTH & SOUTH BROTHER PHARMACY INVESTMENT CO LTD
biomed,hk,2019Q1,67805178,20190225,BIOGTS GREEN ENERGY COMPANY LTD
biomed,hk,2019Q1,67805628,20190227,CHAN RUSSELL WADE
biomed,hk,2019Q1,67843845,20190122,UNIV HONG KONG SCI & TECH
biomed,hk,2019Q1,67846292,20190306,ATHENEX HK INNOVATIVE LTD | AVALON BIOMEDICAL (MANAGEMENT) LTD
biomed,hk,2019Q1,67907320,20190312,BEACON MEDCARE HK LTD
biomed,hk,2019Q1,67907461,20190312,BETTER AIR INTERNATIONAL LTD
biomed,hk,2019Q1,67908713,20190312,BETTER AIR INTERNATIONAL LTD
biomed,hk,2019Q1,67984455,20190322,DSG TECHNOLOGY HOLDINGS LTD
biomed,hk,2019Q1,67988137,20190318,CHAROENFUPRASERT SULAWAN
biomed,hk,2019Q1,68054784,20190322,HONG KONG PRODUCTIVITY COUNCIL HKPC
biomed,hk,2019Q1,68057560,20190329,DAYTON TECH LIMITED
biomed,hk,2019Q1,68058553,20190328,CELLULAR BIOMEDICINE GROUP HK LTD
biomed,hk,2019Q1,68058573,20190328,CELLULAR BIOMEDICINE GROUP HK LTD
biomed,hk,2019Q1,68059444,20190325,WISE ALLY HOLDINGS LTD
biomed,hk,2019Q1,68060418,20190328,ELIXIRON IMMUNOTHERAPEUTICS HONG KONG LTD
biomed,hk,2019Q1,68062479,20190320,WELL BEING DIGITAL LTD
biomed,hk,2019Q1,68062652,20190328,NOVOHEART INTERNATIONAL LTD
biomed,hk,2019Q1,68163403,20190329,PRIMEDTECH LTD
biomed,hk,2019Q1,68499804,20190117,DIS DEVELOPMENT LTD
biomed,hk,2019Q1,71105059,20190130,INSILICO MEDICINE IP LTD
biomed,hk,2019Q1,71835743,20190201,UNIV HONG KONG
biomed,hk,2019Q1,72236536,20190228,UNIV HONG KONG POLYTECHNIC
biomed,hk,2019Q1,72336646,20190307,UNIV CITY HONG KONG
biomed,hk,2019Q1,72336773,20190309,NEO MECH LIMITED
biomed,hk,2019Q1,78230772,20190212,VISION GLOBAL HOLDINGS LTD
biomed,hk,2019Q2,45937802,20190531,BIOLUX RES HOLDINGS INC
biomed,hk,2019Q2,48999460,20190508,ROTAM AGROCHEM INT CO LTD
biomed,hk,2019Q2,54325141,20190422,WELL BEING DIGITAL LTD
biomed,hk,2019Q2,65157790,20190402,PURECELL BIOMEDICAL TECH COMPANY LIMITED
biomed,hk,2019Q2,65188361,20190524,CANDACE GUIDANCE SIGNAGE LTD
biomed,hk,2019Q2,66092346,20190404,UNIV HONG KONG CHINESE
biomed,hk,2019Q2,66589249,20190515,LIFETRONS SWITZERLAND GROUP LTD | LIFETRONS SWITZERLAND HOLDINGS LTD
biomed,hk,2019Q2,66810300,20190425,YINGCARE LTD
biomed,hk,2019Q2,67077788,20190416,YAN KING TONG THOMAS
biomed,hk,2019Q2,67078707,20190620,MEDTIMES MOLECULAR LABORATORY LTD
biomed,hk,2019Q2,67213774,20190404,ENANO HEALTH LTD
biomed,hk,2019Q2,67213785,20190404,ENANO HEALTH LTD
biomed,hk,2019Q2,67308094,20190619,PUZHEN LIFE CO LTD
biomed,hk,2019Q2,67384712,20190510,INTEGRAL CARE TECH LTD
biomed,hk,2019Q2,67476489,20190419,UNIV HONG KONG CHINESE
biomed,hk,2019Q2,67541885,20190425,LIU YING | YINGCARE LTD
biomed,hk,2019Q2,67768644,20190517,INSILICO MEDICINE IP LTD
biomed,hk,2019Q2,67903875,20190404,ENANO HEALTH LTD
biomed,hk,2019Q2,68054558,20190619,GENUINE FIRST AID INT LTD
biomed,hk,2019Q2,68055282,20190403,UNIV HONG KONG BAPTIST UNIV
biomed,hk,2019Q2,68101298,20190406,APPLIED BIOPHOTONICS LTD
biomed,hk,2019Q2,68160127,20190412,ATHENEX THERAPEUTICS LTD
biomed,hk,2019Q2,68162957,20190402,CELLULAR BIOMEDICINE GROUP HK LTD
biomed,hk,2019Q2,68294828,20190426,UNIV HONG KONG
biomed,hk,2019Q2,68294966,20190424,HEALTH AND HAPPINESS H&H HONG KONG LTD
biomed,hk,2019Q2,68383700,20190502,LAM CHUI CHI
biomed,hk,2019Q2,68385476,20190503,UNIV HONG KONG CHINESE
biomed,hk,2019Q2,68465468,20190505,WELL BEING DIGITAL LTD
biomed,hk,2019Q2,68465539,20190625,HEARSAFE LTD
biomed,hk,2019Q2,68467203,20190509,APRINOIA THERAPEUTICS LTD
biomed,hk,2019Q2,68532808,20190520,JUPENG BIO HK LTD
biomed,hk,2019Q2,68534024,20190516,UNIV HONG KONG
biomed,hk,2019Q2,68539453,20190515,CRAGE MEDICAL CO LTD
biomed,hk,2019Q2,68541008,20190516,ARBELE LTD
biomed,hk,2019Q2,68696825,20190531,UNIV HONG KONG
biomed,hk,2019Q2,68697862,20190531,UNIV HONG KONG CHINESE | UNIV HONG KONG POLYTECHNIC
biomed,hk,2019Q2,68770220,20190606,NAL PHARMACEUTICAL GROUP LTD
biomed,hk,2019Q2,68770546,20190605,AMVAC HONG KONG LTD
biomed,hk,2019Q2,68770896,20190605,NAL PHARMACEUTICAL GROUP LTD
biomed,hk,2019Q2,68981317,20190620,ANTENGENE THERAPEUTICS LTD
biomed,hk,2019Q2,68983505,20190618,NOVOHEART INTERNATIONAL LTD | NOVOHEART LTD
biomed,hk,2019Q2,69054880,20190628,UNIV HONG KONG BAPTIST UNIV
biomed,hk,2019Q2,69413449,20190625,NAL PHARMACEUTICAL GROUP LTD
biomed,hk,2019Q2,70736380,20190621,THUNDER POWER NEW ENERGY VEHICLE DEVELOPMENT CO LTD
biomed,hk,2019Q2,72141356,20190604,LAU MING HO
biomed,hk,2019Q2,72666569,20190404,UNIV OF HONG KONG
biomed,hk,2019Q2,72917605,20190426,UNIV CITY HONG KONG
biomed,hk,2019Q2,73029543,20190430,ALIS PHARMA LTD
biomed,hk,2019Q2,73046046,20190508,UNIV CITY HONG KONG
biomed,hk,2019Q2,73047630,20190508,UNIV CITY HONG KONG
biomed,hk,2019Q2,73047740,20190508,UNIV CITY HONG KONG
biomed,hk,2019Q2,73050949,20190506,CENTRAL VICTORY LTD HK
biomed,hk,2019Q2,73745056,20190617,UNIV CITY HONG KONG
biomed,hk,2019Q2,73781326,20190614,MEGA WINNING LTD
biomed,hk,2019Q2,74044226,20190627,UNIV CITY HONG KONG
biomed,hk,2019Q3,41377838,20190810,DSG TECHNOLOGY HOLDINGS LTD
biomed,hk,2019Q3,44904389,20190701,PANGU BIOPHARMA LTD
biomed,hk,2019Q3,63619124,20190725,GLOBAL COSMETICS HONG KONG COMPANY LTD
biomed,hk,2019Q3,65965811,20190814,MING FAI INNOVATIVE SKIN CARE LAB LTD
biomed,hk,2019Q3,67005889,20190906,ALIBABA GROUP SERVICES LTD
biomed,hk,2019Q3,67165471,20190820,ALIBABA GROUP SERVICES LTD
biomed,hk,2019Q3,67660000,20190802,JUPENG BIO HK LTD
biomed,hk,2019Q3,68000078,20190904,COMPUTIME LTD
biomed,hk,2019Q3,68031448,20190719,WORLD FIELD HK LTD
biomed,hk,2019Q3,68205806,20190830,PUZHEN LIFE CO LTD
biomed,hk,2019Q3,68425508,20190923,HOPEFUL RUBBER MFG CO LIMITED
biomed,hk,2019Q3,68470555,20190731,CYRCADIA ASIA LTD
biomed,hk,2019Q3,69142147,20190710,UNIV HONG KONG
biomed,hk,2019Q3,69143336,20190709,HKG EPITHERAPEUTICS LTD
biomed,hk,2019Q3,69162762,20190719,PHARMACOGENETICS LTD
biomed,hk,2019Q3,69163600,20190719,UNIV HONG KONG SCIENCE & TECH
biomed,hk,2019Q3,69181340,20190723,UNIV HONG KONG CHINESE
biomed,hk,2019Q3,69230484,20190801,VANFORD BIO DRUG DEVELOPMENT LTD
biomed,hk,2019Q3,69231493,20190802,BRIGHT CLINICAL RES LIMITED | BRIGHT CLINICAL RES LTD
biomed,hk,2019Q3,69591370,20190823,SANWA BIOTECH LTD
biomed,hk,2019Q3,69718894,20190905,INSILICO MEDICINE HONG KONG LTD | INSILICO MEDICINE IP LTD
biomed,hk,2019Q3,69721491,20190906,ITABMED HK LTD
biomed,hk,2019Q3,69778011,20190911,RONDISH COMPANY LTD
biomed,hk,2019Q3,69887697,20190920,UNIV CITY HONG KONG
biomed,hk,2019Q3,69888284,20190919,UNIV HONG KONG
biomed,hk,2019Q3,69948020,20190924,NANO & ADVANCED MATERIALS INST LTD
biomed,hk,2019Q3,69953581,20190826,HEALTH AND HAPPINESS H&H HONG KONG LTD
biomed,hk,2019Q3,71837254,20190909,MENRIYAN WIRELESS HIGH POWER TECH (HK) LIMITED
biomed,hk,2019Q3,72041183,20190807,PUZHEN LIFE CO LTD
biomed,hk,2019Q3,74103013,20190712,UNIV CITY HONG KONG
biomed,hk,2019Q3,74114929,20190709,JUMELLE FREDERIC ANDRE | LUI YAT WAN
biomed,hk,2019Q3,74229070,20190731,EXRHERA LTD
biomed,hk,2019Q3,74566915,20190815,UNIV CITY HONG KONG
biomed,hk,2019Q3,74680923,20190827,UNIV CITY HONG KONG
biomed,hk,2019Q3,74682582,20190904,MU GLOBAL HOLDING LTD
biomed,hk,2019Q3,74682591,20190904,6J BIOTECHNOLOGY HONG KONG LTD | UNIV CITY HONG KONG
biomed,hk,2019Q3,74833557,20190906,INT TECH HK CO LTD
biomed,hk,2019Q3,74850093,20190910,MU GLOBAL HOLDING LTD
biomed,hk,2019Q3,74853232,20190905,NEUROGRESS LTD
biomed,hk,2019Q3,81588812,20190801,NG MILLY
biomed,hk,2019Q3,85804971,20190801,NG MILLY
biomed,hk,2019Q4,44904420,20191121,PANGU BIOPHARMA LTD
biomed,hk,2019Q4,49292781,20191030,UNIV HONG KONG CHINESE
biomed,hk,2019Q4,52005766,20191014,JUPENG BIO HK LTD
biomed,hk,2019Q4,56789965,20191022,DSG TECHNOLOGY HOLDINGS LTD
biomed,hk,2019Q4,59743486,20191109,NORTH & SOUTH BROTHER PHARMACY INVESTMENT CO LTD
biomed,hk,2019Q4,59850583,20191220,NANOMAB TECH LIMITED
biomed,hk,2019Q4,65324139,20191219,HIFIBIO HK LTD
biomed,hk,2019Q4,68541299,20191004,HONG KONG IVPS INTERNATIONAL LTD
biomed,hk,2019Q4,68609875,20191112,MAKE GREAT SALES LTD
biomed,hk,2019Q4,68917644,20191216,AVALON PHOTONICS HK LTD | AVALON PHOTONICS HK LTD APL
biomed,hk,2019Q4,69160438,20191216,ATHENEX HK INNOVATIVE LTD | Health Hope Pharma HK Ltd
biomed,hk,2019Q4,69166835,20191129,PUZHEN LIFE CO LTD
biomed,hk,2019Q4,69166918,20191217,LAU CHUN YIN MR
biomed,hk,2019Q4,69167916,20191216,ATHENEX HK INNOVATIVE LTD | Health Hope Pharma HK Ltd
biomed,hk,2019Q4,69602851,20191120,ASCENTAGE PHARMA GROUP CORP LTD
biomed,hk,2019Q4,69641535,20191023,DEEP LONGEVITY LTD
biomed,hk,2019Q4,69774591,20191122,AMORV IP COMPANY LTD
biomed,hk,2019Q4,70009892,20191219,WORLD WIDE DAILY HOLDINGS CO LTD
biomed,hk,2019Q4,70164230,20191001,ADVANCED APPLIED TECH LTD
biomed,hk,2019Q4,70164471,20191009,LEUNG SO NGOR SALLY
biomed,hk,2019Q4,70165196,20191008,NIKEGEN LTD
biomed,hk,2019Q4,70278518,20191011,SICH CASKET COMPANY LTD
biomed,hk,2019Q4,70278876,20191021,UNIV HONG KONG CHINESE
biomed,hk,2019Q4,70280425,20191017,INSILICO MEDICINE HONG KONG LTD | INSILICO MEDICINE IP LTD
biomed,hk,2019Q4,70283356,20191018,SINOMAB BIOSCIENCE LTD
biomed,hk,2019Q4,70463903,20191101,NIKEGEN LTD
biomed,hk,2019Q4,70552301,20191111,ELECTRICAL AND MECH SERVICES DEPARTMENT THE GOVERNMENT OF THE HONG KONG SPECIAL ADMINISTRATIV
biomed,hk,2019Q4,70773700,20191122,AMORV IP COMPANY LTD
biomed,hk,2019Q4,70773730,20191122,ASCENTAGE PHARMA GROUP CORP LTD
biomed,hk,2019Q4,70773749,20191122,ASCENTAGE PHARMA GROUP CORP LTD
biomed,hk,2019Q4,70850668,20191204,UNIV HONG KONG
biomed,hk,2019Q4,70854110,20191126,GRAND DECADE DEVELOPMENTS LTD
biomed,hk,2019Q4,70923655,20191202,ASCENTAGE PHARMA GROUP CORP LTD
biomed,hk,2019Q4,71073860,20191213,MAKE GREAT SALES LTD
biomed,hk,2019Q4,71075620,20191209,ASCENTAGE PHARMA GROUP CORP LTD
biomed,hk,2019Q4,71075819,20191213,PROVIVA THERAPEUTICS HONG KONG LTD
biomed,hk,2019Q4,71077082,20191029,WELL BEING DIGITAL LTD
biomed,hk,2019Q4,71099178,20191219,UNIV HONG KONG CHINESE
biomed,hk,2019Q4,71100195,20191219,LEUNG RICHARD
biomed,hk,2019Q4,71102335,20191217,DSG TECHNOLOGY HOLDINGS LTD
biomed,hk,2019Q4,71125929,20191227,UNIV HONG KONG CHINESE
biomed,hk,2019Q4,71126223,20191227,ASCENTAGE PHARMA GROUP CORP LTD
biomed,hk,2019Q4,71126451,20191223,ITABMED HK LTD
biomed,hk,2019Q4,72322335,20191108,AI BIOMATERIAL HEALTHTECH LTD
biomed,hk,2019Q4,72521522,20191009,LI HUNG TO | ULEECO LTD
biomed,hk,2019Q4,73051948,20191129,CLAVES LIFE SCIENCES LTD
biomed,hk,2019Q4,75688294,20191104,LIFE & LIVING INTERNATIONAL LTD
biomed,hk,2019Q4,75845351,20191108,AI BIOMATERIAL HEALTHTECH LTD
biomed,hk,2019Q4,75847430,20191108,SMALL HEALTHY ENVIRONMENT LTD
biomed,hk,2019Q4,75848589,20191108,AVALON BIOMEDICAL MAN LIMITED
biomed,hk,2019Q4,76129010,20191125,INNOWORKS PRODUCT CREATION LTD | IPC WORKS LTD
biomed,hk,2019Q4,76209085,20191209,UNIV CITY HONG KONG
biomed,hk,2019Q4,76236016,20191211,UNIV CITY HONG KONG
biomed,hk,2019Q4,76545995,20191231,CHEUNG NG TAI
biomed,hk,2019Q4,77020837,20191108,AI BIOMATERIAL HEALTHTECH LTD
biomed,hk,2020Q1,65041092,20200113,CARE AUTOMATION HOLDINGS LTD
biomed,hk,2020Q1,66381081,20200316,PROCTOR JAMES DAVID | SMITH ANDREW JAMES
biomed,hk,2020Q1,69172765,20200115,LIFETRONS SWITZERLAND HOLDINGS LTD
biomed,hk,2020Q1,70046794,20200311,AURORA INTERNATIONAL LTD
biomed,hk,2020Q1,70416526,20200327,INSILICO MEDICINE IP LTD
biomed,hk,2020Q1,70975630,20200204,HKG EPITHERAPEUTICS LTD
biomed,hk,2020Q1,71071778,20200221,COMPUTIME LTD
biomed,hk,2020Q1,71404059,20200109,EMV ENHANCE HK LTD | VERSITECH LTD
biomed,hk,2020Q1,71406871,20200103,ASCENTAGE PHARMA GROUP CORP LTD
biomed,hk,2020Q1,71406988,20200103,ASCENTAGE PHARMA GROUP CORP LTD
biomed,hk,2020Q1,71518113,20200114,CRYOELECTRIC SCIENCE LTD
biomed,hk,2020Q1,71520733,20200108,CORXEL PHARMACEUTICALS HONG KONG LTD | JI XING PHARMACEUTICALS HONG KONG LTD
biomed,hk,2020Q1,71521788,20200111,ACCRO BIOSCIENCE HK | ACCRO BIOSCIENCE HK LTD
biomed,hk,2020Q1,71614251,20200117,ASCENTAGE PHARMA GROUP CORP LTD
biomed,hk,2020Q1,71735412,20200106,WELL BEING DIGITAL LTD
biomed,hk,2020Q1,71735845,20200122,ASCENTAGE PHARMA GROUP CORP LTD
biomed,hk,2020Q1,71837799,20200203,CHEER GLOBAL LTD
biomed,hk,2020Q1,71840630,20200128,CANWELL BIOTECH LTD
biomed,hk,2020Q1,71841288,20200131,UNIV HONG KONG
biomed,hk,2020Q1,71947375,20200128,CANWELL BIOTECH LTD
biomed,hk,2020Q1,72141505,20200220,INSILICO MEDICINE IP LTD
biomed,hk,2020Q1,72143360,20200221,ASCENTAGE PHARMA GROUP CORP LTD
biomed,hk,2020Q1,72144733,20200221,ARBELE LTD
biomed,hk,2020Q1,72144734,20200221,ARBELE LTD
biomed,hk,2020Q1,72359116,20200327,PUZHEN LIFE CO LTD
biomed,hk,2020Q1,72375586,20200302,PUZHEN LIFE CO LTD
biomed,hk,2020Q1,72379423,20200327,PUZHEN LIFE CO LTD
biomed,hk,2020Q1,72425027,20200316,CONVOCATION CO LTD
biomed,hk,2020Q1,72427163,20200313,CONNECT BIOPHARMA HONG KONG LTD | CONNECT BIOPHARMA HONGKONG LTD
biomed,hk,2020Q1,72609607,20200325,UNIV HONG KONG CHINESE
biomed,hk,2020Q1,72827060,20200124,LIFY COMPANY LTD
biomed,hk,2020Q1,72976871,20200327,PUZHEN LIFE CO LTD
biomed,hk,2020Q1,72982289,20200305,PUZHEN LIFE CO LTD
biomed,hk,2020Q1,77317859,20200226,ASCENTAGE PHARMA GROUP CORP LTD
biomed,hk,2020Q1,77490093,20200228,LIM MENG TENG
biomed,hk,2020Q1,77747061,20200317,LEE WAI HUNG | PRIME DRAGON LTD
biomed,hk,2020Q1,77856282,20200326,UNIV HONG KONG
biomed,hk,2020Q1,77908648,20200103,REALITY BIOTECH COMPANY LTD
biomed,hk,2020Q2,68836579,20200622,NEUROGRESS LTD
biomed,hk,2020Q2,68890998,20200430,SMARTWAVE MEDICAL HK LTD
biomed,hk,2020Q2,69142460,20200604,AOK TOOLING LTD
biomed,hk,2020Q2,70465441,20200401,HEPAGENE THERAPEUTICS HK LTD
biomed,hk,2020Q2,70475983,20200421,DIGILOCK ASIA LTD
biomed,hk,2020Q2,71575466,20200422,ELEGANT BEST INVESTMENT LTD
biomed,hk,2020Q2,71945745,20200430,PUZHEN LIFE CO LIMITED | PUZHEN LIFE CO LTD
biomed,hk,2020Q2,72336573,20200526,INSILICO MEDICINE IP LTD
biomed,hk,2020Q2,72750954,20200409,UNIV HONG KONG
biomed,hk,2020Q2,72751938,20200408,Lucenxia Ltd
biomed,hk,2020Q2,72837032,20200415,UNIV HONG KONG CHINESE
biomed,hk,2020Q2,72838031,20200414,UNIV HONG KONG
biomed,hk,2020Q2,72921981,20200424,SADAT GAFOOR SHEAK ABDUL
biomed,hk,2020Q2,73046053,20200511,UNIV HONG KONG CHINESE
biomed,hk,2020Q2,73051032,20200417,LIAO CHUN ZU JOE
biomed,hk,2020Q2,73051418,20200509,UNIV HONG KONG
biomed,hk,2020Q2,73228501,20200514,ENTEROMED LTD
biomed,hk,2020Q2,73289821,20200511,ASCENTAGE PHARMA GROUP CORP LTD
biomed,hk,2020Q2,73458392,20200515,INSILICO MEDICINE IP LTD
biomed,hk,2020Q2,73549422,20200514,BELUM TECH IP COMPANY LIMITED | BELUN TECH IP COMPANY LIMITED
biomed,hk,2020Q2,73551938,20200521,PROVIVA THERAPEUTICS HONG KONG LTD
biomed,hk,2020Q2,73551984,20200529,HKG EPITHERAPEUTICS LTD
biomed,hk,2020Q2,73554155,20200522,ELIXIRON IMMUNOTHERAPEUTICS HONG KONG LTD
biomed,hk,2020Q2,73735012,20200615,SAVELIFE BIOTECHNOLOGY CO LTD
biomed,hk,2020Q2,73736144,20200615,SAVELIFE BIOTECHNOLOGY CO LTD
biomed,hk,2020Q2,73780595,20200528,INNOTIER LTD
biomed,hk,2020Q2,74037430,20200620,INSILICO MEDICINE IP LTD
biomed,hk,2020Q2,74039105,20200622,NANO & ADVANCED MATERIALS INST LTD
biomed,hk,2020Q2,74040909,20200618,ANTENGENE THERAPEUTICS LTD
biomed,hk,2020Q2,74061508,20200624,ASCENTAGE PHARMA GROUP CORP LTD
biomed,hk,2020Q2,74210179,20200622,KIN TECH LIMITED
biomed,hk,2020Q2,75223192,20200608,LIM MENG TENG
biomed,hk,2020Q2,76325430,20200630,AI BIOMATERIAL HEALTHTECH LTD
biomed,hk,2020Q2,76421958,20200605,GA HEALTH COMPANY LTD
biomed,hk,2020Q2,76421962,20200608,GA HEALTH COMPANY LTD
biomed,hk,2020Q2,76553616,20200623,LIM MENG TENG
biomed,hk,2020Q2,77921492,20200403,UNIV CITY HONG KONG
biomed,hk,2020Q2,78005775,20200411,GUAN ISAAC | TSAO YUK FAN
biomed,hk,2020Q2,78818990,20200522,VELOCITY CORPORATION LTD
biomed,hk,2020Q2,78824166,20200611,AI BIOMATERIAL HEALTHTECH LTD
biomed,hk,2020Q2,79023157,20200619,UNIV CITY HONG KONG
biomed,hk,2020Q2,79269564,20200608,PUZHEN LIFE CO LTD
biomed,hk,2020Q2,79317763,20200629,VISION GLOBAL HOLDINGS LTD
biomed,hk,2020Q2,80784625,20200608,PUZHEN LIFE CO LTD
biomed,hk,2020Q2,86993147,20200520,DIGILOCK ASIA LTD
biomed,hk,2020Q3,67906469,20200913,BETTER AIR INTERNATIONAL LTD
biomed,hk,2020Q3,67908576,20200913,HUI SING KWONG SAMUEL | LEE KA SHEK NEVILLE
biomed,hk,2020Q3,67908714,20200914,BETTER AIR INTERNATIONAL LTD
biomed,hk,2020Q3,67908726,20200913,BETTER AIR INTERNATIONAL LTD
biomed,hk,2020Q3,67908734,20200914,BETTER AIR INTERNATIONAL LTD
biomed,hk,2020Q3,68742130,20200708,UNIV HONG KONG SCIENCE & TECH
biomed,hk,2020Q3,72046967,20200805,APRINOIA THERAPEUTICS LTD
biomed,hk,2020Q3,72050725,20200812,UNIV HONG KONG CHINESE
biomed,hk,2020Q3,72234946,20200807,LAEKNA LTD
biomed,hk,2020Q3,73919156,20200702,ASCENTAGE PHARMA GROUP CORP LTD
biomed,hk,2020Q3,74058824,20200710,ASCENTAGE PHARMA GROUP CORP LTD
biomed,hk,2020Q3,74102585,20200709,TAVOTEK BIOTHERAPEUTICS HONG KONG LTD
biomed,hk,2020Q3,74114081,20200706,BELITE BIO HK LTD
biomed,hk,2020Q3,74114844,20200710,TAVOTEK BIOTHERAPEUTICS HONG KONG LTD
biomed,hk,2020Q3,74171308,20200716,ASCENTAGE PHARMA GROUP CORP LTD
biomed,hk,2020Q3,74193195,20200720,CHEER GLOBAL LTD
biomed,hk,2020Q3,74210972,20200710,PROVIVA THERAPEUTICS HONG KONG LTD
biomed,hk,2020Q3,74228345,20200724,ASCENTAGE PHARMA GROUP CORP LTD
biomed,hk,2020Q3,74228817,20200729,ASCENTAGE PHARMA GROUP CORP LTD
biomed,hk,2020Q3,74228958,20200803,CELLULAR BIOMEDICINE GROUP HK LTD
biomed,hk,2020Q3,74229126,20200729,ASCENTAGE PHARMA GROUP CORP LTD
biomed,hk,2020Q3,74230179,20200731,AUISET BIOTECHNOLOGY COMPANY LTD
biomed,hk,2020Q3,74230282,20200731,SPEROGENIX THERAPEUTICS LTD
biomed,hk,2020Q3,74230291,20200730,ASCENTAGE PHARMA GROUP CORP LTD
biomed,hk,2020Q3,74241741,20200701,WELL BEING DIGITAL LTD
biomed,hk,2020Q3,74259957,20200731,FLAT PLANET LTD
biomed,hk,2020Q3,74259958,20200706,WELL BEING DIGITAL LTD
biomed,hk,2020Q3,74567577,20200817,UNIV HONG KONG CHINESE
biomed,hk,2020Q3,74645290,20200821,UNIV HONG KONG SCI & TECH | UNIV HONG KONG SCIENCE & TECH
biomed,hk,2020Q3,74681293,20200827,BILLION KING INTERNATIONAL LTD
biomed,hk,2020Q3,74682082,20200825,UNIV HONG KONG BAPTIST UNIV
biomed,hk,2020Q3,74683441,20200826,PHASE SCIENT INTERNATIONAL LTD
biomed,hk,2020Q3,74683775,20200824,CHE CHI MING
biomed,hk,2020Q3,74684207,20200821,UNIV HONG KONG
biomed,hk,2020Q3,74853007,20200903,COMPUTIME LTD
biomed,hk,2020Q3,75116403,20200930,PLANTARX LTD
biomed,hk,2020Q3,75116910,20200927,ZHAOTAI IMMUGENE BIOMEDICINE HONG KONG LTD
biomed,hk,2020Q3,75116998,20200928,TELEFIELD MEDICAL IMAGING LTD
biomed,hk,2020Q3,75203139,20200821,AI BIOMATERIAL HEALTHTECH LTD
biomed,hk,2020Q3,75337536,20200930,OD THERAPEUTICS LTD
biomed,hk,2020Q3,75538312,20200831,UNIV HONG KONG
biomed,hk,2020Q3,76221512,20200728,AVANT MEATS COMPANY LTD
biomed,hk,2020Q3,76575142,20200928,ZHAOTAI IMMUGENE BIOMEDICINE HONG KONG LTD
biomed,hk,2020Q3,76992460,20200709,TAVOTEK BIOTHERAPEUTICS HONG KONG LTD
biomed,hk,2020Q3,77126633,20200807,AI BIOMATERIAL HEALTHTECH LTD
biomed,hk,2020Q3,77264938,20200831,ASTEC INT LTD
biomed,hk,2020Q3,77365101,20200930,SOULNANO LTD
biomed,hk,2020Q3,77365610,20200806,SOULNANO LTD
biomed,hk,2020Q3,77465875,20200826,LIM MENG TENG
biomed,hk,2020Q3,79171885,20200710,HO HOI MING MICHAEL
biomed,hk,2020Q3,79172109,20200713,UNIV CITY HONG KONG
biomed,hk,2020Q3,79296077,20200715,HO HOI MING MICHAEL | HOI MING MICHAELHO
biomed,hk,2020Q3,79553674,20200707,IEMIS HK LTD
biomed,hk,2020Q3,79687592,20200724,6J BIOTECHNOLOGY HONG KONG LTD | 6J BIOTECHNOLOGY LTD | UNIV CITY HONG KONG
biomed,hk,2020Q3,80185087,20200731,CRIMSON TAG LTD
biomed,hk,2020Q3,80625979,20200915,GA HEALTH COMPANY LTD
biomed,hk,2020Q3,84194662,20200904,6J BIOTECHNOLOGY HONG KONG LTD | UNIV CITY HONG KONG
biomed,hk,2020Q3,87157063,20200822,INSILICO MEDICINE IP LTD
biomed,hk,2020Q4,47753591,20201215,UNIV HONG KONG CHINESE
biomed,hk,2020Q4,68101469,20201002,PERFECT VISION TECH HK LTD
biomed,hk,2020Q4,72614743,20201110,TOMOIKE BIO LTD
biomed,hk,2020Q4,72811536,20201122,INNOTIER LTD
biomed,hk,2020Q4,72852473,20201013,REBERNI LTD
biomed,hk,2020Q4,73475958,20201109,JOHN TECH HOLDINGS LIMITED
biomed,hk,2020Q4,74107492,20201027,PUZHEN LIFE CO INC
biomed,hk,2020Q4,74495002,20201222,JUPENG BIO HK LTD
biomed,hk,2020Q4,74659764,20201019,HEPAGENE THERAPEUTICS HK LTD
biomed,hk,2020Q4,75585670,20201023,UNIV HONG KONG CHINESE
biomed,hk,2020Q4,75586491,20201015,NOBELBIOTIX RES INSTITUTE LIMITED
biomed,hk,2020Q4,75599135,20201105,Bloomy Lotus Ltd
biomed,hk,2020Q4,75639521,20201210,JOHN TECH HOLDINGS LIMITED
biomed,hk,2020Q4,75647791,20201030,BELUN TECH IP COMPANY LIMITED
biomed,hk,2020Q4,75846493,20201110,TENACIA BIOTECHNOLOGY HONG KONG CO LTD
biomed,hk,2020Q4,75846609,20201106,UNIV HONG KONG BAPTIST UNIV
biomed,hk,2020Q4,75849350,20201102,ACT GENOMICS IP CO LTD
biomed,hk,2020Q4,75854296,20201103,CHIN YAU TANG | Nang Chong YEUNG | TANG CHIN YAU | Yeung Nang Chong
biomed,hk,2020Q4,75911779,20201111,JACOBSON T&D LTD
biomed,hk,2020Q4,75912369,20201113,APRINOIA THERAPEUTICS LTD
biomed,hk,2020Q4,75964094,20201204,CORXEL PHARMACEUTICALS HONG KONG LTD | JI XING PHARMACEUTICALS HONG KONG LTD
biomed,hk,2020Q4,75971518,20201120,INTERNATIONAL ASSOCIATION FOR MEDICAL AND DENTAL RES LIMITED
biomed,hk,2020Q4,75981029,20201119,ASCENTAGE PHARMA GROUP CORP LTD
biomed,hk,2020Q4,75996671,20201127,ASCENTAGE PHARMA GROUP CORP LTD
biomed,hk,2020Q4,76092112,20201127,APTORUM THERAPEUTICS LTD | SCIPIO LIFE SCIENCES LTD
biomed,hk,2020Q4,76111448,20201204,ASCENTAGE PHARMA GROUP CORP LTD
biomed,hk,2020Q4,76111461,20201203,ASCENTAGE PHARMA GROUP CORP LTD
biomed,hk,2020Q4,76221470,20201202,ASCENTAGE PHARMA GROUP CORP LTD
biomed,hk,2020Q4,76329611,20201211,MICROBIOTA I CENTER MAGIC LTD
biomed,hk,2020Q4,76329614,20201211,UNIV HONG KONG
biomed,hk,2020Q4,76439147,20201218,UNIV HONG KONG CHINESE
biomed,hk,2020Q4,76478294,20201216,NIKEGEN LTD
biomed,hk,2020Q4,76507054,20201228,HIFIBIO HK LTD
biomed,hk,2020Q4,76572820,20201223,UNIV HONG KONG POLYTECHNIC
biomed,hk,2020Q4,76844121,20201103,PUZHEN LIFE CO INC
biomed,hk,2020Q4,77321687,20201130,CASETAGRAM LTD
biomed,hk,2020Q4,78024168,20201128,AVALON BIOMEDICAL MAN LIMITED
biomed,hk,2020Q4,78086227,20201001,LIM MENG TENG
biomed,hk,2020Q4,78179241,20201014,LIM MENG TENG
biomed,hk,2020Q4,78293914,20201124,AI BIOMATERIAL HEALTHTECH LTD
biomed,hk,2020Q4,78525998,20201117,TALENGEN INT LTD
biomed,hk,2020Q4,78557899,20201103,AI BIOMATERIAL HEALTHTECH LTD
biomed,hk,2020Q4,79291791,20201203,MAKE GREAT SALES LTD
biomed,hk,2020Q4,79586278,20201221,UNIV CITY HONG KONG
biomed,hk,2020Q4,80469111,20201106,BGI HEALTH HK COMPANY LTD
biomed,hk,2020Q4,80856182,20201019,HEPAGENE THERAPEUTICS HK LTD
biomed,hk,2020Q4,80930694,20201222,JOHN TECH HOLDINGS LIMITED
biomed,hk,2020Q4,80931177,20201006,UNIV CITY HONG KONG
biomed,hk,2020Q4,81076006,20201008,NESTERUK VLADIMIR VIKTOROVICH
biomed,hk,2020Q4,81380473,20201030,UNIV CITY HONG KONG
biomed,hk,2020Q4,81381219,20201029,HONG KONG APPLIED SCIENCE & TECH RESEARCH INST CO LTD
biomed,hk,2020Q4,81548378,20201116,LOGISTICS AND SUPPLY CHAIN MULTITECH R&D CENTRE LTD
biomed,hk,2020Q4,81586570,20201117,LOGISTICS AND SUPPLY CHAIN MULTITECH R&D CENTRE LTD
biomed,hk,2020Q4,81657850,20201124,FULLFAITH INTERNATIONAL HOLDING LTD
biomed,hk,2020Q4,81754222,20201130,JI XING PHARMACEUTICALS HONG KONG LTD
biomed,hk,2020Q4,81849750,20201208,HONG KONG ABBY TECH CO LTD
biomed,hk,2021Q1,71486218,20210309,ZOLTRIX MAT INTERNATIONAL LIMITED
biomed,hk,2021Q1,72728966,20210115,YU WAI CHI RAYMOND
biomed,hk,2021Q1,74236019,20210107,NOVOHEART LTD
biomed,hk,2021Q1,74236316,20210105,HIFIBIO HK LTD
biomed,hk,2021Q1,74346857,20210127,UNIV HONG KONG CHINESE
biomed,hk,2021Q1,74553636,20210112,HO HOI MING MICHAEL
biomed,hk,2021Q1,74553731,20210209,HO HOI MING MICHAEL
biomed,hk,2021Q1,74673362,20210127,JUPENG BIO HK LTD
biomed,hk,2021Q1,74947598,20210225,MEDIBOSTON LTD
biomed,hk,2021Q1,75338926,20210211,ALBAUGH ASIA PACIFIC LTD | ROTAM AGROCHEM INT CO LTD
biomed,hk,2021Q1,75714315,20210312,PERDAYS HEALTH FUNCTION FOOD CO LIMITED
biomed,hk,2021Q1,75746090,20210319,PHASE SCIENT INTERNATIONAL LTD
biomed,hk,2021Q1,76663774,20210108,ASCENTAGE PHARMA GROUP CORP LTD
biomed,hk,2021Q1,76686970,20210104,ACCRO BIOSCIENCE HK LTD
biomed,hk,2021Q1,76763884,20210107,NOVOHEART LTD
biomed,hk,2021Q1,76788437,20210107,UNIV HONG KONG CHINESE
biomed,hk,2021Q1,76858248,20210319,DIGILOCK ASIA LTD
biomed,hk,2021Q1,76863652,20210118,TALENGEN INT LTD
biomed,hk,2021Q1,76878871,20210122,ASCENTAGE PHARMA GROUP CORP LTD
biomed,hk,2021Q1,77199166,20210205,UNIV HONG KONG CHINESE
biomed,hk,2021Q1,77199686,20210208,TALENGEN INT LTD
biomed,hk,2021Q1,77292057,20210208,TALENGEN INT LTD
biomed,hk,2021Q1,77390435,20210217,YICHEN THERAPEUTICS LTD
biomed,hk,2021Q1,77390457,20210220,SKY PERFECT INTERNATIONAL LTD
biomed,hk,2021Q1,77469203,20210107,EVISION TECH LIMITED | VJ ELECTRONICS LTD
biomed,hk,2021Q1,77490695,20210226,CHOI PUI WAH
biomed,hk,2021Q1,77490734,20210226,TALENGEN INT LTD
biomed,hk,2021Q1,77490775,20210226,BRIGHT CLINICAL RES LIMITED | BRIGHT CLINICAL RES LTD
biomed,hk,2021Q1,77524953,20210305,ASCENTAGE PHARMA GROUP CORP LTD
biomed,hk,2021Q1,77612858,20210303,MIOS PHARMACEUTICALS LTD
biomed,hk,2021Q1,77613835,20210305,OD THERAPEUTICS LTD
biomed,hk,2021Q1,77670823,20210310,EUBULUS BIOTHERAPEUTICS HONG KONG LTD
biomed,hk,2021Q1,77672129,20210312,UNIV HONG KONG BAPTIST UNIV
biomed,hk,2021Q1,77677447,20210317,CELLULAR BIOMEDICINE GROUP HK LTD
biomed,hk,2021Q1,77768024,20210319,UNIV HONG KONG BAPTIST UNIV
biomed,hk,2021Q1,77862280,20210128,MEDAIR LTD
biomed,hk,2021Q1,77890658,20210324,TALENGEN INT LTD
biomed,hk,2021Q1,77890662,20210324,TALENGEN INT LTD
biomed,hk,2021Q1,77890959,20210324,TALENGEN INT LTD
biomed,hk,2021Q1,77890961,20210324,TALENGEN INT LTD
biomed,hk,2021Q1,77922392,20210203,SOULNANO LTD
biomed,hk,2021Q1,77927875,20210225,MICROBIOTA I CENTER MAGIC LTD
biomed,hk,2021Q1,78468770,20210324,WONG MING YIP WALLACE
biomed,hk,2021Q1,79529493,20210302,PUZHEN LIFE CO LTD
biomed,hk,2021Q1,80469107,20210121,BGI HEALTH HK COMPANY LTD
biomed,hk,2021Q1,81379849,20210222,CHU CHEN YING PAULINA | GOORIS FREDERIC | POZZATO FRANCESCO
biomed,hk,2021Q1,82219149,20210104,HONG KONG APPLIED SCIENCE & TECH RESEARCH INST CO LTD
biomed,hk,2021Q1,82323455,20210113,HONG KONG APPLIED SCIENCE & TECH RESEARCH INST CO LTD
biomed,hk,2021Q1,82494595,20210127,GA HEALTH COMPANY LTD
biomed,hk,2021Q1,82549355,20210121,CHEN ZHIBO
biomed,hk,2021Q1,82801964,20210212,ROTAM AGROCHEM INT CO LTD
biomed,hk,2021Q1,82838302,20210212,AUSMED GLOBAL LTD
biomed,hk,2021Q1,83193965,20210309,UNIV HONG KONG POLYTECHNIC
biomed,hk,2021Q1,83285913,20210316,INGENIO TECH CO LIMITED
biomed,hk,2021Q2,38475369,20210420,GRAND DECADE DEVELOPMENTS LTD
biomed,hk,2021Q2,50071821,20210624,TENACIA BIOTECHNOLOGY HONG KONG CO LTD
biomed,hk,2021Q2,69650664,20210623,GRAND DECADE DEVELOPMENTS LTD
biomed,hk,2021Q2,70284409,20210407,AVALON HEPAPOC LTD
biomed,hk,2021Q2,72484243,20210624,HONG KONG IVPS INTERNATIONAL LTD
biomed,hk,2021Q2,72515615,20210607,PUZHEN LIFE CO LIMITED | PUZHEN LIFE CO LTD
biomed,hk,2021Q2,72758144,20210630,EIELING TECH LIMITED
biomed,hk,2021Q2,73754186,20210630,EIELING TECH LIMITED
biomed,hk,2021Q2,74840764,20210607,PUZHEN LIFE CO LIMITED | PUZHEN LIFE CO LTD
biomed,hk,2021Q2,75801546,20210416,HONG KONG KING FRIEND INDUSTRIAL COMPANY LTD
biomed,hk,2021Q2,76034924,20210514,APRINOIA THERAPEUTICS LTD
biomed,hk,2021Q2,76197507,20210524,ORCHESTRALL HEALTHCARE LTD
biomed,hk,2021Q2,76730347,20210630,NOVOHEART INTERNATIONAL LTD | NOVOHEART LTD
biomed,hk,2021Q2,77084836,20210630,EIELING TECH LIMITED
biomed,hk,2021Q2,77272394,20210426,INSILICO MEDICINE IP LTD
biomed,hk,2021Q2,77281254,20210531,TOMOPHASE LTD
biomed,hk,2021Q2,77666466,20210401,ASCENTAGE PHARMA GROUP CORP LTD
biomed,hk,2021Q2,77999058,20210621,EVERGREEN LAND LTD
biomed,hk,2021Q2,78008750,20210624,ZHAOTAI IMMUGENE BIOMEDICINE HONG KONG LTD
biomed,hk,2021Q2,78023897,20210407,City Iniversity of Hong Kong | UNIV CITY HONG KONG
biomed,hk,2021Q2,78083924,20210416,YICHEN THERAPEUTICS LTD
biomed,hk,2021Q2,78084675,20210416,BIO CANCER TREAT INTERNATIONAL LIMITED
biomed,hk,2021Q2,78101225,20210419,CONNECT BIOPHARMA HONGKONG LTD
biomed,hk,2021Q2,78161238,20210427,UNIV HONG KONG CHINESE
biomed,hk,2021Q2,78218850,20210402,MAST INDUSTRIES FAR EAST LTD
biomed,hk,2021Q2,78237045,20210426,UNIV CITY HONG KONG
biomed,hk,2021Q2,78269945,20210421,SPEADTECH LTD
biomed,hk,2021Q2,78331791,20210427,UNIV HONG KONG CHINESE
biomed,hk,2021Q2,78373328,20210429,INSILICO MEDICINE IP LTD
biomed,hk,2021Q2,78411752,20210506,BRIGHT KINGDOM GLOBAL SOURCING LTD
biomed,hk,2021Q2,78467825,20210504,MICROBIOTA I CENTER MAGIC LTD
biomed,hk,2021Q2,78468771,20210508,LIFESPANS LTD
biomed,hk,2021Q2,78525028,20210514,ELIXIRON IMMUNOTHERAPEUTICS HONG KONG LTD
biomed,hk,2021Q2,78525273,20210512,UNIV HONG KONG SCIENCE & TECH
biomed,hk,2021Q2,78525300,20210511,AUTOMATION FOR HUMANITY LTD
biomed,hk,2021Q2,78525992,20210511,AUTOMATION FOR HUMANITY LTD
biomed,hk,2021Q2,78708118,20210521,VERSITECH LTD
biomed,hk,2021Q2,78818440,20210601,NEWCOMB FERNANDO
biomed,hk,2021Q2,78824216,20210611,UNIV CITY HONG KONG
biomed,hk,2021Q2,79022597,20210623,SMART CHIP MICROELECTRONIC CO LTD
biomed,hk,2021Q2,79022731,20210618,UNIV CITY HONG KONG
biomed,hk,2021Q2,79023177,20210617,UNIV CITY HONG KONG
biomed,hk,2021Q2,79032639,20210624,UNIV CITY HONG KONG
biomed,hk,2021Q2,79167281,20210610,HO HOI MING MICHAEL
biomed,hk,2021Q2,79168242,20210505,ALCOLEAR LTD
biomed,hk,2021Q2,79171591,20210617,HIFIBIO HK LTD
biomed,hk,2021Q2,79171612,20210618,GRAND DECADE DEVELOPMENTS LTD
biomed,hk,2021Q2,79268349,20210616,HIFIBIO HK LTD
biomed,hk,2021Q2,79268464,20210611,UNIV HONG KONG CHINESE
biomed,hk,2021Q2,79268508,20210618,UNIV HONG KONG CHINESE
biomed,hk,2021Q2,79282009,20210623,ANTENGENE BIOLOGICS LTD
biomed,hk,2021Q2,79317443,20210629,PREC ROBOTICS HONG KONG LIMITED
biomed,hk,2021Q2,79317448,20210629,PREC ROBOTICS HONG KONG LIMITED
biomed,hk,2021Q2,81346664,20210429,AI BIOMATERIAL HEALTHTECH LTD
biomed,hk,2021Q2,81388811,20210427,AI BIOMATERIAL HEALTHTECH LTD
biomed,hk,2021Q2,83476348,20210526,GOVITA TECH LTD
biomed,hk,2021Q2,83509909,20210413,LO LING LAN
biomed,hk,2021Q2,83809054,20210503,IEMIS HK LTD
biomed,hk,2021Q2,83809220,20210421,UNIV CITY | UNIV CITY HONG KONG
biomed,hk,2021Q2,84324052,20210601,UNIV HONG KONG
biomed,hk,2021Q2,84786633,20210610,UNIV CITY HONG KONG
biomed,hk,2021Q2,85478629,20210526,AVALON BIOMEDICAL MAN LIMITED | AVALON STERITECH LTD
biomed,hk,2021Q3,59788256,20210802,IEMIS HK LTD
biomed,hk,2021Q3,60408760,20210714,IEMIS HK LTD
biomed,hk,2021Q3,64803790,20210721,HUI HO CHARM
biomed,hk,2021Q3,72337676,20210903,ENTEROMED LTD
biomed,hk,2021Q3,73028656,20210810,WATERCARE TECH LIMITED
biomed,hk,2021Q3,76008089,20210728,PUZHEN LIFE CO LTD
biomed,hk,2021Q3,76744637,20210701,IP FULL ASSET LTD
biomed,hk,2021Q3,77033817,20210702,HONG KONG GREEN DREAMER TECH LIMITED
biomed,hk,2021Q3,77168309,20210708,RONDISH COMPANY LTD
biomed,hk,2021Q3,77300944,20210716,MERIDIAN INNOVATION LTD HONG KONG
biomed,hk,2021Q3,77519430,20210820,HEPAGENE THERAPEUTICS HK LTD
biomed,hk,2021Q3,77543439,20210830,UNIV HONG KONG CHINESE
biomed,hk,2021Q3,77624005,20210719,Bloomy Lotus Ltd
biomed,hk,2021Q3,77655684,20210816,ACT GENOMICS IP CO LTD
biomed,hk,2021Q3,77710716,20210817,THINKIN MAN LIMITED
biomed,hk,2021Q3,77946069,20210823,EPIMAB BIOTHERAPEUTICS HK LTD | EPIMAD BIOTHERAPEUTICS HK LTD
biomed,hk,2021Q3,77999733,20210831,HAYCO MANFACTURING LTD | HAYCO MFG LIMITED | HAYCO MFG LTD
biomed,hk,2021Q3,78076930,20210903,ROTAM AGROCHEM INT CO LTD
biomed,hk,2021Q3,78085428,20210928,YOUNG YAU YAU CECILIA
biomed,hk,2021Q3,79166988,20210920,INSILICO MEDICINE IP LTD
biomed,hk,2021Q3,79172283,20210713,THE CHINESE UNIV OF HONG KONG | UNIV HONG KONG CHINESE
biomed,hk,2021Q3,79293243,20210716,UNIV CITY HONG KONG
biomed,hk,2021Q3,79317475,20210702,ANTENGENE DISCOVERY LTD
biomed,hk,2021Q3,79317858,20210702,WELL BEING DIGITAL LTD
biomed,hk,2021Q3,79327446,20210716,ASCENTAGE PHARMA GROUP CORP LTD
biomed,hk,2021Q3,79552078,20210708,NOVOHEART INTERNATIONAL LTD
biomed,hk,2021Q3,79552261,20210705,NEW PORTAL LTD
biomed,hk,2021Q3,79555004,20210714,NOVOHEART INTERNATIONAL LTD
biomed,hk,2021Q3,79556130,20210713,NATUR TECH PHARMACAL CO LTD
biomed,hk,2021Q3,79585148,20210723,LIN CHUN MAN ANTHONY
biomed,hk,2021Q3,79728978,20210720,UNIV HONG KONG
biomed,hk,2021Q3,80036720,20210731,FLAT PLANET LTD
biomed,hk,2021Q3,80037746,20210727,LAM DOMINIC MAN KIT
biomed,hk,2021Q3,80117078,20210806,ANTENGENE DISCOVERY LTD
biomed,hk,2021Q3,80120109,20210806,UNIV HONG KONG SCIENCE & TECH
biomed,hk,2021Q3,80281153,20210816,ALEPHOSON BIOPHARMACEUTICALS LTD
biomed,hk,2021Q3,80308694,20210813,ACT GENOMICS IP LTD
biomed,hk,2021Q3,80322584,20210818,UNIV HONG KONG CHINESE
biomed,hk,2021Q3,80322597,20210820,TALENGEN INT LTD
biomed,hk,2021Q3,80354826,20210831,WORLD BIOTECH REGENERATIVE MEDICAL GROUP LTD
biomed,hk,2021Q3,80356107,20210708,HO ANDY
biomed,hk,2021Q3,80356116,20210727,UNIV CITY HONG KONG
biomed,hk,2021Q3,80357891,20210830,NEWCOMB FERNANDO
biomed,hk,2021Q3,80625996,20210914,BLUESAIL NEW VALVE TECH ASIA LTD
biomed,hk,2021Q3,80625998,20210914,BLUESAIL NEW VALVE TECH ASIA LTD
biomed,hk,2021Q3,80844988,20210926,ANGITIA BIOMEDICINES LTD
biomed,hk,2021Q3,80845026,20210922,WORLD BIOTECH REGENERATIVE MEDICAL GROUP LTD
biomed,hk,2021Q3,81127147,20210803,WELL BEING DIGITAL LTD
biomed,hk,2021Q3,81257496,20210927,UNIV HONG KONG
biomed,hk,2021Q3,81383341,20210804,C MER RAINSOPTICS LTD
biomed,hk,2021Q3,81855037,20210713,LEAD BILLION LTD
biomed,hk,2021Q3,82156987,20210827,GT APEIRON THERAPEUTICS LTD
biomed,hk,2021Q3,82494324,20210706,UNIV CITY HONG KONG
biomed,hk,2021Q3,83131363,20210806,PUZHEN LIFE CO LTD
biomed,hk,2021Q3,85285681,20210827,UNIV CITY HONG KONG
biomed,hk,2021Q3,85410709,20210831,FRESENIUS MEDICAL CARE ASIA PACIFIC LTD
biomed,hk,2021Q3,85571632,20210923,UNIV CITY HONG KONG
biomed,hk,2021Q3,85602354,20210918,CENTRAL VICTORY LTD HK
biomed,hk,2021Q3,85721727,20210922,UNIV CITY HONG KONG
biomed,hk,2021Q3,87761086,20210727,UNIV CITY HONG KONG
biomed,hk,2021Q3,87932968,20210727,UNIV CITY HONG KONG
biomed,hk,2021Q4,73573204,20211103,ASCENTAGE PHARMA GROUP CORP LTD
biomed,hk,2021Q4,73783724,20211022,Bloomy Lotus Ltd
biomed,hk,2021Q4,73792977,20211210,CASTARALO LTD
biomed,hk,2021Q4,74590094,20211116,INNOSPIRE TECH LIMITED
biomed,hk,2021Q4,75989374,20211117,CHING WING HAN
biomed,hk,2021Q4,78089147,20211106,HONG KONG CENTRE FOR CEREBRO CARDIOVASCULAR HEALTH ENGINEERING LTD
biomed,hk,2021Q4,78089231,20211103,HONG KONG CENTRE FOR CEREBRO CARDIOVASCULAR HEALTH ENGINEERING LTD
biomed,hk,2021Q4,78179477,20211009,VIVA STAR BIOSCIENCES LTD
biomed,hk,2021Q4,78483545,20211007,Health Hope Pharma HK Ltd
biomed,hk,2021Q4,78483546,20211007,HEALTH HOPE PHARMA LTD | Health Hope Pharma HK Ltd
biomed,hk,2021Q4,78497822,20211001,ROTAM AGROCHEM INT CO LTD
biomed,hk,2021Q4,78605469,20211021,CTR INTELLECTUAL PROPERTY CO LTD
biomed,hk,2021Q4,78605473,20211021,CTR INTELLECTUAL PROPERTY CO LTD
biomed,hk,2021Q4,78605476,20211021,CTR INTELLECTUAL PROPERTY CO LTD
biomed,hk,2021Q4,78621929,20211102,ACT GENOMICS IP CO LTD | ACT GENOMICS IP LTD
biomed,hk,2021Q4,79170795,20211202,JUPENG BIO HK LTD
biomed,hk,2021Q4,80222066,20211203,ACTYWELL DIGITAL LTD
biomed,hk,2021Q4,81186417,20211014,TAVOTEK BIOTHERAPEUTICS HONG KONG LTD
biomed,hk,2021Q4,81291606,20211008,SUPER RICH MOULDERS LTD
biomed,hk,2021Q4,81291637,20211022,UNIV HONG KONG
biomed,hk,2021Q4,81383238,20211028,HEALTH HOPE PHARMA LTD
biomed,hk,2021Q4,81588487,20211115,TAVOTEK BIOTHERAPEUTICS HONG KONG LTD
biomed,hk,2021Q4,81669290,20211125,ASCENTAGE PHARMA GROUP CORP LTD
biomed,hk,2021Q4,81708335,20211019,PREC ROBOTICS HONG KONG LIMITED
biomed,hk,2021Q4,81708376,20211117,TALENGEN INT LTD
biomed,hk,2021Q4,81708380,20211117,TALENGEN INT LTD
biomed,hk,2021Q4,81708389,20211118,UNIV HONG KONG CHINESE
biomed,hk,2021Q4,81751226,20211202,HEMIX BIOTECH LTD
biomed,hk,2021Q4,81756292,20211012,INNONEURO LTD
biomed,hk,2021Q4,81848575,20211207,THE CHINESE UNIV OF HONG KONG | UNIV HONG KONG CHINESE
biomed,hk,2021Q4,81848952,20211202,TAVOTEK BIOTHERAPEUTICS HONG KONG LTD
biomed,hk,2021Q4,81943042,20211213,UNIV CITY HONG KONG
biomed,hk,2021Q4,82116839,20211122,HO HOI MING MICHAEL | HOI MING MICHAEL HO
biomed,hk,2021Q4,82135966,20211223,REHAB ROBOTICS COMPANY LTD
biomed,hk,2021Q4,82158853,20211225,INTELLIGENT HEALTHCARE TECH LIMITED
biomed,hk,2021Q4,82160284,20211122,HO HOI MING MICHAEL | HOI MING MICHAEL HO
biomed,hk,2021Q4,82612446,20211012,UNIV CITY HONG KONG
biomed,hk,2021Q4,82714723,20211221,ALCOLEAR LTD
biomed,hk,2021Q4,83365716,20211103,POON WING HEI DENNIS
biomed,hk,2021Q4,85980968,20211018,UNIV CITY HONG KONG
biomed,hk,2021Q4,86146889,20211028,UNIV CITY HONG KONG
biomed,hk,2021Q4,86147009,20211103,ROTAM AGROCHEM INT CO LTD
biomed,hk,2021Q4,86324038,20211117,UNIV CITY HONG KONG
biomed,hk,2021Q4,86501160,20211129,HONG KONG CENTRE FOR CEREBRO CARDIOVASCULAR HEALTH ENGINEERING LTD
biomed,hk,2021Q4,86538655,20211124,HK LIGHT FERRY BIOMED LTD
biomed,hk,2021Q4,86607757,20211206,UNIV CITY HONG KONG
biomed,hk,2021Q4,86609150,20211203,HONG KONG CENTRE FOR CEREBRO CARDIOVASCULAR HEALTH ENGINEERING LTD
biomed,hk,2021Q4,86609151,20211214,HONG KONG CENTRE FOR CEREBRO CARDIOVASCULAR HEALTH ENGINEERING LTD
biomed,hk,2021Q4,86766800,20211217,UNIV CITY HONG KONG
biomed,hk,2022Q1,77683946,20220311,PURECODON HONGKONG BIOPHARMA LTD
biomed,hk,2022Q1,79185389,20220103,ARCTIC OCEAN TINORE TRADE CO LTD
biomed,hk,2022Q1,80067473,20220312,ACCRO BIOSCIENCE HK LTD
biomed,hk,2022Q1,80682519,20220217,ACT GENOMICS IP CO LTD | ACT GENOMICS IP LTD
biomed,hk,2022Q1,80928968,20220224,MEDIBOSTON LTD | MediBoston Limted
biomed,hk,2022Q1,81254818,20220314,CENTER FOR NEUROMUSCULOSKELETAL RESTORATIVE MEDICINE LTD | CHEN SIJIE | Ho Po Yu | PO YU HO | SIJIE CHEN
biomed,hk,2022Q1,81327178,20220325,NANO & ADVANCED MATERIALS INST LTD
biomed,hk,2022Q1,81386899,20220218,ONEGLOBE HOLDINGS LTD
biomed,hk,2022Q1,81758315,20220304,HONG KONG OCCUPATIONAL THERAPY ASSOCIATION LTD
biomed,hk,2022Q1,82357945,20220110,UNIV HONG KONG SCIENCE & TECH
biomed,hk,2022Q1,82358337,20220107,NOVOHEART INTERNATIONAL LTD
biomed,hk,2022Q1,82562087,20220130,ASCENTAGE PHARMA GROUP CORP LTD
biomed,hk,2022Q1,82612119,20220201,UNIV CITY HONG KONG
biomed,hk,2022Q1,82653963,20220128,SPEROGENIX THERAPEUTICS LTD
biomed,hk,2022Q1,82654174,20220121,UNIV HONG KONG | VERSITECH LTD
biomed,hk,2022Q1,82655037,20220128,UNIV CITY HONG KONG
biomed,hk,2022Q1,82740890,20220130,HEPAGENE THERAPEUTICS HK LTD
biomed,hk,2022Q1,82741874,20220208,ANTENGENE BIOLOGICS LTD
biomed,hk,2022Q1,82742005,20220208,LAU CHUN PUT
biomed,hk,2022Q1,82931878,20220214,SUPER GAINER INVESTMENT LTD
biomed,hk,2022Q1,82932114,20220216,CENTRE FOR VIROLOGY VACCINOLOGY AND THERAPEUTICS LTD
biomed,hk,2022Q1,82932189,20220216,LAM LOUIS CHI HUNG | LAM RONALD CHUN YU
biomed,hk,2022Q1,83007005,20220223,INSILICO MEDICINE IP LTD
biomed,hk,2022Q1,83007457,20220217,HENDERSON REAL ESTATE AGENCY LTD | OVE ARUP & PARTNERS HONG KONG LTD
biomed,hk,2022Q1,83047753,20220223,INSILICO MEDICINE IP LTD
biomed,hk,2022Q1,83116724,20220301,BILLION KING INTERNATIONAL LTD
biomed,hk,2022Q1,83153649,20220301,BELUN TECH IP COMPANY LIMITED
biomed,hk,2022Q1,83153921,20220302,AVALON STERITECH LTD
biomed,hk,2022Q1,83227426,20220309,UNIV HONG KONG
biomed,hk,2022Q1,83228276,20220309,HIFIBIO HK LTD
biomed,hk,2022Q1,83285711,20220307,UNIV HONG KONG
biomed,hk,2022Q1,83285834,20220321,TELEFIELD MEDICAL IMAGING LTD
biomed,hk,2022Q1,83364046,20220321,6J BIOTECHNOLOGY HONG KONG LTD | UNIV CITY HONG KONG
biomed,hk,2022Q1,83396339,20220317,UNIV HONG KONG CHINESE
biomed,hk,2022Q1,83396356,20220325,APTACURE THERAPEUTICS LTD
biomed,hk,2022Q1,83455239,20220330,UNIV CITY HONG KONG
biomed,hk,2022Q1,83456817,20220329,OD THERAPEUTICS LTD
biomed,hk,2022Q1,83457932,20220314,CANWELL BIOTECH LTD
biomed,hk,2022Q1,83458031,20220331,UNIV HONG KONG CHINESE
biomed,hk,2022Q1,83932604,20220329,PREC ROBOTICS HONG KONG LIMITED
biomed,hk,2022Q1,84689800,20220124,UNIV HONG KONG POLYTECHNIC
biomed,hk,2022Q1,85040345,20220125,BETAGEN SCIENT LIMITED
biomed,hk,2022Q1,87313716,20220127,UNIV CITY HONG KONG
biomed,hk,2022Q1,87431177,20220128,INGENIO TECH CO LIMITED
biomed,hk,2022Q1,87553210,20220204,HEALTH AND HAPPINESS H&H HONG KONG LTD
biomed,hk,2022Q1,87762166,20220317,HONG KONG PRODUCTIVITY COUNCIL
biomed,hk,2022Q2,79280840,20220630,CENTRE FOR REGENERATIVE MEDICINE AND HEALTH HONG KONG INSTITUTE OF SCIENCE & INNOVATION CHINESE ACAD | CENTRE FOR REGENERATIVE MEDICINE AND HEALTH HONG KONG INSTITUTE OF SCIENCE AND INNOVATION | UNIV CITY HONG KONG
biomed,hk,2022Q2,81648879,20220420,CORXEL PHARMACEUTICALS HONG KONG LTD | JI XING PHARMACEUTICALS HONG KONG LTD
biomed,hk,2022Q2,82214306,20220510,CORXEL PHARMACEUTICALS HONG KONG LTD | JI XING PHARMACEUTICALS HONG KONG LTD
biomed,hk,2022Q2,82608084,20220610,DECODE CURE LTD
biomed,hk,2022Q2,83405509,20220629,LAU CHUN PUT
biomed,hk,2022Q2,83509521,20220412,UNIV HONG KONG CHINESE
biomed,hk,2022Q2,83510667,20220406,NANO & ADVANCED MATERIALS INST LTD
biomed,hk,2022Q2,83545099,20220408,UNIV HONG KONG CHINESE
biomed,hk,2022Q2,83546199,20220410,AVANT MEATS COMPANY LTD
biomed,hk,2022Q2,83594610,20220506,SML MED TECH SOLUTIONS LTD
biomed,hk,2022Q2,83639484,20220413,APPICINE THERAPEUTICS HK LTD
biomed,hk,2022Q2,83640183,20220408,UNIV HONG KONG CHINESE
biomed,hk,2022Q2,83696329,20220427,TELEFIELD MEDICAL IMAGING LTD
biomed,hk,2022Q2,83722352,20220421,SILICON & SYSTEM CO LTD
biomed,hk,2022Q2,83758846,20220429,HEMIX BIOTECH LTD
biomed,hk,2022Q2,83808134,20220413,UNIV CITY HONG KONG
biomed,hk,2022Q2,83809328,20220430,HONG KONG PRODUCTIVITY COUNCIL | WU DANIEL YIANG
biomed,hk,2022Q2,83846751,20220427,GREAT PACIFIC HOLDINGS LTD
biomed,hk,2022Q2,84140310,20220516,GENEDITBIO LTD
biomed,hk,2022Q2,84229253,20220413,PREC ROBOTICS HONG KONG LIMITED
biomed,hk,2022Q2,84322567,20220530,LIU YUK KWAN | SOURCE OF LIFE BIOTECHNOLOGY COMPANY LTD
biomed,hk,2022Q2,84365160,20220519,ACCRO BIOSCIENCE HK LTD
biomed,hk,2022Q2,84390895,20220610,UNIV CITY HONG KONG
biomed,hk,2022Q2,84425689,20220609,EPIMAB BIOTHERAPEUTICS HK LTD
biomed,hk,2022Q2,84525915,20220513,FUSE BIOSCIENCES HONG KONG LTD
biomed,hk,2022Q2,84526853,20220617,ANTENGENE DISCOVERY LTD
biomed,hk,2022Q2,84527666,20220617,MONONUCLEAR THERAPEUTICS LTD
biomed,hk,2022Q2,84544130,20220623,INSILICO MEDICINE IP LTD
biomed,hk,2022Q2,84545172,20220622,INSPIRAR LTD
biomed,hk,2022Q2,84690770,20220628,HIFIBIO HK LTD
biomed,hk,2022Q2,84691501,20220630,NANOMAB TECH LIMITED
biomed,hk,2022Q2,84695431,20220525,UNIV CITY HONG KONG
biomed,hk,2022Q2,84771674,20220526,UNIV CITY HONG KONG
biomed,hk,2022Q2,84977269,20220612,UNIV CITY HONG KONG
biomed,hk,2022Q2,85321385,20220621,UNIV CITY HONG KONG | VERSITECH LTD
biomed,hk,2022Q2,86605415,20220428,CONTIN TECH LIMITED
biomed,hk,2022Q2,88174744,20220429,CONTEMPORARY AMPEREX TECHNOLOGY HONG KONG LTD
biomed,hk,2022Q2,88198847,20220401,STAR BRIGHT BIO TECH LTD
biomed,hk,2022Q2,88198860,20220401,ZODIAC BIO TECH LTD
biomed,hk,2022Q2,88513494,20220502,ROTAM AGROCHEM INT CO LTD
biomed,hk,2022Q2,88729350,20220511,CONTEMPORARY AMPEREX TECHNOLOGY HONG KONG LTD
biomed,hk,2022Q2,88729466,20220509,CONTEMPORARY AMPEREX TECHNOLOGY HONG KONG LTD
biomed,hk,2022Q2,89170302,20220616,UNIV CITY HONG KONG
biomed,hk,2022Q2,89378838,20220622,SYNGULAR TECH LIMITED
biomed,hk,2022Q3,70875343,20220823,DREAMTEC INTELLECTUAL PROPERTY LTD
biomed,hk,2022Q3,81239254,20220801,AP INFOSENSE LTD
biomed,hk,2022Q3,81360101,20220722,PURECODON HONG KONG BIOPHARMA LTD
biomed,hk,2022Q3,81662382,20220923,EIELING TECH LIMITED
biomed,hk,2022Q3,81772352,20220721,PURECODON HONG KONG BIOPHARMA LTD
biomed,hk,2022Q3,81804030,20220810,PURECODON HONG KONG BIOPHARMA LTD
biomed,hk,2022Q3,83508762,20220928,MAST INDUSTRIES FAR EAST LTD
biomed,hk,2022Q3,83689357,20220823,LABORATORY FOR SYNTHETIC CHEMISTRY AND CHEMICAL BIOLOGY LTD | UNIV HONG KONG
biomed,hk,2022Q3,83689575,20220912,HEALTH HOPE PHARMA LTD
biomed,hk,2022Q3,84193646,20220722,VERSITECH LTD
biomed,hk,2022Q3,84439754,20220916,BIRDIE BIOPHARMACEUTICALS INC
biomed,hk,2022Q3,84546564,20220812,ROTAM AGROCHEM INT CO LTD
biomed,hk,2022Q3,84786299,20220822,UNIV CITY HONG KONG
biomed,hk,2022Q3,84800439,20220706,HIFIBIO HK LTD
biomed,hk,2022Q3,84891921,20220713,DYNAMIC CENTURY HOLDINGS LTD
biomed,hk,2022Q3,84919511,20220713,SILICON & SYSTEM CO LTD
biomed,hk,2022Q3,84919904,20220712,SINOMAB BIOSCIENCE LTD
biomed,hk,2022Q3,84979703,20220721,HEPAGENE THERAPEUTICS HK LTD
biomed,hk,2022Q3,85087486,20220727,UNIV HONG KONG SCIENCE & TECH
biomed,hk,2022Q3,85154834,20220803,VERSITECH LTD
biomed,hk,2022Q3,85155301,20220804,HEPAGENE THERAPEUTICS HK LTD
biomed,hk,2022Q3,85199822,20220809,ALEBUND PHARMACEUTICALS HONG KONG LTD
biomed,hk,2022Q3,85199874,20220809,UNIV HONG KONG
biomed,hk,2022Q3,85199923,20220808,PACBRIDGE PARTNERS II INVEST CO LTD
biomed,hk,2022Q3,85240098,20220817,NANOMAB TECH LIMITED
biomed,hk,2022Q3,85286426,20220718,UNIV CITY HONG KONG
biomed,hk,2022Q3,85322522,20220823,YICHEN THERAPEUTICS LTD
biomed,hk,2022Q3,85322945,20220823,GREAT PACIFIC HOLDINGS LTD
biomed,hk,2022Q3,85410835,20220728,PREC ROBOTICS HONG KONG LIMITED
biomed,hk,2022Q3,85411957,20220902,ASCENTAGE PHARMA GROUP CORP LTD
biomed,hk,2022Q3,85411978,20220902,PULMONGENE HONG KONG CO LTD
biomed,hk,2022Q3,85478355,20220809,UNIV CITY HONG KONG
biomed,hk,2022Q3,85507306,20220908,HUNG HON INDUSTRIAL COMPANY LTD
biomed,hk,2022Q3,85574934,20220916,ACERAND THERAPEUTICS HONG KONG LTD
biomed,hk,2022Q3,85601900,20220915,ONEGLOBE HOLDINGS LTD
biomed,hk,2022Q3,85720131,20220926,APTACURE THERAPEUTICS LTD
biomed,hk,2022Q3,85775155,20220929,UNIV HONG KONG CHINESE
biomed,hk,2022Q3,85780436,20220922,ANTENGENE DISCOVERY LTD
biomed,hk,2022Q3,85780474,20220922,ACT GENOMICS IP LTD
biomed,hk,2022Q3,85797502,20220729,UNIV CITY HONG KONG
biomed,hk,2022Q3,85981165,20220905,UNIV CITY HONG KONG
biomed,hk,2022Q3,85982635,20220823,UNIV HONG KONG
biomed,hk,2022Q3,86059011,20220916,SILICON & SYSTEM CO LTD
biomed,hk,2022Q3,86228884,20220919,ALCOLEAR LTD
biomed,hk,2022Q3,86229022,20220901,POON WING HEI DENNIS
biomed,hk,2022Q3,88099770,20220921,PANOPTICAI LTD
biomed,hk,2022Q3,88308793,20220920,ENANO HEALTH LTD
biomed,hk,2022Q3,89432010,20220708,UNIV HONG KONG CHINESE
biomed,hk,2022Q3,89511046,20220712,UNIV CITY HONG KONG
biomed,hk,2022Q3,89616749,20220722,CONTEMPORARY AMPEREX TECHNOLOGY HONG KONG LTD
biomed,hk,2022Q3,89761381,20220805,UNIV CITY HONG KONG
biomed,hk,2022Q3,89770400,20220802,UNIV CITY HONG KONG
biomed,hk,2022Q3,89906082,20220816,UNIV CITY HONG KONG
biomed,hk,2022Q3,90001296,20220831,HONG KONG APPLIED SCIENCE & TECH RESEARCH INST CO LTD
biomed,hk,2022Q3,90360576,20220927,UNIV CITY HONG KONG
biomed,hk,2022Q3,90471542,20220927,UNIV CITY HONG KONG
biomed,hk,2022Q4,83221863,20221025,HONG CENTRE FOR CEREBRO CARDIOVASCULAR HEALTH ENGINEERING LTD | HONG KONG CENTRE FOR CEREBRO CARDIOVASCULAR HEALTH ENGINEERING LTD
biomed,hk,2022Q4,83507484,20221006,WU CHENSHU
biomed,hk,2022Q4,84267971,20221017,TAVOTEK BIOTHERAPEUTICS HONG KONG LTD
biomed,hk,2022Q4,84332344,20221012,PURECODON HONG KONG BIOPHARMA LTD
biomed,hk,2022Q4,84359840,20221103,MAST INDUSTRIES FAR EAST LTD
biomed,hk,2022Q4,84359873,20221019,VERSITECH LTD
biomed,hk,2022Q4,84462544,20221118,HONG KONG MORNING STAR INTERNATIONAL HOLDING LTD
biomed,hk,2022Q4,84488363,20221128,RMW CHO GROUP LTD
biomed,hk,2022Q4,84488570,20221128,RMW CHO GROUP LTD
biomed,hk,2022Q4,84488782,20221128,RMW CHO GROUP LTD
biomed,hk,2022Q4,84520021,20221128,UNIV HONG KONG CHINESE
biomed,hk,2022Q4,84537669,20221215,CENTRE FOR ONCOLOGY AND IMMUNOLOGY LTD | VERSITECH LTD
biomed,hk,2022Q4,84568851,20221221,LAM TSZ KUEN
biomed,hk,2022Q4,84888803,20221213,SINDBAD GROUP LTD
biomed,hk,2022Q4,85197909,20221215,PLESON HK TECH LIMITED
biomed,hk,2022Q4,85718123,20221202,CHING WING HAN
biomed,hk,2022Q4,85775532,20221006,LAM YUEN LEE VIOLA
biomed,hk,2022Q4,85798147,20221007,UNIV CITY HONG KONG
biomed,hk,2022Q4,85803786,20221008,ARBELE LTD | TIBERIAS TECH HK LIMITED
biomed,hk,2022Q4,85804755,20221008,ARBELE LTD
biomed,hk,2022Q4,85987294,20221015,YICHEN THERAPEUTICS LTD
biomed,hk,2022Q4,86056776,20221026,UNIV HONG KONG CHINESE
biomed,hk,2022Q4,86057930,20221019,INSILICO MEDICINE IP LTD
biomed,hk,2022Q4,86058844,20221018,SINOMAB BIOSCIENCE LTD
biomed,hk,2022Q4,86076598,20221025,ACERAND THERAPEUTICS HONG KONG LTD
biomed,hk,2022Q4,86159087,20221028,INSILICO MEDICINE IP LTD
biomed,hk,2022Q4,86159250,20221028,HONG KONG CENTER FOR NEURODEGENERATIVE DISEASES LTD | UNIV HONG KONG SCIENCE & TECH
biomed,hk,2022Q4,86160486,20221026,UNIV HONG KONG CHINESE | VERSITECH LTD
biomed,hk,2022Q4,86240641,20221101,EPIMAB BIOTHERAPEUTICS HK LTD
biomed,hk,2022Q4,86240657,20221101,INSILICO MEDICINE IP LTD
biomed,hk,2022Q4,86324175,20221116,NANO & ADVANCED MATERIALS INST LTD
biomed,hk,2022Q4,86333764,20221118,RHT LTD
biomed,hk,2022Q4,86335085,20221115,VERSITECH LTD
biomed,hk,2022Q4,86335122,20221111,INSILICO MEDICINE IP LTD
biomed,hk,2022Q4,86335131,20221111,INSILICO MEDICINE IP LTD
biomed,hk,2022Q4,86335132,20221111,INSILICO MEDICINE IP LTD
biomed,hk,2022Q4,86384388,20221122,NANO & ADVANCED MATERIALS INST LTD
biomed,hk,2022Q4,86396236,20221115,INSILICO MEDICINE IP LTD
biomed,hk,2022Q4,86396276,20221121,UNIV HONG KONG CHINESE
biomed,hk,2022Q4,86418941,20221118,RHT LTD
biomed,hk,2022Q4,86538864,20221123,CENTRE FOR NOVOSTICS | CENTRE FOR NOVOSTICS LTD
biomed,hk,2022Q4,86540347,20221123,FULL LIFE TECH HK LIMITED
biomed,hk,2022Q4,86898325,20221104,UNIV CITY HONG KONG
biomed,hk,2022Q4,86901286,20221221,INSILICO MEDICINE IP LTD
biomed,hk,2022Q4,86901388,20221226,INTELLIGENT HEALTHCARE TECH LIMITED
biomed,hk,2022Q4,86901551,20221223,PACBRIDGE PARTNERS II INVEST CO LTD
biomed,hk,2022Q4,86903559,20221209,FBD BIOLOGICS LTD
biomed,hk,2022Q4,86903567,20221209,FBD BIOLOGICS LTD
biomed,hk,2022Q4,86992416,20221229,UNIV CITY HONG KONG
biomed,hk,2022Q4,86997795,20221226,CENTRE FOR VIROLOGY VACCINOLOGY AND THERAPEUTICS LTD | VERSITECH LTD
biomed,hk,2022Q4,87000347,20221229,ACCRO BIOSCIENCE HK LTD
biomed,hk,2022Q4,87073332,20221223,MULTI SCALE MEDICAL ROBOTICS CENTER LTD
biomed,hk,2022Q4,87073352,20221223,MULTI SCALE MEDICAL ROBOTICS CENTER LTD
biomed,hk,2022Q4,87163070,20221108,CITY UNIV OF HONG KONG | UNIV CITY HONG KONG
biomed,hk,2022Q4,87348782,20221216,FBD BIOLOGICS LTD
biomed,hk,2022Q4,87472271,20221216,FBD BIOLOGICS LTD
biomed,hk,2022Q4,87565215,20221130,AI GUIDED LTD
biomed,hk,2022Q4,90471170,20221003,UNIV CITY HONG KONG
biomed,hk,2022Q4,90581702,20221010,UNIV CITY HONG KONG
biomed,hk,2022Q4,90994031,20221111,UNIV CITY HONG KONG
biomed,hk,2022Q4,91081046,20221101,HANSON DAVID | LAM DOMINIC MAN KIT
biomed,hk,2022Q4,91207551,20221129,UNIV CITY HONG KONG
biomed,hk,2022Q4,91381184,20221209,ASG INSPIRATION LABORATORY LTD
biomed,hk,2022Q4,91667544,20221230,UNIV CITY HONG KONG
biomed,hk,2023Q1,82461089,20230323,REHAB ROBOTICS COMPANY LTD
biomed,hk,2023Q1,82668520,20230323,REHAB ROBOTICS COMPANY LTD | VINCENT MEDICAL MANUFACTUING CO LTD
biomed,hk,2023Q1,84851903,20230202,INSILICO MEDICINE IP LTD
biomed,hk,2023Q1,84942896,20230118,HIGH DEVELOPMENT LTD
biomed,hk,2023Q1,85704569,20230317,UNIV HONG KONG
biomed,hk,2023Q1,86286541,20230313,LAEKNA LTD
biomed,hk,2023Q1,87074186,20230103,AVALON STERITECH LTD
biomed,hk,2023Q1,87089659,20230109,ACERAND THERAPEUTICS HONG KONG LTD
biomed,hk,2023Q1,87162560,20230117,LABORATORY FOR SYNTHETIC CHEMISTRY AND CHEMICAL BIOLOGY LTD | VERSITECH LTD
biomed,hk,2023Q1,87347861,20230118,ANTENGENE DISCOVERY LTD
biomed,hk,2023Q1,87470616,20230128,UNIV CITY HONG KONG
biomed,hk,2023Q1,87470622,20230128,INSILICO MEDICINE IP LTD
biomed,hk,2023Q1,87470702,20230130,HIFIBIO HK LTD
biomed,hk,2023Q1,87470713,20230129,RONA BIOSCIENCE LTD
biomed,hk,2023Q1,87470720,20230130,HIFIBIO HK LTD
biomed,hk,2023Q1,87472739,20230128,GENSE TECH LIMITED
biomed,hk,2023Q1,87553104,20230207,CENTRE FOR NOVOSTICS | CENTRE FOR NOVOSTICS LTD
biomed,hk,2023Q1,87563639,20230208,UNIV HONG KONG CHINESE
biomed,hk,2023Q1,87573707,20230308,NANO & ADVANCED MATERIALS INST LTD
biomed,hk,2023Q1,87577600,20230217,INSILICO MEDICINE IP LTD
biomed,hk,2023Q1,87579080,20230217,FULL LIFE TECH HK LIMITED
biomed,hk,2023Q1,87764833,20230223,SINOMAB BIOSCIENCE LTD
biomed,hk,2023Q1,87764860,20230224,SIRONAX HONG KONG CO LIMITED
biomed,hk,2023Q1,87883011,20230301,INSILICO MEDICINE IP LTD
biomed,hk,2023Q1,87883015,20230301,INSILICO MEDICINE IP LTD
biomed,hk,2023Q1,87917598,20230310,ASCENTAGE PHARMA GROUP CORP LTD
biomed,hk,2023Q1,87932732,20230314,INDHOUSE LTD
biomed,hk,2023Q1,87935801,20230106,UNIV HONG KONG POLYTECHNIC
biomed,hk,2023Q1,87935883,20230306,ELIXIRON IMMUNOTHERAPEUTICS HONG KONG LTD
biomed,hk,2023Q1,87935966,20230309,ANTENGENE BIOLOGICS LTD
biomed,hk,2023Q1,87936063,20230308,GENEDITBIO LTD
biomed,hk,2023Q1,88022252,20230314,VERSITECH LTD
biomed,hk,2023Q1,88022408,20230317,INSILICO MEDICINE IP LTD
biomed,hk,2023Q1,88066188,20230106,UNIV CITY HONG KONG
biomed,hk,2023Q1,88099524,20230322,THERAXYTE BIOSCIENCE HONG KONG LTD
biomed,hk,2023Q1,88099809,20230309,UNIV HONG KONG POLYTECHNIC
biomed,hk,2023Q1,88100050,20230327,ANGITIA BIOMEDICINES LTD
biomed,hk,2023Q1,88198368,20230317,UNIV HONG KONG POLYTECHNIC
biomed,hk,2023Q1,88198459,20230330,UNIV HONG KONG POLYTECHNIC
biomed,hk,2023Q1,88203279,20230330,ACERAND THERAPEUTICS HONG KONG LTD
biomed,hk,2023Q1,88203606,20230323,WELL BEING DIGITAL LTD
biomed,hk,2023Q1,88710203,20230203,AGILIS ROBOTICS LTD
biomed,hk,2023Q1,88903635,20230216,IEMIS HK LTD
biomed,hk,2023Q1,90142899,20230104,THE EDUCATION UNIV OF HONG KONG
biomed,hk,2023Q1,90835677,20230206,CENTRE FOR VIROLOGY VACCINOLOGY AND THERAPEUTICS LTD
biomed,hk,2023Q1,91667219,20230103,UNIV CITY HONG KONG
biomed,hk,2023Q1,91667391,20230104,CENTER FOR REGENERATIVE MEDICINE AND HONG KONG HEALTH HONG KONG INST OF SCIENCE & INNOVATION | UNIV CITY HONG KONG
biomed,hk,2023Q1,91964753,20230131,UNIV CITY HONG KONG
biomed,hk,2023Q1,91964791,20230201,UNIV CITY HONG KONG
biomed,hk,2023Q1,92043720,20230206,CENTRE FOR EYE AND VISION RES LIMITED | UNIV HONG KONG POLYTECHNIC
biomed,hk,2023Q1,92049192,20230203,UNIV CITY HONG KONG
biomed,hk,2023Q1,92120707,20230202,UNIV CITY HONG KONG
biomed,hk,2023Q1,92261806,20230208,CONTEMPORARY AMPEREX TECHNOLOGY HONG KONG LTD
biomed,hk,2023Q1,92673970,20230309,CONTEMPORARY AMPEREX TECHNOLOGY HONG KONG LTD
biomed,hk,2023Q1,92714639,20230316,LOGISTICS AND SUPPLY CHAIN MULTITECH R&D CENTRE LTD
biomed,hk,2023Q1,92715603,20230317,LEE VINCENT YAU WING
biomed,hk,2023Q1,92763399,20230321,LOGISTICS AND SUPPLY CHAIN MULTITECH R&D CENTRE LTD
biomed,hk,2023Q1,92770498,20230321,LOGISTICS AND SUPPLY CHAIN MULTITECH R&D CENTRE LTD
biomed,hk,2023Q2,74099827,20230518,RMW CHO GROUP LTD
biomed,hk,2023Q2,83759475,20230630,CENTRE FOR TRANSLATIONAL STEM CELL BIOLOGY LTD
biomed,hk,2023Q2,83761628,20230519,REHAB ROBOTICS COMPANY LTD
biomed,hk,2023Q2,84889278,20230531,RMW CHO GROUP LTD
biomed,hk,2023Q2,85984945,20230410,THE HONGKONG POLYTECHNIC UNIV
biomed,hk,2023Q2,86604782,20230526,UNIV HONG KONG CHINESE
biomed,hk,2023Q2,87851070,20230512,VERSITECH LTD
biomed,hk,2023Q2,88240865,20230413,UNIV CITY HONG KONG
biomed,hk,2023Q2,88329084,20230414,UNIV HONG KONG CHINESE
biomed,hk,2023Q2,88416472,20230623,GENSE TECH LIMITED
biomed,hk,2023Q2,88419402,20230420,MULTI SCALE MEDICAL ROBOTICS CENTER LTD
biomed,hk,2023Q2,88512728,20230427,UNIV CITY HONG KONG
biomed,hk,2023Q2,88518003,20230428,PENTIDE THERAPEUTICS LTD
biomed,hk,2023Q2,88699592,20230509,CENTRE FOR NOVOSTICS | CENTRE FOR NOVOSTICS LTD
biomed,hk,2023Q2,88918416,20230423,SPEROGENIX THERAPEUTICS LTD
biomed,hk,2023Q2,89025687,20230602,ELIXIRON IMMUNOTHERAPEUTICS HONG KONG LTD
biomed,hk,2023Q2,89025811,20230601,AVANT MEATS COMPANY LTD
biomed,hk,2023Q2,89117587,20230606,ANTENGENE BIOLOGICS LTD
biomed,hk,2023Q2,89117668,20230606,SIRONAX HONG KONG CO LIMITED
biomed,hk,2023Q2,89192290,20230613,RONA BIOSCIENCE LIMITED | RONA BIOSCIENCE LTD
biomed,hk,2023Q2,89192298,20230613,RONA BIOSCIENCE LTD
biomed,hk,2023Q2,89382076,20230629,GENEDITBIO LTD
biomed,hk,2023Q2,89383009,20230627,RONA BIOSCIENCE LTD
biomed,hk,2023Q2,89383037,20230628,MICROBIOTA I CENTER MAGIC LTD
biomed,hk,2023Q2,89383043,20230628,INSILICO MEDICINE IP LTD
biomed,hk,2023Q2,89383208,20230617,UNIV HONG KONG
biomed,hk,2023Q2,89383355,20230629,THERAXYTE BIOSCIENCE HONG KONG LTD
biomed,hk,2023Q2,90184463,20230522,UNIV CITY HONG KONG
biomed,hk,2023Q2,91618844,20230630,ASG INSPIRATION LABORATORY LTD
biomed,hk,2023Q2,91667221,20230426,UNIV CITY HONG KONG
biomed,hk,2023Q2,92935323,20230407,UNIV HONG KONG POLYTECHNIC
biomed,hk,2023Q2,93017752,20230612,CENTRE FOR EYE AND VISION RES LIMITED | UNIV HONG KONG POLYTECHNIC
biomed,hk,2023Q2,93380708,20230511,SYNERK BIOTECH LTD
biomed,hk,2023Q2,93381163,20230511,SYNERK BIOTECH LTD
biomed,hk,2023Q2,93465346,20230519,UNIV CITY HONG KONG
biomed,hk,2023Q2,93564013,20230511,SYNERK BIOTECH LTD
biomed,hk,2023Q2,93564018,20230511,SYNERK BIOTECH LTD
biomed,hk,2023Q2,93634464,20230531,GEB IMPACT TECH COMPANY LIMITED
biomed,hk,2023Q2,93641897,20230531,UNIV CITY HONG KONG
biomed,hk,2023Q2,93652483,20230605,UNIV HONG KONG
biomed,hk,2023Q2,93653803,20230602,AI MNEMONIC LTD
biomed,hk,2023Q2,93898731,20230621,UNIV CITY HONG KONG
biomed,hk,2023Q2,94127252,20230630,UNIV CITY HONG KONG
biomed,hk,2023Q3,87569919,20230726,MEDIBOSTON LTD
biomed,hk,2023Q3,88016448,20230906,ASIAN PRIME SOURCES LTD
biomed,hk,2023Q3,88315788,20230908,PHASE SCIENT INTERNATIONAL LTD | PHASE SCIENTIFIC INTERNATIONAL LTD
biomed,hk,2023Q3,88504628,20230908,PHASE SCIENT INTERNATIONAL LTD
biomed,hk,2023Q3,88505263,20230908,PHASE SCIENT INTERNATIONAL LTD
biomed,hk,2023Q3,88745694,20230929,JUPENG BIO HK LTD
biomed,hk,2023Q3,88790359,20230827,GERMANY HEALMUSZ INTERNATIONAL CO LTD
biomed,hk,2023Q3,89389903,20230708,ACCRO BIOSCIENCE HK LTD
biomed,hk,2023Q3,89454440,20230705,CENTRE FOR VIROLOGY VACCINOLOGY AND THERAPEUTICS LTD | VERSITECH LTD
biomed,hk,2023Q3,89535602,20230712,SOUTH KING HEALTH LTD
biomed,hk,2023Q3,89617085,20230714,MOEXA PHARMACEUTICALS LTD
biomed,hk,2023Q3,89617117,20230717,INSILICO MEDICINE IP LTD
biomed,hk,2023Q3,89617334,20230718,ENDOWAYS HONG KONG MEDICAL CO LTD
biomed,hk,2023Q3,89664519,20230728,CENTRE FOR EYE AND VISION RES LIMITED | UNIV HONG KONG POLYTECHNIC
biomed,hk,2023Q3,89705552,20230728,CENTRE FOR NOVOSTICS | CENTRE FOR NOVOSTICS LTD
biomed,hk,2023Q3,89705612,20230726,MULTI SCALE MEDICAL ROBOTICS CENTER LTD
biomed,hk,2023Q3,89707382,20230728,PROVIVA THERAPEUTICS HONG KONG LTD
biomed,hk,2023Q3,89755610,20230727,CENTRE FOR IMMUNOLOGY & INFECTION LTD
biomed,hk,2023Q3,89850857,20230807,INSILICO MEDICINE IP LTD
biomed,hk,2023Q3,89850962,20230810,UNIV HONG KONG
biomed,hk,2023Q3,89940723,20230817,PREC ROBOTICS HONG KONG LIMITED
biomed,hk,2023Q3,90012446,20230822,ANTENGENE BIOLOGICS LTD
biomed,hk,2023Q3,90012561,20230823,INSILICO MEDICINE IP LTD
biomed,hk,2023Q3,90100493,20230831,PROVIVA THERAPEUTICS HONG KONG LTD
biomed,hk,2023Q3,90143059,20230914,CENTRE FOR IMMUNOLOGY & INFECTION LTD | UNIV HONG KONG
biomed,hk,2023Q3,90192059,20230908,UNIV HONG KONG CHINESE
biomed,hk,2023Q3,90192749,20230825,CHAN SIU KING
biomed,hk,2023Q3,90274281,20230915,CHIN JING WEI
biomed,hk,2023Q3,90358997,20230919,LAU ALEX
biomed,hk,2023Q3,90453783,20230925,CENTRE FOR TRANSLATIONAL STEM CELL BIOLOGY LTD
biomed,hk,2023Q3,90453908,20230922,SIRONAX HONG KONG CO LIMITED
biomed,hk,2023Q3,90476287,20230928,INSILICO MEDICINE IP LTD
biomed,hk,2023Q3,90476377,20230928,SMARTWAVE MEDICAL HK LTD
biomed,hk,2023Q3,90926810,20230821,UNIV CITY HONG KONG
biomed,hk,2023Q3,91083790,20230904,PREC ROBOTICS HONG KONG LIMITED | WAN KAI FUNG
biomed,hk,2023Q3,91227705,20230920,PLESON HK TECH LIMITED
biomed,hk,2023Q3,91474653,20230921,PLESON HK TECH LIMITED
biomed,hk,2023Q3,91667532,20230912,BING BIOTECH LTD
biomed,hk,2023Q3,93845658,20230808,VK Meditech Co Ltd
biomed,hk,2023Q3,94481304,20230807,UNIV CITY HONG KONG
biomed,hk,2023Q3,94483160,20230809,LABORATORY OF DATA DISCOVERY FOR HEALTH LTD
biomed,hk,2023Q3,94610459,20230817,REESTAR INTERNATIONAL LTD
biomed,hk,2023Q3,95067761,20230921,UNIV CITY HONG KONG
biomed,hk,2023Q3,95067783,20230922,ADVANCED BIOMEDICAL INSTRUMENTATION CENTRE LTD | CENTRE FOR VIROLOGY VACCINOLOGY AND THERAPEUTICS LTD | UNIV HONG KONG
biomed,hk,2023Q3,95284419,20230922,ADVANCED BIOMEDICAL INSTRUMENTATION CENTRE LTD | CENTRE FOR VIROLOGY VACCINOLOGY AND THERAPEUTICS LIMITED | UNIV HONG KONG
biomed,hk,2023Q4,87045721,20231012,WONG KA MAN PRISCILLA
biomed,hk,2023Q4,87868773,20231127,HONG KONG CENTRE FOR CEREBRO CARDIOVASCULAR HEALTH ENGINEERING LTD
biomed,hk,2023Q4,88833867,20231113,VERSITECH LTD
biomed,hk,2023Q4,89073125,20231128,RMW CHO GROUP LTD
biomed,hk,2023Q4,89075330,20231009,PLESON HK TECH LIMITED
biomed,hk,2023Q4,89122028,20231101,CENTRE FOR VIROLOGY VACCINOLOGY AND THERAPEUTICS LTD
biomed,hk,2023Q4,89222623,20231128,RMW CHO GROUP LTD
biomed,hk,2023Q4,89386853,20231110,REHAB ROBOTICS COMPANY LTD
biomed,hk,2023Q4,89474834,20231122,FBD BIOLOGICS LTD
biomed,hk,2023Q4,90381196,20231227,RINUAGENE INTERNATIONAL HK LTD
biomed,hk,2023Q4,90471537,20231108,SANMA ELETRON HONG KONG APPLIANCE COMPANY LTD | VASHCHENKO VALERII VLADIMIROVICH
biomed,hk,2023Q4,90575193,20231004,UNIV CITY HONG KONG
biomed,hk,2023Q4,90607579,20231007,HONG KONG CENTER FOR NEURODEGENERATIVE DISEASES LTD | UNIV HONG KONG SCIENCE & TECH
biomed,hk,2023Q4,90669085,20231012,MULTI SCALE MEDICAL ROBOTICS CENTER LTD
biomed,hk,2023Q4,90669087,20231012,MULTI SCALE MEDICAL ROBOTICS CENTER LTD
biomed,hk,2023Q4,90669089,20231012,MULTI SCALE MEDICAL ROBOTICS CENTER LTD
biomed,hk,2023Q4,90737010,20231020,FULL LIFE TECH HK LIMITED
biomed,hk,2023Q4,90737228,20231020,VELLPHARM COMPANY LTD
biomed,hk,2023Q4,90830132,20231027,FBD BIOLOGICS LTD
biomed,hk,2023Q4,90926838,20231101,NANO & ADVANCED MATERIALS INST LTD
biomed,hk,2023Q4,90929677,20231025,KO WAI KIN DANIEL
biomed,hk,2023Q4,90929775,20231106,TALENGEN INT LTD
biomed,hk,2023Q4,90929788,20231106,TALENGEN INT LTD
biomed,hk,2023Q4,91028781,20231103,UNIV CITY HONG KONG
biomed,hk,2023Q4,91033566,20231108,GMP BIOTECHNOLOGY LTD
biomed,hk,2023Q4,91033653,20231109,ACERAND THERAPEUTICS HONG KONG LTD
biomed,hk,2023Q4,91083822,20231116,INSILICO MEDICINE IP LTD
biomed,hk,2023Q4,91195204,20231123,FULL LIFE TECH HK LIMITED
biomed,hk,2023Q4,91280295,20231129,CENTRE FOR NOVOSTICS
biomed,hk,2023Q4,91324845,20231128,ELIXIRON IMMUNOTHERAPEUTICS HONG KONG LTD
biomed,hk,2023Q4,91325541,20231024,NANO & ADVANCED MATERIALS INST LTD
biomed,hk,2023Q4,91378666,20231207,GENEDITBIO LTD
biomed,hk,2023Q4,91378667,20231208,MULTI SCALE MEDICAL ROBOTICS CENTER LTD
biomed,hk,2023Q4,91473225,20231215,CENTRE FOR NOVOSTICS
biomed,hk,2023Q4,91590212,20231222,TCRCURE HONG KONG LTD
biomed,hk,2023Q4,91643505,20231227,RINUAGENE INTERNATIONAL HK LTD
biomed,hk,2023Q4,91716435,20231227,INSILICO MEDICINE IP LTD
biomed,hk,2023Q4,91716447,20231228,FULL LIFE TECH HK LIMITED
biomed,hk,2023Q4,91716462,20231226,SPH BIOTHERAPEUTICS HK LTD
biomed,hk,2023Q4,91716468,20231226,INSILICO MEDICINE IP LTD
biomed,hk,2023Q4,91716507,20231226,FULL LIFE TECH HK LIMITED
biomed,hk,2023Q4,91776889,20231228,THE EDUCATION UNIV OF HONG KONG
biomed,hk,2023Q4,95156846,20231003,HONG KONG APPLIED SCIENCE & TECH RESEARCH INST CO LTD | HONG KONG APPLIED SCIENCE AND TECH RESEARCH INSTITUTE COMPANY
biomed,hk,2023Q4,95401996,20231024,UNIV CITY HONG KONG
biomed,hk,2023Q4,95402110,20231018,FRESH ON LTD
biomed,hk,2023Q4,95402333,20231018,REESTAR INTERNATIONAL LTD
biomed,hk,2023Q4,95851199,20231201,UNIV CITY HONG KONG
biomed,hk,2023Q4,95861825,20231130,UNIV CITY HONG KONG
biomed,hk,2023Q4,96160830,20231228,UNIV CITY HONG KONG
biomed,sg,2015Q1,37075090,20150113,AGENCY SCIENCE TECH & RES | LIM SAI KIANG | LYE ELIAS
biomed,sg,2015Q1,40019447,20150320,AGENCY SCIENCE TECH & RES
biomed,sg,2015Q1,40591309,20150220,AGENCY SCIENCE TECH & RES
biomed,sg,2015Q1,41114487,20150302,FUNG HO CHUNG NICHOLAS | ONEEMPOWER PTE LTD | SANG CHU YONG
biomed,sg,2015Q1,42039751,20150303,AGENCY SCIENCE TECH & RES
biomed,sg,2015Q1,43876362,20150106,NANYANG TECHNOLOGIES UNIV | UNIV NANYANG TECH
biomed,sg,2015Q1,43876537,20150122,DH TECHNOLOGIES DEV PTE LTD
biomed,sg,2015Q1,44312331,20150206,NANYANG TEHNOLOGICAL UNIV | SINGAPORE HEALTH SERV PTE LTD | UNIV NANYANG TECH
biomed,sg,2015Q1,44673468,20150212,AGENCY SCIENCE TECH & RES
biomed,sg,2015Q1,44861796,20150331,AGENCY SCIENCE TECH & RES
biomed,sg,2015Q1,46639221,20150316,PNG KIM
biomed,sg,2015Q1,47141019,20150224,HILL ROM SERVICES PTE LTD
biomed,sg,2015Q1,49292792,20150227,AGENCY SCIENCE TECH & RES
biomed,sg,2015Q1,49916709,20150111,WAVE LIFE SCIENCES LTD | WAVE LIFE SCIENCES PTE LTD
biomed,sg,2015Q1,50112787,20150107,SINGAPORE HEALTH SERV PTE LTD | UNIV NANYANG TECH
biomed,sg,2015Q1,50239082,20150119,AGENCY SCIENCE TECH & RES
biomed,sg,2015Q1,50390720,20150210,VELA OPERATIONS PTE LTD | VELA OPERATIONS SINGAPORE PTE LTD
biomed,sg,2015Q1,50397230,20150313,FITSON SINGAPORE PTE LTD
biomed,sg,2015Q1,50482514,20150219,VELA OPERATIONS PTE LTD | VELA OPERATIONS SINGAPORE PTE LTD
biomed,sg,2015Q1,50482727,20150224,UNIV SINGAPORE
biomed,sg,2015Q1,50622693,20150323,DIGITAL SURGICALS PTE LTD | LAHIRI AMITABHA | RAPPEL JAMES KOLENCHERY
biomed,sg,2015Q1,50634766,20150311,HOPE TECHNIK PTE LTD | UNIV SINGAPORE
biomed,sg,2015Q1,50737717,20150324,NAT UNIV SINGAPORE | UNIV SINGAPORE
biomed,sg,2015Q1,51262635,20150304,NOVEX SCIENCE PTE LTD
biomed,sg,2015Q1,51865952,20150313,STRAND ROSS
biomed,sg,2015Q1,52080468,20150129,STEMCELL ESSENTIALS PTE LTD
biomed,sg,2015Q1,52354827,20150119,LEE FREDDIE ENG HWEE
biomed,sg,2015Q1,52462381,20150114,UNIV NANYANG TECH
biomed,sg,2015Q1,52590165,20150226,DOTTER INTELLECTUAL PTE LTD
biomed,sg,2015Q1,52595473,20150213,PANENGAD PRADEEP PAUL
biomed,sg,2015Q1,52666048,20150319,AGENCY SCIENCE TECH & RES
biomed,sg,2015Q1,52823596,20150311,EVEREST MEDICINES SINGAPORE PTE LTD
biomed,sg,2015Q1,52993254,20150304,ADVANCED FIRST AID RES PTE LTD
biomed,sg,2015Q1,52998601,20150309,CHRISTOPHER JON PEARCE | CURTIN DAVID WILLIAM | David William Curtin | PEARCE CHRISTOPHER JON
biomed,sg,2015Q1,53039535,20150116,WAVE LIFE SCIENCES LTD | WAVE LIFE SCIENCES PTE LTD
biomed,sg,2015Q1,53493768,20150102,LOH YIN SZE | YIN SZE LOH
biomed,sg,2015Q1,53494964,20150108,AGENCY SCIENCE TECH & RES
biomed,sg,2015Q1,53524452,20150108,SINGAPORE HEALTH SERV PTE LTD | UNIV NANYANG TECH
biomed,sg,2015Q1,53678033,20150311,UNIV NANYANG TECH
biomed,sg,2015Q1,53678074,20150122,LEE FREDDIE ENG HWEE
biomed,sg,2015Q1,53681749,20150123,AGENCY SCIENCE TECH & RES | DSO NAT LAB
biomed,sg,2015Q1,53681750,20150123,AGENCY SCIENCE TECH & RES
biomed,sg,2015Q1,53682080,20150127,NAT UNIV SINGAPORE | UNIV SINGAPORE
biomed,sg,2015Q1,53682081,20150122,AGENCY SCIENCE TECH & RES
biomed,sg,2015Q1,53754308,20150205,AGENCY SCIENCE TECH & RES
biomed,sg,2015Q1,53759408,20150130,CHAO TAR TOONG VICTOR | LIM CHONG HEE | NAT UNIV HOSPITAL (SINGAPORE) PTE LTD | NAT UNIV SINGAPORE | NAT UNIVERSITY HOSPITAL SINGAPORE PTE LTD | NATIONAL UNIV HOSPITAL (SINGAPORE) PTE LTD | NG TZE KIAT | SINGAPORE HEALTH SERV PTE LTD | TAN HOCK HENG DANIEL | UNIV SINGAPORE
biomed,sg,2015Q1,53759409,20150130,CHAO TAR TOONG VICTOR | LIM CHONG HEE | NAT HEART CENTRE SINGAPORE PTE LTD | NAT UNIV HOSPITAL (SINGAPORE) PTE LTD | NAT UNIV HOSPITAL SINGAPORE PTE LTD | NAT UNIV SINGAPORE | NAT UNIVERSITY HOSPITAL SINGAPORE PTE LTD | NATIONAL UNIV HOSPITAL (SINGAPORE) PTE LTD | SINGAPORE HEALTH SERV PTE LTD | SINGAPORE HEALTH SERVICES PTE | TAN HOCK HENG DANIEL | UNIV SINGAPORE
biomed,sg,2015Q1,53778270,20150205,NAT UNIV SINGAPORE | UNIV SINGAPORE
biomed,sg,2015Q1,53778272,20150206,NAT UNIV SINGAPORE | UNIV SINGAPORE
biomed,sg,2015Q1,53778273,20150209,RONALD CRAIG WIGHT | WIGHT RONALD CRAIG
biomed,sg,2015Q1,53778275,20150206,AGENCY SCIENCE TECH & RES | NAT UNIV SINGAPORE | UNIV SINGAPORE
biomed,sg,2015Q1,53778578,20150205,SINGAPORE HEALTH SERV PTE LTD
biomed,sg,2015Q1,53800452,20150213,NAT UNIV SINGAPORE | UNIV SINGAPORE
biomed,sg,2015Q1,53878682,20150224,NAT UNIV HOSPITAL (SINGAPORE) PTE LTD | NAT UNIV HOSPITAL SINGAPORE PTE LTD | NAT UNIV SINGAPORE | NAT UNIVERSITY HOSPITAL SINGAPORE PTE LTD | UNIV SINGAPORE
biomed,sg,2015Q1,53878789,20150218,NAT UNIV SINGAPORE | UNIV SINGAPORE
biomed,sg,2015Q1,53879206,20150217,AGENCY SCIENCE TECH & RES
biomed,sg,2015Q1,54008239,20150225,DH TECHNOLOGIES DEV PTE LTD
biomed,sg,2015Q1,54009428,20150227,OSIM INT LTD | OSIM INT PTE LTD
biomed,sg,2015Q1,54055645,20150306,SINGAPORE HEALTH SERV PTE LTD
biomed,sg,2015Q1,54055646,20150309,AGENCY SCIENCE TECH & RES
biomed,sg,2015Q1,54055751,20150302,SIVALENKA VIJAYASARADHI | TUMMANAPALLI SATYANARAYANA
biomed,sg,2015Q1,54070942,20150311,SINGAPORE ZE&Z INT PTE LTD | SINGAPORE ZE&Z INTERNAT PTE LTD | SINGAPORE ZE&ZINTERNATIONAL PTE LTD
biomed,sg,2015Q1,54070998,20150316,SG MEDITECH PTE LTD
biomed,sg,2015Q1,54072166,20150313,I SUPPORT PTE LTD | SUPPORT PTE LTD I
biomed,sg,2015Q1,54072167,20150226,GET TO KNOW YOUR BRAIN PTE LTD
biomed,sg,2015Q1,54072173,20150313,NAT UNIV SINGAPORE | SINGAPORE HEALTH SERV PTE LTD | UNIV SINGAPORE
biomed,sg,2015Q1,54072174,20150310,UNIV NANYANG TECH
biomed,sg,2015Q1,54072176,20150311,AGENCY SCIENCE TECH & RES
biomed,sg,2015Q1,54072177,20150313,AGENCY SCIENCE TECH & RES
biomed,sg,2015Q1,54145073,20150320,AGENCY SCIENCE TECH & RES
biomed,sg,2015Q1,54145075,20150313,SCI WAVE PTE LTD
biomed,sg,2015Q1,54145078,20150319,ENDOMASTER PTE LTD
biomed,sg,2015Q1,54145079,20150320,UNIV SINGAPORE
biomed,sg,2015Q1,54145081,20150323,AGENCY SCIENCE TECH & RES | NAT UNIV SINGAPORE | UNIV SINGAPORE
biomed,sg,2015Q1,54155343,20150312,XERAFY SINGAPORE PTE LTD
biomed,sg,2015Q1,54196095,20150327,NAT UNIV SINGAPORE | UNIV SINGAPORE
biomed,sg,2015Q1,54196099,20150324,MENICON SINGAPORE PTE LTD
biomed,sg,2015Q1,54196365,20150325,NAT UNIV SINGAPORE | UNIV SINGAPORE
biomed,sg,2015Q1,54208733,20150219,DOTTER INTELLECTUAL PTE LTD
biomed,sg,2015Q1,54264178,20150202,AGENCY SCIENCE TECH & RES
biomed,sg,2015Q1,54288181,20150330,AGENCY SCIENCE TECH & RES
biomed,sg,2015Q1,54324367,20150327,UNIV NANYANG TECH
biomed,sg,2015Q1,54331991,20150210,OSIM INT LTD
biomed,sg,2015Q1,54332862,20150324,UNIV NANYANG TECH
biomed,sg,2015Q1,54366880,20150304,AGENCY SCIENCE TECH & RES
biomed,sg,2015Q1,54556255,20150302,AON GLOBAL OPERATIONS LTD SINGAPORE BRANCH REG T12FC0122F
biomed,sg,2015Q1,54601860,20150106,MERLION PHARMACEUTICALS PTE LTD
biomed,sg,2015Q1,54767053,20150330,ZHANG YIZHONG
biomed,sg,2015Q1,55273173,20150224,SIVANTOS PTE LTD
biomed,sg,2015Q1,55314486,20150123,AMT PTE LTD | Aurum Medicare Pte Ltd
biomed,sg,2015Q1,55537274,20150319,AGENCY FOR SCIENCE TECH AND RESEARCH ASTARSTAR | AGENCY SCIENCE TECH & RES
biomed,sg,2015Q1,55789332,20150304,ADVANCED FIRST AID RES PTE LTD
biomed,sg,2015Q1,56406135,20150114,MHC MEDICAL NETWORK PTE LTD
biomed,sg,2015Q1,56406136,20150116,RACER TECH PTE LTD | RACER TECHNOLOGY PTE LTD
biomed,sg,2015Q1,56417479,20150119,NEXTAN PTE LTD
biomed,sg,2015Q1,56433116,20150126,AGENCY SCIENCE TECH & RES | NAT UNIV SINGAPORE | UNIV SINGAPORE
biomed,sg,2015Q1,56552744,20150130,AGENCY SCIENCE TECH & RES
biomed,sg,2015Q1,56614624,20150211,LIM CHEE YEN
biomed,sg,2015Q1,56614979,20150213,LIM CHEE YEN
biomed,sg,2015Q1,56788852,20150223,LIM CHEE YEN
biomed,sg,2015Q1,56849668,20150302,CAI DANQING
biomed,sg,2015Q1,56878635,20150312,OSIM INT LTD | OSIM INT PTE LTD
biomed,sg,2015Q1,56920346,20150319,ENDOMASTER PTE LTD
biomed,sg,2015Q1,56936203,20150319,ENDOMASTER PTE LTD
biomed,sg,2015Q1,56946034,20150227,NAT CANCER CT OF SINGAPORE PTE LTD
biomed,sg,2015Q1,56979216,20150326,NANYANG POLYTECHNIC
biomed,sg,2015Q1,57007403,20150327,NANYANG POLYTECHNIC
biomed,sg,2015Q2,35907673,20150518,CELLRES CORP PTE LTD | CELLRESEARCH CORP PTE LTD
biomed,sg,2015Q2,37962781,20150518,CELLRES CORP PTE LTD | CELLRESEARCH CORP PTE LTD
biomed,sg,2015Q2,42354743,20150518,ADVENT ACCESS PTE LTD
biomed,sg,2015Q2,43222961,20150427,AGENCY SCIENCE TECH & RES
biomed,sg,2015Q2,43625759,20150424,SKIBINSKI DAVID
biomed,sg,2015Q2,44649478,20150623,AGENCY SCIENCE TECH & RES
biomed,sg,2015Q2,44712502,20150522,AGENCY SCIENCE TECH & RES
biomed,sg,2015Q2,50478109,20150401,IX BIOPHARMA LTD
biomed,sg,2015Q2,50627822,20150430,TEMASEK LIFE SCIENCES LAB LTD | TEMASEK LIFE SCIENCES LABORATORY LTD
biomed,sg,2015Q2,50776151,20150520,CEREBOS PACIFIC LTD | SUNTORY BEVERAGE AND FOOD ASIA PTE LTD
biomed,sg,2015Q2,50844818,20150409,VELA OPERATIONS PTE LTD | VELA OPERATIONS SINGAPORE PTE LTD
biomed,sg,2015Q2,50897436,20150605,NAT UNIV SINGAPORE | UNIV SINGAPORE
biomed,sg,2015Q2,51014480,20150402,HCP HEALTHCARE ASIA PTE LTD
biomed,sg,2015Q2,51032498,20150508,AUSTRIANOVA SINGAPORE PTE LTD
biomed,sg,2015Q2,51177418,20150522,ILLUMINA SINGAPORE PTE LTD
biomed,sg,2015Q2,51214598,20150529,AGENCY SCIENCE TECH & RES
biomed,sg,2015Q2,51266524,20150611,VELA OPERATIONS PTE LTD | VELA OPERATIONS SINGAPORE PTE LTD
biomed,sg,2015Q2,51266680,20150616,FMCG CONSULTING | FMCG CONSULTING LTD | SCAIFE MARTIN
biomed,sg,2015Q2,51410356,20150630,VELA OPERATIONS SINGAPORE PTE LTD
biomed,sg,2015Q2,51654607,20150428,AGENCY SCIENCE TECH & RES
biomed,sg,2015Q2,53016524,20150428,VALLAURIX PTE LTD
biomed,sg,2015Q2,53016525,20150428,VALLAURIX PTE LTD
biomed,sg,2015Q2,53175045,20150508,SMITH & NEPHEW ASIA PACIFIC PTE LTD
biomed,sg,2015Q2,53265125,20150630,AGENCY SCIENCE TECH & RES
biomed,sg,2015Q2,53276069,20150508,SMITH & NEPHEW ASIA PACIFIC PTE LTD
biomed,sg,2015Q2,53277056,20150512,NEPHEW ASIA PACIFIC PTE LTD | SMITH & NEPHEW ASIA PACIFIC PTE LTD
biomed,sg,2015Q2,53298819,20150420,MEIBAN INT PTE LTD
biomed,sg,2015Q2,53540991,20150528,MEIBAN INT PTE LTD
biomed,sg,2015Q2,54240880,20150402,PRESTIGE BIOPHARMA PTE LTD
biomed,sg,2015Q2,54288182,20150407,AGENCY SCIENCE TECH & RES
biomed,sg,2015Q2,54288183,20150408,AGENCY SCIENCE TECH & RES
biomed,sg,2015Q2,54288476,20150413,BCS BUSINESS CONSULTING SERVICES PTE LTD
biomed,sg,2015Q2,54321064,20150518,AGENCY SCIENCE TECH & RES
biomed,sg,2015Q2,54322228,20150408,Vios Medical Singapore PTE LTD
biomed,sg,2015Q2,54332861,20150424,NAT UNIV SINGAPORE | UNIV SINGAPORE
biomed,sg,2015Q2,54332867,20150423,AGENCY SCIENCE TECH & RES
biomed,sg,2015Q2,54332870,20150424,NAT UNIV SINGAPORE | UNIV SINGAPORE
biomed,sg,2015Q2,54333065,20150421,CHAKRABARTI ANJAN | SONE HIROKI
biomed,sg,2015Q2,54333218,20150423,BCS BUSINESS CONSULTING SERVICES PTE LTD
biomed,sg,2015Q2,54358977,20150430,AGENCY SCIENCE TECH & RES
biomed,sg,2015Q2,54358978,20150504,AGENCY SCIENCE TECH & RES
biomed,sg,2015Q2,54366759,20150506,LIFETRACK MEDICAL SYSTEMS PRIVATE LTD
biomed,sg,2015Q2,54366818,20150505,LIFESTYLES HEALTHCARE PTE LTD
biomed,sg,2015Q2,54392767,20150505,AGENCY SCIENCE TECH & RES | NAT UNIV SINGAPORE | UNIV SINGAPORE
biomed,sg,2015Q2,54392770,20150508,UNIV SINGAPORE
biomed,sg,2015Q2,54392771,20150508,AGENCY SCIENCE TECH & RES
biomed,sg,2015Q2,54393103,20150410,CREDO BIOMEDICAL PTE LTD
biomed,sg,2015Q2,54479164,20150428,STRAND ROSS
biomed,sg,2015Q2,54479168,20150428,STRAND ROSS
biomed,sg,2015Q2,54479174,20150428,STRAND ROSS
biomed,sg,2015Q2,54480317,20150422,Wah June Hwang
biomed,sg,2015Q2,54480320,20150512,TAN PATRICK BOON OOI | TAN PUAY HOON | TEH BIN TEAN
biomed,sg,2015Q2,54480322,20150514,NAT UNIV SINGAPORE | UNIV SINGAPORE
biomed,sg,2015Q2,54480327,20150514,AGENCY SCIENCE TECH & RES
biomed,sg,2015Q2,54480328,20150515,AGENCY SCIENCE TECH & RES
biomed,sg,2015Q2,54699393,20150529,ADVANCED ELECTROACOUSTIC PTE LTD | UNIV NANYANG TECH
biomed,sg,2015Q2,54699395,20150602,WONG FONG ENGINEERING WORKS 1988 PTE LTD
biomed,sg,2015Q2,54699657,20150526,BECTON DICKINSON HOLDINGS PTE LTD
biomed,sg,2015Q2,54700478,20150518,AMARANTH MEDICAL PTE
biomed,sg,2015Q2,54767055,20150602,AGENCY SCIENCE TECH & RES
biomed,sg,2015Q2,54767056,20150602,UNIV SINGAPORE | WONG FONG ENGINEERING WORKS 1988 PTE LTD
biomed,sg,2015Q2,54767057,20150602,BEAUTY NATION PTE LTD | THE BEAUTY NATION PTE LTD
biomed,sg,2015Q2,54767058,20150605,AGENCY SCIENCE TECH & RES
biomed,sg,2015Q2,54768667,20150605,KOH LI MIN | Sano V Pte Ltd | WIESNER STEVEN
biomed,sg,2015Q2,54833956,20150520,RAZER ASIA PACIFIC PTE LTD
biomed,sg,2015Q2,54833962,20150512,TEMASEK LIFE SCIENCES LAB LTD | TEMASEK LIFE SCIENCES LABORATORY LTD
biomed,sg,2015Q2,54833970,20150612,NAT UNIV SINGAPORE | UNIV SINGAPORE
biomed,sg,2015Q2,54833972,20150612,AGENCY SCIENCE TECH & RES
biomed,sg,2015Q2,54868583,20150616,KUM STEVEN
biomed,sg,2015Q2,54929230,20150616,HEPTAGON MICRO OPTICS PTE LTD
biomed,sg,2015Q2,54929319,20150625,NAT UNIV HOSPITAL (SINGAPORE) PTE LTD | NAT UNIV HOSPITAL SINGAPORE PTE LTD | NAT UNIV SINGAPORE | NAT UNIVERSITY HOSPITAL SINGAPORE PTE LTD | NATIONAL UNIV HOSPITAL (SINGAPORE) PTE LTD | UNIV SINGAPORE
biomed,sg,2015Q2,54931107,20150624,NUCLEUS DYNAMICS PTE LTD
biomed,sg,2015Q2,54935883,20150616,AGENCY SCIENCE TECH & RES
biomed,sg,2015Q2,54935884,20150617,AGENCY SCIENCE TECH & RES
biomed,sg,2015Q2,54935887,20150622,AGENCY SCIENCE TECH & RES
biomed,sg,2015Q2,54938519,20150622,GOODMAN FIELDER PTE LTD
biomed,sg,2015Q2,54938552,20150624,DSO NAT LAB | UNIV SINGAPORE
biomed,sg,2015Q2,54938553,20150624,DSO NAT LAB | UNIV SINGAPORE
biomed,sg,2015Q2,54938554,20150626,AGENCY SCIENCE TECH & RES
biomed,sg,2015Q2,55019737,20150622,AGENCY SCIENCE TECH & RES
biomed,sg,2015Q2,55456684,20150410,XENTIQ PARTNERS (PTE ) LTD | XENTIQ PARTNERS PTE LTD
biomed,sg,2015Q2,56553910,20150612,AGENCY SCIENCE TECH & RES
biomed,sg,2015Q2,57217714,20150506,AGENCY SCIENCE TECH & RES
biomed,sg,2015Q2,57320944,20150519,AGENCY SCIENCE TECH & RES
biomed,sg,2015Q2,57392165,20150527,JN MEDSYS PTE LTD
biomed,sg,2015Q2,57392172,20150527,INST OF TECHNICAL EDUCATION
biomed,sg,2015Q2,57515700,20150609,KHANOLKAR MADHURI JAYANT
biomed,sg,2015Q2,57586532,20150625,RAZER (ASIA-PACIFIC) PTE LTD | RAZER ASIA PACIFIC PTE LTD
biomed,sg,2015Q2,57608488,20150629,CELL ID PTE LTD
biomed,sg,2015Q2,59065602,20150510,HYPHENS PHARMA PTE LTD
biomed,sg,2015Q3,35462904,20150824,ES CELL INT PTE LTD
biomed,sg,2015Q3,38163667,20150908,WISTA LAB LTD
biomed,sg,2015Q3,40220337,20150925,WISTA LAB LTD
biomed,sg,2015Q3,40750780,20150921,VIN DE BONA TRADING CO PTE LTD
biomed,sg,2015Q3,40913057,20150701,AGENCY SCIENCE TECH & RES
biomed,sg,2015Q3,41716277,20150821,WISTA LAB LTD
biomed,sg,2015Q3,44355681,20150921,AGENCY SCIENCE TECH & RES | MARITIME AND PORT AUTHORITY OF SINGAPORE | NAT UNIV SINGAPORE | UNIV SINGAPORE
biomed,sg,2015Q3,45064389,20150724,AVAGO TECH INT SALES PTE LID | AVAGO TECHNOLOGIES GENERAL IP
biomed,sg,2015Q3,45567870,20150923,SINGAPORE HEALTH SERV PTE LTD | UNIV NANYANG TECH
biomed,sg,2015Q3,47880853,20150731,AGENCY SCIENCE TECH & RES
biomed,sg,2015Q3,48904480,20150723,QUATTRO VASCULAR PTE LTD
biomed,sg,2015Q3,51162586,20150710,UNIV SINGAPORE
biomed,sg,2015Q3,51227971,20150721,BIOSENSORS INT GROUP LTD
biomed,sg,2015Q3,51421410,20150914,RENEW GROUP PRIVATE LTD | RENEW GROUP PTE LTD
biomed,sg,2015Q3,51428595,20150827,NAT UNIV SINGAPORE
biomed,sg,2015Q3,51535921,20150908,BCS BUSINESS CONSULTING SERVICES PTE LTD
biomed,sg,2015Q3,51537558,20150915,NAT UNIV SINGAPORE | SINGAPORE HEALTH SERV PTE LTD | UNIV SINGAPORE
biomed,sg,2015Q3,51587686,20150804,UNIV SINGAPORE
biomed,sg,2015Q3,51629460,20150807,STERLING IP PTE LTD
biomed,sg,2015Q3,51629549,20150811,AGENCY SCIENCE TECH & RES
biomed,sg,2015Q3,51752430,20150831,UNIV SINGAPORE
biomed,sg,2015Q3,51790748,20150907,HCP HEALTHCARE ASIA PTE LTD
biomed,sg,2015Q3,51790749,20150907,HCP HEALTHCARE ASIA PTE LTD
biomed,sg,2015Q3,51796315,20150904,NAT UNIV SINGAPORE | UNIV SINGAPORE
biomed,sg,2015Q3,51796479,20150904,UNIV SINGAPORE
biomed,sg,2015Q3,51898927,20150924,RENEW GROUP PRIVATE LTD
biomed,sg,2015Q3,52130301,20150727,HCP HEALTHCARE ASIA PTE LTD
biomed,sg,2015Q3,53724052,20150724,LEICA INSTR (SINGAPORE) PTE LTD | LEICA INSTR SINGAPORE PTE LTD
biomed,sg,2015Q3,53836183,20150716,CREATIVE TECH LTD
biomed,sg,2015Q3,53887014,20150820,BECTON DICKINSON HOLDINGS PTE LTD
biomed,sg,2015Q3,53969257,20150824,LEICA INSTR (SINGAPORE) PTE LTD | LEICA INSTR SINGAPORE PTE LTD
biomed,sg,2015Q3,54007559,20150824,LEICA INSTR (SINGAPORE) PTE LTD | LEICA INSTR SINGAPORE PTE LTD
biomed,sg,2015Q3,54151234,20150904,HCP HEALTHCARE ASIA PTE LTD
biomed,sg,2015Q3,54193733,20150817,AGENCY SCIENCE TECH & RES | AUNG TIN | CHENG JUN | CHEUNG CAROL | LEE BENG HAI | LI HUIQI | LIANG ZIYANG | LIM JOO HWEE | LIU JIANG | MANI BASKARAN | SINGAPORE HEALTH SERV PTE LTD | TAN NGAN MENG | WONG TIEN YIN | WONG WING KEE DAMON | YIN FENGSHOU | ZHANG ZHUO
biomed,sg,2015Q3,54848866,20150908,R K TECHNOLOGY & INVEST PTE LTD
biomed,sg,2015Q3,55017179,20150914,RENEW GROUP PRIVATE LTD | RENEW GROUP PTE LTD
biomed,sg,2015Q3,55019739,20150702,NAT UNIV SINGAPORE | UNIV SINGAPORE
biomed,sg,2015Q3,55064577,20150708,AGENCY SCIENCE TECH & RES
biomed,sg,2015Q3,55064579,20150709,LONG QIONGZHEN
biomed,sg,2015Q3,55067089,20150923,AGENCY SCIENCE TECH & RES
biomed,sg,2015Q3,55078836,20150713,HEPTAGON MICRO OPTICS PTE LTD
biomed,sg,2015Q3,55078838,20150716,NANYANG TECHNOLOGY UNIV | UNIV NANYANG TECH
biomed,sg,2015Q3,55078839,20150716,AGENCY SCIENCE TECH & RES
biomed,sg,2015Q3,55163392,20150722,UNIV NANYANG TECH
biomed,sg,2015Q3,55163396,20150723,AGENCY SCIENCE TECH & RES
biomed,sg,2015Q3,55163398,20150723,SINGAPORE HEALTH SERV PTE LTD
biomed,sg,2015Q3,55163402,20150724,AGENCY SCIENCE TECH & RES | NAT UNIV HOSPITAL | NAT UNIV HOSPITAL SINGAPORE PTE LTD | NAT UNIVERSITY HOSPITAL | NATIONAL UNIV HOSPITAL
biomed,sg,2015Q3,55178904,20150904,KOFFEEFRUIT PTE LTD
biomed,sg,2015Q3,55217923,20150731,AGENCY SCIENCE TECH & RES
biomed,sg,2015Q3,55264220,20150804,SINGAPORE HEALTH SERV PTE LTD | UNIV SINGAPORE
biomed,sg,2015Q3,55264222,20150811,AGENCY SCIENCE TECH & RES | NAT UNIV HOSPITAL (SINGAPORE) PTE LTD | NAT UNIV HOSPITAL SINGAPORE PTE LTD | NAT UNIV SINGAPORE | NAT UNIVERSITY HOSPITAL | NAT UNIVERSITY HOSPITAL SINGAPORE PTE LTD | NATIONAL UNIV HOSPITAL | UNIV SINGAPORE
biomed,sg,2015Q3,55304426,20150811,AGENCY FOR SCIENCE TECH AND RES (A*STAR) | AGENCY FOR SCIENCE TECH AND RESEARCH (A*STAR) | AGENCY SCIENCE TECH & RES
biomed,sg,2015Q3,55304429,20150813,AGENCY SCIENCE TECH & RES
biomed,sg,2015Q3,55351041,20150818,NAT UNIV SINGAPORE | UNIV SINGAPORE
biomed,sg,2015Q3,55351042,20150729,AGENCY SCIENCE TECH & RES
biomed,sg,2015Q3,55351044,20150818,UNIV NANYANG TECH | UNIV SINGAPORE
biomed,sg,2015Q3,55351048,20150819,NAT UNIV SINGAPORE | UNIV SINGAPORE
biomed,sg,2015Q3,55351050,20150821,NAT UNIV SINGAPORE | UNIV NANYANG TECH | UNIV SINGAPORE
biomed,sg,2015Q3,55351051,20150824,NAT UNIV SINGAPORE | UNIV NANYANG TECH | UNIV SINGAPORE
biomed,sg,2015Q3,55351225,20150819,UNIV NANYANG TECH
biomed,sg,2015Q3,55400138,20150825,AGENCY FOR SCIENCE TECH AND RES (A*STAR) | AGENCY FOR SCIENCE TECH AND RESEARCH A*STAR | AGENCY SCIENCE TECH & RES
biomed,sg,2015Q3,55400793,20150825,NAT SKIN CENTRE SINGAPORE PTE LTD | SINGAPORE UNIV OF TECH AND DESIGN | UNIV SINGAPORE TECHNOLOGY & DESIGN
biomed,sg,2015Q3,55439127,20150828,HAISCO INNOVATIVE PHARMACEUTICAL PTE LTD
biomed,sg,2015Q3,55440201,20150904,AGENCY SCIENCE TECH & RES | TESSA THERAPEUTICS PTE LTD
biomed,sg,2015Q3,55453761,20150915,ORBUSNEICH MEDICAL PTE LTD
biomed,sg,2015Q3,55458341,20150831,SINGAPORE INST FOR CLINICAL SCIENCES A STAR | SINGAPORE INST FOR CLINICAL SCIENCES A-STAR
biomed,sg,2015Q3,55459332,20150821,TEMASEK LIFE SCIENCES LAB LTD | TEMASEK LIFE SCIENCES LABORATORY LTD
biomed,sg,2015Q3,55459337,20150909,UNIV NANYANG TECH
biomed,sg,2015Q3,55524634,20150915,BITWAVE PTE LTD
biomed,sg,2015Q3,55533571,20150901,BIOMAX HOLDINGS PTE LTD
biomed,sg,2015Q3,55533575,20150915,AGENCY SCIENCE TECH & RES
biomed,sg,2015Q3,55533576,20150915,UNIV NANYANG TECH
biomed,sg,2015Q3,55533580,20150917,AGENCY SCIENCE TECH & RES
biomed,sg,2015Q3,55533581,20150917,ROOT KING PTE LTD
biomed,sg,2015Q3,55533582,20150917,ROOT KING PTE LTD
biomed,sg,2015Q3,55533830,20150917,NAT UNIV SINGAPORE | UNIV SINGAPORE
biomed,sg,2015Q3,55533836,20150917,NAT UNIV SINGAPORE | UNIV SINGAPORE
biomed,sg,2015Q3,55581579,20150922,NAT UNIV SINGAPORE | UNIV SINGAPORE
biomed,sg,2015Q3,55581582,20150923,UNIV NANYANG TECH
biomed,sg,2015Q3,55581583,20150923,UNIV NANYANG TECH
biomed,sg,2015Q3,55581584,20150923,SINGAPORE HEALTH SERV PTE LTD
biomed,sg,2015Q3,55581585,20150925,SINGAPORE HEALTH SERV PTE LTD | UNIV NANYANG TECH
biomed,sg,2015Q3,55581586,20150925,NAT SKIN CENTER (S) PTE LTD | NAT SKIN CENTER S PTE LTD | NAT SKIN CT S PTE LTD | UNIV NANYANG TECH
biomed,sg,2015Q3,55581587,20150925,NAT UNIV SINGAPORE | UNIV SINGAPORE
biomed,sg,2015Q3,55631063,20150929,AGENCY SCIENCE TECH & RES
biomed,sg,2015Q3,55631064,20150929,UNIV NANYANG TECH
biomed,sg,2015Q3,55632009,20150930,NAT UNIV SINGAPORE | UNIV SINGAPORE
biomed,sg,2015Q3,55632015,20150901,AGENCY FOR SCIENCE TECH AND RES (A*STAR) | AGENCY SCIENCE TECH & RES
biomed,sg,2015Q3,55748840,20150824,AWAK TECH PTE LTD | TEMASEK POLYTECHNIC
biomed,sg,2015Q3,55761239,20150928,UNIV NANYANG TECH
biomed,sg,2015Q3,57774804,20150715,NDR MEDICAL TECH PTE LTD | NDR MEDICAL TECHNOLOGY PTE LTD
biomed,sg,2015Q3,57775047,20150715,DELTA ELECTRONICS INTL SINGAPORE PTE LTD | DELTA ELECTRONICS INT’L SINGAPORE PTE LTD | Delta Electronics Int'l (Singapore) Pte Ltd
biomed,sg,2015Q3,57983399,20150811,PEREGRINE OPHTHALMIC PTE LTD
biomed,sg,2015Q3,57994184,20150811,PEREGRINE OPHTHALMIC PTE LTD
biomed,sg,2015Q3,58097326,20150909,STRAND ROSS
biomed,sg,2015Q3,58100692,20150824,AGENCY SCIENCE TECH & RES
biomed,sg,2015Q3,58156812,20150819,AGENCY SCIENCE TECH & RES
biomed,sg,2015Q3,58160821,20150910,UNIV NANYANG TECH
biomed,sg,2015Q3,58160853,20150910,UNIV NANYANG TECH
biomed,sg,2015Q3,58189920,20150909,MANLI INT LTD
biomed,sg,2015Q3,58289221,20150917,WISEBRACE PTE LTD
biomed,sg,2015Q3,58289309,20150914,MOLEAC PTE LTD
biomed,sg,2015Q4,36927971,20151207,Vios Medical Singapore PTE LTD
biomed,sg,2015Q4,38421429,20151013,WISTA LAB LTD
biomed,sg,2015Q4,40579792,20151221,AGENCY SCIENCE TECH & RES
biomed,sg,2015Q4,41444786,20151229,TEMASEK POLYTECHNIC
biomed,sg,2015Q4,41797335,20151030,UNIV NANYANG TECH
biomed,sg,2015Q4,43449069,20151026,UNIV NANYANG TECH
biomed,sg,2015Q4,44195312,20151109,CEREBOS PACIFIC LTD
biomed,sg,2015Q4,44505672,20151109,ADVENT ACCESS PTE LTD
biomed,sg,2015Q4,44563854,20151125,QUATTRO VASCULAR PTE LTD
biomed,sg,2015Q4,47437297,20151104,AGENCY SCIENCE TECH & RES
biomed,sg,2015Q4,48575008,20151005,SINGAPORE VOLITION PTE LTD
biomed,sg,2015Q4,48700437,20151223,AUSTRIANOVA SINGAPORE PTE LTD
biomed,sg,2015Q4,48947980,20151109,QUATTRO VASCULAR PTE LTD
biomed,sg,2015Q4,50188506,20151218,QUATTRO VASCULAR PTE LTD
biomed,sg,2015Q4,51905190,20151001,HCP HEALTHCARE ASIA PTE LTD
biomed,sg,2015Q4,51951605,20151116,AGENCY FOR SCIENCE TECH AND RES (A*STAR) | AGENCY FOR SCIENCE TECH AND RESEARCH ASTARSTAR | AGENCY SCIENCE TECH & RES
biomed,sg,2015Q4,52016636,20151001,HCP HEALTHCARE ASIA PTE LTD
biomed,sg,2015Q4,52102433,20151201,ARLANXEO SINGAPORE PTE LTD
biomed,sg,2015Q4,52103444,20151027,UNIV SINGAPORE
biomed,sg,2015Q4,52103452,20151027,AGENCY SCIENCE TECH & RES | EDZHENSI FO SAJENS TEKNOLODZHI END RESERCH
biomed,sg,2015Q4,52103462,20151027,AGENCY SCIENCE TECH & RES
biomed,sg,2015Q4,52292558,20151112,AGENCY FOR SCIENCE TECH AND RESEARCH (A*STAR) | AGENCY FOR SCIENCE TECH AND RESEARCH ASTARSTAR | AGENCY SCIENCE TECH & RES
biomed,sg,2015Q4,52471589,20151229,MEDLINX ACACIA PTE LTD
biomed,sg,2015Q4,52781799,20151229,MATTEUCCI GIANFRANCO
biomed,sg,2015Q4,52785137,20151217,HCP HEALTHCARE ASIA PTE LTD
biomed,sg,2015Q4,52988218,20151218,HCP HEALTHCARE ASIA PTE LTD
biomed,sg,2015Q4,54132057,20151019,AGRONOSIS PTE LTD
biomed,sg,2015Q4,54140801,20151207,AGENCY SCIENCE TECH & RES
biomed,sg,2015Q4,54337838,20151009,MERLION PHARMACEUTICALS PTE LTD
biomed,sg,2015Q4,54427706,20151009,AACHEN SCIENT INT PTE LTD | AACHEN SCIENT INTERNATIONAL PTE LTD
biomed,sg,2015Q4,54427791,20151029,SINGAPORE VOLITION PTE LTD
biomed,sg,2015Q4,54695811,20151113,QUATTRO VASCULAR PTE LTD
biomed,sg,2015Q4,54711092,20151014,ANX IP HOLDING PTE LTD
biomed,sg,2015Q4,55066627,20151228,VIEL PIERRE EMMANUEL
biomed,sg,2015Q4,55237471,20151218,NATURION PTE LTD
biomed,sg,2015Q4,55359540,20151217,HCP HEALTHCARE ASIA PTE LTD
biomed,sg,2015Q4,55361882,20151217,HCP HEALTHCARE ASIA PTE LTD
biomed,sg,2015Q4,55404324,20151110,NEURO CODE HOLDINGS PTE LTD
biomed,sg,2015Q4,55404325,20151113,NEURO CODE HOLDINGS PTE LTD
biomed,sg,2015Q4,55405362,20151222,HCP HEALTHCARE ASIA PTE LTD
biomed,sg,2015Q4,55653459,20151005,SINGAPORE HEALTH SERV PTE LTD
biomed,sg,2015Q4,55653460,20151006,UNIV NANYANG TECH
biomed,sg,2015Q4,55653462,20151007,TAN TOCK SENG HOSPITAL PTE LTD | UNIV NANYANG TECH
biomed,sg,2015Q4,55653463,20151008,AGENCY SCIENCE TECH & RES
biomed,sg,2015Q4,55747027,20151014,AGENCY SCIENCE TECH & RES
biomed,sg,2015Q4,55747030,20151016,AGENCY SCIENCE TECH & RES
biomed,sg,2015Q4,55748164,20151021,SCICLONE PHARMACEUTICALS INT SG PTE LTD
biomed,sg,2015Q4,55761243,20151019,TEMASEK LIFE SCIENCES LAB LTD | TEMASEK LIFE SCIENCES LABORATORY LTD
biomed,sg,2015Q4,55761245,20151021,SINGAPORE UNIV OF TECH AND DESIGN | UNIV SINGAPORE TECHNOLOGY & DESIGN
biomed,sg,2015Q4,55851493,20151104,ORBUSNEICH MEDICAL PTE LTD
biomed,sg,2015Q4,55851910,20151019,SCINOPHARM SINGAPORE PTE LTD
biomed,sg,2015Q4,55857941,20151015,LIM CHEE SENG KEITH
biomed,sg,2015Q4,55857942,20151027,ACI MEDICAL PTE LTD
biomed,sg,2015Q4,55857943,20151027,AGENCY SCIENCE TECH & RES
biomed,sg,2015Q4,55857945,20151027,AGENCY SCIENCE TECH & RES
biomed,sg,2015Q4,55857951,20151029,NAT UNIV SINGAPORE | UNIV SINGAPORE
biomed,sg,2015Q4,55909515,20151103,UNIV NANYANG TECH
biomed,sg,2015Q4,55909517,20151104,UNIV NANYANG TECH
biomed,sg,2015Q4,55909518,20151105,NAT UNIVERSITY HOSPITAL S PTE LTD | UNIV SINGAPORE
biomed,sg,2015Q4,55909519,20151105,AGENCY SCIENCE TECH & RES
biomed,sg,2015Q4,55909671,20151103,AGENCY SCIENCE TECH & RES | NAT UNIV SINGAPORE | UNIV SINGAPORE
biomed,sg,2015Q4,55912413,20151009,Innotech Resources Pte Ltd
biomed,sg,2015Q4,55953811,20151112,MCLINICA PTE LTD
biomed,sg,2015Q4,55954732,20151103,NAT UNIV SINGAPORE | UNIV SINGAPORE
biomed,sg,2015Q4,55954735,20151109,DRGEORGIALEE PTE LTD
biomed,sg,2015Q4,55954736,20151109,AIM BIOTECH PTE LTD
biomed,sg,2015Q4,55954741,20151113,UNIV NANYANG TECH
biomed,sg,2015Q4,56014299,20151118,UNIV NANYANG TECH
biomed,sg,2015Q4,56014302,20151119,AGENCY SCIENCE TECH & RES
biomed,sg,2015Q4,56014303,20151119,AGENCY SCIENCE TECH & RES
biomed,sg,2015Q4,56014304,20151119,AGENCY SCIENCE TECH & RES
biomed,sg,2015Q4,56074782,20151007,RAZER ASIA PACIFIC PTE LTD
biomed,sg,2015Q4,56074790,20151125,UNIV NANYANG TECH
biomed,sg,2015Q4,56092099,20151119,CENNERV PHARMA (S) PTE LTD | CENNERV PHARMA S PTE LTD
biomed,sg,2015Q4,56092102,20151201,AGENCY FOR SCIENCE TECH ANO RESEARCH | AGENCY SCIENCE TECH & RES | SINGAPORE HEALTH SERV PTE LTD
biomed,sg,2015Q4,56092104,20151202,UNIV NANYANG TECH
biomed,sg,2015Q4,56092107,20151207,AGENCY SCIENCE TECH & RES
biomed,sg,2015Q4,56106788,20151208,JJSK R & D PTE LTD | JJSK R AND D PTE LTD | JJSK R&D Pte Ltd | JYSK SKIN SOLUTIONS PTE LTD
biomed,sg,2015Q4,56127088,20151214,TEMASEK LIFE SCIENCES LAB LTD | TEMASEK LIFE SCIENCES LABORATORY LTD
biomed,sg,2015Q4,56127089,20151216,NAT UNIV SINGAPORE | SINGAPORE HEALTH SERV PTE LTD | UNIV SINGAPORE
biomed,sg,2015Q4,56127091,20151218,INNOVFUSION PTE LTD
biomed,sg,2015Q4,56284364,20151218,DH TECHNOLOGIES DEV PTE LTD
biomed,sg,2015Q4,56284754,20151223,NITTO DENKO CORP
biomed,sg,2015Q4,56284755,20151223,AGENCY SCIENCE TECH & RES | SINGAPORE HEALTH SERV PTE LTD
biomed,sg,2015Q4,56284757,20151230,AGENCY SCIENCE TECH & RES
biomed,sg,2015Q4,56356226,20151228,AGENCY SCIENCE TECH & RES
biomed,sg,2015Q4,56417475,20151004,TAN BOON OOI PATRICK | TAN PUAY HOON | TEH BIN TEAN
biomed,sg,2015Q4,56555697,20151230,ORSINI GRAVINA LIVIO
biomed,sg,2015Q4,56614980,20151223,NITTO DENKO CORP
biomed,sg,2015Q4,56973825,20151104,LI XIAOPING | XIA QIAN
biomed,sg,2015Q4,56979407,20151009,SIVANTOS PTE LTD
biomed,sg,2015Q4,57042770,20151029,SIVANTOS PTE LTD
biomed,sg,2015Q4,57234957,20151231,LENOVO ENTPR SOLUTIONS SINGAPORE PTE LTD
biomed,sg,2015Q4,58498656,20151009,AMT PTE LTD | Aurum Medicare Pte Ltd
biomed,sg,2015Q4,58517594,20151016,NOVEX SCIENCE PTE LTD
biomed,sg,2015Q4,58557490,20151023,AGENCY SCIENCE TECH & RES
biomed,sg,2015Q4,58630754,20151029,AGENCY SCIENCE TECH & RES
biomed,sg,2015Q4,58630869,20151029,PEREGRINE OPHTHALMIC PTE LTD
biomed,sg,2015Q4,58662492,20151105,ARROW MED DESIGN PTE LTD | ARROW-MED DESIGN PTE LTD
biomed,sg,2015Q4,58688733,20151113,STRAND ROSS
biomed,sg,2015Q4,58689759,20151113,STRAND ROSS
biomed,sg,2015Q4,58689762,20151113,STRAND ROSS
biomed,sg,2015Q4,58689764,20151113,STRAND ROSS
biomed,sg,2015Q4,58689792,20151113,STRAND ROSS
biomed,sg,2015Q4,58690427,20151113,STRAND ROSS
biomed,sg,2015Q4,58690448,20151113,STRAND ROSS
biomed,sg,2015Q4,59090884,20151224,RED HORSE HOLDINGS PTE LTD
biomed,sg,2016Q1,35241172,20160119,WISTA LAB LTD
biomed,sg,2016Q1,39720285,20160317,AGENCY SCIENCE TECH & RES
biomed,sg,2016Q1,42781275,20160208,MOLEAC PTE LTD
biomed,sg,2016Q1,43527722,20160111,LUM WAH LEONG
biomed,sg,2016Q1,44195311,20160328,CEREBOS PACIFIC LTD | SUNTORY BEVERAGE & FOOD ASIA PTE LTD
biomed,sg,2016Q1,44532939,20160229,WISTA LAB LTD
biomed,sg,2016Q1,46314252,20160211,AGENCY SCIENCE TECH & RES
biomed,sg,2016Q1,50772181,20160121,HILL ROM SERVICES PTE LTD | HILL-ROM SERVICES PTE LTD
biomed,sg,2016Q1,52461748,20160208,SILEZIA GROUP PTE LTD
biomed,sg,2016Q1,52597403,20160104,AGENCY SCIENCE TECH & RES
biomed,sg,2016Q1,53178424,20160331,ORCHID MEDICAL PTE LTD
biomed,sg,2016Q1,55359447,20160215,LEICA INSTR (SINGAPORE) PTE LTD | LEICA INSTR SINGAPORE PTE LTD
biomed,sg,2016Q1,55406455,20160118,LEICA INSTR SINGAPORE PTE LTD
biomed,sg,2016Q1,55435983,20160215,LEICA INSTR (SINGAPORE) PTE LTD | LEICA INSTR SINGAPORE PTE LTD
biomed,sg,2016Q1,55450982,20160215,LEICA INSTR (SINGAPORE) PTE LTD | LEICA INSTR SINGAPORE PTE LTD
biomed,sg,2016Q1,55642907,20160317,UNIV NANYANG TECH
biomed,sg,2016Q1,55661505,20160204,SCICLONE PHARMACEUTICALS INT SG PTE LTD
biomed,sg,2016Q1,55863120,20160317,ALGAE GLOBAL CENTER PTE LTD
biomed,sg,2016Q1,55969178,20160331,RG SMART PTE LTD
biomed,sg,2016Q1,55969179,20160331,RG SMART PTE LTD | RGE SMART PTE LTD
biomed,sg,2016Q1,56356227,20160105,SINGAPORE HEALTH SERV PTE LTD | UNIV SINGAPORE
biomed,sg,2016Q1,56356231,20160107,AGENCY SCIENCE TECH & RES | SINGAPORE HEALTH SERV PTE LTD
biomed,sg,2016Q1,56356232,20160108,AGENCY SCIENCE TECH & RES
biomed,sg,2016Q1,56406140,20160112,UNIV SINGAPORE
biomed,sg,2016Q1,56406141,20160112,AGENCY SCIENCE TECH & RES
biomed,sg,2016Q1,56406142,20160115,UNIV SINGAPORE
biomed,sg,2016Q1,56406143,20160118,AGENCY SCIENCE TECH & RES
biomed,sg,2016Q1,56417482,20160121,AGENCY SCIENCE TECH & RES
biomed,sg,2016Q1,56417483,20160121,AGENCY SCIENCE TECH & RES
biomed,sg,2016Q1,56417485,20160125,AGENCY SCIENCE TECH & RES
biomed,sg,2016Q1,56417839,20160122,BCS BUSINESS CONSULTING SERVICES PTE LTD
biomed,sg,2016Q1,56417857,20160123,TAN WILLIAM
biomed,sg,2016Q1,56434405,20160122,NAT UNIV OF SINGPORE | NAT UNIV SINGAPORE
biomed,sg,2016Q1,56542370,20160128,SHANTON PHARMA PTE LTD
biomed,sg,2016Q1,56543857,20160125,TEMASEK LIFE SCIENCES LAB LTD | TEMASEK LIFE SCIENCES LABORATORY LTD
biomed,sg,2016Q1,56543865,20160129,AGENCY SCIENCE TECH & RES | UNIV NANYANG TECH
biomed,sg,2016Q1,56564429,20160205,NAT UNIV SINGAPORE | UNIV SINGAPORE
biomed,sg,2016Q1,56564718,20160204,AGENCY SCIENCE TECH & RES | NAT UNIV SINGAPORE | UNIV SINGAPORE
biomed,sg,2016Q1,56565564,20160209,Vios Medical Singapore PTE LTD
biomed,sg,2016Q1,56614840,20160211,TEMASEK LIFE SCIENCES LABORATORY LTD
biomed,sg,2016Q1,56614918,20160211,AGENCY SCIENCE TECH & RES | NAT UNIV SINGAPORE
biomed,sg,2016Q1,56614947,20160211,AGENCY FOR SCIENCE TECH AND RESEARCH (A*STAR) | AGENCY FOR SCIENCE TECH AND RESEARCH ASTARSTAR | AGENCY SCIENCE TECH & RES
biomed,sg,2016Q1,56614951,20160215,AGENCY SCIENCE TECH & RES
biomed,sg,2016Q1,56615024,20160211,SINGAPORE HEALTH SERV PTE LTD
biomed,sg,2016Q1,56615502,20160209,DH TECHNOLOGIES DEV PTE LTD
biomed,sg,2016Q1,56688975,20160217,AGENCY SCIENCE TECH & RES
biomed,sg,2016Q1,56689038,20160218,AGENCY SCIENCE TECH & RES
biomed,sg,2016Q1,56689055,20160216,AGENCY SCIENCE TECH & RES
biomed,sg,2016Q1,56689691,20160217,KAISHI PTE LTD
biomed,sg,2016Q1,56690217,20160210,SOMNETICS GLOBAL PTE LTD
biomed,sg,2016Q1,56788881,20160224,AGENCY SCIENCE TECH & RES
biomed,sg,2016Q1,56788893,20160225,NAT UNIV SINGAPORE | SINGAPORE HEALTH SERV PTE LTD
biomed,sg,2016Q1,56788915,20160225,AGENCY SCIENCE TECH & RES
biomed,sg,2016Q1,56789012,20160224,SINGAPORE HEALTH SERV PTE LTD | UNIV NANYANG TECH
biomed,sg,2016Q1,56848340,20160304,UNIV NANYANG TECH
biomed,sg,2016Q1,56848537,20160304,AGENCY SCIENCE TECH & RES | UNIV NANYANG TECH
biomed,sg,2016Q1,56848975,20160303,AGENCY SCIENCE TECH & RES
biomed,sg,2016Q1,56880222,20160314,AGENCY SCIENCE TECH & RES | LUCENCE DIAGNOSTICS PTE LTD | LUCENCE LIFE SCIENCES PTE LTD | SINGAPORE HEALTH SERV PTE LTD
biomed,sg,2016Q1,56880404,20160309,AGENCY SCIENCE TECH & RES
biomed,sg,2016Q1,56880413,20160303,AGENCY SCIENCE TECH & RES
biomed,sg,2016Q1,56919808,20160314,AGENCY SCIENCE TECH & RES | UNIV NANYANG TECH
biomed,sg,2016Q1,56919913,20160315,SINGAPORE HEALTH SERV PTE LTD | UNIV NANYANG TECH
biomed,sg,2016Q1,56919993,20160318,NAT UNIV SINGAPORE
biomed,sg,2016Q1,56920185,20160317,AGENCY SCIENCE TECH & RES | NAT UNIV SINGAPORE
biomed,sg,2016Q1,56923458,20160321,MEDLINX ACACIA PTE LTD
biomed,sg,2016Q1,56932204,20160314,I SUPPORT PTE LTD
biomed,sg,2016Q1,56978237,20160203,AVALANCHE STUDIO PTE LTD
biomed,sg,2016Q1,56978500,20160324,AGENCY FOR SCIENCE TECH AND RES (A*STAR) | AGENCY FOR SCIENCE TECH AND RESEARCH A*STAR
biomed,sg,2016Q1,56978532,20160322,UNIV NANYANG TECH
biomed,sg,2016Q1,56978557,20160322,NAT UNIV SINGAPORE | UNIV NANYANG TECH
biomed,sg,2016Q1,56978809,20160323,NAT UNIV SINGAPORE
biomed,sg,2016Q1,57004478,20160331,TEMASEK LIFE SCIENCES LABORATORY LTD
biomed,sg,2016Q1,57005271,20160329,UNIV NANYANG TECH
biomed,sg,2016Q1,57006267,20160328,UNIV NANYANG TECH
biomed,sg,2016Q1,57007104,20160330,AGENCY SCIENCE TECH & RES | SINGAPORE HEALTH SERV PTE LTD
biomed,sg,2016Q1,57007347,20160331,AGENCY SCIENCE TECH & RES
biomed,sg,2016Q1,57007395,20160328,AGENCY SCIENCE TECH & RES | TESSA THERAPEUTICS PTE LTD
biomed,sg,2016Q1,57276385,20160215,NAT UNIV SINGAPORE
biomed,sg,2016Q1,58277259,20160304,AGENCY SCIENCE TECH & RES
biomed,sg,2016Q1,59311387,20160115,NOVEX SCIENCE PTE LTD
biomed,sg,2016Q1,59497338,20160209,AMT PTE LTD
biomed,sg,2016Q1,59630879,20160222,NAT UNIV SINGAPORE
biomed,sg,2016Q1,59789764,20160311,LIM KAH MENG
biomed,sg,2016Q1,59852339,20160317,CHANGI GENERAL HOSPITAL PTE LTD
biomed,sg,2016Q1,59960429,20160330,LENOVO SINGAPORE PTE LTD
biomed,sg,2016Q1,59965039,20160331,LION TCR PTE LTD
biomed,sg,2016Q1,61009249,20160217,AGENCY SCIENCE TECH & RES
biomed,sg,2016Q2,38669650,20160617,WIS TA LABORATORIES LTD | WISTA LAB LTD
biomed,sg,2016Q2,38997441,20160615,NAT UNIV SINGAPORE
biomed,sg,2016Q2,41054470,20160401,RENEW GROUP PRIVATE LTD
biomed,sg,2016Q2,43304815,20160512,NAT UNIV SINGAPORE
biomed,sg,2016Q2,43429503,20160527,WAVE LIFE SCIENCES LTD
biomed,sg,2016Q2,43618027,20160621,AGENCY SCIENCE TECH & RES
biomed,sg,2016Q2,43826533,20160627,AGENCY SCIENCE TECH & RES
biomed,sg,2016Q2,46244986,20160601,DSO NAT LABORATORIES | NAT UNIV SINGAPORE
biomed,sg,2016Q2,46546582,20160629,VELA OPERATIONS SINGAPORE PTE LTD
biomed,sg,2016Q2,49578152,20160627,BITWAVE PTE LTD
biomed,sg,2016Q2,49630291,20160401,WISTA LAB LTD
biomed,sg,2016Q2,50187903,20160616,YOKOKAWA FUMIAKI
biomed,sg,2016Q2,51531805,20160419,Vios Medical Singapore PTE LTD
biomed,sg,2016Q2,51654606,20160514,AGENCY SCIENCE TECH & RES
biomed,sg,2016Q2,52828713,20160422,NAT UNIV SINGAPORE
biomed,sg,2016Q2,53179863,20160520,SILEZIA GROUP PTE LTD
biomed,sg,2016Q2,53333755,20160413,HYPERGENOMICS PTE LTD
biomed,sg,2016Q2,53373349,20160609,UNISTRAW HOLDINGS PTE LTD | UNISTRAWHOLDINGS PTE LTD
biomed,sg,2016Q2,53385480,20160531,UNISTRAW HOLDINGS PTE LTD
biomed,sg,2016Q2,53677680,20160602,NAT UNIV SINGAPORE
biomed,sg,2016Q2,53776883,20160628,HCP HEALTHCARE ASIA PTE LTD
biomed,sg,2016Q2,53784289,20160621,NAT UNIV SINGAPORE
biomed,sg,2016Q2,53784884,20160617,DIAPER RECYCLING TECH PTE LTD
biomed,sg,2016Q2,53785126,20160608,JMEDTECH COATING TECH PTE LTD | JMEDTECH PTE LTD
biomed,sg,2016Q2,54257023,20160606,SINGAPORE HEALTH SERV PTE LTD
biomed,sg,2016Q2,55802212,20160414,LEICA INSTR (SINGAPORE) PTE LTD | LEICA INSTR SINGAPORE PTE LTD
biomed,sg,2016Q2,56068887,20160519,VIATRIS ASIA PACIFIC PTE LTD
biomed,sg,2016Q2,56087130,20160523,LEICA INSTR (SINGAPORE) PTE LTD | LEICA INSTR SINGAPORE PTE LTD
biomed,sg,2016Q2,56132726,20160525,TELEFLEX LIFE SCIENCES PTE LTD
biomed,sg,2016Q2,56133072,20160527,AGENCY SCIENCE TECH & RES
biomed,sg,2016Q2,56292440,20160530,LEICA INSTR (SINGAPORE) PTE LTD | LEICA INSTR SINGAPORE PTE LTD
biomed,sg,2016Q2,56511820,20160607,UNIV NANYANG TECH
biomed,sg,2016Q2,57004063,20160404,MICROSFERE PTE LTD
biomed,sg,2016Q2,57004816,20160401,HILL ROM SERVICES PTE LTD | HILL-ROM SERVICES PTE LTD
biomed,sg,2016Q2,57071959,20160411,AGENCY SCIENCE TECH & RES
biomed,sg,2016Q2,57126393,20160418,KRU ENERGY ASIA PTE LTD
biomed,sg,2016Q2,57126699,20160415,AGENCY SCIENCE TECH & RES
biomed,sg,2016Q2,57126914,20160415,DIXON JANETTE
biomed,sg,2016Q2,57143322,20160422,NAT UNIV SINGAPORE
biomed,sg,2016Q2,57143672,20160423,NATIONAL UNIV HOSPITAL S PTE
biomed,sg,2016Q2,57144067,20160420,AGENCY SCIENCE TECH & RES | NAT UNIV SINGAPORE | UNIV NANYANG TECH
biomed,sg,2016Q2,57198216,20160425,DH TECHNOLOGIES DEV PTE LTD
biomed,sg,2016Q2,57199269,20160429,NAT UNIV SINGAPORE | SINGAPORE HEALTH SERV PTE LTD
biomed,sg,2016Q2,57217692,20160505,NAT UNIV SINGAPORE
biomed,sg,2016Q2,57217707,20160506,NAT UNIV HOSPITAL (SINGAPORE) PTE LTD | NAT UNIV SINGAPORE
biomed,sg,2016Q2,57217821,20160504,NAT UNIV SINGAPORE
biomed,sg,2016Q2,57249243,20160506,SINGAPORE HEALTH SERV PTE LTD
biomed,sg,2016Q2,57249281,20160512,SINGAPORE HEALTH SERV PTE LTD
biomed,sg,2016Q2,57249284,20160509,AGENCY SCIENCE TECH & RES | METHOD FOR DIAGNOSIS AND PROGNOSIS OF CHRONIC HEART FAILURE | NAT UNIV HOSPITAL | NAT UNIV HOSPITAL SINGAPORE PTE LTD | NAT UNIV SINGAPORE
biomed,sg,2016Q2,57249292,20160512,AGENCY SCIENCE TECH & RES | TAN TOCK SENG HOSPITAL PTE LTD
biomed,sg,2016Q2,57320847,20160517,SINGAPORE HEALTH SERV PTE LTD
biomed,sg,2016Q2,57320848,20160516,AGENCY SCIENCE TECH & RES
biomed,sg,2016Q2,57320928,20160519,AMWISE DIAGNOSTICS PTE LTD
biomed,sg,2016Q2,57320937,20160513,AGENCY SCIENCE TECH & RES
biomed,sg,2016Q2,57397422,20160525,NAT UNIV SINGAPORE
biomed,sg,2016Q2,57400158,20160413,NAT UNIV SINGAPORE | UNIV SINGAPORE
biomed,sg,2016Q2,57503792,20160608,SCINOPHARM SINGAPORE PTE LTD
biomed,sg,2016Q2,57503795,20160610,NAT UNIV SINGAPORE
biomed,sg,2016Q2,57503821,20160608,TEMASEK LIFE SCIENCES LABORATORY LTD
biomed,sg,2016Q2,57503869,20160426,TAN TOCK SENG HOSPITAL | VENIA MEDICAL SYSTEMS PTE LTD
biomed,sg,2016Q2,57504923,20160610,AGENCY SCIENCE TECH & RES | NAT UNIV SINGAPORE
biomed,sg,2016Q2,57515653,20160609,NAT UNIV SINGAPORE
biomed,sg,2016Q2,57546092,20160617,NAT UNIV SINGAPORE
biomed,sg,2016Q2,57584313,20160530,LIFESTYLES HEALTHCARE PTE LTD
biomed,sg,2016Q2,57586064,20160624,UNIV NANYANG TECH
biomed,sg,2016Q2,57586066,20160623,AGENCY SCIENCE TECH & RES
biomed,sg,2016Q2,57586405,20160623,LIM SUSAN M L
biomed,sg,2016Q2,58609383,20160510,AGENCY OR SCIENCE TECH AND RES | AGENCY SCIENCE TECH & RES
biomed,sg,2016Q2,59966225,20160401,NITTO DENKO CORP
biomed,sg,2016Q2,60116919,20160422,AGRI-FOOD & VETERINARY AUTHORITY OF SINGAPORE | TEMASEK POLYTECHNIC
biomed,sg,2016Q2,60160829,20160429,NAT UNIV SINGAPORE
biomed,sg,2016Q2,60203155,20160504,BIOLIDICS LTD | CLEARBRIDGE BIOMEDICS PTE LTD
biomed,sg,2016Q2,60242633,20160503,AGENCY SCIENCE TECH & RES
biomed,sg,2016Q2,60411298,20160526,NAMIKI PREC SINGAPORE PTE LTD
biomed,sg,2016Q2,60420298,20160530,EPIC MEDICAL PTE LTD
biomed,sg,2016Q2,60663652,20160616,RAZER (ASIA-PACIFIC) PTE LTD | RAZER ASIA PACIFIC PTE LTD
biomed,sg,2016Q2,60664544,20160617,RAZER (ASIA-PACIFIC) PTE LTD | RAZER ASIA PACIFIC PTE LTD
biomed,sg,2016Q3,38024246,20160830,MERLIN MD PTE LTD
biomed,sg,2016Q3,40042333,20160912,AGENCY SCIENCE TECH & RES
biomed,sg,2016Q3,40848768,20160707,AGENCY SCIENCE TECH & RES | MARITIME AND PORT AUTHORITY OF SINGAPORE | NAT UNIV SINGAPORE
biomed,sg,2016Q3,41264797,20160701,AGENCY SCIENCE TECH & RES
biomed,sg,2016Q3,43928935,20160729,AGENCY SCIENCE TECH & RES
biomed,sg,2016Q3,45773152,20160713,NAT UNIV SINGAPORE
biomed,sg,2016Q3,45997185,20160712,NAT UNIV SINGAPORE
biomed,sg,2016Q3,46881686,20160930,NAT UNIV SINGAPORE
biomed,sg,2016Q3,47558410,20160728,WAVE LIFE SCIENCES LTD
biomed,sg,2016Q3,49585451,20160819,JIRICEK JAN | KONDREDDI RAVINDER REDDY | SMITH PAUL WILLIAM
biomed,sg,2016Q3,49667630,20160726,KONDREDDI RAVINDER REDDY | LEONG SEH YONG | SIM WEI LIN SANDRA | SIMON OLIVER | TAN JOCELYN LIYING | YEUNG BRYAN KS | ZOU BIN
biomed,sg,2016Q3,49879063,20160927,HILL ROM SERVICES PTE LTD
biomed,sg,2016Q3,49915731,20160708,WAVE LIFE SCIENCES LTD
biomed,sg,2016Q3,50731786,20160912,ADVANCED FIRST AID RES PTE LTD
biomed,sg,2016Q3,53493761,20160705,TEMASEK LIFE SCIENCES LAB LTD
biomed,sg,2016Q3,53776371,20160727,INNOCIMAB PTE LTD | INNOSIMAB PTE LTD
biomed,sg,2016Q3,53872486,20160701,SINGAPORE VOLITION PTE LTD
biomed,sg,2016Q3,53872511,20160701,SINGAPORE VOLITION PTE LTD
biomed,sg,2016Q3,53878646,20160817,NOVEX SCIENCE PTE LTD
biomed,sg,2016Q3,54013271,20160720,WISTA LAB LTD
biomed,sg,2016Q3,54013713,20160708,JMEDTECH PTE LTD | VASCUROS MEDICAL PTE LTD
biomed,sg,2016Q3,54064693,20160819,SCAIFE MARTIN
biomed,sg,2016Q3,54106628,20160726,NAT UNIV SINGAPORE
biomed,sg,2016Q3,54186179,20160729,HCP HEALTHCARE ASIA PTE LTD
biomed,sg,2016Q3,54256929,20160801,AGENCY FOR SCIENCE TECH AND RES (A*STAR) | AGENCY FOR SCIENCE TECH AND RESEARCH ASTARSTAR
biomed,sg,2016Q3,56550986,20160708,AGENCY SCIENCE TECH & RES
biomed,sg,2016Q3,56557558,20160729,LEICA INSTR (SINGAPORE) PTE LTD | LEICA INSTR SINGAPORE PTE LTD
biomed,sg,2016Q3,56571298,20160712,G NIUS PTE LTD
biomed,sg,2016Q3,56686738,20160816,LEICA INSTR (SINGAPORE) PTE LTD | LEICA INSTR SINGAPORE PTE LTD
biomed,sg,2016Q3,56802267,20160816,LEICA INSTR (SINGAPORE) PTE LTD | LEICA INSTR SINGAPORE PTE LTD
biomed,sg,2016Q3,56889037,20160805,AGENCY SCIENCE TECH & RES
biomed,sg,2016Q3,57601095,20160907,AON GLOBAL OPERATIONS LTD (SINGAPORE BRANCH) (REG T12FC0122F)
biomed,sg,2016Q3,57685701,20160706,NAT UNIV SINGAPORE | SINGAPORE HEALTH SERV PTE LTD
biomed,sg,2016Q3,57685915,20160704,AGENCY SCIENCE TECH & RES
biomed,sg,2016Q3,57757628,20160715,UNIV NANYANG TECH
biomed,sg,2016Q3,57758121,20160715,AGENCY SCIENCE TECH & RES
biomed,sg,2016Q3,57758239,20160711,NAT UNIV SINGAPORE
biomed,sg,2016Q3,57758356,20160713,CHANGI GENERAL HOSPITAL PTE LTD | EASTERN HEALTH ALLIANCE PTE LTD | SINGAPORE UNIV OF TECH AND DESIGN | UNIV SINGAPORE TECHNOLOGY & DESIGN
biomed,sg,2016Q3,57835219,20160722,WAVE LIFE SCIENCES LTD
biomed,sg,2016Q3,57836438,20160721,LI XIAOPING | XIA QIAN
biomed,sg,2016Q3,57884845,20160727,EINS TECH PTE LTD
biomed,sg,2016Q3,57884904,20160721,NAT UNIV SINGAPORE | UNIV NANYANG TECH
biomed,sg,2016Q3,57885432,20160728,CONTINALE MEDICAL PTE LTD
biomed,sg,2016Q3,57886238,20160711,HILL ROM SERVICES PTE LTD | HILL-ROM SERVICES PTE LTD
biomed,sg,2016Q3,57943346,20160729,CALIGNER PTE LTD
biomed,sg,2016Q3,57943347,20160729,AGENCY SCIENCE TECH & RES | NAT UNIV HOSPITAL (SINGAPORE) PTE LTD | NAT UNIV HOSPITAL SINGAPORE PTE LTD | SINGAPORE HEALTH SERV PTE LTD
biomed,sg,2016Q3,57943383,20160729,MOBIAIR PTE LTD
biomed,sg,2016Q3,57995345,20160708,NAT UNIV SINGAPORE
biomed,sg,2016Q3,58050914,20160811,WILMAR TRADING PTE LTD
biomed,sg,2016Q3,58051228,20160807,NAT UNIV SINGAPORE
biomed,sg,2016Q3,58051383,20160816,TEMASEK LIFE SCIENCES LABORATORY LTD
biomed,sg,2016Q3,58097541,20160825,SCINOPHARM SINGAPORE PTE LTD
biomed,sg,2016Q3,58100726,20160819,NAT UNIV SINGAPORE | UNIV NANYANG TECH
biomed,sg,2016Q3,58100888,20160823,NAT UNIV SINGAPORE
biomed,sg,2016Q3,58186741,20160905,ASLAN PHARMACEUTICALS PTE LTD
biomed,sg,2016Q3,58188159,20160901,CYCLECT ELECTRICAL ENG PTE LTD
biomed,sg,2016Q3,58188369,20160831,RENEW GROUP PRIVATE LTD | RENEW GROUP PTE LTD
biomed,sg,2016Q3,58188381,20160901,KOFFEEFRUIT PTE LTD
biomed,sg,2016Q3,58190110,20160906,NAT UNIV SINGAPORE
biomed,sg,2016Q3,58239605,20160906,NAT UNIV SINGAPORE | UNIV NANYANG TECH
biomed,sg,2016Q3,58240370,20160907,GLOBAL GENE CORP PTE LTD
biomed,sg,2016Q3,58289254,20160916,TREK TECH (S) PTE LTD | TREK TECH S PTE LTD
biomed,sg,2016Q3,58289291,20160915,AGENCY FOR SCIENCE TECH AND RES (A*STAR) | AGENCY FOR SCIENCE TECH AND RESEARCH ASTARSTAR
biomed,sg,2016Q3,58289568,20160916,NANYANG TECHNOLOGYICAL UNIV | UNIV NANYANG TECH
biomed,sg,2016Q3,58289578,20160916,ENDOMASTER PTE LTD
biomed,sg,2016Q3,58289582,20160916,AGENCY SCIENCE TECH & RES
biomed,sg,2016Q3,58289696,20160916,NAT UNIV SINGAPORE | YEN PAUL M
biomed,sg,2016Q3,58386667,20160923,UNIV NANYANG TECH
biomed,sg,2016Q3,58386743,20160919,UNIV NANYANG TECH
biomed,sg,2016Q3,58424229,20160929,UNIV NANYANG TECH
biomed,sg,2016Q3,58427739,20160929,ASIA BIOTECH PTE LTD
biomed,sg,2016Q3,58427804,20160928,AGENCY SCIENCE TECH & RES
biomed,sg,2016Q3,58664607,20160714,SIVANTOS PTE LTD
biomed,sg,2016Q3,58797557,20160909,AGENCY SCIENCE TECH & RES | SINGAPORE HEALTH SERV PTE LTD | TESSA THERAPEUTICS LTD | TESSA THERAPEUTICS PTE LTD
biomed,sg,2016Q3,59010796,20160714,SIVANTOS PTE LTD
biomed,sg,2016Q3,59034473,20160705,CREDO BIOMEDICAL PTE LTD
biomed,sg,2016Q3,59241389,20160812,PVP LABS PTE LTD
biomed,sg,2016Q3,60719516,20160825,DELTA ELECTRONICS INTL SINGAPORE PTE LTD | Delta Electronics Int'l (Singapore) Pte Ltd
biomed,sg,2016Q3,60913086,20160705,COCONUTZ PTE LTD
biomed,sg,2016Q3,60941846,20160715,STRAND ROSS
biomed,sg,2016Q3,61163264,20160812,MEDIPURPOSE PTE LTD
biomed,sg,2016Q3,61163265,20160810,1 AGENCY FOR SCIENCE TECH AND RESEARCH | 1 AGENCY FOR SCIENCE TECHNOLOGY AND RESEARCH | AGENCY SCIENCE TECH & RES
biomed,sg,2016Q3,61196933,20160819,SINGAPORE GENERAL HOSPITAL | SINGAPORE HEALTH SERV PTE LTD
biomed,sg,2016Q3,61245092,20160826,TREK 2000 INT LTD
biomed,sg,2016Q3,61301224,20160901,AGENCY SCIENCE TECH & RES
biomed,sg,2016Q3,61618621,20160913,ZHAO HE
biomed,sg,2016Q3,61618626,20160913,ZHAO HE
biomed,sg,2016Q3,61618629,20160913,ZHAO HE
biomed,sg,2016Q3,61618863,20160916,AGENCY SCIENCE TECH & RES
biomed,sg,2016Q3,61689622,20160921,PRIMEDENT PTE LTD
biomed,sg,2016Q3,61690540,20160923,LION TCR PTE LTD
biomed,sg,2016Q3,61760062,20160928,HOPE TECHNIK PTE LTD
biomed,sg,2016Q3,61762975,20160930,STRAND ROSS
biomed,sg,2016Q4,43355934,20161117,NAT UNIV SINGAPORE
biomed,sg,2016Q4,46879624,20161115,SINGAPORE HEALTH SERV PTE LTD
biomed,sg,2016Q4,47712814,20161027,AGENCY SCIENCE TECH & RES
biomed,sg,2016Q4,47750006,20161209,BECTON DICKINSON HOLDINGS PTE LTD
biomed,sg,2016Q4,50273173,20161026,RENEW GROUP PRIVATE LTD
biomed,sg,2016Q4,51228124,20161028,NAT UNIV SINGAPORE
biomed,sg,2016Q4,52468749,20161213,UNIV NANYANG TECH
biomed,sg,2016Q4,54256997,20161213,NAT UNIV SINGAPORE
biomed,sg,2016Q4,54479383,20161110,COHEN ASSAF
biomed,sg,2016Q4,55025232,20161115,HCP HEALTHCARE ASIA PTE LTD
biomed,sg,2016Q4,55072950,20161031,HCP HEALTHCARE ASIA PTE LTD
biomed,sg,2016Q4,55072951,20161031,HCP HEALTHCARE ASIA PTE LTD
biomed,sg,2016Q4,55135400,20161125,HCP HEALTHCARE ASIA PTE LTD
biomed,sg,2016Q4,55167950,20161019,AGENCY SCIENCE TECH & RES
biomed,sg,2016Q4,55274842,20161216,NAT UNIV SINGAPORE | NATIONAL UNIV OF SINGAPO | SINGAPORE HEALTH SERV PTE LTD
biomed,sg,2016Q4,55411567,20161202,HCP HEALTHCARE ASIA PTE LTD
biomed,sg,2016Q4,57130261,20161006,HILL ROM SERVICES PTE LTD | HILL-ROM SERVICES PTE LTD
biomed,sg,2016Q4,57240946,20161027,HILL ROM SERVICES PTE LTD | HILL-ROM SERVICES PTE LTD
biomed,sg,2016Q4,57349144,20161108,Zhang xiao xiao
biomed,sg,2016Q4,57543039,20161212,HCP HEALTHCARE ASIA PTE LTD
biomed,sg,2016Q4,57589057,20161125,HCP HEALTHCARE ASIA PTE LTD
biomed,sg,2016Q4,57680074,20161219,LEICA INSTR SINGAPORE PTE LTD
biomed,sg,2016Q4,57886334,20161011,TESSA THERAPEUTICS LTD | TESSA THERAPEUTICS PTE LTD
biomed,sg,2016Q4,58010326,20161208,ILLUMINA SINGAPORE PTE LTD | ILUMINA SINGAPORE PTE LTD
biomed,sg,2016Q4,58347709,20161215,PERFORMANCE LABS PTE LTD
biomed,sg,2016Q4,58488032,20161010,NAT UNIV SINGAPORE
biomed,sg,2016Q4,58488141,20161010,AGENCY SCIENCE TECH & RES
biomed,sg,2016Q4,58488143,20161005,AGENCY SCIENCE TECH & RES
biomed,sg,2016Q4,58488504,20161005,CLEARBRIDGE BIOPHOTONICS PTE LTD
biomed,sg,2016Q4,58488684,20161007,WAVE LIFE SCIENCES LTD
biomed,sg,2016Q4,58518294,20161014,SYNPHNE PTE LTD
biomed,sg,2016Q4,58557467,20161020,NAT UNIV SINGAPORE | SINGAPORE HEALTH SERV PTE LTD
biomed,sg,2016Q4,58557506,20161007,SINGAPORE HEALTH SERV PTE LTD
biomed,sg,2016Q4,58557593,20161019,AGENCY SCIENCE TECH & RES
biomed,sg,2016Q4,58630706,20161028,NAT UNIV SINGAPORE
biomed,sg,2016Q4,58630729,20161028,SCINOPHARM SINGAPORE PTE LTD
biomed,sg,2016Q4,58631057,20161018,UNIV NANYANG TECH
biomed,sg,2016Q4,58631538,20161025,AGENCY SCIENCE TECH & RES
biomed,sg,2016Q4,58632026,20161026,AGENCY SCIENCE TECH & RES
biomed,sg,2016Q4,58634465,20161031,NAT UNIV SINGAPORE
biomed,sg,2016Q4,58662263,20161104,NITTO DENKO ASIA TECHNICAL CENTRE PTE LTD
biomed,sg,2016Q4,58662416,20161028,SCINOPHARM SINGAPORE PTE LTD
biomed,sg,2016Q4,58662508,20161031,AGENCY SCIENCE TECH & RES
biomed,sg,2016Q4,58662726,20161107,AGENCY SCIENCE TECH & RES | UNIV NANYANG TECH
biomed,sg,2016Q4,58662770,20161101,AGENCY SCIENCE TECH & RES | NAT UNIV SINGAPORE
biomed,sg,2016Q4,58663965,20161110,ANG AIK MENG | BLAIR SEAN | Bezyazychnyy Dmitry | LIM KIAN YONG | LIU XIAOHUI | Lim Ream | Mulawadi Fabi | PHAM BAO | PIPER JASON | SUN MIAO | Tan Yong Heng | Veshkurtsev Nikita | WANG QIANG | Wong Marie | ZHANG DANIEL
biomed,sg,2016Q4,58690710,20161114,FLEX LTD
biomed,sg,2016Q4,58694891,20161111,AGENCY SCIENCE TECH & RES
biomed,sg,2016Q4,58695164,20161109,DIGITAL SURGICALS PTE LTD | RAPPEL JAMES KOLENCHERY
biomed,sg,2016Q4,58719128,20161116,SINGAPORE HEALTH SERV PTE LTD
biomed,sg,2016Q4,58763666,20161122,AGENCY SCIENCE TECH & RES
biomed,sg,2016Q4,58764356,20161125,AGENCY SCIENCE TECH & RES
biomed,sg,2016Q4,58797277,20161130,HEWITT RUSSELL JAMES
biomed,sg,2016Q4,58797546,20161124,AGENCY SCIENCE TECH & RES
biomed,sg,2016Q4,58797561,20161130,AGENCY SCIENCE TECH & RES
biomed,sg,2016Q4,58800059,20161206,Sano V Pte Ltd
biomed,sg,2016Q4,59012783,20161207,AGENCY SCIENCE TECH & RES
biomed,sg,2016Q4,59013536,20161209,NAT UNIV SINGAPORE | SINGAPORE HEALTH SERV PTE LTD
biomed,sg,2016Q4,59057100,20161219,AGENCY SCIENCE TECH & RES | LUCENCE DIAGNOSTICS PTE LTD | LUCENCE LIFE SCIENCES PTE LTD
biomed,sg,2016Q4,59057338,20161215,AGENCY SCIENCE TECH & RES
biomed,sg,2016Q4,59057346,20161128,UNIV NANYANG TECH
biomed,sg,2016Q4,59057376,20161214,CELLRESEARCH CORP PTE LTD | SINGAPORE HEALTH SERV PTE LTD
biomed,sg,2016Q4,59064845,20161125,LIFESTYLES HEALTHCARE PTE LTD
biomed,sg,2016Q4,59070443,20161207,CREDO BIOMEDICAL PTE LTD
biomed,sg,2016Q4,59275258,20161220,HEPTAGON MICRO OPTICS PTE LTD
biomed,sg,2016Q4,59685907,20161130,ABM RESPIRATORY CARE PTE LTD | ADVANCED BIO MACHINES PTE LTD
biomed,sg,2016Q4,60116951,20161209,BIOMERS PTE LTD
biomed,sg,2016Q4,60327362,20161101,XYLONIX IP HOLDINGS PTE LTD | XYLONIX PTE LTD
biomed,sg,2016Q4,60327363,20161031,MIRACLE MAN PTE LTD
biomed,sg,2016Q4,60582642,20161101,XYLONIX IP HOLDINGS PTE LTD | XYLONIX PTE LTD
biomed,sg,2016Q4,61906237,20161011,NAT UNIV SINGAPORE
biomed,sg,2016Q4,62020127,20161101,AGENCY SCIENCE TECH & RES
biomed,sg,2016Q4,62023867,20161028,AGENCY SCIENCE TECH & RES
biomed,sg,2016Q4,62025316,20161024,NAT UNIV SINGAPORE
biomed,sg,2016Q4,62063680,20161108,DELTA ELECTRONICS INTL SINGAPORE PTE LTD
biomed,sg,2016Q4,62077029,20161102,NEC ASIA PACIFIC PTE LTD
biomed,sg,2016Q4,62077067,20161101,SINGAPORE HEALTH SERV PTE LTD | UNIV NANYANG TECH
biomed,sg,2016Q4,62559658,20161216,AGENCY SCIENCE TECH & RES | NAT UNIV SINGAPORE
biomed,sg,2016Q4,62561505,20161216,AGENCY SCIENCE TECH & RES | NAT UNIV SINGAPORE
biomed,sg,2017Q1,39429976,20170203,AGENCY SCIENCE TECH & RES
biomed,sg,2017Q1,39789427,20170104,HILL ROM SERVICES PTE LTD
biomed,sg,2017Q1,40688500,20170112,AGENCY FOR SCIENCE TECH AND RES (A*STAR)
biomed,sg,2017Q1,41136924,20170109,CHEN DIZHONG | WILLIAMS MEREDITH
biomed,sg,2017Q1,41415033,20170331,RENEW GROUP PRIVATE LTD
biomed,sg,2017Q1,41432017,20170222,AMARANTH MEDICAL PTE
biomed,sg,2017Q1,44151665,20170103,AGENCY SCIENCE TECH & RES
biomed,sg,2017Q1,47296298,20170310,AGENCY SCIENCE TECH & RES
biomed,sg,2017Q1,49161581,20170227,NAT UNIV SINGAPORE
biomed,sg,2017Q1,50287749,20170118,UNISTRAW HOLDINGS PTE LTD
biomed,sg,2017Q1,51303102,20170109,BECTON DICKINSON HOLDINGS PTE LTD
biomed,sg,2017Q1,51582464,20170111,BECTON DICKINSON HOLDINGS PTE LTD
biomed,sg,2017Q1,52467368,20170206,AMARANTH MEDICAL PTE
biomed,sg,2017Q1,55542909,20170106,HCP HEALTHCARE ASIA PTE LTD
biomed,sg,2017Q1,55862923,20170106,HCP HEALTHCARE ASIA PTE LTD
biomed,sg,2017Q1,57794273,20170106,HCP HEALTHCARE ASIA PTE LTD
biomed,sg,2017Q1,57851071,20170119,CONTINENTAL AUTOMOTIVE SINGAPORE PTE LTD
biomed,sg,2017Q1,57960559,20170111,DIXON JANETTE
biomed,sg,2017Q1,58108453,20170220,BECTON DICKINSON HOLDINGS PTE LTD
biomed,sg,2017Q1,58265999,20170216,HCP HEALTHCARE ASIA PTE LTD
biomed,sg,2017Q1,58387636,20170315,NATURION PTE LTD
biomed,sg,2017Q1,58463122,20170119,AGENCY FOR SCIENCE TECH AND RESEARCH ASTARSTAR | AGENCY FOR SCIENCE TECH AND RESEARCH “ASTARSTAR” | AGENCY SCIENCE TECH & RES
biomed,sg,2017Q1,58489749,20170307,EPITRONIC HOLDINGS PTE LTD | RG HEALTHCARE PTE LTD | RG INNOVATIONS PTE LTD
biomed,sg,2017Q1,58503666,20170307,EPITRONIC HOLDINGS PTE LTD | RG HEALTHCARE PTE LTD
biomed,sg,2017Q1,58707712,20170119,NAT UNIV SINGAPORE
biomed,sg,2017Q1,59153242,20170331,YISHENG BIOPHARMA (SINGAPORE) PTE LTD | YISHENG BIOPHARMA SINGAPORE PTE LTD
biomed,sg,2017Q1,59310877,20170110,UBER DIAGNOSTICS PTE LTD
biomed,sg,2017Q1,59311390,20170113,SCINOPHARM SINGAPORE PTE LTD
biomed,sg,2017Q1,59311614,20170116,AGENCY SCIENCE TECH & RES
biomed,sg,2017Q1,59312003,20170116,AGENCY SCIENCE TECH & RES | UNIV NANYANG TECH
biomed,sg,2017Q1,59362775,20170120,INSPIRATE MEDICAL PTE LTD
biomed,sg,2017Q1,59362784,20170118,AGENCY SCIENCE TECH & RES
biomed,sg,2017Q1,59362794,20170119,ACHROMAZ PTE LTD | NAMZ PTE LTD
biomed,sg,2017Q1,59499925,20170206,AGENCY SCIENCE TECH & RES
biomed,sg,2017Q1,59499927,20170203,UNIV NANYANG TECH
biomed,sg,2017Q1,59500854,20170202,TEMASEK LIFE SCIENCES LABORATORY LTD
biomed,sg,2017Q1,59564065,20170208,ORBUSNEICH MEDICAL PTE LTD
biomed,sg,2017Q1,59625345,20170217,LOKE KAR KIT BERNARD
biomed,sg,2017Q1,59625365,20170216,AGENCY SCIENCE TECH & RES
biomed,sg,2017Q1,59626220,20170216,AGENCY SCIENCE TECH & RES
biomed,sg,2017Q1,59626248,20170209,AGENCY SCIENCE TECH & RES
biomed,sg,2017Q1,59684828,20170222,UBER DIAGNOSTICS PTE LTD
biomed,sg,2017Q1,59685426,20170220,APEIRON TECH PTE LTD
biomed,sg,2017Q1,59685435,20170224,AGENCY FOR SCIENCE TECH TECH AND RESEARCH | AGENCY SCIENCE TECH & RES
biomed,sg,2017Q1,59686398,20170222,AGENCY SCIENCE TECH & RES
biomed,sg,2017Q1,59686485,20170223,TEMASEK LIFE SCIENCES LABORATORY | TEMASEK LIFE SCIENCES LABORATORY LTD
biomed,sg,2017Q1,59743230,20170302,NAT UNIV SINGAPORE
biomed,sg,2017Q1,59744239,20170228,AGENCY SCIENCE TECH & RES
biomed,sg,2017Q1,59744263,20170303,AGENCY SCIENCE TECH & RES
biomed,sg,2017Q1,59789584,20170308,AGENCY SCIENCE TECH & RES
biomed,sg,2017Q1,59789607,20170308,KOH HWEE LING | LEE YING | LEEWARD PACIFIC PTE LTD | TENG WOON CHIEN CECILIA
biomed,sg,2017Q1,59790713,20170306,X ZELL BIOTECH PTE LTD
biomed,sg,2017Q1,59790863,20170308,UNIV NANYANG TECH
biomed,sg,2017Q1,59851957,20170314,AGENCY SCIENCE TECH & RES | NAT UNIV SINGAPORE
biomed,sg,2017Q1,59852024,20170313,WAVE LIFE SCIENCES LTD
biomed,sg,2017Q1,59896284,20170126,DAVISSEN VIRASAWMY | LYNXEMI PRIVATE LTD | LYNXEMI PTE LTD | Lucas Andrew Riaz | Lucas David Kalim | RASEKHY PAYMON
biomed,sg,2017Q1,59896865,20170322,AGENCY SCIENCE TECH & RES | PROCTER & GAMBLE
biomed,sg,2017Q1,59899659,20170323,UNIV NANYANG TECH
biomed,sg,2017Q1,59900615,20170324,UNIV NANYANG TECH
biomed,sg,2017Q1,59900670,20170322,UNIV NANYANG TECH
biomed,sg,2017Q1,59901032,20170322,SMARTMISSIMO TECH PTE LTD
biomed,sg,2017Q1,59958497,20170328,CREDO BIOMEDICAL PTE LTD
biomed,sg,2017Q1,59965019,20170327,MATTEUCCI GIANFRANCO
biomed,sg,2017Q1,59965029,20170328,AGENCY SCIENCE TECH & RES | NAT HEALTHCARE GROUP | NAT SKIN CENTRE SINGAPORE PTE LTD
biomed,sg,2017Q1,59965103,20170331,AGENCY SCIENCE TECH & RES | SINGAPORE HEALTH SERV PTE LTD
biomed,sg,2017Q1,59966148,20170331,NAT UNIV SINGAPORE
biomed,sg,2017Q1,59966151,20170331,AGENCY SCIENCE TECH & RES | TAN TOCK SENG HOSPITAL PTE LTD
biomed,sg,2017Q1,60159818,20170322,SINGAPORE HEALTH SERV PTE LTD
biomed,sg,2017Q1,60218592,20170117,NDR MEDICAL TECH PTE LTD
biomed,sg,2017Q1,60993251,20170228,PARAMEVIA PTE LTD | RADWISP PTE LTD
biomed,sg,2017Q1,61024025,20170112,STAR ARRAY PTE LTD
biomed,sg,2017Q1,63106517,20170212,KIM HOON
biomed,sg,2017Q1,63106548,20170212,KIM HOON
biomed,sg,2017Q1,63106561,20170212,KIM HOON
biomed,sg,2017Q1,63354919,20170303,STRAND ROSS
biomed,sg,2017Q1,63369676,20170303,STRAND ROSS
biomed,sg,2017Q1,63369706,20170303,STRAND ROSS
biomed,sg,2017Q1,63523718,20170315,OSIM INT PTE LTD
biomed,sg,2017Q1,63584672,20170324,AGENCY SCIENCE TECH & RES | NAT UNIV SINGAPORE
biomed,sg,2017Q1,63672175,20170330,INST OF BIOENGINEERING AND NANOTECHNOLOGY
biomed,sg,2017Q1,65014537,20170307,EPITRONIC HOLDINGS PTE LTD
biomed,sg,2017Q2,29741070,20170515,ES CELL INT PTE LTD
biomed,sg,2017Q2,35462905,20170608,ES CELL INT PTE LTD
biomed,sg,2017Q2,41255367,20170628,LIFESTYLES HEALTHCARE PTE LTD
biomed,sg,2017Q2,42233674,20170530,WAVE LIFE SCIENCES LTD
biomed,sg,2017Q2,43731292,20170601,RENEW GROUP PRIVATE LTD
biomed,sg,2017Q2,44563737,20170518,AGENCY SCIENCE TECH & RES
biomed,sg,2017Q2,44971050,20170525,TELEFLEX LIFE SCIENCES PTE LTD
biomed,sg,2017Q2,45348777,20170605,SIMPHARMA PTE LTD
biomed,sg,2017Q2,50100530,20170501,PEDRA TECH PTE LTD | UNIV NANYANG TECH
biomed,sg,2017Q2,52350270,20170519,YISHENG BIOPHARMA (SINGAPORE) PTE LTD | YISHENG BIOPHARMA SINGAPORE PTE LTD
biomed,sg,2017Q2,53270065,20170620,AGENCY SCIENCE TECH & RES
biomed,sg,2017Q2,53368801,20170501,LENOVO SINGAPORE PTE LTD
biomed,sg,2017Q2,54259031,20170421,BECTON DICKINSON HOLDINGS PTE LTD
biomed,sg,2017Q2,54700992,20170519,AGENCY SCIENCE TECH & RES
biomed,sg,2017Q2,55862671,20170428,SINGAPORE EYE RES INST | SINGAPORE HEALTH SERV PTE LTD
biomed,sg,2017Q2,56014292,20170417,OXION PTE LTD
biomed,sg,2017Q2,56148550,20170504,HCP HEALTHCARE ASIA PTE LTD
biomed,sg,2017Q2,56369705,20170519,ASLAN PHARMACEUTICALS PTE LTD
biomed,sg,2017Q2,56891130,20170630,ASLAN PHARMACEUTICALS PTE LTD
biomed,sg,2017Q2,59034463,20170601,LEICA INSTR (SINGAPORE) PTE LTD | LEICA INSTR SINGAPORE PTE LTD
biomed,sg,2017Q2,59067536,20170614,HERAEUS MATERIALS SINGAPORE PTE LTD
biomed,sg,2017Q2,59093505,20170608,AGENCY SCIENCE TECH & RES
biomed,sg,2017Q2,59257602,20170627,LIFETRACK MEDICAL SYSTEMS PRIVATE LTD
biomed,sg,2017Q2,59269743,20170614,HERAEUS MATERIALS SINGAPORE PTE LTD
biomed,sg,2017Q2,59269745,20170614,HERAEUS MATERIALS SINGAPORE PTE LTD
biomed,sg,2017Q2,59416598,20170606,CREDO BIOMEDICAL PTE LTD
biomed,sg,2017Q2,59685754,20170426,CHISCAN HOLDINGS PTE LTD
biomed,sg,2017Q2,59788508,20170403,EPITRONIC HOLDINGS PTE LTD | RG INNOVATIONS PTE LTD
biomed,sg,2017Q2,59965205,20170403,UNIV NANYANG TECH
biomed,sg,2017Q2,60001379,20170406,AGENCY SCIENCE TECH & RES
biomed,sg,2017Q2,60001413,20170406,ANGSANA MOLECULAR AND DIAGNOSTICS LABORATORY PTE LTD
biomed,sg,2017Q2,60001520,20170406,AGENCY SCIENCE TECH & RES | NAT UNIV SINGAPORE
biomed,sg,2017Q2,60039662,20170418,ANX IP HOLDING PTE LTD
biomed,sg,2017Q2,60039668,20170418,ANX IP HOLDING PTE LTD
biomed,sg,2017Q2,60041470,20170414,LUMINICELL PTE LTD
biomed,sg,2017Q2,60041767,20170412,NAT UNIV SINGAPORE
biomed,sg,2017Q2,60042021,20170411,AGENCY FOR SCIENCE TECNOLOGY RES | AGENCY SCIENCE TECH & RES
biomed,sg,2017Q2,60042549,20170413,PVP LABS PTE LTD
biomed,sg,2017Q2,60042608,20170413,NAT UNIV SINGAPORE
biomed,sg,2017Q2,60042803,20170413,NAT UNIV SINGAPORE
biomed,sg,2017Q2,60082974,20170417,RIGHT POSTURE PTE LTD
biomed,sg,2017Q2,60116224,20170419,UNIV NANYANG TECH
biomed,sg,2017Q2,60116250,20170420,UNIV NANYANG TECH
biomed,sg,2017Q2,60116255,20170420,AGENCY SCIENCE TECH & RES
biomed,sg,2017Q2,60116875,20170421,AGENCY SCIENCE TECH & RES
biomed,sg,2017Q2,60116940,20170421,SINGAPORE HEALTH SERV PTE LTD | SINGAPORE HEALTH SERVCIES PTE LTD
biomed,sg,2017Q2,60116944,20170421,ASLAN PHARMACEUTICALS PTE LTD
biomed,sg,2017Q2,60116958,20170419,SINGAPORE HEALTH SERV PTE LTD | UNIV NANYANG TECH
biomed,sg,2017Q2,60159936,20170425,KWOK RICHARD SIONG SEN
biomed,sg,2017Q2,60160837,20170502,UNIV NANYANG TECH
biomed,sg,2017Q2,60161190,20170428,AGENCY SCIENCE TECH & RES | NAT UNIV SINGAPORE
biomed,sg,2017Q2,60203156,20170508,NAT UNIV SINGAPORE
biomed,sg,2017Q2,60203309,20170503,WAVE LIFE SCIENCES LTD
biomed,sg,2017Q2,60203379,20170503,WAVE LIFE SCIENCES LTD
biomed,sg,2017Q2,60267430,20170511,NAT UNIV SINGAPORE
biomed,sg,2017Q2,60267460,20170512,AGENCY SCIENCE TECH & RES
biomed,sg,2017Q2,60268036,20170512,AGENCY SCIENCE TECH & RES
biomed,sg,2017Q2,60297607,20170515,TELEFLEX LIFE SCIENCES PTE LTD
biomed,sg,2017Q2,60325441,20170511,TEMASEK LIFE SCIENCES LABORATORY LTD
biomed,sg,2017Q2,60326074,20170522,AGENCY SCIENCE TECH & RES
biomed,sg,2017Q2,60326564,20170516,AGENCY SCIENCE TECH & RES
biomed,sg,2017Q2,60326576,20170518,SINGAPORE HEALTH SERV PTE LTD
biomed,sg,2017Q2,60411416,20170524,SINGAPORE HEALTH SERV PTE LTD | SINGAPORE HEALTH SERVICES PTEL LTD | UNIV NANYANG TECH
biomed,sg,2017Q2,60412517,20170522,MITROL BIOLOGIC PTE LTD | MITROL TECH PTE LTD
biomed,sg,2017Q2,60478851,20170601,ENDOMASTER PTE LTD
biomed,sg,2017Q2,60478959,20170605,SINGAPORE HEALTH SERV PTE LTD
biomed,sg,2017Q2,60478964,20170602,NAT UNIV SINGAPORE
biomed,sg,2017Q2,60479097,20170602,WAVE LIFE SCIENCES LTD
biomed,sg,2017Q2,60578022,20170606,STAR ARRAY PTE LTD
biomed,sg,2017Q2,60661241,20170621,UNIV NANYANG TECH
biomed,sg,2017Q2,60661591,20170620,SCINOPHARM SINGAPORE PTE LTD
biomed,sg,2017Q2,60663604,20170612,SINGAPORE HEALTH SERV PTE LTD
biomed,sg,2017Q2,60663606,20170612,AGENCY SCIENCE TECH & RES
biomed,sg,2017Q2,60663634,20170614,AGENCY SCIENCE TECH & RES
biomed,sg,2017Q2,60664532,20170614,AGENCY SCIENCE TECH & RES
biomed,sg,2017Q2,60783195,20170622,KBP BIOSCIENCES PTE LTD
biomed,sg,2017Q2,60784951,20170622,LIFESTYLES HEALTHCARE PTE LTD
biomed,sg,2017Q2,60786154,20170628,UNIV NANYANG TECH
biomed,sg,2017Q2,60787171,20170628,Hoya Medical Singapore Pte Ltd
biomed,sg,2017Q2,60787208,20170628,Hoya Medical Singapore Pte Ltd
biomed,sg,2017Q2,60913084,20170615,PLANO PTE LTD | SINGAPORE HEALTH SERV PTE LTD
biomed,sg,2017Q2,60953231,20170628,AGENCY SCIENCE TECH & RES
biomed,sg,2017Q2,61558566,20170612,DELTA ELECTRONICS INTL SINGAPORE PTE LTD | DETLA ELECTRONICS INTL SINGAPORE PTE LTD
biomed,sg,2017Q2,63672762,20170404,AGENCY FOR SCIENCE TECH AND RESEARCH ASTAR
biomed,sg,2017Q2,63714380,20170425,EMAGE VISION PTE LTD
biomed,sg,2017Q2,63792799,20170412,BLUE AQUA INT PTE LTD
biomed,sg,2017Q2,63852548,20170425,AGENCY SCIENCE TECH & RES
biomed,sg,2017Q2,63857058,20170418,MASSACHUSETTS INST TECHNOLOGY | UNIV NANYANG TECH
biomed,sg,2017Q2,63917739,20170428,MENICON SINGAPORE PTE LTD | NEWMAN STEPHEN D | STEPHEN D NEWMAN
biomed,sg,2017Q2,64014501,20170502,SINGAPORE HEALTH SERV PTE LTD
biomed,sg,2017Q2,64104877,20170510,LIM CHEE YEN
biomed,sg,2017Q2,64104895,20170510,LIM CHEE YEN
biomed,sg,2017Q2,64270974,20170523,STRUCTO PTE LTD
biomed,sg,2017Q2,64329242,20170426,AGENCY SCIENCE TECH & RES
biomed,sg,2017Q2,64457692,20170616,LENOVO SINGAPORE PTE LTD
biomed,sg,2017Q2,64736237,20170620,CHAN SIDNEY SOONG LING
biomed,sg,2017Q2,64740302,20170630,CHAN DOREEN | GOZALI RITA | HUANG MICHELE | SINHA SANJAY KUMAR
biomed,sg,2017Q2,64742433,20170627,AGENCY SCIENCE TECH & RES | LION TCR | LION TCR PTE LTD
biomed,sg,2017Q3,46160013,20170824,AGENCY SCIENCE TECH & RES
biomed,sg,2017Q3,48784655,20170803,AGENCY SCIENCE TECH & RES
biomed,sg,2017Q3,52993253,20170712,NAT UNIV SINGAPORE
biomed,sg,2017Q3,56550732,20170721,VAC4ALL PTE LTD
biomed,sg,2017Q3,56842579,20170809,TELEFLEX LIFE SCIENCES PTE LTD
biomed,sg,2017Q3,57139937,20170825,WIS TA LABORATORIES LTD | WISTA LAB LTD
biomed,sg,2017Q3,57376568,20170818,ONG TZE GUAN
biomed,sg,2017Q3,59313054,20170707,LEICA INSTR SINGAPORE PTE LTD
biomed,sg,2017Q3,59399428,20170725,WISTA LAB LTD
biomed,sg,2017Q3,59416753,20170710,EPITRONIC HOLDINGS PTE LTD
biomed,sg,2017Q3,59569287,20170724,TESSA THERAPEUTICS LTD | TESSA THERAPEUTICS PTE LTD
biomed,sg,2017Q3,59677155,20170809,HILL ROM SERVICES PTE LTD
biomed,sg,2017Q3,59828495,20170811,NAT UNIV SINGAPORE
biomed,sg,2017Q3,59829433,20170815,NAT UNIV SINGAPORE
biomed,sg,2017Q3,59901561,20170823,MACHNET SG PTE LTD
biomed,sg,2017Q3,59923448,20170921,VIATRIS ASIA PACIFIC PTD LTD | VIATRIS ASIA PACIFIC PTE LTD
biomed,sg,2017Q3,60119997,20170926,SINGAPORE HEALTH SERV PTE LTD | TESSA THERAPEUTICS LTD | TESSA THERAPEUTICS PTE LTD
biomed,sg,2017Q3,60389600,20170823,INHIBIO BIOSCIENCE PTE LTD
biomed,sg,2017Q3,60786876,20170703,AGENCY SCIENCE TECH & RES
biomed,sg,2017Q3,60912948,20170704,AGENCY SCIENCE TECH & RES
biomed,sg,2017Q3,60992453,20170721,AGENCY SCIENCE TECH & RES
biomed,sg,2017Q3,61016433,20170726,AGENCY SCIENCE TECH & RES
biomed,sg,2017Q3,61016619,20170724,WAVE LIFE SCIENCES LTD
biomed,sg,2017Q3,61017062,20170726,SINGAPORE HEALTH SERV PTE LTD | UNIV NANYANG TECH
biomed,sg,2017Q3,61017118,20170731,AGENCY SCIENCE TECH & RES
biomed,sg,2017Q3,61071665,20170804,PERFORMANCE LABS PTE LTD
biomed,sg,2017Q3,61131960,20170907,CREDO BIOMEDICAL PTE LTD | CREDO DIAGNOSTICS BIOMEDICAL PTE LTD
biomed,sg,2017Q3,61160620,20170731,Silanna UV Technologies Pte Ltd
biomed,sg,2017Q3,61163125,20170810,NAT UNIV SINGAPORE
biomed,sg,2017Q3,61163262,20170808,STRUCTO PTE LTD
biomed,sg,2017Q3,61196932,20170818,NAT UNIV SINGAPORE
biomed,sg,2017Q3,61240335,20170811,SCINOPHARM SINGAPORE PTE LTD
biomed,sg,2017Q3,61242288,20170828,AMS SENSORS SINGAPORE PTE LTD | HEPTAGON MICRO OPTICS PTE LTD
biomed,sg,2017Q3,61246095,20170828,AGENCY SCIENCE TECH & RES
biomed,sg,2017Q3,61246142,20170823,JCS BIOTECH PTE LTD | JCS Biotech Ptd Ltd
biomed,sg,2017Q3,61281797,20170906,HEPTAGON MICRO OPTICS PTE LTD
biomed,sg,2017Q3,61301216,20170830,UNIV NANYANG TECH
biomed,sg,2017Q3,61309054,20170831,AGENCY SCIENCE TECH & RES
biomed,sg,2017Q3,61558567,20170816,DELTA ELECTRONICS INTL SINGAPORE PTE LTD
biomed,sg,2017Q3,61558818,20170911,DELTA ELECTRONICS INTL SINGAPORE PTE LTD | DELTA ELECTRONICS INT’L SINGAPORE PTE LTD
biomed,sg,2017Q3,61561985,20170908,AGENCY SCIENCE TECH & RES
biomed,sg,2017Q3,61562213,20170907,AGENCY SCIENCE TECH & RES | TAN TOCK SENG HOSPITAL | TAN TOCK SENG HOSPITAL PTE LTD
biomed,sg,2017Q3,61562838,20170818,NAT UNIV SINGAPORE | SINGAPORE HEALTH SERV PTE LTD
biomed,sg,2017Q3,61617477,20170816,DELTA ELECTRONICS INTL SINGAPORE PTE LTD
biomed,sg,2017Q3,61618951,20170915,POULADI MAHMOUD ABDULHOSSEIN
biomed,sg,2017Q3,61619661,20170914,AGENCY SCIENCE TECH & RES | NAT UNIV SINGAPORE
biomed,sg,2017Q3,61619692,20170914,SINGAPORE HEALTH SERV PTE LTD | UNIV NANYANG TECH
biomed,sg,2017Q3,61687456,20170923,ANX IP HOLDING PTE LTD
biomed,sg,2017Q3,61689238,20170921,AGENCY SCIENCE TECH & RES
biomed,sg,2017Q3,61689240,20170915,AGENCY SCIENCE TECH & RES
biomed,sg,2017Q3,61689242,20170915,AGENCY SCIENCE TECH & RES
biomed,sg,2017Q3,61689244,20170920,UNIV NANYANG TECH
biomed,sg,2017Q3,61689245,20170912,UNIV NANYANG TECH
biomed,sg,2017Q3,61690224,20170904,STR8BAT SPORTS TECH SOLUTIONS OTE | STR8BAT SPORTS TECH SOLUTIONS PTE LTD
biomed,sg,2017Q3,61691101,20170926,SECQURE SURGICAL PTE LTD
biomed,sg,2017Q3,61759980,20170927,ORCHID MEDICAL PTE LTD
biomed,sg,2017Q3,61760038,20170929,UNIV NANYANG TECH
biomed,sg,2017Q3,61760669,20170929,UNIV NANYANG TECH
biomed,sg,2017Q3,61763181,20170926,BIOSYNGEN PTE LTD
biomed,sg,2017Q3,61831844,20170929,NAT UNIV SINGAPORE
biomed,sg,2017Q3,62020313,20170905,AMARANTH MEDICAL PTE
biomed,sg,2017Q3,62185493,20170728,PRESTIGE BIOPHARMA PTE LTD
biomed,sg,2017Q3,63113413,20170814,SIVANTOS PTE LTD
biomed,sg,2017Q3,63113414,20170814,SIVANTOS PTE LTD
biomed,sg,2017Q3,63448544,20170816,GUNASEKERAN DINESH VISVA | HEALTHLINK PROTOCOL PTE LTD | VISRE PTE LTD
biomed,sg,2017Q3,64802720,20170815,DELTA ELECTRONICS INTL SINGAPORE PTE LTD
biomed,sg,2017Q3,64998647,20170714,NSP TECH PTE LTD
biomed,sg,2017Q3,65002511,20170710,PUMPABLES PTE LTD
biomed,sg,2017Q3,65014910,20170718,CYNTEK PTE LID
biomed,sg,2017Q3,65014931,20170718,CYNTEK PTE LID
biomed,sg,2017Q3,65015277,20170720,NICAE SINGAPORE PTE LTD
biomed,sg,2017Q3,65041185,20170728,PRESTIGE BIOPHARMA PTE LTD
biomed,sg,2017Q3,65274851,20170808,AGENCY FOR SCIENCE TECH | AGENCY SCIENCE TECH & RES
biomed,sg,2017Q3,65362152,20170818,LU HAO | XU ZILONG
biomed,sg,2017Q3,65362684,20170817,NAT UNIV HOSPITAL SINGAPORE PTE LTD | NAT UNIV SINGAPORE
biomed,sg,2017Q3,65362686,20170817,IKO PTE LTD
biomed,sg,2017Q3,65525017,20170828,AGENCY SCIENCE TECH & RES
biomed,sg,2017Q3,65526570,20170915,LEICA INSTR SINGAPORE PTE LTD
biomed,sg,2017Q3,65527727,20170828,CHOO ALVIN | FULLERTON HEALTHCARE GROUP PTE LTD | TAN KIM SONG MICHAEL
biomed,sg,2017Q3,65630640,20170908,AGENCY FOR SCIENCE TECH AND RESEARCH ASTAR
biomed,sg,2017Q3,65633716,20170905,MICROMERTICS TECH PTE LTD | MICROMETRICS TECH PTE LTD
biomed,sg,2017Q3,65638423,20170922,SIVANTOS PTE LTD
biomed,sg,2017Q3,65809930,20170925,AGENCY SCIENCE TECH & RES
biomed,sg,2017Q4,38957678,20171213,ORBUSNEICH MEDICAL PTE LTD
biomed,sg,2017Q4,43222201,20171121,AGENCY SCIENCE TECH & RES
biomed,sg,2017Q4,43431412,20171130,TEMASEK POLYTECHNIC
biomed,sg,2017Q4,45831852,20171211,SINGAPORE HEALTH SERV PTE LTD
biomed,sg,2017Q4,46489181,20171026,SMITH & NEPHEW ASIA PACIFIC PTE LTD
biomed,sg,2017Q4,48014639,20171011,AGENCY FOR SCIENCE TECH AND RESEARCH A*STAR | NAT UNIV SINGAPORE
biomed,sg,2017Q4,48044004,20171213,UNIV NANYANG TECH
biomed,sg,2017Q4,48141476,20171218,TELEFLEX LIFE SCIENCES PTE LTD
biomed,sg,2017Q4,49630162,20171229,AGENCY SCIENCE TECH & RES
biomed,sg,2017Q4,51703130,20171025,AACHEN SCIENT INTERNATIONAL PTE LTD
biomed,sg,2017Q4,51986133,20171122,MyDoc Pte Ltd
biomed,sg,2017Q4,54367294,20171117,AGENCY SCIENCE TECH & RES | ONE BIOMED PTE LTD
biomed,sg,2017Q4,57538992,20171120,POWER OF PLATELETS PTE LTD
biomed,sg,2017Q4,57680660,20171017,AGENCY SCIENCE TECH & RES | NAT UNIV SINGAPORE | SINGAPORE HEALTH SERV PTE LTD
biomed,sg,2017Q4,57993733,20171122,VENKATASUBRAMANIAN ARUN
biomed,sg,2017Q4,58284610,20171215,NAT UNIV SINGAPORE | SINGAPORE HEALTH SERV PTE LTD
biomed,sg,2017Q4,58284615,20171215,NAT UNIV SINGAPORE | SINGAPORE HEALTH SERV PTE LTD
biomed,sg,2017Q4,58284684,20171221,WISTA LAB LTD
biomed,sg,2017Q4,59439117,20171123,HUMANBODY SPACE AI MEDTECH GROUP PTE LTD
biomed,sg,2017Q4,60191450,20171023,CELLIGENICS PTE LTD
biomed,sg,2017Q4,60191507,20171013,NAT UNIV SINGAPORE
biomed,sg,2017Q4,60294401,20171019,ILLUMINA SINGAPORE PTE LTD
biomed,sg,2017Q4,60320962,20171017,NAT UNIV SINGAPORE
biomed,sg,2017Q4,60702846,20171018,PEACH INTELLIHEALTH PTE LTD
biomed,sg,2017Q4,60782005,20171220,EPIC MEDICAL PTE LTD
biomed,sg,2017Q4,60812116,20171205,AWAK TECH PTE LTD | TEMASEK POLYTECHNIC
biomed,sg,2017Q4,60915375,20171228,LEICA INSTR SINGAPORE PTE LTD
biomed,sg,2017Q4,60915498,20171215,NAT UNIV SINGAPORE | SINGAPORE HEALTH SERV PTE LTD
biomed,sg,2017Q4,60972315,20171227,IMUNAMI LABORATORIES PTE LTD
biomed,sg,2017Q4,60990583,20171222,LEICA INSTR SINGAPORE PTE LTD
biomed,sg,2017Q4,61757529,20171005,ORBUSNEICH MEDICAL PTE LTD
biomed,sg,2017Q4,61831159,20171006,NAT UNIV SINGAPORE
biomed,sg,2017Q4,61831934,20171008,SINGAPORE ZE&Z INT PTE LTD
biomed,sg,2017Q4,61832065,20171005,CELLRESEARCH CORP PTE LTD
biomed,sg,2017Q4,61905712,20171013,AGENCY SCIENCE TECH & RES
biomed,sg,2017Q4,61906231,20171010,AGENCY SCIENCE TECH & RES | SINGAPORE HEALTH SERV PTE LTD | SINGHEALTH SERVICES PTE LTD
biomed,sg,2017Q4,61906368,20171013,UNIV NANYANG TECH
biomed,sg,2017Q4,61906408,20171012,AGENCY SCIENCE TECH & RES
biomed,sg,2017Q4,61970949,20171020,NANYANG TECH UNVERSITY | UNIV NANYANG TECH
biomed,sg,2017Q4,62019274,20171017,AGENCY SCIENCE TECH & RES | UNIV NANYANG TECH
biomed,sg,2017Q4,62019597,20171020,AGENCY SCIENCE TECH & RES
biomed,sg,2017Q4,62025332,20171016,AGENCY SCIENCE TECH & RES
biomed,sg,2017Q4,62076972,20171102,UNIV NANYANG TECH
biomed,sg,2017Q4,62110713,20171109,TAM JAMES P | UNIV NANYANG TECH
biomed,sg,2017Q4,62110716,20171110,AGENCY SCIENCE TECH & RES | NAT UNIV SINGAPORE
biomed,sg,2017Q4,62145737,20171116,AGENCY SCIENCE TECH & RES
biomed,sg,2017Q4,62146740,20171106,VASCUROS MEDICAL PTE LTD
biomed,sg,2017Q4,62193475,20171122,NAT UNIV SINGAPORE
biomed,sg,2017Q4,62195558,20171123,AGENCY SCIENCE TECH & RES | NAT UNIV SINGAPORE | TAN TOCK SENG HOSPITAL
biomed,sg,2017Q4,62196188,20171124,UNIV NANYANG TECH
biomed,sg,2017Q4,62241855,20171129,UNIV NANYANG TECH
biomed,sg,2017Q4,62242639,20171129,AGENCY FOR SCIENCE TECH END RESEARCH | AGENCY SCIENCE TECH & RES
biomed,sg,2017Q4,62491330,20171205,AGENCY SCIENCE TECH & RES | SINGAPORE HEALTH SERV PTE LTD
biomed,sg,2017Q4,62492355,20171207,NAT UNIV SINGAPORE
biomed,sg,2017Q4,62492365,20171208,NAT UNIV SINGAPORE
biomed,sg,2017Q4,62559028,20171215,AGENCY SCIENCE TECH & RES
biomed,sg,2017Q4,62559051,20171214,AGENCY SCIENCE TECH & RES
biomed,sg,2017Q4,62559749,20171215,TEMASEK LIFE SCIENCES LABORATORY LTD
biomed,sg,2017Q4,62625659,20171221,HILL ROM SERVICES PTE LTD
biomed,sg,2017Q4,62626894,20171220,UNIV NANYANG TECH
biomed,sg,2017Q4,62626898,20171221,AGENCY SCIENCE TECH & RES
biomed,sg,2017Q4,62626910,20171220,AGENCY SCIENCE TECH & RES
biomed,sg,2017Q4,62627859,20171222,AGENCY SCIENCE TECH & RES
biomed,sg,2017Q4,62708292,20171213,FLEX LTD
biomed,sg,2017Q4,62709756,20171229,AGENCY SCIENCE TECH & RES
biomed,sg,2017Q4,62710061,20171229,LEE LUKE P
biomed,sg,2017Q4,62710123,20171229,NEPHTECH PTE LTD
biomed,sg,2017Q4,62710788,20171229,AEA INT HOLDINGS PTE LTD
biomed,sg,2017Q4,62840585,20171226,AGENCY SCIENCE TECH & RES
biomed,sg,2017Q4,63685190,20171221,BIOCEUTICALS PTE LTD
biomed,sg,2017Q4,64051295,20171030,DELTA ELECTRONICS INTL SINGAPORE PTE LTD | UNIV NANYANG TECH
biomed,sg,2017Q4,64184154,20171030,XYLONIX IP HOLDINGS PTE LTD
biomed,sg,2017Q4,64277497,20171130,SIVANTOS PTE LTD
biomed,sg,2017Q4,64395752,20171017,KRONIKARE PTE LTD
biomed,sg,2017Q4,64502786,20171227,IMUNAMI LABORATORIES PTE LTD
biomed,sg,2017Q4,64735043,20171017,AVAGO TECHNOLOGIES GENERAL IP
biomed,sg,2017Q4,65817066,20171011,LENOVO SINGAPORE PTE LTD
biomed,sg,2017Q4,65994977,20171003,AITREAT PTE LTD
biomed,sg,2017Q4,66247299,20171023,Global Healthcare SG Pte Ltd
biomed,sg,2017Q4,66247300,20171025,MOBILE HEALTH PTE LTD
biomed,sg,2017Q4,66287094,20171011,ILLUMINA SINGAPORE PTE LTD
biomed,sg,2017Q4,66328158,20171109,AGENCY FOR SCIENCE TECH | AGENCY SCIENCE TECH & RES
biomed,sg,2017Q4,66328512,20171106,LIFETRACK MEDICAL SYSTEMS PRIVATE LTD | SCHULZE ERIC
biomed,sg,2017Q4,66630749,20171123,DREAMWATER FLOAT
biomed,sg,2017Q4,66633916,20171128,AGENCY SCIENCE TECH & RES
biomed,sg,2017Q4,66657616,20171205,INST OF BIOENGINEERING AND NANOTECHNOLOGY | INST OF BIOENGINEERING AND NANOTECHNOLOGY BIOMEDICAL SCIENCES INST
biomed,sg,2017Q4,66673829,20171030,GOI LAI HUAT | LAI HUAT GOI
biomed,sg,2017Q4,66734308,20171212,AGENCY SCIENCE TECH & RES
biomed,sg,2017Q4,66734571,20171212,AGENCY SCIENCE TECH & RES
biomed,sg,2017Q4,66734757,20171212,AGENCY SCIENCE TECH & RES
biomed,sg,2017Q4,66734760,20171212,AGENCY SCIENCE TECH & RES
biomed,sg,2017Q4,66734787,20171212,AGENCY SCIENCE TECH & RES
biomed,sg,2017Q4,66815749,20171218,FLEX LTD
biomed,sg,2017Q4,67067957,20171229,AGENCY SCIENCE TECH & RES
biomed,sg,2018Q1,35781995,20180112,LIFE TECH HOLDINGS PTE LIMITED
biomed,sg,2018Q1,44511448,20180130,CURIOX BIOSYSTEMS PTE LTD
biomed,sg,2018Q1,47006127,20180209,RAZER ASIA PACIFIC PTE LTD
biomed,sg,2018Q1,49622125,20180129,RENEW GROUP PRIVATE LTD
biomed,sg,2018Q1,49673719,20180313,AGENCY SCIENCE TECH & RES
biomed,sg,2018Q1,49949112,20180226,UNIV NANYANG TECH
biomed,sg,2018Q1,49997646,20180108,AGENCY SCIENCE TECH & RES
biomed,sg,2018Q1,54017086,20180117,ST MICROELECTRONICS PTE LTD
biomed,sg,2018Q1,54196707,20180328,AGENCY SCIENCE TECH & RES
biomed,sg,2018Q1,54259019,20180323,AGENCY SCIENCE TECH & RES | SINGAPORE HEALTH SERV PTE LTD
biomed,sg,2018Q1,58463756,20180110,ALECTRONA PTE LTD | EPIONE RES AND DEVELOPMENT INSTITURE LTD | EPIONE RES AND DEVELOPMENT INSTITUTE LTD | REA GENETICS PTE LTD | RHEA GENETICS PTE LTD
biomed,sg,2018Q1,59715996,20180105,AAC TECHNOLOGIES PTE LTD
biomed,sg,2018Q1,61007613,20180119,LEICA INSTR SINGAPORE PTE LTD
biomed,sg,2018Q1,61007750,20180118,YISHENG BIOPHARMA SINGAPORE PTE LTD
biomed,sg,2018Q1,61024607,20180118,EPIC MEDICAL PTE LTD
biomed,sg,2018Q1,61054145,20180119,LEICA INSTR SINGAPORE PTE LTD
biomed,sg,2018Q1,61132047,20180130,LEICA INSTR SINGAPORE PTE LTD
biomed,sg,2018Q1,61189374,20180209,LEICA INSTR SINGAPORE PTE LTD
biomed,sg,2018Q1,61189503,20180119,ASLAN PHARMACEUTICALS PTE LTD
biomed,sg,2018Q1,61189504,20180119,ASLAN PHARMACEUTICALS PTE LTD
biomed,sg,2018Q1,61223877,20180119,TESSA THERAPEUTICS LTD | TESSA THERAPEUTICS PTE LTD
biomed,sg,2018Q1,61231313,20180125,Vios Medical Singapore PTE LTD
biomed,sg,2018Q1,61283006,20180223,LEICA INSTR SINGAPORE PTE LTD
biomed,sg,2018Q1,61283007,20180223,LEICA INSTR SINGAPORE PTE LTD
biomed,sg,2018Q1,61283106,20180221,HILL ROM SERVICES PTE LTD | SERVICES PTE LTD
biomed,sg,2018Q1,61521289,20180215,LEICA INSTR SINGAPORE PTE LTD
biomed,sg,2018Q1,61563129,20180227,LEICA INSTR SINGAPORE PTE LTD
biomed,sg,2018Q1,61569254,20180301,SMITH & NEPHEW ASIA PACIFIC PTE LTD
biomed,sg,2018Q1,61580986,20180306,LEICA INSTR SINGAPORE PTE LTD
biomed,sg,2018Q1,61622624,20180215,SMITH & NEPHEW ASIA PACIFIC PTE LTD | SMITH & NEPHEW PTE LTD | SMITH&NEPHEW PTE LTD
biomed,sg,2018Q1,61691686,20180316,LEICA INSTR SINGAPORE PTE LTD
biomed,sg,2018Q1,61731406,20180329,IOTA MEDTECH PTE LTD
biomed,sg,2018Q1,61899166,20180314,VIATRIS ASIA PACIFIC PTE LTD
biomed,sg,2018Q1,61966047,20180301,ASLAN PHARMACEUTICALS PTE LTD
biomed,sg,2018Q1,62027940,20180329,HUMMINGBIRD BIOSCIENCE HOLDINGS PTE LTD
biomed,sg,2018Q1,62027941,20180329,HUMMINGBIRD BIOSCIENCE HOLDINGS LTD | HUMMINGBIRD BIOSCIENCE HOLDINGS PTE LTD | HUMMINGBIRD BIOSCIENCE PTE LTD
biomed,sg,2018Q1,62708707,20180103,PERFORMANCE LABS PTE LTD
biomed,sg,2018Q1,62789471,20180108,AGENCY SCIENCE TECH & RES
biomed,sg,2018Q1,62789493,20180105,AGENCY SCIENCE TECH & RES
biomed,sg,2018Q1,62838900,20180117,SCINOPHARM SINGAPORE PTE LTD
biomed,sg,2018Q1,62840237,20180112,CINTECHCO TECH PTE LTD | QUINTECH LIFESCIENCES PTE LTD | UNIV NANYANG TECH
biomed,sg,2018Q1,62840239,20180112,UNIV NANYANG TECH
biomed,sg,2018Q1,62908348,20180118,AGENCY SCIENCE TECH & RES | NAT UNIV SINGAPORE | POULADI MAHMOUD ABDULHOSSEIN
biomed,sg,2018Q1,62908783,20180122,AGENCY SCIENCE TECH & RES
biomed,sg,2018Q1,62908802,20180122,AGENCY SCIENCE TECH & RES
biomed,sg,2018Q1,62909195,20180117,NAT UNIV SINGAPORE
biomed,sg,2018Q1,62909275,20180117,TEMASEK LIFE SCIENCES LABORATORY LTD
biomed,sg,2018Q1,62909288,20180117,AGENCY FOR SCIENCE RESEARCH AND TECH | AGENCY SCIENCE TECH & RES
biomed,sg,2018Q1,62977397,20180328,DELTA ELECTRONICS INTL SINGAPORE PTE LTD
biomed,sg,2018Q1,62978633,20180123,NANYANG POLYTECHNIC | TAN TOCK SENG HOSPITAL | TAN TOCK SENG HOSPITAL PTE LTD
biomed,sg,2018Q1,63045974,20180320,RIWAY SINGAPORE PTE LTD
biomed,sg,2018Q1,63107712,20180129,TEMASEK LIFE SCIENCES LABORATORY LTD
biomed,sg,2018Q1,63107758,20180209,AGENCY SCIENCE TECH & RES
biomed,sg,2018Q1,63107771,20180207,AGENCY SCIENCE TECH & RES
biomed,sg,2018Q1,63107773,20180207,AGENCY SCIENCE TECH & RES
biomed,sg,2018Q1,63108345,20180208,AGENCY SCIENCE TECH & RES
biomed,sg,2018Q1,63108370,20180208,AGENCY SCIENCE TECH & RES
biomed,sg,2018Q1,63169872,20180214,AGENCY SCIENCE TECH & RES
biomed,sg,2018Q1,63170652,20180215,NAT UNIV SINGAPORE | UNIV NANYANG TECH
biomed,sg,2018Q1,63170661,20180219,AGENCY SCIENCE TECH & RES
biomed,sg,2018Q1,63245625,20180221,NAT UNIV SINGAPORE
biomed,sg,2018Q1,63252286,20180226,AGENCY SCIENCE TECH & RES
biomed,sg,2018Q1,63253608,20180220,SINGAPORE HEALTH SERV PTE LTD | SINGAPORE HEALTH SERVICES PTD LTD
biomed,sg,2018Q1,63369537,20180301,UNIV NANYANG TECH
biomed,sg,2018Q1,63369542,20180301,NAT UNIV SINGAPORE
biomed,sg,2018Q1,63370953,20180219,NAT UNIV SINGAPORE
biomed,sg,2018Q1,63448038,20180305,EVEREST MEDICINES SINGAPORE PTE LTD
biomed,sg,2018Q1,63449067,20180301,AGENCY SCIENCE TECH & RES
biomed,sg,2018Q1,63520617,20180315,SCINOPHARM SINGAPORE PTE LTD
biomed,sg,2018Q1,63522726,20180316,CLEARLAB SG PTE LTD | UNIV NANYANG TECH
biomed,sg,2018Q1,63584576,20180326,AGENCY SCIENCE TECH & RES
biomed,sg,2018Q1,63584578,20180322,SINGAPORE HEALTH SERV PTE LTD
biomed,sg,2018Q1,63584712,20180320,UNIV NANYANG TECH
biomed,sg,2018Q1,63585622,20180323,AGENCY SCIENCE TECH & RES
biomed,sg,2018Q1,63585643,20180308,AGENCY SCIENCE TECH & RES
biomed,sg,2018Q1,63586206,20180323,AGENCY SCIENCE TECH & RES | NAT UNIV SINGAPORE
biomed,sg,2018Q1,63586549,20180322,SINGAPORE HEALTH SERV PTE LTD
biomed,sg,2018Q1,63672713,20180329,AGENCY SCIENCE TECH & RES
biomed,sg,2018Q1,63674319,20180326,ABM RESPIRATORY CARE PTE LTD
biomed,sg,2018Q1,63676404,20180327,NAT UNIV SINGAPORE
biomed,sg,2018Q1,63676418,20180327,AGENCY SCIENCE TECH & RES
biomed,sg,2018Q1,63676453,20180328,AGENCY SCIENCE TECH & RES
biomed,sg,2018Q1,63676571,20180328,AGENCY SCIENCE TECH & RES
biomed,sg,2018Q1,63676732,20180329,AGENCY SCIENCE TECH & RES | NAT UNIV SINGAPORE
biomed,sg,2018Q1,63677174,20180329,UNIV NANYANG TECH
biomed,sg,2018Q1,63677525,20180329,AGENCY SCIENCE TECH & RES
biomed,sg,2018Q1,63677701,20180329,AGENCY SCIENCE TECH & RES
biomed,sg,2018Q1,63678087,20180329,AGENCY SCIENCE TECH & RES
biomed,sg,2018Q1,63678088,20180329,NAT UNIV SINGAPORE
biomed,sg,2018Q1,63678095,20180329,AGENCY SCIENCE TECH & RES
biomed,sg,2018Q1,63678226,20180327,NAT UNIV SINGAPORE
biomed,sg,2018Q1,63678281,20180327,AGENCY SCIENCE TECH & RES
biomed,sg,2018Q1,63678287,20180329,AGENCY SCIENCE TECH & RES
biomed,sg,2018Q1,63678291,20180327,NAT UNIV SINGAPORE
biomed,sg,2018Q1,64332896,20180327,SIVANTOS PTE LTD
biomed,sg,2018Q1,65014008,20180119,NAT UNIV SINGAPORE
biomed,sg,2018Q1,65364010,20180213,SIVANTOS PTE LTD
biomed,sg,2018Q1,66590821,20180208,DELTA ELECTRONICS INTL SINGAPORE PTE LTD | DELTA ELECTRONICS INT’L SINGAPORE PTE LTD
biomed,sg,2018Q1,67143723,20180103,MICROPOINT TECH PTE LTD | NAT SKIN CENTRE S PTE LTD | NAT SKIN CENTRE SINGAPORE PTE LTD
biomed,sg,2018Q1,67143918,20180108,FLEX LTD
biomed,sg,2018Q1,67188690,20180110,DELTA ELECTRONICS INTL SINGAPORE PTE LTD | DELTA ELECTRONICS INT’L SINGAPORE PTE LTD | Delta Electronics Int'l (Singapore) Pte Ltd
biomed,sg,2018Q1,67213657,20180112,DELTA ELECTRONICS INTL SINGAPORE PTE LTD | DELTA ELECTRONICS INT’L SINGAPORE PTE LTD
biomed,sg,2018Q1,67301994,20180122,NAT UNIV SINGAPORE | SINGAPORE HEALTH SERV PTE LTD
biomed,sg,2018Q1,67476234,20180205,NUCLEUS DYNAMICS PTE LTD
biomed,sg,2018Q1,67476324,20180206,AGENCY FOR SCIENCE TECH AND RESEARCH ASTARSTAR
biomed,sg,2018Q1,67478184,20180205,CHANGI GENERAL HOSPITAL PTE LTD | NEC ASIA PACIFIC PTE LTD
biomed,sg,2018Q1,67478361,20180205,CANDLEJOY PTE LTD | FRANCIS KWOK | KWOK FRANCIS
biomed,sg,2018Q1,67478693,20180202,NEC ASIA PACIFIC PTE LTD
biomed,sg,2018Q1,67479048,20180131,NEC ASIA PACIFIC PTE LTD
biomed,sg,2018Q1,67540413,20180213,DELTA ELECTRONICS INTL SINGAPORE PTE LTD | DELTA ELECTRONICS INT’L SINGAPORE PTE LTD
biomed,sg,2018Q1,67548079,20180207,SINGAPORE POLYTECHNIC
biomed,sg,2018Q1,67549178,20180212,SINGAPORE HEALTH SERV PTE LTD
biomed,sg,2018Q1,67618806,20180214,YIP CHOI MEI
biomed,sg,2018Q1,67621044,20180213,AGENCY SCIENCE TECH & RES
biomed,sg,2018Q1,67684170,20180226,RENEW GROUP PRIVATE LTD
biomed,sg,2018Q1,67768074,20180302,DELTA ELECTRONICS INTL SINGAPORE PTE LTD | DELTA ELECTRONICS INT’L SINGAPORE PTE LTD | Delta Electronics Int'l (Singapore) Pte Ltd
biomed,sg,2018Q1,67847549,20180305,KAHA PTE LTD
biomed,sg,2018Q1,67904692,20180319,LENOVO SINGAPORE PTE LTD
biomed,sg,2018Q1,68055186,20180328,LENOVO SINGAPORE PTE LTD
biomed,sg,2018Q1,68056497,20180329,STRAND ROSS
biomed,sg,2018Q1,68056507,20180329,STRAND ROSS
biomed,sg,2018Q1,68056512,20180329,STRAND ROSS
biomed,sg,2018Q1,68056538,20180329,STRAND ROSS
biomed,sg,2018Q1,69138681,20180329,BACTOCLEAR HOLDINGS PTE LTD
biomed,sg,2018Q1,80444536,20180301,VIN DE BONA TRADING COMPANY PTE LTD
biomed,sg,2018Q2,26989902,20180403,SENGENICS CORP PTE LTD
biomed,sg,2018Q2,43922359,20180627,IX BIOPHARMA LTD
biomed,sg,2018Q2,48873739,20180418,SG MidiTech Pte Ltd
biomed,sg,2018Q2,49517674,20180606,SMITH & NEPHEW PTE LTD
biomed,sg,2018Q2,49769114,20180611,BLUE AQUA INT PTE LTD
biomed,sg,2018Q2,51654605,20180417,AGENCY SCIENCE TECH & RES
biomed,sg,2018Q2,53524187,20180525,SINGAPORE HEALTH SERV PTE LTD | UNIV NANYANG TECH
biomed,sg,2018Q2,54701351,20180621,SMITH & NEPHEW PTE LTD
biomed,sg,2018Q2,55167903,20180611,AGENCY SCIENCE TECH & RES
biomed,sg,2018Q2,58695765,20180511,XERAFY SINGAPORE PTE LTD
biomed,sg,2018Q2,58744515,20180418,NAT UNIV SINGAPORE
biomed,sg,2018Q2,59476447,20180418,AAC TECHNOLOGIES PTE LTD
biomed,sg,2018Q2,59811459,20180517,HCP HEALTHCARE ASIA PTE LTD
biomed,sg,2018Q2,60271737,20180606,POINTED BIOTECH PTE LTD
biomed,sg,2018Q2,60923542,20180516,HCP HEALTHCARE ASIA PTE LTD
biomed,sg,2018Q2,62067769,20180403,MATTEUCCI GIANFRANCO
biomed,sg,2018Q2,62201682,20180430,WINNER SG PTE LTD
biomed,sg,2018Q2,62235767,20180502,BIOSIGNS PTE LTD
biomed,sg,2018Q2,62386608,20180404,ADVENT ACCESS PTE LTD
biomed,sg,2018Q2,62495552,20180517,AGENCY SCIENCE TECH & RES
biomed,sg,2018Q2,62528819,20180504,NAT UNIV SINGAPORE | SINGAPORE HEALTH SERV PTE LTD
biomed,sg,2018Q2,62713060,20180525,WESTCOM SOLUTIONS PTE LTD
biomed,sg,2018Q2,62948323,20180622,NAT UNIV SINGAPORE
biomed,sg,2018Q2,62976119,20180629,ASLAN PHARMACEUTICALS PTE LTD
biomed,sg,2018Q2,63036086,20180627,LIFE TECH HOLDING PTE LTD | LIFE TECH HOLDINGS PTE LIMITED | LIFE TECH HOLDINGS PTE LTD
biomed,sg,2018Q2,63712605,20180406,NANYANG POLYTECHNIC | NAT HEART CENTRE SINGAPORE | SINGAPORE HEALTH SERV PTE LTD
biomed,sg,2018Q2,63713388,20180405,CHENG KONG LEONG | CURIOX BIOSYSTEMS PTE LTD
biomed,sg,2018Q2,63791346,20180412,PERFORMANCE LABS PTE LTD
biomed,sg,2018Q2,63791405,20180413,ORBUSNEICH MEDICAL PTE LTD
biomed,sg,2018Q2,63792598,20180413,UNIV NANYANG TECH
biomed,sg,2018Q2,63855410,20180418,NAT UNIV SINGAPORE
biomed,sg,2018Q2,64014506,20180503,AGENCY SCIENCE TECH & RES
biomed,sg,2018Q2,64096452,20180502,ILLUMINA SINGAPORE PTE LTD
biomed,sg,2018Q2,64102590,20180510,NAT UNIV SINGAPORE
biomed,sg,2018Q2,64102591,20180514,AGENCY SCIENCE TECH & RES
biomed,sg,2018Q2,64102592,20180511,NAT UNIV SINGAPORE
biomed,sg,2018Q2,64105696,20180606,MPLUS MEDICAL DEVICE CORP PTE LTD
biomed,sg,2018Q2,64273371,20180517,AMCURE BIOSCIENCES PTE LTD
biomed,sg,2018Q2,64274531,20180521,NAT UNIV SINGAPORE
biomed,sg,2018Q2,64274536,20180515,AGENCY SCIENCE TECH & RES
biomed,sg,2018Q2,64328036,20180418,PIVIPI LABS PTE LTD | PVP LABS PTE LTD
biomed,sg,2018Q2,64395757,20180517,ARECO INT PTE LTD
biomed,sg,2018Q2,64396907,20180524,NAT UNIV SINGAPORE
biomed,sg,2018Q2,64396916,20180523,NAT UNIV SINGAPORE
biomed,sg,2018Q2,64455499,20180430,ASLAN PHARMACEUTICALS PTE LTD
biomed,sg,2018Q2,64455527,20180430,ASLAN PHARMACEUTICALS PTE LTD
biomed,sg,2018Q2,64455646,20180601,WAVE LIFE SCIENCES LTD
biomed,sg,2018Q2,64456045,20180530,AGENCY SCIENCE TECH & RES
biomed,sg,2018Q2,64456268,20180601,WAVE LIFE SCIENCES LTD
biomed,sg,2018Q2,64456312,20180601,WAVE LIFE SCIENCES LTD
biomed,sg,2018Q2,64456369,20180528,SKAINOM PTE LTD
biomed,sg,2018Q2,64566008,20180607,NAT UNIV SINGAPORE
biomed,sg,2018Q2,64566518,20180607,NAT UNIV SINGAPORE
biomed,sg,2018Q2,64567385,20180611,STRUCTO PTE LTD
biomed,sg,2018Q2,64567387,20180605,NAT UNIV SINGAPORE
biomed,sg,2018Q2,64656917,20180612,Matralix Pte Ltd
biomed,sg,2018Q2,64657184,20180622,NAT UNIV SINGAPORE
biomed,sg,2018Q2,64658668,20180611,NGEE ANN POLYTECHNIC | SINGAPORE NAT EYE CENTER PTE LTD | SINGAPORE NAT EYE CENTRE PTE LTD
biomed,sg,2018Q2,64691293,20180626,LIFESTYLES HEALTHCARE PTE LTD
biomed,sg,2018Q2,64691667,20180621,SMITH & NEPHEW PTE LTD
biomed,sg,2018Q2,64734367,20180626,SCINOPHARM SINGAPORE PTE LTD
biomed,sg,2018Q2,64737377,20180621,WAVE LIFE SCIENCES LTD
biomed,sg,2018Q2,64742041,20180523,AGENCY FOR SCIENCE TECH AND RESEARCH ASTARSTAR | AGENCY SCIENCE TECH & RES
biomed,sg,2018Q2,64742437,20180628,AGENCY SCIENCE TECH & RES
biomed,sg,2018Q2,65000812,20180424,FLEX LTD
biomed,sg,2018Q2,65014321,20180612,FLEX LTD
biomed,sg,2018Q2,66326881,20180622,NAT UNIV SINGAPORE
biomed,sg,2018Q2,66630262,20180618,SIVANTOS PTE LTD
biomed,sg,2018Q2,67003747,20180607,SMITH & NEPHEW ASIA PACIFIC PTE LTD | SMITH & NEPHEW PTD LTD | SMITH & NEPHEW PTE LTD
biomed,sg,2018Q2,68164877,20180410,LIM KAH MENG
biomed,sg,2018Q2,68386446,20180502,INNOSPARKS PTE LTD | ST ENG INNOSPARKS PTE LTD
biomed,sg,2018Q2,68613668,20180523,SMITH & NEPHEW PTE LTD
biomed,sg,2018Q2,68697191,20180528,STRAND ROSS
biomed,sg,2018Q2,68697308,20180531,NGEE ANN POLYTECHNIC
biomed,sg,2018Q2,68769872,20180604,VISION QUEST DESIGN PTE LTD
biomed,sg,2018Q2,68770852,20180611,OSIM INT PTE LTD
biomed,sg,2018Q2,68842964,20180612,ST ENG LAND SYSTEMS LTD
biomed,sg,2018Q2,68843419,20180614,BARK TECH PTE LTD
biomed,sg,2018Q2,68980985,20180620,AGENCY SCIENCE TECH & RES
biomed,sg,2018Q2,68981157,20180622,XU YING
biomed,sg,2018Q2,68981479,20180620,AGENCY SCIENCE TECH & RES
biomed,sg,2018Q2,68983410,20180620,AGENCY SCIENCE TECH & RES
biomed,sg,2018Q2,68985919,20180625,RACER TECH PTE LTD
biomed,sg,2018Q2,69383110,20180629,ASLAN PHARMACEUTICALS PTE LTD
biomed,sg,2018Q3,44645786,20180828,NG YUE LING
biomed,sg,2018Q3,47668720,20180716,UNIV NANYANG TECH
biomed,sg,2018Q3,52432179,20180809,AGENCY SCIENCE TECH & RES
biomed,sg,2018Q3,52689164,20180711,AGENCY SCIENCE TECH & RES
biomed,sg,2018Q3,59771766,20180724,NAT UNIV SINGAPORE
biomed,sg,2018Q3,59974604,20180711,HCP HEALTHCARE ASIA PTE | HCP HEALTHCARE ASIA PTE LTD
biomed,sg,2018Q3,60020057,20180712,HCP HEALTHCARE ASIA PTE
biomed,sg,2018Q3,63014990,20180706,NAT UNIV SINGAPORE
biomed,sg,2018Q3,63036298,20180703,MATTEUCCI GIANFRANCO
biomed,sg,2018Q3,63103761,20180711,HILL ROM SERVICES PTE LTD
biomed,sg,2018Q3,63209748,20180803,LAW ANGWEI
biomed,sg,2018Q3,63371619,20180823,EPIC MEDICAL PTE LTD
biomed,sg,2018Q3,63524350,20180801,YISHENG BIOPHARMA (SINGAPORE) PTE LTD | YISHENG BIOPHARMA SINGAPORE PTE LTD
biomed,sg,2018Q3,63592691,20180905,WISTA LAB LTD
biomed,sg,2018Q3,63592757,20180718,SENESCENCE LIFE SCIENCES PTE LTD
biomed,sg,2018Q3,63684576,20180907,NAT UNIV SINGAPORE
biomed,sg,2018Q3,63794586,20180816,UNIV NANYANG TECH
biomed,sg,2018Q3,64051615,20180905,EPITRONIC HOLDINGS PTE LTD
biomed,sg,2018Q3,64051616,20180905,EPITRONIC HOLDINGS PTE LTD
biomed,sg,2018Q3,64656283,20180822,UBER DIAGNOSTICS PTE LTD
biomed,sg,2018Q3,64742555,20180702,AGENCY SCIENCE TECH & RES
biomed,sg,2018Q3,64845240,20180918,ANX IIP HOLDING PTE LTD | ANX IP HOLDING PTE LTD
biomed,sg,2018Q3,64904396,20180808,ORBUSNEICH MEDICAL PTE LTD
biomed,sg,2018Q3,64950237,20180703,AGENCY SCIENCE TECH & RES
biomed,sg,2018Q3,64950253,20180704,AGENCY SCIENCE TECH & RES
biomed,sg,2018Q3,64951209,20180704,VASCUROS MEDICAL
biomed,sg,2018Q3,65002616,20180711,AGENCY SCIENCE TECH & RES
biomed,sg,2018Q3,65002654,20180706,AGENCY FOR SCIENCE TECH AND RESEARCH ASTARSTAR
biomed,sg,2018Q3,65014235,20180905,EPITRONIC HOLDINGS PTE LTD
biomed,sg,2018Q3,65016083,20180717,WOLFCREEK BIOTECH PTE LTD
biomed,sg,2018Q3,65039717,20180726,NITTO DENKO CORP
biomed,sg,2018Q3,65040302,20180730,NATARAJAN KRISHNAMURTHY
biomed,sg,2018Q3,65040495,20180713,NATURION PTE LTD
biomed,sg,2018Q3,65040684,20180724,NAT UNIV SINGAPORE | SINGAPORE HEALTH SERV PTE LTD
biomed,sg,2018Q3,65041288,20180727,NAT UNIV SINGAPORE
biomed,sg,2018Q3,65041344,20180726,AGENCY SCIENCE TECH & RES
biomed,sg,2018Q3,65050581,20180712,NAT UNIV SINGAPORE
biomed,sg,2018Q3,65201140,20180823,ENERGAIA PTE LTD
biomed,sg,2018Q3,65231396,20180809,MediSix Therapeutics Pte Ltd | NAT UNIV SINGAPORE
biomed,sg,2018Q3,65232991,20180702,AGENCY SCIENCE TECH & RES
biomed,sg,2018Q3,65233018,20180731,AGENCY SCIENCE TECH & RES
biomed,sg,2018Q3,65234024,20180801,UNIV NANYANG TECH
biomed,sg,2018Q3,65234054,20180802,UNIV NANYANG TECH
biomed,sg,2018Q3,65271277,20180808,UNIV NANYANG TECH
biomed,sg,2018Q3,65271538,20180807,WAFE LIFE SCIENCES LTD | WAVE LIFE SCIENCES LTD
biomed,sg,2018Q3,65271868,20180808,Kang Liat KENG
biomed,sg,2018Q3,65272433,20180813,AGENCY SCIENCE TECH & RES
biomed,sg,2018Q3,65273025,20180808,Poly Gain Pte Ltd
biomed,sg,2018Q3,65362023,20180813,AGENCY SCIENCE TECH & RES
biomed,sg,2018Q3,65362037,20180803,AYZER SENSE TECH PTE LTD | NGEE ANN POLYTECHNIC
biomed,sg,2018Q3,65362329,20180803,INTERVAAL PTE LTD
biomed,sg,2018Q3,65362592,20180814,AGENCY SCIENCE TECH & RES
biomed,sg,2018Q3,65362769,20180814,NAT UNIV SINGAPORE
biomed,sg,2018Q3,65434580,20180827,LI XIAOPING | XIA QIAN
biomed,sg,2018Q3,65436857,20180829,LIFESTYLES HEALTHCARE PTE LTD
biomed,sg,2018Q3,65438787,20180827,UNIV NANYANG TECH
biomed,sg,2018Q3,65439799,20180822,NAT UNIV SINGAPORE | SINGAPORE HEALTH SERV PTE LTD
biomed,sg,2018Q3,65439869,20180823,CHISCAN HOLDINGS PTE LTD
biomed,sg,2018Q3,65524969,20180829,AGENCY SCIENCE TECH & RES
biomed,sg,2018Q3,65524979,20180829,AGENCY SCIENCE TECH & RES
biomed,sg,2018Q3,65525123,20180831,NAT UNIV SINGAPORE | SINGAPORE HEALTH SERV PTE LTD
biomed,sg,2018Q3,65526208,20180830,CHANGI GENERAL HOSPITAL PTE LTD
biomed,sg,2018Q3,65633964,20180907,AGENCY SCIENCE TECH & RES
biomed,sg,2018Q3,65633970,20180907,AGENCY SCIENCE TECH & RES
biomed,sg,2018Q3,65634047,20180905,AGENCY SCIENCE TECH & RES | SINGAPORE HEALTH SERV PTE LTD
biomed,sg,2018Q3,65634109,20180906,UNIV NANYANG TECH
biomed,sg,2018Q3,65722547,20180912,AGENCY SCIENCE TECH & RES
biomed,sg,2018Q3,65722550,20180914,AGENCY SCIENCE TECH & RES
biomed,sg,2018Q3,65722589,20180911,AGENCY SCIENCE TECH & RES
biomed,sg,2018Q3,65722617,20180913,NAT UNIV SINGAPORE
biomed,sg,2018Q3,65723422,20180917,WAVE LIFE SCIENCES LTD
biomed,sg,2018Q3,65903084,20180928,LAU CHIN CHEUNG ANDREW | TAY HSIEN TSUNG | TAY KIANG HIONG | TWO BIRDS MEDICAL PTE LTD
biomed,sg,2018Q3,66170348,20180918,ASLAN PHARMACEUTICALS PTE LTD
biomed,sg,2018Q3,66332875,20180928,AGENCY SCIENCE TECH & RES
biomed,sg,2018Q3,66381244,20180915,CHUA POH LENG JEFFREY
biomed,sg,2018Q3,66578784,20180912,PVP LABS PTE LTD
biomed,sg,2018Q3,67989026,20180711,FLEX LTD
biomed,sg,2018Q3,67989027,20180711,FLEX LTD
biomed,sg,2018Q3,67989028,20180711,FLEX LTD
biomed,sg,2018Q3,68164914,20180713,FLEX LTD
biomed,sg,2018Q3,69141524,20180712,SCINOPHARM SINGAPORE PTE LTD
biomed,sg,2018Q3,69162758,20180719,AGENCY SCIENCE TECH & RES
biomed,sg,2018Q3,69181772,20180724,NDR MEDICAL TECH PTE LTD
biomed,sg,2018Q3,69231954,20180730,KISODO PTE LTD
biomed,sg,2018Q3,69232004,20180802,EXOGEN PTE LTD
biomed,sg,2018Q3,69525971,20180816,NAT UNIV HOSPITAL SINGAPORE PTE LTD | NAT UNIV SINGAPORE
biomed,sg,2018Q3,69590770,20180907,SMITH & NEPHEW PTE LTD
biomed,sg,2018Q3,69593351,20180823,OCUVIX PTE LTD
biomed,sg,2018Q3,69593357,20180824,STRUCTO PTE LTD
biomed,sg,2018Q3,69641741,20180903,LITE ON SINGAPORE PTE LTD
biomed,sg,2018Q3,69643713,20180829,AGENCY SCIENCE TECH & RES | NAT UNIV SINGAPORE
biomed,sg,2018Q3,69716260,20180921,WESTCOM SOLUTIONS PTE LTD
biomed,sg,2018Q3,69722668,20180903,NEC ASIA PACIFIC PTE LTD
biomed,sg,2018Q3,69776634,20180913,ALEXANDRA HEALTH PTE LTD
biomed,sg,2018Q3,69779247,20180912,TECHSSISTED SURGICAL PTE LTD
biomed,sg,2018Q3,69887701,20180918,OSIM INT PTE LTD
biomed,sg,2018Q3,69888046,20180917,NAT UNIV HOSPITAL SINGAPORE PTE LTD | NGEE ANN POLYTECHNIC
biomed,sg,2018Q3,69945588,20180927,AGENCY SCIENCE TECH & RES
biomed,sg,2018Q3,69953568,20180924,NAT UNIV HOSPITAL SINGAPORE PTE LTD | NAT UNIV SINGAPORE
biomed,sg,2018Q4,32825316,20181025,FMC AGRO SINGAPORE PTE LTD
biomed,sg,2018Q4,44115165,20181114,TEMASEK LIFE SCIENCES LABORATORY LTD
biomed,sg,2018Q4,48783319,20181011,EU YAN SANG INT LTD
biomed,sg,2018Q4,49726546,20181130,MANLI INT LTD
biomed,sg,2018Q4,50031066,20181219,AGENCY SCIENCE TECH & RES
biomed,sg,2018Q4,51208228,20181109,PEDRA TECH PTE LTD
biomed,sg,2018Q4,52744542,20181226,NAT UNIV SINGAPORE | NAT UNIVERESITY OF SINGAPORE
biomed,sg,2018Q4,54072313,20181004,SMITH & NEPHEW PTE LTD
biomed,sg,2018Q4,54261183,20181115,AGENCY SCIENCE TECH & RES
biomed,sg,2018Q4,55406780,20181218,TELEFLEX LIFE SCIENCES PTE LTD
biomed,sg,2018Q4,60419099,20181012,NAT UNIV SINGAPORE
biomed,sg,2018Q4,60419332,20181012,NAT UNIV SINGAPORE | SINGAPORE HEALTH SERV PTE LTD
biomed,sg,2018Q4,60788411,20181113,PHOENIX MOLECULAR PTE LTD
biomed,sg,2018Q4,60950464,20181130,HUMMINGBIRD BIOSCIENCE HOLDINGS PTE LTD
biomed,sg,2018Q4,61007145,20181101,HUMMINGBIRD BIOSCIENCE HOLDINGS PTE LTD
biomed,sg,2018Q4,63058395,20181205,MACROGEN ASIA PACIFIC PTE LTD
biomed,sg,2018Q4,63840633,20181009,HILL ROM SERVICES PTE LTD
biomed,sg,2018Q4,63878469,20181016,SIVANTOS PTE LTD
biomed,sg,2018Q4,64049256,20181030,CARMENTIX PTE LTD
biomed,sg,2018Q4,64316482,20181101,HUMMINGBIRD BIOSCIENCE HOLDINGS PTE LTD | HUMMINGBIRD BIOSCIENCE PTE LTD
biomed,sg,2018Q4,64316483,20181101,HUMMINGBIRD BIOSCIENCE HOLDINGS PTE LTD
biomed,sg,2018Q4,64362498,20181109,AGENCY SCIENCE TECH & RES | EUCHLOE BIO PTE LTD
biomed,sg,2018Q4,64427177,20181025,ASLAN PHARMACEUTICALS PTE LTD
biomed,sg,2018Q4,64453557,20181025,ASLAN PHARMACEUTICALS PTE LTD
biomed,sg,2018Q4,64556956,20181113,TELEFLEX LIFE SCIENCES PTE LTD
biomed,sg,2018Q4,64564750,20181107,AGENCY SCIENCE TECH & RES
biomed,sg,2018Q4,64564831,20181120,NAT UNIV SINGAPORE | TESSA THERAPEUTICS PTE LTD
biomed,sg,2018Q4,64607281,20181025,ASLAN PHARMACEUTICALS PTE LTD
biomed,sg,2018Q4,64607282,20181025,ASLAN PHARMACEUTICALS PTE LTD
biomed,sg,2018Q4,64734103,20181130,MATTEUCCI GIANFRANCO
biomed,sg,2018Q4,64739383,20181112,HEALINT PTE LTD
biomed,sg,2018Q4,64755302,20181220,LEICA INSTR SINGAPORE PTE LTD
biomed,sg,2018Q4,64755350,20181221,LEICA INSTR SINGAPORE PTE LTD
biomed,sg,2018Q4,65023640,20181216,CREDO BIOMEDICAL PTE LTD | CREDO DIAGNOSTICS BIOMEDICAL PTE LTD
biomed,sg,2018Q4,65144766,20181230,ANX IP HOLDING PTE LTD
biomed,sg,2018Q4,65276215,20181128,ADVENT ACCESS PTE LTD
biomed,sg,2018Q4,65520364,20181226,AMS SENSORS SINGAPORE PTE LTD
biomed,sg,2018Q4,65994265,20181008,SINGAPORE HEALTH SERV PTE LTD
biomed,sg,2018Q4,65994965,20181005,ENDOMASTER PTE LTD
biomed,sg,2018Q4,65994978,20181004,INTEGRAL TECH S PTE LTD
biomed,sg,2018Q4,66101062,20181012,WAVE LIFE SCIENCES LTD
biomed,sg,2018Q4,66245796,20181029,LI XIAOPING | XIA QIAN
biomed,sg,2018Q4,66246326,20181024,NAT UNIV SINGAPORE
biomed,sg,2018Q4,66247267,20181023,NAT UNIV SINGAPORE
biomed,sg,2018Q4,66247287,20181024,SINGAPORE HEALTH SERV PTE LTD | UNIV NANYANG TECH
biomed,sg,2018Q4,66331412,20181031,NAT UNIV SINGAPORE
biomed,sg,2018Q4,66331440,20181031,UNIV NANYANG TECH
biomed,sg,2018Q4,66331457,20181102,AGENCY SCIENCE TECH & RES
biomed,sg,2018Q4,66331461,20181030,AGENCY SCIENCE TECH & RES
biomed,sg,2018Q4,66332918,20181031,NAT UNIV SINGAPORE
biomed,sg,2018Q4,66438174,20181109,UNIV NANYANG TECH
biomed,sg,2018Q4,66438868,20181109,ENDOMASTER PTE LTD
biomed,sg,2018Q4,66537768,20181114,UNIV SINGAPORE TECHNOLOGY & DESIGN
biomed,sg,2018Q4,66537770,20181114,NAT UNIV SINGAPORE
biomed,sg,2018Q4,66537772,20181115,AGENCY SCIENCE TECH & RES | NAT UNIV HOSPITAL SINGAPORE PTE LTD | NAT UNIV SINGAPORE
biomed,sg,2018Q4,66538750,20181114,NAT UNIV SINGAPORE
biomed,sg,2018Q4,66630744,20181123,IRNOVATE PTE LTD | NAT UNIV HOSPITAL SINGAPORE PTE LTD | NAT UNIV SINGAPORE | NATIONAL UNIV HOSPITAL (SINGAPORE) PTE LTD | THE BIOFACTORY PTE LTD
biomed,sg,2018Q4,66633935,20181019,AGENCY SCIENCE TECH & RES
biomed,sg,2018Q4,66665136,20181129,SINGAPORE HEALTH SERV PTE LTD
biomed,sg,2018Q4,66665138,20181129,AGENCY SCIENCE TECH & RES
biomed,sg,2018Q4,66749889,20181204,AGENCY SCIENCE TECH & RES
biomed,sg,2018Q4,66749890,20181205,UNIV NANYANG TECH
biomed,sg,2018Q4,66819036,20181211,AGENCY SCIENCE TECH & RES
biomed,sg,2018Q4,66819621,20181213,BACTOCLEAR HOLDINGS PTE LTD
biomed,sg,2018Q4,66820028,20181214,NAT UNIV SINGAPORE | SINGAPORE HEALTH SERV PTE LTD
biomed,sg,2018Q4,66820029,20181212,UNIV NANYANG TECH
biomed,sg,2018Q4,66820032,20181214,AGENCY SCIENCE TECH & RES | UNIV NANYANG TECH
biomed,sg,2018Q4,66820056,20181212,UNIV NANYANG TECH
biomed,sg,2018Q4,66992800,20181214,NAT UNIV SINGAPORE
biomed,sg,2018Q4,67063092,20181231,AGENCY SCIENCE TECH & RES
biomed,sg,2018Q4,67063096,20181228,TETSUYU HEALTHCARE HOLDINGS PTE LTD
biomed,sg,2018Q4,67064015,20181226,KAHA PTE LTD
biomed,sg,2018Q4,67064075,20181226,KAHA PTE LTD
biomed,sg,2018Q4,67066495,20181228,CHANGI GENERAL HOSPITAL PTE LTD | UNIV SINGAPORE TECHNOLOGY & DESIGN
biomed,sg,2018Q4,67066497,20181228,CHANGI GENERAL HOSPITAL PTE LTD
biomed,sg,2018Q4,67066508,20181129,PSLOVE PTE LTD
biomed,sg,2018Q4,67439131,20181101,CREDO BIOMEDICAL PTE LTD | CREDO DIAGNOSTICS BIOMEDICAL PTE LTD
biomed,sg,2018Q4,67822636,20181105,WISORIG TECH PTE LIMITED
biomed,sg,2018Q4,67842987,20181023,FLEX LTD
biomed,sg,2018Q4,68056817,20181105,HUMMINGBIRD BIOSCIENCE HOLDINGS LTD | HUMMINGBIRD BIOSCIENCE HOLDINGS PTE LTD | HUMMINGBIRD BIOSCIENCE PTE LTD
biomed,sg,2018Q4,68296575,20181012,FLEX LTD
biomed,sg,2018Q4,68386354,20181228,FITSON SINGAPORE PTE LTD
biomed,sg,2018Q4,68391819,20181211,ASIA GENOMICS PTE LTD
biomed,sg,2018Q4,68540695,20181030,RKS GLOBAL PTE LTD
biomed,sg,2018Q4,68811167,20181218,WISORIG TECH PTE LIMITED
biomed,sg,2018Q4,68838935,20181212,JATT PTE LTD
biomed,sg,2018Q4,69104442,20181221,THE NATIONAL UNIV OF SINGAPORE | UNIV NANYANG TECH
biomed,sg,2018Q4,70164726,20181011,MEDKLINN TECH PTE LTD
biomed,sg,2018Q4,70297539,20181016,AITREAT PTE LTD
biomed,sg,2018Q4,70332323,20181211,EKO AI PTE LTD
biomed,sg,2018Q4,70728618,20181121,INST OF BIOENGINEERING AND NANOTECHNOLOGY
biomed,sg,2018Q4,70733042,20181114,PREC MEDICAL PTE LTD | PreciX Pte Ltd
biomed,sg,2018Q4,70771266,20181128,AGENCY SCIENCE TECH & RES
biomed,sg,2018Q4,70771272,20181127,AGENCY SCIENCE TECH & RES
biomed,sg,2018Q4,70773350,20181120,NOVEX SCIENCE PTE LTD
biomed,sg,2018Q4,70774752,20181119,MEDO DX PTE LTD
biomed,sg,2018Q4,70972159,20181205,SMITH & NEPHEW PTE LTD
biomed,sg,2018Q4,71070085,20181203,TOP GLOVE INT SDN BHD
biomed,sg,2018Q4,71128839,20181226,OSIM INT PTE LTD
biomed,sg,2019Q1,41398594,20190313,ADVENT ACCESS PTE LTD
biomed,sg,2019Q1,42038404,20190329,NAT UNIV HOSPITAL SINGAPORE PTE LTD | NAT UNIV SINGAPORE
biomed,sg,2019Q1,47278634,20190211,TELEFLEX LIFE SCIENCES PTE LTD
biomed,sg,2019Q1,52142405,20190116,SINGAPORE HEALTH SERV PTE LTD
biomed,sg,2019Q1,52428218,20190311,AGENCY SCIENCE TECH & RES
biomed,sg,2019Q1,54259018,20190319,AGENCY SCIENCE TECH & RES
biomed,sg,2019Q1,54784137,20190115,AGENCY SCIENCE TECH & RES
biomed,sg,2019Q1,61192649,20190125,ACM BIOLABS PTE LTD
biomed,sg,2019Q1,61783821,20190219,ILLUMINA SINGAPORE PTE LTD
biomed,sg,2019Q1,65012029,20190114,AGENCY SCIENCE TECH & RES
biomed,sg,2019Q1,65276253,20190118,SINGAPORE HEALTH SERV PTE LTD
biomed,sg,2019Q1,65324162,20190131,LEICA INSTR (SINGAPORE) PTE LTD | LEICA INSTR SINGAPORE PTE LTD
biomed,sg,2019Q1,66102254,20190326,SMITH & NEPHEW PTE LTD | SNITH & NEPHEW ASIA PACIFIC PTE LTD
biomed,sg,2019Q1,66223605,20190329,MONANGE JOHANNA | MY SCENT PTE LTD
biomed,sg,2019Q1,66533869,20190118,ASLAN PHARMACEUTICALS PTE LTD
biomed,sg,2019Q1,66634187,20190123,ORBUSNEICH MEDICAL PTE LTD
biomed,sg,2019Q1,67139210,20190104,CHANG MATTHEW WOOK | HO CHUN LOONG
biomed,sg,2019Q1,67140326,20190107,PERFORMANCE LABS PTE LTD
biomed,sg,2019Q1,67144167,20190107,NAT UNIV SINGAPORE | UNIV NANYANG TECH
biomed,sg,2019Q1,67144237,20190107,PARAMEVIA PTE LTD | RADWISP PTE LTD
biomed,sg,2019Q1,67219339,20190114,AGENCY SCIENCE TECH & RES
biomed,sg,2019Q1,67301056,20190117,TEMASEK LIFE SCIENCES LABORATORY LTD
biomed,sg,2019Q1,67301058,20190118,ANTONY PRINCE JAMES SELVARAJ | MEMSIFT INNOVATIONS PTE LTD
biomed,sg,2019Q1,67301326,20190118,AGENCY SCIENCE TECH & RES
biomed,sg,2019Q1,67301327,20190115,UNIV NANYANG TECH
biomed,sg,2019Q1,67301802,20190117,AGENCY SCIENCE TECH & RES | UNIV NANYANG TECH
biomed,sg,2019Q1,67301995,20190115,AGENCY SCIENCE TECH & RES
biomed,sg,2019Q1,67395574,20190128,Huang ying ying | TAN CHIEH SUAI | VENKATRAMAN SUBRAMANIAN | XIONG MINRU GORDON
biomed,sg,2019Q1,67395655,20190122,NAT UNIV SINGAPORE
biomed,sg,2019Q1,67395665,20190129,UNIV NANYANG TECH
biomed,sg,2019Q1,67395695,20190125,AGENCY SCIENCE TECH & RES
biomed,sg,2019Q1,67478334,20190131,NUTRITION SCIENCE DESIGN PTE LTD
biomed,sg,2019Q1,67478357,20190130,UNIV NANYANG TECH
biomed,sg,2019Q1,67548043,20190207,AGENCY SCIENCE TECH & RES
biomed,sg,2019Q1,67548047,20190207,NAT UNIV SINGAPORE
biomed,sg,2019Q1,67549113,20190207,AGENCY SCIENCE TECH & RES
biomed,sg,2019Q1,67549175,20190212,STRUCTO PTE LTD
biomed,sg,2019Q1,67549311,20190207,NAT UNIV SINGAPORE
biomed,sg,2019Q1,67618807,20190215,SINGAPORE HEALTH SERV PTE LTD
biomed,sg,2019Q1,67618872,20190130,Wearne Digital Pte Ltd
biomed,sg,2019Q1,67619079,20190219,ILLUMINA SINGAPORE PTE LTD
biomed,sg,2019Q1,67621037,20190212,AGENCY SCIENCE TECH & RES
biomed,sg,2019Q1,67621039,20190213,AGENCY SCIENCE TECH & RES | NAT UNIV HOSPITAL SINGAPORE PTE LTD
biomed,sg,2019Q1,67686993,20190220,UNIV NANYANG TECH
biomed,sg,2019Q1,67687980,20190222,NAT UNIV SINGAPORE
biomed,sg,2019Q1,67687981,20190221,SINGAPORE HEALTH SERV PTE LTD
biomed,sg,2019Q1,67808797,20190214,AGENCY SCIENCE TECH & RES
biomed,sg,2019Q1,67808798,20190227,AGENCY SCIENCE TECH & RES | UNIV NANYANG TECH
biomed,sg,2019Q1,67808802,20190228,NITTO DENKO CORP
biomed,sg,2019Q1,67808805,20190228,NITTO DENKO CORP
biomed,sg,2019Q1,67808806,20190304,SINGAPORE HEALTH SERV PTE LTD
biomed,sg,2019Q1,67808807,20190228,NITTO DENKO CORP
biomed,sg,2019Q1,67808808,20190301,AGENCY SCIENCE TECH & RES
biomed,sg,2019Q1,67842959,20190307,FLEX LTD
biomed,sg,2019Q1,67843069,20190307,FLEX LTD
biomed,sg,2019Q1,67847559,20190306,AGENCY SCIENCE TECH & RES
biomed,sg,2019Q1,67903982,20190314,MENICON SINGAPORE PTE LTD
biomed,sg,2019Q1,67908433,20190315,AGENCY FOR SCIENCE TECH & RESEARCH | AGENCY SCIENCE TECH & RES
biomed,sg,2019Q1,67908435,20190315,NAT UNIV SINGAPORE
biomed,sg,2019Q1,67986793,20190225,METAGENOM BIO HOLDINGS PTE LTD
biomed,sg,2019Q1,67988078,20190226,BIOSIGNS PTE LTD
biomed,sg,2019Q1,67988439,20190322,AGENCY SCIENCE TECH & RES
biomed,sg,2019Q1,68060234,20190329,ASIA MEDICAL CENTER PRIVATE LTD | OZAKI MIWAKO
biomed,sg,2019Q1,68062635,20190328,SINGAPORE HEALTH SERV PTE LTD
biomed,sg,2019Q1,68062638,20190329,AGENCY SCIENCE TECH & RES
biomed,sg,2019Q1,68101154,20190329,NAT UNIV SINGAPORE
biomed,sg,2019Q1,68464922,20190314,HILL ROM SERVICES PTE LTD
biomed,sg,2019Q1,69526295,20190123,AGENCY FOR SCIENCE TECH AND RESEARCH ASTARSTAR | AGENCY FOR SCIENCE TECHNOLOGY AND RESEARCH ASTARSTAR | AGENCY SCIENCE TECH & RES | NAT UNIV SINGAPORE | NATIONAL UNIV OF SINGAPORE NUS
biomed,sg,2019Q1,69740504,20190215,BIORITHM PTE LTD
biomed,sg,2019Q1,69776669,20190111,ORBUSNEICH MEDICAL PTE LTD
biomed,sg,2019Q1,71490793,20190108,DELTA ELECTRONICS INTL SINGAPORE PTE LTD | DELTA ELECTRONICS INT’L SINGAPORE PTE LTD
biomed,sg,2019Q1,71521329,20190111,BIOBOT SURGICAL PTE LTD
biomed,sg,2019Q1,71521330,20190111,BIOBOT SURGICAL PTE LTD
biomed,sg,2019Q1,71522292,20190111,NAT UNIV SINGAPORE
biomed,sg,2019Q1,71613080,20190115,OKADA TOSHIYUKI
biomed,sg,2019Q1,71613082,20190115,OKADA TOSHIYUKI
biomed,sg,2019Q1,71613475,20190115,OKADA TOSHIYUKI
biomed,sg,2019Q1,71614096,20190115,NAT UNIV SINGAPORE | SINGAPORE HEALTH SERV PTE LTD
biomed,sg,2019Q1,71737446,20190123,AGENCY FOR SCIENCE TECH AND RESEARCH ASTARSTAR | AGENCY FOR SCIENCE TECH AND RESEARCH ASTARSTAR] | AGENCY FOR SCIENCE TECHNOLOGY AND RESEARCH ASTARSTAR | AGENCY FOR SCIENCE TECHNOLOGY AND RESEARCH ASTARSTAR] | NAT UNIV SINGAPORE
biomed,sg,2019Q1,71737452,20190125,WILMAR INTERNATIONAL LTD
biomed,sg,2019Q1,71867541,20190131,DELTA ELECTRONICS INT’L SINGAPORE PTE LTD
biomed,sg,2019Q1,72236502,20190301,HYTTO PTE LTD
biomed,sg,2019Q1,72240222,20190228,NAT UNIV SINGAPORE
biomed,sg,2019Q1,72338771,20190306,NAT UNIV SINGAPORE
biomed,sg,2019Q1,72338788,20190306,NAT UNIV SINGAPORE
biomed,sg,2019Q1,72604089,20190327,LENOVO SINGAPORE PTE LTD
biomed,sg,2019Q1,72604636,20190327,LENOVO SINGAPORE PTE LTD
biomed,sg,2019Q1,72607325,20190325,GLENN JR ROBERT WAYNE | OKADA TOSHIYUKI
biomed,sg,2019Q1,72609997,20190325,GENEJUNCTION PTE LTD
biomed,sg,2019Q1,72666893,20190329,AGENCY SCIENCE TECH & RES
biomed,sg,2019Q1,72667364,20190329,AGENCY SCIENCE TECH & RES | TAN TOCK SENG HOSPITAL PTE LTD
biomed,sg,2019Q1,72667446,20190329,AGENCY SCIENCE TECH & RES
biomed,sg,2019Q2,46932008,20190617,TELEFLEX LIFE SCIENCES PTE LTD
biomed,sg,2019Q2,49883077,20190508,SMITH & NEPHEW ASIA PACIFIC PTE LTD
biomed,sg,2019Q2,50731551,20190620,NAT UNIV SINGAPORE
biomed,sg,2019Q2,62494953,20190429,SMITH & NEPHEW PTE LTD
biomed,sg,2019Q2,62495019,20190429,SMITH & NEPHEW ASIA PACIFIC PTE LTD | SMITH & NEPHEW PTE LTD
biomed,sg,2019Q2,62495028,20190426,ENLEOFEN BIO PTE LTD
biomed,sg,2019Q2,63042160,20190613,ENLEOFEN BIO PTD LTD | ENLEOFEN BIO PTE LTD | NAT UNIV SINGAPORE | NATIONAL UNIV OF SINGAPORE [SG/SG] | SINGAPORE HEALTH SERV PTE LTD
biomed,sg,2019Q2,63042296,20190613,ENLEOFEN BIO PTD LTD | ENLEOFEN BIO PTE LTD | NAT UNIV SINGAPORE | NATIONAL UNIV OF SINGAPORE [SG/SG] | SINGAPORE HEALTH SERV PTE LTD
biomed,sg,2019Q2,63042729,20190625,TELEFLEX LIFE SCIENCES PTE LTD
biomed,sg,2019Q2,66248666,20190402,SMITH & NEPHEW PTE LTD
biomed,sg,2019Q2,66380199,20190417,SMITH & NEPHEW ASIA PACIFIC PTE LTD | SMITH & NEPHEW PTE LTD
biomed,sg,2019Q2,66429555,20190411,TYCHAN PTE LTD | TYSANA PTE LTD
biomed,sg,2019Q2,66530518,20190501,SMITH & NEPHEW ASIA PACIFIC PTE LTD | SMITH & NEPHEW PTE LTD
biomed,sg,2019Q2,66655225,20190527,LEICA INSTR SINGAPORE PTE LTD
biomed,sg,2019Q2,66655226,20190527,LEICA INSTR SINGAPORE PTE LTD
biomed,sg,2019Q2,66691024,20190516,SMITH & NEPHEW ASIA PACIFIC PTE LTD | SMITH & NEPHEW PTE LTD
biomed,sg,2019Q2,66691082,20190520,SMITH & NEPHEW ASIA PACIFIC PTE LTD | SMITH & NEPHEW PTE LTD
biomed,sg,2019Q2,66751877,20190527,LEICA INSTR SINGAPORE PTE LTD
biomed,sg,2019Q2,66794046,20190429,SMITH & NEPHEW ASIA PACIFIC PTE LTD | SMITH & NEPHEW PTE LTD
biomed,sg,2019Q2,66809907,20190416,ALECTRONA PTE LTD | RHEA GENETICS PTE LTD
biomed,sg,2019Q2,66821441,20190522,SMITH & NEPHEW ASIA PACIFIC PTE LTD | SMITH & NEPHEW PTE LTD
biomed,sg,2019Q2,66867830,20190529,LIFE TECH HOLDINGS PTE LIMITED
biomed,sg,2019Q2,66912861,20190614,LEICA INSTR SINGAPORE PTE LTD
biomed,sg,2019Q2,67002368,20190520,SMITH & NEPHEW ASIA PACIFIC PTE LTD | SMITH & NEPHEW PTE LTD
biomed,sg,2019Q2,67003579,20190613,23IKIGAI PTE LTD
biomed,sg,2019Q2,67107423,20190625,EVEREST MEDICINES SINGAPORE PTE LTD
biomed,sg,2019Q2,67108114,20190621,XYLONIX IP HOLDINGS PTE LTD | XYLONIX PTE LTD
biomed,sg,2019Q2,67108187,20190612,SMITH & NEPHEW ASIA PACIFIC PTE LTD | SMITH & NEPHEW PTE LTD
biomed,sg,2019Q2,67225856,20190617,Richards Health Group Pte Ltd
biomed,sg,2019Q2,67390033,20190628,HILL ROM SERVICES PTE LTD
biomed,sg,2019Q2,68098812,20190409,CELLRESEARCH CORP PTE LTD
biomed,sg,2019Q2,68101455,20190403,CELLRESEARCH CORP PTE LTD
biomed,sg,2019Q2,68163253,20190411,CELLRESEARCH CORP PTE LTD
biomed,sg,2019Q2,68163789,20190411,WAVE LIFE SCIENCES LTD
biomed,sg,2019Q2,68164876,20190410,SINGAPORE HEALTH SERV PTE LTD
biomed,sg,2019Q2,68233936,20190521,SMITH & NEPHEW ASIA PACIFIC PTE LTD | SMITH & NEPHEW PTE LTD
biomed,sg,2019Q2,68236127,20190416,NAT UNIV HOSPITAL SINGAPORE PTE LTD | NAT UNIV SINGAPORE
biomed,sg,2019Q2,68239193,20190415,NAT UNIV SINGAPORE
biomed,sg,2019Q2,68240605,20190417,ROCESO TECH PRIVATE LIMITED
biomed,sg,2019Q2,68295656,20190425,NAT UNIV SINGAPORE | UNIV NANYANG TECH
biomed,sg,2019Q2,68295826,20190429,AGENCY SCIENCE TECH & RES
biomed,sg,2019Q2,68383608,20190504,RIWAY SINGAPORE PTE LTD
biomed,sg,2019Q2,68386911,20190429,Singular Health Pte Ltd
biomed,sg,2019Q2,68387078,20190426,AGENCY SCIENCE TECH & RES
biomed,sg,2019Q2,68387079,20190502,UNIV NANYANG TECH
biomed,sg,2019Q2,68466064,20190510,TEMASEK LIFE SCIENCES LABORATORY LTD
biomed,sg,2019Q2,68466066,20190510,KAHA PTE LTD
biomed,sg,2019Q2,68466067,20190510,AGENCY FOR SCIENCE TECH AND RESEARCH ASTARSTAR | AGENCY SCIENCE TECH & RES
biomed,sg,2019Q2,68467110,20190510,WAVE LIFE SCIENCES LTD
biomed,sg,2019Q2,68467177,20190508,Poly Gain Pte Ltd
biomed,sg,2019Q2,68539937,20190425,Hoya Medical Singapore Pte Ltd
biomed,sg,2019Q2,68617214,20190523,NAT UNIV SINGAPORE
biomed,sg,2019Q2,68617219,20190523,NAT UNIV SINGAPORE
biomed,sg,2019Q2,68617441,20190523,AGENCY SCIENCE TECH & RES
biomed,sg,2019Q2,68617444,20190522,UNIV NANYANG TECH
biomed,sg,2019Q2,68697845,20190531,ANX IP HOLDING PTE LTD
biomed,sg,2019Q2,68698704,20190531,ANX IP HOLDING PTE LTD
biomed,sg,2019Q2,68699007,20190531,KANGTI PTE LTD
biomed,sg,2019Q2,68699012,20190530,ONG TZE GUAN
biomed,sg,2019Q2,68699042,20190527,ORTHOVISION PTE LTD
biomed,sg,2019Q2,68838952,20190607,Sano V Ptd Ltd | Sano V Pte Ltd
biomed,sg,2019Q2,68842678,20190613,KUMAR SANDEEP | Kumar jSandeep | LANE SANDEEP KUMAR
biomed,sg,2019Q2,68981288,20190620,UNIV NANYANG TECH
biomed,sg,2019Q2,68983257,20190621,NAT UNIV SINGAPORE
biomed,sg,2019Q2,68983419,20190620,FITSON SINGAPORE PTE LTD
biomed,sg,2019Q2,68984346,20190614,NAT UNIV HOSPITAL SINGAPORE PTE LTD | NAT UNIV SINGAPORE | UNIV NANYANG TECH
biomed,sg,2019Q2,68985923,20190625,LUCENCE LIFE SCIENCES PTE LTD
biomed,sg,2019Q2,69101822,20190516,Kang Liat KENG
biomed,sg,2019Q2,69227390,20190531,FLEX LTD
biomed,sg,2019Q2,69779248,20190509,HEALTH PARTNERS PTE LTD
biomed,sg,2019Q2,69810698,20190613,CREDO BIOMEDICAL PTE LTD | CREDO DIAGNOSTICS BIOMEDICAL PTE LTD
biomed,sg,2019Q2,70616993,20190520,SIVANTOS PTE LTD
biomed,sg,2019Q2,72606466,20190401,DELTA ELECTRONICS INTL SINGAPORE PTE LTD | DELTA ELECTRONICS INT’L SINGAPORE PTE LTD
biomed,sg,2019Q2,72747745,20190415,GOI LAI HUAT
biomed,sg,2019Q2,72748747,20190411,CELLRESEARCH CORP PTE LTD
biomed,sg,2019Q2,72838440,20190416,NAT UNIV HOSPITAL SINGAPORE PTE LTD | NAT UNIV SINGAPORE
biomed,sg,2019Q2,73290346,20190515,AGENCY SCIENCE TECH & RES
biomed,sg,2019Q2,73290351,20190515,AGENCY SCIENCE TECH & RES
biomed,sg,2019Q2,73290355,20190515,AGENCY SCIENCE TECH & RES
biomed,sg,2019Q2,73552995,20190530,NAT UNIV HOSPITAL SINGAPORE PTE LTD | NAT UNIV SINGAPORE
biomed,sg,2019Q2,73780707,20190614,STRAND ROSS
biomed,sg,2019Q2,73780836,20190614,STRAND ROSS
biomed,sg,2019Q2,73781585,20190614,STRAND ROSS
biomed,sg,2019Q2,73798998,20190619,DELTA ELECTRONICS INTL SINGAPORE PTE LTD | DELTA ELECTRONICS INT’L SINGAPORE PTE LTD
biomed,sg,2019Q2,73799543,20190619,DELTA ELECTRONICS INTL SINGAPORE PTE LTD | DELTA ELECTRONICS INT’L SINGAPORE PTE LTD
biomed,sg,2019Q2,74059866,20190628,GUPTA SHIKAR | STRAND ROSS
biomed,sg,2019Q2,74060436,20190626,NAT UNIV SINGAPORE
biomed,sg,2019Q2,74060772,20190628,NOVEX SCIENCE PTE LTD
biomed,sg,2019Q2,74062102,20190626,NAT UNIV SINGAPORE
biomed,sg,2019Q2,78823624,20190419,ADVENT ACCESS PTE LTD
biomed,sg,2019Q2,91855648,20190521,CHAO TAR TOONG VICTOR | LIM CHONG HEE | NG TZE KIAT | TAN HOCK HENG DANIEL
biomed,sg,2019Q3,51537213,20190722,UNIV NANYANG TECH
biomed,sg,2019Q3,53274247,20190820,AGENCY SCIENCE TECH & RES
biomed,sg,2019Q3,63407148,20190827,Silva Zolezzi lrma
biomed,sg,2019Q3,63637655,20190912,ACM BIOLABS PTE LTD
biomed,sg,2019Q3,67441669,20190703,SMITH & NEPHEW ASIA PACIFIC PTE LTD | SMITH & NEPHEW PTE LTD
biomed,sg,2019Q3,67480300,20190708,SMITH & NEPHEW ASIA PACIFIC PTE LTD | SMITH & NEPHEW PTE LTD
biomed,sg,2019Q3,67587720,20190718,WISTA LAB LTD
biomed,sg,2019Q3,67660402,20190812,ILLUMINA SINGAPORE PTE LTD
biomed,sg,2019Q3,67734823,20190807,SMITH & NEPHEW ASIA PACIFIC PTE LTD | SMITH & NEPHEW PTE LTD
biomed,sg,2019Q3,67766312,20190807,SMITH & NEPHEW ASIA PACIFIC PTE LTD | SMITH & NEPHEW PTE LTD
biomed,sg,2019Q3,67766313,20190807,SMITH & NEPHEW ASIA PACIFIC PTE LTD
biomed,sg,2019Q3,67770571,20190807,SMITH & NEPHEW ASIA PACIFIC PTE LTD | SMITH & NEPHEW PTE LTD
biomed,sg,2019Q3,67851209,20190807,SMITH & NEPHEW ASIA PACIFIC PTE LTD | SMITH & NEPHEW PTE LTD
biomed,sg,2019Q3,67876076,20190826,IMUNAMI LABORATORIES PTE LTD
biomed,sg,2019Q3,67902522,20190905,NAT UNIV SINGAPORE
biomed,sg,2019Q3,67982013,20190823,JAGUAHR THERAPEUTICS PTE LTD
biomed,sg,2019Q3,67982014,20190830,JAGUAHR THERAPEUTICS PTE LTD
biomed,sg,2019Q3,68084931,20190828,SMITH & NEPHEW ASIA PACIFIC PTE LTD | SMITH & NEPHEW PTE LTD
biomed,sg,2019Q3,68136432,20190927,INST OF MOLECULAR AND CELL BIOLOGY BIOMEDICAL SCIENCES INSTS | INSTITUTE OF MOLECULAR AND CELL BIOLOGY BIOMEDICAL SCIENCES INSTITUTES
biomed,sg,2019Q3,68290011,20190802,MYCOTECH PTE LTD
biomed,sg,2019Q3,68344987,20190925,SMITH & NEPHEW ASIA PACIFIC PTE LTD | SMITH & NEPHEW PTE LTD
biomed,sg,2019Q3,68344999,20190927,SMITH & NEPHEW ASIA PACIFIC PTE LTD | SMITH & NEPHEW PTE LTD
biomed,sg,2019Q3,68345006,20190930,SMITH & NEPHEW ASIA PACIFIC PTE LTD | SMITH & NEPHEW PTE LTD
biomed,sg,2019Q3,68514166,20190823,MICROMERTICS TECH PTE LTD | MICROMETRICS TECH PTE LTD
biomed,sg,2019Q3,68987349,20190701,NAT UNIV SINGAPORE
biomed,sg,2019Q3,69059321,20190703,NAT UNIV HOSPITAL SINGAPORE PTE LTD | NAT UNIV SINGAPORE
biomed,sg,2019Q3,69060998,20190702,AGENCY SCIENCE TECH & RES | NAT UNIV SINGAPORE
biomed,sg,2019Q3,69061000,20190708,AGENCY SCIENCE TECH & RES
biomed,sg,2019Q3,69143316,20190710,AGENCY SCIENCE TECH & RES | SINGAPORE HEALTH SERV PTE LTD
biomed,sg,2019Q3,69143319,20190710,AGENCY SCIENCE TECH & RES | SINGAPORE HEALTH SERV PTE LTD
biomed,sg,2019Q3,69143320,20190711,STRUCTO PTE LTD
biomed,sg,2019Q3,69143336,20190709,EPIMEDTECHGLOBAL EMTG
biomed,sg,2019Q3,69164110,20190716,AGENCY SCIENCE TECH & RES
biomed,sg,2019Q3,69182418,20190723,AGENCY SCIENCE TECH & RES
biomed,sg,2019Q3,69231621,20190716,KALTIMEX MOBIOL SINGAPORE PTE LTD
biomed,sg,2019Q3,69231949,20190730,AGENCY SCIENCE TECH & RES | NAT UNIV SINGAPORE
biomed,sg,2019Q3,69231951,20190723,AGENCY SCIENCE TECH & RES
biomed,sg,2019Q3,69231952,20190730,AGENCY SCIENCE TECH & RES
biomed,sg,2019Q3,69231953,20190722,JOHNSON & JOHNSON PTE LTD | UNIV NANYANG TECH
biomed,sg,2019Q3,69231961,20190731,AGENCY SCIENCE TECH & RES
biomed,sg,2019Q3,69405285,20190813,SMITH & NEPHEW ASIA PACIFIC PTE LTD | SMITH & NEPHEW PTE LTD
biomed,sg,2019Q3,69524208,20190814,SMITH & NEPHEW PTE LTD
biomed,sg,2019Q3,69524221,20190814,SMITH & NEPHEW PTE LTD
biomed,sg,2019Q3,69524880,20190819,SMITH & NEPHEW ASIA PACIFIC PTE LTD | SMITH & NEPHEW PTE LTD
biomed,sg,2019Q3,69525381,20190815,KALTIMEX MOBIOL SINGAPORE PTE LTD
biomed,sg,2019Q3,69525970,20190816,AGENCY SCIENCE TECH & RES
biomed,sg,2019Q3,69591322,20190821,UNIV NANYANG TECH
biomed,sg,2019Q3,69591423,20190822,SINGAPORE HEALTH SERV PTE LTD | TRISAIL MEDICAL PTE LTD
biomed,sg,2019Q3,69593386,20190820,UNIV NANYANG TECH
biomed,sg,2019Q3,69593388,20190820,A MENARINI BIOMARKERS SINGAPORE PTE LTD | SINGAPORE HEALTH SERV PTE LTD
biomed,sg,2019Q3,69593391,20190823,ALEXANDRA HEALTH PTE LTD | MEDULLA PRO TECH PTE LTD | TAN TOCK SENG HOSPITAL PTE LTD
biomed,sg,2019Q3,69643719,20190902,NAT UNIV HOSPITAL SINGAPORE PTE LTD | NAT UNIV SINGAPORE
biomed,sg,2019Q3,69645138,20190827,NAT UNIV SINGAPORE
biomed,sg,2019Q3,69645834,20190828,UNIV NANYANG TECH
biomed,sg,2019Q3,69645837,20190828,NAT UNIV SINGAPORE
biomed,sg,2019Q3,69645840,20190902,AGENCY SCIENCE TECH & RES
biomed,sg,2019Q3,69723305,20190909,SINGAPORE HEALTH SERV PTE LTD | UNIV NANYANG TECH
biomed,sg,2019Q3,69779246,20190913,NAT UNIV SINGAPORE
biomed,sg,2019Q3,69779249,20190910,BETA MEDTECH PTE LTD
biomed,sg,2019Q3,69888052,20190920,AGENCY SCIENCE TECH & RES
biomed,sg,2019Q3,69888053,20190919,NAT UNIV SINGAPORE | UNIV NANYANG TECH
biomed,sg,2019Q3,69888054,20190919,SEE JARRICK
biomed,sg,2019Q3,69888055,20190920,SINGAPORE HEALTH SERV PTE LTD | UNIV NANYANG TECH
biomed,sg,2019Q3,69888056,20190920,AGENCY SCIENCE TECH & RES
biomed,sg,2019Q3,69888424,20190917,KO SHWE VENTURES
biomed,sg,2019Q3,69953566,20190910,NAT UNIV SINGAPORE
biomed,sg,2019Q3,69953567,20190919,TAN TOCK SENG HOSPITAL PTE LTD
biomed,sg,2019Q3,70162374,20190918,CHAO TAR TOONG VICTOR | LIM CHONG HEE
biomed,sg,2019Q3,70464774,20190919,AGENCY SCIENCE TECH & RES
biomed,sg,2019Q3,70972969,20190826,IMUNAMI LABORATORIES PTE LTD
biomed,sg,2019Q3,71741182,20190909,PIVIPI LABS PTE LTD | PVP LABS PTE LTD
biomed,sg,2019Q3,72050911,20190909,STAR ARRAY PTE LTD
biomed,sg,2019Q3,74101373,20190704,NAT UNIV SINGAPORE | UNIV NANYANG TECH
biomed,sg,2019Q3,74115153,20190710,NEC ASIA PACIFIC PTE LTD
biomed,sg,2019Q3,74115343,20190708,NAT UNIV SINGAPORE
biomed,sg,2019Q3,74181438,20190717,AGENCY SCIENCE TECH & RES | NAT UNIV SINGAPORE
biomed,sg,2019Q3,74230854,20190726,AASTAR PTE LTD
biomed,sg,2019Q3,74498259,20190805,AGENCY SCIENCE TECH & RES
biomed,sg,2019Q3,74498417,20190805,AGENCY SCIENCE TECH & RES
biomed,sg,2019Q3,74504302,20190802,SINGAPORE HEALTH SERV PTE LTD | SINGAPORE HEALTH SERVICES PTELTD
biomed,sg,2019Q3,74504310,20190808,NAT UNIV SINGAPORE
biomed,sg,2019Q3,74571277,20190815,NGEE ANN POLYTECHNIC
biomed,sg,2019Q3,74660762,20190820,LOH YIN SZE
biomed,sg,2019Q3,74680663,20190826,CHUA POH LENG JEFFREY | MILLENNIUM ENTPR PTE LTD
biomed,sg,2019Q3,74853472,20190906,NAT UNIV SINGAPORE
biomed,sg,2019Q3,75161421,20190930,LENOVO SINGAPORE PTE LTD
biomed,sg,2019Q3,75161718,20190930,STRAND ROSS
biomed,sg,2019Q3,75161724,20190930,STRAND ROSS
biomed,sg,2019Q3,75161726,20190930,STRAND ROSS
biomed,sg,2019Q3,75336770,20190930,STRAND ROSS
biomed,sg,2019Q3,75336788,20190930,STRAND ROSS
biomed,sg,2019Q4,51355602,20191223,JERRY TAN EYE SURGERY PTE LTD
biomed,sg,2019Q4,54063245,20191115,BIOBOT SURGICAL PTE LTD | SINGAPORE HEALTH SERV PTE LTD
biomed,sg,2019Q4,56378204,20191004,MOLEAC PTE LTD
biomed,sg,2019Q4,63921207,20191008,HUMMINGBIRD BIOSCIENCE HOLDINGS PTE LTD | HUMMINGBIRD BIOSCIENCE PTE LTD
biomed,sg,2019Q4,64560497,20191025,HUMMINGBIRD BIOSCIENCE HOLDINGS LTD | HUMMINGBIRD BIOSCIENCE HOLDINGS PTE LTD
biomed,sg,2019Q4,65962790,20191224,HI BEAU GROUP PTE LTD
biomed,sg,2019Q4,68280728,20191010,LEICA INSTR SINGAPORE PTE LTD
biomed,sg,2019Q4,68290385,20191003,SMITH & NEPHEW ASIA PACIFIC LTD | SMITH & NEPHEW ASIA PACIFIC PTE LTD | SMITH & NEPHEW PTE LTD
biomed,sg,2019Q4,68296623,20191009,ASLAN PHARMACEUTICALS PTE LTD
biomed,sg,2019Q4,68382121,20191010,LEICA INSTR SINGAPORE PTE LTD
biomed,sg,2019Q4,68424568,20191010,LEICA INSTR SINGAPORE PTE LTD
biomed,sg,2019Q4,68468546,20191024,POINT ROBOTICS SINGAPORE PTE LTD
biomed,sg,2019Q4,68468547,20191024,POINT ROBOTICS SINGAPORE PTE LTD
biomed,sg,2019Q4,68468855,20191018,SMITH & NEPHEW PTE LTD
biomed,sg,2019Q4,68501466,20191108,LEICA INSTR SINGAPORE PTE LTD
biomed,sg,2019Q4,68581493,20191113,EPIC MEDICAL PTE LTD
biomed,sg,2019Q4,68581644,20191114,LEICA INSTR SINGAPORE PTE LTD
biomed,sg,2019Q4,68621217,20191108,EUCHLOE BIO PTE LTD
biomed,sg,2019Q4,68621218,20191108,EUCHLOE BIO PTE LTD
biomed,sg,2019Q4,68621372,20191031,ILLUMINA SINGAPORE PTE LTD
biomed,sg,2019Q4,68732764,20191128,SIVANTOS PTE LTD
biomed,sg,2019Q4,69061452,20191205,EXCELITAS TECH SINGAPORE PTE LTD
biomed,sg,2019Q4,69137970,20191213,AMARASINGHE SANJAY
biomed,sg,2019Q4,69137980,20191204,ILLUMINA SINGAPORE PTE LTD
biomed,sg,2019Q4,69187888,20191022,SMITH & NEPHEW ASIA PACIFIC PTE LTD | SMITH & NEPHEW PTE LTD
biomed,sg,2019Q4,69191261,20191220,SMITH & NEPHEW ASIA PACIFIC PTE LTD | SMITH & NEPHEW PTE LTD
biomed,sg,2019Q4,69326664,20191220,SMITH & NEPHEW ASIA PACIFIC PTE LTD | SMITH & NEPHEW PTE LTD
biomed,sg,2019Q4,69326705,20191223,SMITH & NEPHEW ASIA PACIFIC PTE LTD
biomed,sg,2019Q4,69326706,20191223,SMITH & NEPHEW ASIA PACIFIC PTE LTD | SMITH & NEPHEW PTE LTD
biomed,sg,2019Q4,69646029,20191122,FMC AGRO SINGAPORE PTE LTD
biomed,sg,2019Q4,69903606,20191230,EZAL CONSUMER HEALTHCARE
biomed,sg,2019Q4,70279297,20191022,KOURA DRAVID
biomed,sg,2019Q4,70284090,20191015,GERO PTE LTD
biomed,sg,2019Q4,70284799,20191017,NAT UNIV SINGAPORE
biomed,sg,2019Q4,70284800,20191018,NAT UNIV SINGAPORE
biomed,sg,2019Q4,70284805,20191018,AGENCY SCIENCE TECH & RES
biomed,sg,2019Q4,70284808,20191015,AGENCY SCIENCE TECH & RES
biomed,sg,2019Q4,70284835,20191019,NICE SURGICAL SOLUTIONS PTE LTD
biomed,sg,2019Q4,70332737,20191024,SINGAPORE HEALTH SERV PTE LTD
biomed,sg,2019Q4,70332739,20191023,AGENCY SCIENCE TECH & RES
biomed,sg,2019Q4,70462574,20191031,AGENCY SCIENCE TECH & RES
biomed,sg,2019Q4,70517021,20191108,NAT UNIV SINGAPORE
biomed,sg,2019Q4,70551531,20191212,ORBUSNEICH MEDICAL PTE LTD
biomed,sg,2019Q4,70610972,20191103,CHAMPS INNOVATIONS PTE LTD
biomed,sg,2019Q4,70611755,20191108,NITTO DENKO CORP
biomed,sg,2019Q4,70611877,20191031,SUMITOMO SEIKA SINGAPORE PTE LTD
biomed,sg,2019Q4,70732194,20191114,MediSix Therapeutics Pte Ltd
biomed,sg,2019Q4,70733043,20191111,AGENCY SCIENCE TECH & RES
biomed,sg,2019Q4,70733045,20191107,ADVANCED CELL THERAPEUTICS PTE LTD
biomed,sg,2019Q4,70774751,20191121,AGENCY SCIENCE TECH & RES
biomed,sg,2019Q4,70774757,20191111,AGENCY SCIENCE TECH & RES
biomed,sg,2019Q4,70774758,20191116,AGENCY SCIENCE TECH & RES
biomed,sg,2019Q4,70855377,20191128,NAT UNIV SINGAPORE
biomed,sg,2019Q4,70918523,20191230,EZAL CONSUMER HEALTHCARE
biomed,sg,2019Q4,70973999,20191206,WAFE LIFE SCIENCES LTD | WAVE LIFE SCIENCES LTD
biomed,sg,2019Q4,70975616,20191202,UNIV NANYANG TECH
biomed,sg,2019Q4,71077574,20191211,AGENCY SCIENCE TECH & RES
biomed,sg,2019Q4,71102589,20191219,UNIV NANYANG TECH
biomed,sg,2019Q4,71102946,20191220,AGENCY SCIENCE TECH & RES | NAT UNIV HOSPITAL SINGAPORE PTE LTD | NAT UNIV SINGAPORE
biomed,sg,2019Q4,71102949,20191217,AGENCY SCIENCE TECH & RES | MIRXES LAB PTE LTD
biomed,sg,2019Q4,71123794,20191227,FLEX LTD
biomed,sg,2019Q4,71129124,20191227,SHIRAISHI CALCIUM SINGAPORE PTE LTD
biomed,sg,2019Q4,71130179,20191106,TAN TOCK SENG HOSPITAL PTE LTD
biomed,sg,2019Q4,71130186,20191226,AGENCY SCIENCE TECH & RES | NAT UNIV SINGAPORE
biomed,sg,2019Q4,71613847,20191231,E2S2 SYSTEMS PTE LTD
biomed,sg,2019Q4,71842472,20191204,AGENCY SCIENCE TECH & RES
biomed,sg,2019Q4,72355653,20191002,LIANG CHIEH WEE | WEE LIANG CHIEH
biomed,sg,2019Q4,72426419,20191223,Hoya Medical Singapore Pte Ltd
biomed,sg,2019Q4,72895951,20191014,ESCO ASTER PTE LTD
biomed,sg,2019Q4,73448796,20191211,SIVANTOS PTE LTD
biomed,sg,2019Q4,73476217,20191104,DENKA LIFE INNOVATION RES PTE LTD
biomed,sg,2019Q4,73654937,20191111,SMITH & NEPHEW ASIA PACIFIC PTE LTD | SMITH & NEPHEW PTE LTD
biomed,sg,2019Q4,74758365,20191206,YSQ INT PTE LTD
biomed,sg,2019Q4,74825436,20191118,ADVANCED ANALYZER TECH PTE LTD
biomed,sg,2019Q4,75336471,20191003,AGENCY SCIENCE TECH & RES
biomed,sg,2019Q4,75438331,20191011,NAT UNIV SINGAPORE
biomed,sg,2019Q4,75587271,20191024,GLENN ROBERT WAYNE JR
biomed,sg,2019Q4,75619583,20191024,GLENN ROBERT WAYNE JR
biomed,sg,2019Q4,75849250,20191108,SINGAPORE MANAGEMENT UNIV
biomed,sg,2019Q4,75908569,20191120,GLENN JR ROBERT WAYNE
biomed,sg,2019Q4,75908670,20191118,LENOVO SINGAPORE PTE LTD
biomed,sg,2019Q4,75912281,20191114,AGENCY SCIENCE TECH & RES
biomed,sg,2019Q4,75980075,20191119,NAT UNIV SINGAPORE
biomed,sg,2019Q4,76130342,20191126,AMARASINGHE SANJAY
biomed,sg,2019Q4,76132742,20191129,NAT UNIV SINGAPORE
biomed,sg,2019Q4,76330783,20191212,NAT SKIN CENTRE SINGAPORE PTE LTD
biomed,sg,2019Q4,76441810,20191022,SMITH & NEPHEW PTE LTD
biomed,sg,2019Q4,76477120,20191220,ResMed Asia Pte Ltd
biomed,sg,2019Q4,76478851,20191216,HOOW FOODS PTE LTD
biomed,sg,2019Q4,76545988,20191231,WILMAR INTERNATIONAL LTD
biomed,sg,2019Q4,76685985,20191230,RIVIA RES PTE LTD
biomed,sg,2019Q4,76686745,20191230,VIITAR PTE LTD
biomed,sg,2020Q1,43016901,20200116,SMITH & NEPHEW ASIA PACIFIC PTE LTD
biomed,sg,2020Q1,47074656,20200106,SMITH & NEPHEW ASIA PACIFIC PTE LTD
biomed,sg,2020Q1,65998854,20200221,NAT UNIV SINGAPORE | SINGAPORE HEALTH SERV PTE LTD
biomed,sg,2020Q1,69182580,20200113,SHIOK MEATS PTE LTD
biomed,sg,2020Q1,69185382,20200120,LEICA INSTR SINGAPORE PTE LTD
biomed,sg,2020Q1,69185484,20200121,SMITH & NEPHEW ASIA PACIFIC PTE LTD | SMITH & NEPHEW PTE LTD
biomed,sg,2020Q1,69187789,20200121,LION TCR PTE LTD
biomed,sg,2020Q1,69190770,20200121,NAT UNIV SINGAPORE | SINGAPORE HEALTH SERV PTE LTD
biomed,sg,2020Q1,69500559,20200205,LEICA INSTR SINGAPORE PTE LTD
biomed,sg,2020Q1,69528987,20200110,TRAVECTA THERAPEUTICS INC | TRAVECTA THERAPEUTICS PTE LTD
biomed,sg,2020Q1,69581964,20200212,EPIC MEDICAL PTE LTD
biomed,sg,2020Q1,69591729,20200114,BHUIYAN MD IHTIMAM HOSSAIN
biomed,sg,2020Q1,69714090,20200116,TOKU E BIOTECH LABORATORY PTE LTD
biomed,sg,2020Q1,69740640,20200129,SMITH & NEPHEW ASIA PACIFIC PTE LTD | SMITH & NEPHEW PTE LTD | SMITH & NEPHEW PTE LTD SMITH
biomed,sg,2020Q1,69740829,20200204,SMITH & NEPHEW ASIA PACIFIC PTE LTD | SMITH & NEPHEW ASIAN PACIFIC PTE LTD | SMITH & NEPHEW PTE LTD
biomed,sg,2020Q1,69742851,20200227,AGENCY SCIENCE TECH & RES | NAT UNIV HOSPITAL SINGAPORE PTE LTD | NAT UNIV SINGAPORE | SINGAPORE HEALTH SERV PTE LTD
biomed,sg,2020Q1,69844628,20200130,CREDO DIAGNOSTICS BIOMEDICAL PTE LTD
biomed,sg,2020Q1,69844941,20200220,SMITH & NEPHEW ASIA PACIFIC PTE LTD
biomed,sg,2020Q1,69845566,20200214,BEUERMAN ROGER | SINGAPORE EYE RES INSTITUTE
biomed,sg,2020Q1,69845617,20200224,SMITH & NEPHEW ASIA PACIFIC PTE LTD
biomed,sg,2020Q1,70009441,20200304,SMITH & NEPHEW ASIA PACIFIC PTE LTD
biomed,sg,2020Q1,70057057,20200327,HERAEUS MATERIALS SINGAPORE PTE LTD
biomed,sg,2020Q1,70057207,20200319,JMEDTECH COATING TECH PTE LTD | MEDTECH COATING TECH PTE LTD
biomed,sg,2020Q1,70057322,20200304,SMITH & NEPHEW ASIA PACIFIC PTE LTD
biomed,sg,2020Q1,70155377,20200311,SMITH & NEPHEW ASIA PACIFIC PTE LTD
biomed,sg,2020Q1,70189998,20200304,EPITRONIC HOLDINGS PTE LTD | RAM THZ SOLUTIONS PTE LTD
biomed,sg,2020Q1,70228774,20200326,ASLAN PHARMACEUTICALS PTE LTD
biomed,sg,2020Q1,70228795,20200311,SMITH & NEPHEW ASIA PACIFIC PTE LTD
biomed,sg,2020Q1,70228801,20200311,SMITH & NEPHEW ASIA PACIFIC PTE LTD
biomed,sg,2020Q1,70285965,20200320,SMITH & NEPHEW ASIA PACIFIC PTE LTD | SMITH & NEPHEW PTE LTD
biomed,sg,2020Q1,70286004,20200324,SMITH & NEPHEW ASIA PACIFIC PTE LTD
biomed,sg,2020Q1,70975630,20200204,EPIMEDTECHGLOBAL EMTG
biomed,sg,2020Q1,71516463,20200218,EPITRONIC HOLDINGS PTE LTD
biomed,sg,2020Q1,71516481,20200115,WONG FRANCIS
biomed,sg,2020Q1,71516489,20200327,EKO AI PTE LTD
biomed,sg,2020Q1,71521332,20200110,NAT UNIV HOSPITAL SINGAPORE PTE LTD | NAT UNIV SINGAPORE
biomed,sg,2020Q1,71522288,20200113,AGENCY SCIENCE TECH & RES
biomed,sg,2020Q1,71522293,20200113,NAT UNIV SINGAPORE
biomed,sg,2020Q1,71614099,20200114,AGENCY SCIENCE TECH & RES
biomed,sg,2020Q1,71737451,20200124,NAT UNIV SINGAPORE
biomed,sg,2020Q1,71837090,20200121,SOH BOON PING | SOH BOON-PING
biomed,sg,2020Q1,71840465,20200130,WAVE LIFE SCIENCES LTD
biomed,sg,2020Q1,71841387,20200130,NAT UNIV HOSPITAL SINGAPORE PTE LTD | NAT UNIV SINGAPORE | NATIONAL UNIV HOSPITAL (SINGAPORE) PTE LTD
biomed,sg,2020Q1,71841398,20200130,NAT UNIV SINGAPORE
biomed,sg,2020Q1,71842463,20200130,AGENCY SCIENCE TECH & RES
biomed,sg,2020Q1,71842470,20200131,AGENCY SCIENCE TECH & RES
biomed,sg,2020Q1,71842474,20200129,AGENCY SCIENCE TECH & RES
biomed,sg,2020Q1,71842477,20200131,UNIV NANYANG TECH
biomed,sg,2020Q1,71842479,20200129,TAN TOCK SENG HOSPITAL PTE LTD | UNIV NANYANG TECH
biomed,sg,2020Q1,71842480,20200130,AGENCY SCIENCE TECH & RES
biomed,sg,2020Q1,71947485,20200207,NAT UNIV SINGAPORE
biomed,sg,2020Q1,71947487,20200210,UNIV NANYANG TECH
biomed,sg,2020Q1,71947488,20200207,AGENCY SCIENCE TECH & RES
biomed,sg,2020Q1,71947490,20200207,AGENCY SCIENCE TECH & RES | SINGAPORE HEALTH SERV PTE LTD
biomed,sg,2020Q1,71947679,20200205,WIGHT RONALD CRAIG
biomed,sg,2020Q1,72043747,20200205,HALSTEAD JOSEPH
biomed,sg,2020Q1,72044352,20200214,WUXI XDC SINGAPORE PRIVATE LTD
biomed,sg,2020Q1,72045666,20200211,NAT UNIV SINGAPORE | SINGAPORE HEALTH SERV PTE LTD
biomed,sg,2020Q1,72045672,20200212,AGENCY SCIENCE TECH & RES
biomed,sg,2020Q1,72045673,20200211,SINGAPORE HEALTH SERV PTE LTD | UNIV SINGAPORE TECHNOLOGY & DESIGN
biomed,sg,2020Q1,72145153,20200217,AGENCY SCIENCE TECH & RES
biomed,sg,2020Q1,72238314,20200226,NGEE ANN POLYTECHNIC
biomed,sg,2020Q1,72240232,20200219,AGENCY SCIENCE TECH & RES
biomed,sg,2020Q1,72337678,20200302,KBP BIOSCIENCES PTE LTD
biomed,sg,2020Q1,72338774,20200305,UNIV SINGAPORE TECHNOLOGY & DESIGN
biomed,sg,2020Q1,72338776,20200121,AGENCY SCIENCE TECH & RES
biomed,sg,2020Q1,72338778,20200305,UNIV SINGAPORE TECHNOLOGY & DESIGN
biomed,sg,2020Q1,72338780,20200306,SINGAPORE HEALTH SERV PTE LTD
biomed,sg,2020Q1,72338785,20200305,SINGAPORE HEALTH SERV PTE LTD | UNIV NANYANG TECH
biomed,sg,2020Q1,72338790,20200227,NAT UNIV SINGAPORE
biomed,sg,2020Q1,72425920,20200313,NAT UNIV HOSPITAL SINGAPORE PTE LTD | NAT UNIV SINGAPORE
biomed,sg,2020Q1,72425930,20200309,UNIV SINGAPORE TECHNOLOGY & DESIGN
biomed,sg,2020Q1,72425931,20200310,NAT UNIV SINGAPORE | SINGAPORE HEALTH SERV PTE LTD
biomed,sg,2020Q1,72426459,20200313,SMITH & NEPHEW ASIA PACIFIC PTE LTD
biomed,sg,2020Q1,72426565,20200311,PEDRA TECH PTE LTD
biomed,sg,2020Q1,72521293,20200322,AGENCY SCIENCE TECH & RES
biomed,sg,2020Q1,72521296,20200320,AGENCY SCIENCE TECH & RES
biomed,sg,2020Q1,72607331,20200324,SCINOPHARM SINGAPORE PTE LTD
biomed,sg,2020Q1,72609084,20200320,TRICOG HEALTH PTE LTD
biomed,sg,2020Q1,72609978,20200327,SINGAPORE HEALTH SERV PTE LTD
biomed,sg,2020Q1,72609982,20200327,AVIR MEDICAL PTE LTD | TAN TOCK SENG HOSPITAL PTE LTD
biomed,sg,2020Q1,72609987,20200324,AGENCY SCIENCE TECH & RES
biomed,sg,2020Q1,72612021,20200325,WAVE LIFE SCIENCES LTD
biomed,sg,2020Q1,72667479,20200323,AGENCY SCIENCE TECH & RES
biomed,sg,2020Q1,72667482,20200330,AGENCY SCIENCE TECH & RES | NAT UNIV SINGAPORE
biomed,sg,2020Q1,72667484,20200330,UNIV NANYANG TECH
biomed,sg,2020Q1,72667485,20200330,AGENCY SCIENCE TECH & RES
biomed,sg,2020Q1,74870554,20200226,STRAND ROSS
biomed,sg,2020Q1,74870555,20200226,STRAND ROSS
biomed,sg,2020Q1,75164630,20200327,LENOVO SINGAPORE PTE LTD
biomed,sg,2020Q1,75287070,20200323,Delsson Singapore Pte Ltd | ONLINE MERCHANT DISTRIB AND DELIVERY OMDDY | ONLINE MERCHANT DISTRIB AND DELIVERY “OMDDY”
biomed,sg,2020Q1,76650156,20200122,SIVANTOS PTE LTD
biomed,sg,2020Q1,76689738,20200106,DHARMATILLEKE MEDHA | DHARMATILLEKE NANAYAKKARA | MEDHA DHARMATILLEKE
biomed,sg,2020Q1,76863621,20200113,KAHA PTE LTD
biomed,sg,2020Q1,76863625,20200114,PERFECT NATURE PTE LTD
biomed,sg,2020Q1,76992436,20200122,CXA GROUP PTE LTD
biomed,sg,2020Q1,77391109,20200220,NAT UNIV SINGAPORE
biomed,sg,2020Q1,77671102,20200310,ANX IP HOLDING PTE LTD
biomed,sg,2020Q1,77672458,20200309,CHENG KIT YEW | KIT YEW CHENG
biomed,sg,2020Q1,77772214,20200317,RACER TECH PTE LTD
biomed,sg,2020Q1,77772217,20200319,THE SQIX COMPANY PTE LTD
biomed,sg,2020Q1,77857023,20200327,AGENCY SCIENCE TECH & RES
biomed,sg,2020Q1,77892789,20200326,SOLUBOTS PTE LTD
biomed,sg,2020Q1,77892790,20200323,NAT UNIV SINGAPORE
biomed,sg,2020Q1,81187393,20200207,SMITH & NEPHEW ASIA PACIFIC PTE LTD
biomed,sg,2020Q1,95290917,20200214,ResMed Asia Pte Ltd
biomed,sg,2020Q2,47217514,20200416,UNIV NANYANG TECH
biomed,sg,2020Q2,48468311,20200402,SMITH & NEPHEW ASIA PACIFIC PTE LTD
biomed,sg,2020Q2,53404499,20200410,SMITH & NEPHEW ASIA PACIFIC PTE LTD
biomed,sg,2020Q2,55583236,20200526,RAPSODO PTE LTD
biomed,sg,2020Q2,66379707,20200427,GLOOBE PTE LTD
biomed,sg,2020Q2,66625892,20200507,NAT UNIV SINGAPORE
biomed,sg,2020Q2,67241908,20200414,MIRXES LAB PTE LTD
biomed,sg,2020Q2,67386401,20200610,SMITH & NEPHEW ASIA PACIFIC PTE LTD
biomed,sg,2020Q2,67432331,20200612,NAT UNIV SINGAPORE
biomed,sg,2020Q2,67539959,20200629,WISTA LAB LTD
biomed,sg,2020Q2,67540109,20200630,WISTA LAB LTD
biomed,sg,2020Q2,67540130,20200629,WISTA LAB LTD
biomed,sg,2020Q2,70465327,20200413,MARVELL ASIA PTE LTD
biomed,sg,2020Q2,70476380,20200403,NEPHEW ASIA PACIFIC PTE LTD | SMITH & NEPHEW ASIA PACIFIC PTE LTD
biomed,sg,2020Q2,70482828,20200408,NEPHEW ASIA PACIFIC PTE LTD | SMITH & NEPHEW ASIA PACIFIC PTE LTD
biomed,sg,2020Q2,70613667,20200506,SMITH & NEPHEW ASIA PACIFIC PTE LTD
biomed,sg,2020Q2,70613705,20200506,PVP LABS PTE LTD
biomed,sg,2020Q2,70681693,20200511,SMITH & NEPHEW ASIA PACIFIC PTE LTD
biomed,sg,2020Q2,70779844,20200408,SMITH & NEPHEW ASIA PACIFIC PTE LTD
biomed,sg,2020Q2,70922109,20200522,NAT UNIV SINGAPORE
biomed,sg,2020Q2,70922130,20200429,SMITH & NEPHEW ASIA PACIFIC PTE LTD
biomed,sg,2020Q2,70978298,20200517,LOTUS INT PTE LTD
biomed,sg,2020Q2,70978549,20200428,SMITH & NEPHEW ASIA PACIFIC PTE LTD
biomed,sg,2020Q2,71078548,20200518,KUM WEI CHEONG STEVEN
biomed,sg,2020Q2,71083671,20200524,LOTUS INT PTE LTD
biomed,sg,2020Q2,71143573,20200623,ORBUSNEICH MEDICAL PTE LTD
biomed,sg,2020Q2,71143579,20200623,ORBUSNEICH MEDICAL PTE LTD
biomed,sg,2020Q2,71408292,20200615,SCINOPHARM SINGAPORE PTE LTD
biomed,sg,2020Q2,71527902,20200622,IMUNAMI LABORATORIES PTE LTD
biomed,sg,2020Q2,71527975,20200618,SMITH & NEPHEW ASIA PACIFIC PTE LTD
biomed,sg,2020Q2,71575793,20200618,SMITH & NEPHEW ASIA PACIFIC PTE LTD
biomed,sg,2020Q2,71672333,20200406,ULTRASOUND ASSISTED MEDTECH PTE LTD
biomed,sg,2020Q2,71733143,20200415,NAT UNIV HOSPITAL SINGAPORE PTE LTD | NAT UNIV SINGAPORE
biomed,sg,2020Q2,71741819,20200619,ALMENDRA PTE LTD
biomed,sg,2020Q2,71787177,20200602,SMITH & NEPHEW ASIA PACIFIC PTE LTD
biomed,sg,2020Q2,71842769,20200602,SMITH & NEPHEW ASIA PACIFIC PTE LTD
biomed,sg,2020Q2,71950792,20200612,SMITH & NEPHEW ASIA PACIFIC PTE LTD
biomed,sg,2020Q2,71995036,20200615,SMITH & NEPHEW ASIA PACIFIC PTE LTD
biomed,sg,2020Q2,72667495,20200402,NAT UNIV SINGAPORE
biomed,sg,2020Q2,72750641,20200407,ResMed Asia Pte Ltd
biomed,sg,2020Q2,72751951,20200409,NAT UNIV SINGAPORE
biomed,sg,2020Q2,72752215,20200408,AGENCY SCIENCE TECH & RES | Matralix Pte Ltd
biomed,sg,2020Q2,72752216,20200408,NAT UNIV SINGAPORE
biomed,sg,2020Q2,72752219,20200410,AGENCY SCIENCE TECH & RES
biomed,sg,2020Q2,72752221,20200413,KAH MENG LIM | LIM KAH MENG
biomed,sg,2020Q2,72752222,20200410,AGENCY SCIENCE TECH & RES
biomed,sg,2020Q2,72752223,20200413,AGENCY SCIENCE TECH & RES
biomed,sg,2020Q2,72836853,20200417,ELLAMED IP & SERVICES PTE LTD
biomed,sg,2020Q2,72838172,20200415,TRICOG HEALTH PTE LTD
biomed,sg,2020Q2,72838232,20200415,TRICOG HEALTH PTE LTD
biomed,sg,2020Q2,72838245,20200415,TRICOG HEALTH PTE LTD
biomed,sg,2020Q2,72838441,20200417,NAT UNIV SINGAPORE
biomed,sg,2020Q2,72838443,20200417,AGENCY SCIENCE TECH & RES
biomed,sg,2020Q2,72940648,20200427,UNIV NANYANG TECH
biomed,sg,2020Q2,72941436,20200424,WAVE LIFE SCIENCES LTD
biomed,sg,2020Q2,72941792,20200424,WAVE LIFE SCIENCES LTD
biomed,sg,2020Q2,72941876,20200415,AGENCY SCIENCE TECH & RES
biomed,sg,2020Q2,73028865,20200501,THE CLINICIAN PTE LTD
biomed,sg,2020Q2,73029739,20200423,CHEW SU CHUEN
biomed,sg,2020Q2,73046179,20200507,GAMOT GLOBAL PTE LTD
biomed,sg,2020Q2,73050909,20200506,IOLERA HOLDINGS PTE LTD
biomed,sg,2020Q2,73051168,20200507,NU LIFE CONSULTING PTE LTD | SCHULZE JOHN E | SHULZE JOHN E
biomed,sg,2020Q2,73051251,20200508,WAVE LIFE SCIENCES LTD
biomed,sg,2020Q2,73051262,20200501,COOK STUART ALEXANDER | NAT UNIV SINGAPORE | SCHAEFER SEBASTIAN | SINGAPORE HEALTH SERV PTE LTD | SINGH BRIJESH KUMAR | WIDJAJA ANISSA
biomed,sg,2020Q2,73051360,20200506,UNIV NANYANG TECH
biomed,sg,2020Q2,73051364,20200506,AGENCY SCIENCE TECH & RES | IMMUNOSCAPE PTE LTD
biomed,sg,2020Q2,73231361,20200406,SCINOPHARM SINGAPORE PTE LTD
biomed,sg,2020Q2,73290350,20200515,ASPEX OF BIODYNAMICS PTE LTD | ASPEX OF DESIGN PTE LTD | NAT UNIV SINGAPORE
biomed,sg,2020Q2,73290352,20200513,NAT UNIV SINGAPORE
biomed,sg,2020Q2,73290354,20200515,NAT UNIV SINGAPORE
biomed,sg,2020Q2,73290358,20200508,KIKKOMAN SINGAPORE R&D LABORATORY PTE LTD | NAT UNIV SINGAPORE
biomed,sg,2020Q2,73458353,20200515,CURIOX BIOSYSTEMS PTE LTD
biomed,sg,2020Q2,73459579,20200415,AGENCY SCIENCE TECH & RES
biomed,sg,2020Q2,73459580,20200520,CHAMPS INNOVATIONS PTE LTD
biomed,sg,2020Q2,73459584,20200518,AGENCY SCIENCE TECH & RES
biomed,sg,2020Q2,73459587,20200521,AGENCY SCIENCE TECH & RES
biomed,sg,2020Q2,73459588,20200518,AGENCY SCIENCE TECH & RES | SINGAPORE HEALTH SERV PTE LTD | TAN TOCK SENG HOSPITAL PTE LTD
biomed,sg,2020Q2,73459589,20200515,ZHANG YONGTAI
biomed,sg,2020Q2,73549443,20200527,Horizon IP Pte Ltd
biomed,sg,2020Q2,73551984,20200529,EPIMEDTECHGLOBAL EMTG
biomed,sg,2020Q2,73552991,20200522,NAT UNIV SINGAPORE
biomed,sg,2020Q2,73552993,20200519,AGENCY SCIENCE TECH & RES | NAT UNIV SINGAPORE
biomed,sg,2020Q2,73552996,20200529,UNIV NANYANG TECH
biomed,sg,2020Q2,73553022,20200529,NUGRAN BIOTECH PTE LTD
biomed,sg,2020Q2,73553513,20200529,HAISCO PHARMACEUTICALS PTE LTD
biomed,sg,2020Q2,73652442,20200604,ADAGENE PTE LTD
biomed,sg,2020Q2,73745840,20200617,GOH SAN HWA
biomed,sg,2020Q2,73746409,20200612,SMITH & NEPHEW ASIA PACIFIC PTE LTD
biomed,sg,2020Q2,73780732,20200615,PRESTIGE BIOPHARMA LTD | PRESTIGE BIOPHARMA PTE LTD
biomed,sg,2020Q2,73782269,20200612,UNIV NANYANG TECH
biomed,sg,2020Q2,73799512,20200617,DELTA ELECTRONICS INTL SINGAPORE PTE LTD
biomed,sg,2020Q2,74040093,20200616,AGENCY SCIENCE TECH & RES | ARONICA PIETRO | BROWN CHRISTOPER J | BROWN CHRISTOPHER J | FERRER FERNANDO J | JOHANNES CHARLES W | KANNAN SRINIVASARAGHAVAN | LANE DAVID P | MSD INT GMBH SINGAPORE BRANCH | PARTRIDGE ANTHONY W | TAN YAW SING | VERMA CHANDRA S | YUEN TSZ YING
biomed,sg,2020Q2,74040938,20200618,AGENCY SCIENCE TECH & RES
biomed,sg,2020Q2,74040939,20200619,NAT UNIV SINGAPORE
biomed,sg,2020Q2,74040941,20200618,AGENCY SCIENCE TECH & RES | TAN TOCK SENG HOSPITAL PTE LTD
biomed,sg,2020Q2,74040942,20200622,SINGAPORE HEALTH SERV PTE LTD | UNIV SINGAPORE TECHNOLOGY & DESIGN
biomed,sg,2020Q2,74040943,20200622,SINGAPORE HEALTH SERV PTE LTD | UNIV SINGAPORE TECHNOLOGY & DESIGN
biomed,sg,2020Q2,74061726,20200624,ResMed Asia Pte Ltd
biomed,sg,2020Q2,74062095,20200625,NAT UNIV SINGAPORE
biomed,sg,2020Q2,74062096,20200625,SINOPSEE THERAPEUTICS
biomed,sg,2020Q2,74062097,20200625,UNIV NANYANG TECH
biomed,sg,2020Q2,74062100,20200625,AGENCY SCIENCE TECH & RES
biomed,sg,2020Q2,74062103,20200625,AGENCY SCIENCE TECH & RES
biomed,sg,2020Q2,74062105,20200625,AGENCY SCIENCE TECH & RES
biomed,sg,2020Q2,74115342,20200625,NAT UNIV SINGAPORE
biomed,sg,2020Q2,74303559,20200622,SOFT SENSE LIFE TECH PTE LTD
biomed,sg,2020Q2,75338626,20200615,NAT UNIV SINGAPORE
biomed,sg,2020Q2,75492588,20200618,SINGAPORE MINISTRY OF HEALTH OFFICE OF HEALTHCARE TRANSF | SINGAPORE MINISTRY OF HEATH OFFICE FOR HEALTHCARE TRANSF
biomed,sg,2020Q2,75492596,20200618,SINGAPORE MINISTRY OF HEALTH OFFICE FOR HEALTHCARE TRANSF
biomed,sg,2020Q2,77391110,20200624,AGENCY SCIENCE TECH & RES
biomed,sg,2020Q2,77418988,20200520,ResMed Asia Pte Ltd
biomed,sg,2020Q2,78023903,20200407,ResMed Asia Pte Ltd
biomed,sg,2020Q2,78221570,20200512,ALTELLE PTE LTD
biomed,sg,2020Q2,78412080,20200507,WESTCOM SOLUTIONS PTE LTD
biomed,sg,2020Q2,78512293,20200513,SOPHIES BIONUTRIENTS PTE LTD
biomed,sg,2020Q2,78513402,20200513,SOPHIES BIONUTRIENTS PTE LTD
biomed,sg,2020Q2,78513412,20200513,SOPHIES BIONUTRIENTS PTE LTD
biomed,sg,2020Q2,78524129,20200521,AGENCY SCIENCE TECH & RES
biomed,sg,2020Q2,78526458,20200512,KAHA PTE LTD
biomed,sg,2020Q2,78526465,20200515,NAT SKIN CENTRE SINGAPORE PTE LTD
biomed,sg,2020Q2,78608645,20200522,AGENCY SCIENCE TECH & RES
biomed,sg,2020Q2,78609332,20200521,PEREGRINE OPHTHALMIC PTE LTD
biomed,sg,2020Q2,78718215,20200521,KAHA PTE LTD
biomed,sg,2020Q2,78718219,20200519,NAT UNIV SINGAPORE
biomed,sg,2020Q2,78718222,20200519,NAT UNIV SINGAPORE
biomed,sg,2020Q2,78830563,20200604,BIOVASCULAR THERAPEUTICS PTE LTD | SHULZE JOHN
biomed,sg,2020Q2,78847047,20200609,POH BENSON
biomed,sg,2020Q2,79022594,20200622,LONGTERM CONCEPT INT PTE LTD
biomed,sg,2020Q2,79022836,20200622,IMUNAMI LABORATORIES PTE LTD
biomed,sg,2020Q2,79268192,20200616,TECHNOLITE SINGAPORE PTE LTD
biomed,sg,2020Q2,79317861,20200629,ResMed Asia Pte Ltd
biomed,sg,2020Q2,81535398,20200625,MSM HOLDINGS PTE | MSM Holdings Pte Ltd
biomed,sg,2020Q2,82384983,20200506,SMITH & NEPHEW ASIA PACIFIC PTE LTD
biomed,sg,2020Q2,83901980,20200622,SINGAPORE HEALTH SERV PTE LTD | UNIV SINGAPORE TECHNOLOGY & DESIGN
biomed,sg,2020Q2,90362637,20200417,SMITH & NEPHEW ASIA PACIFIC PTE LTD
biomed,sg,2020Q2,93466365,20200625,SMITH & NEPHEW ASIA PACIFIC PTE LTD
biomed,sg,2020Q2,98004382,20200520,ResMed Asia Pte Ltd
biomed,sg,2020Q3,49301768,20200722,TELEFLEX LIFE SCIENCES PTE LTD
biomed,sg,2020Q3,67078808,20200702,ORBUSNEICH MEDICAL PTE LTD
biomed,sg,2020Q3,67990878,20200728,MATTEUCCI GIANFRANCO
biomed,sg,2020Q3,67997372,20200916,BECTON DICKINSON HOLDINGS PTE LTD
biomed,sg,2020Q3,68241208,20200910,HUMMINGBIRD BIOSCIENCE HOLDINGS LTD | HUMMINGBIRD BIOSCIENCE HOLDINGS PTE LTD | HUMMINGBIRD BIOSCIENCE PTE LTD | HUMMINGBIRD BIOSCIENCES HOLDINGS LTD
biomed,sg,2020Q3,68426766,20200715,SMITH & NEPHEW ASIA PACIFIC PTE LIMTTED | SMITH & NEPHEW ASIA PACIFIC PTE LTD
biomed,sg,2020Q3,68538862,20200929,ILLUMINA SINGAPORE PTE LTD
biomed,sg,2020Q3,68654749,20200819,HCP HEALTHCARE ASIA PTE LTD
biomed,sg,2020Q3,69186646,20200907,MATTEUCCI GIANFRANCO
biomed,sg,2020Q3,69375849,20200923,FMC AGRO SINGAPORE PTE LTD
biomed,sg,2020Q3,71608033,20200708,HERBA INVEST PTE LTD
biomed,sg,2020Q3,71670083,20200717,SMITH & NEPHEW ASIA PACIFIC PTE LTD
biomed,sg,2020Q3,71670388,20200708,NAT UNIV SINGAPORE
biomed,sg,2020Q3,71728846,20200714,A MENARINI BIOMARKERS SINGAPORE PTE LTD | MENARINI BIOMARKERS SINGAPORE PTE LTD
biomed,sg,2020Q3,71738053,20200721,SMITH & NEPHEW ASIA PACIFIC PTE LTD
biomed,sg,2020Q3,71738117,20200716,AVAGO TECH INT SALES PTE LID
biomed,sg,2020Q3,71784673,20200701,SMITH & NEPHEW ASIA PACIFIC PTE LTD
biomed,sg,2020Q3,71842860,20200706,SMITH & NEPHEW ASIA PACIFIC PTE LTD
biomed,sg,2020Q3,71909675,20200827,BIOKEY PTE LTD
biomed,sg,2020Q3,71944030,20200707,BECTON DICKINSON HOLDINGS PTE LTD
biomed,sg,2020Q3,71944427,20200717,SMITH & NEPHEW ASIA PACIFIC PTE LTD
biomed,sg,2020Q3,72050752,20200729,HILL ROM SERVICES PTE LTD
biomed,sg,2020Q3,72088382,20200730,SMITH & NEPHEW ASIA PACIFIC PTE LTD
biomed,sg,2020Q3,72148072,20200803,ACM BIOLABS PTE LTD
biomed,sg,2020Q3,72148217,20200716,SMITH & NEPHEW ASIA PACIFIC PTE LTD
biomed,sg,2020Q3,72148806,20200809,ANX IIP HOLDING PTE LTD
biomed,sg,2020Q3,72266100,20200813,SMITH & NEPHEW ASIA PACIFIC PTE LTD
biomed,sg,2020Q3,72290786,20200727,NAT UNIV SINGAPORE
biomed,sg,2020Q3,72290894,20200828,ADVANCED MEDTECH CORP PTE LTD
biomed,sg,2020Q3,72340418,20200814,FMC AGRO SINGAPORE PTE LTD
biomed,sg,2020Q3,72517297,20200910,DH TECHNOLOGIES DEV PTE LTD
biomed,sg,2020Q3,72659837,20200918,HANNAH LIFE TECH PTE LTD
biomed,sg,2020Q3,72663833,20200824,Wearne Digital Pte Ltd
biomed,sg,2020Q3,72811937,20200921,SMITH & NEPHEW ASIA PACIFIC PTE LTD
biomed,sg,2020Q3,72811966,20200923,SMITH & NEPHEW ASIA PACIFIC PTE LTD
biomed,sg,2020Q3,72953730,20200702,NDR MEDICAL TECH PTE LTD
biomed,sg,2020Q3,74100402,20200703,PARAMEVIA PTE LTD | RADWISP PTE LTD
biomed,sg,2020Q3,74115346,20200702,AGENCY SCIENCE TECH & RES
biomed,sg,2020Q3,74115348,20200709,UNIV NANYANG TECH
biomed,sg,2020Q3,74181443,20200715,ALEXANDRA HEALTH PTE LTD | NASOTRAK MEDICAL PTE LTD | TAN TOCK SENG HOSPITAL PTE LTD
biomed,sg,2020Q3,74181445,20200709,MAP PLASTICS PTE LTD | SINGAPORE HEALTH SERV PTE LTD
biomed,sg,2020Q3,74193121,20200717,WUXI XDC SINGAPORE PRIVATE LTD
biomed,sg,2020Q3,74194273,20200722,SMITH & NEPHEW ASIA PACIFIC PTE LTD
biomed,sg,2020Q3,74194316,20200722,AGENCY SCIENCE TECH & RES
biomed,sg,2020Q3,74210274,20200715,NAT UNIV SINGAPORE
biomed,sg,2020Q3,74211317,20200715,NAT UNIV SINGAPORE
biomed,sg,2020Q3,74229713,20200731,ResMed Asia Pte Ltd
biomed,sg,2020Q3,74230856,20200727,NAT UNIV SINGAPORE
biomed,sg,2020Q3,74230861,20200729,AVIR MEDICAL PTE LTD | TAN TOCK SENG HOSPITAL PTE LTD
biomed,sg,2020Q3,74344047,20200926,Kang Liat KENG
biomed,sg,2020Q3,74499109,20200806,KWOK FRANCIS
biomed,sg,2020Q3,74499175,20200717,AGENCY SCIENCE TECH & RES
biomed,sg,2020Q3,74503332,20200715,AGENCY FOR SCIENCE TECH AND RESEARCH ASTARSTAR | AGENCY SCIENCE TECH & RES
biomed,sg,2020Q3,74504304,20200730,UNIV NANYANG TECH
biomed,sg,2020Q3,74504308,20200805,AGENCY SCIENCE TECH & RES
biomed,sg,2020Q3,74504309,20200811,AGENCY SCIENCE TECH & RES
biomed,sg,2020Q3,74647391,20200819,PADMANABHAN VISHWANATH
biomed,sg,2020Q3,74660333,20200813,ILLUMINA SINGAPORE PTE LTD
biomed,sg,2020Q3,74660765,20200821,NAT UNIV SINGAPORE
biomed,sg,2020Q3,74660768,20200817,NAT SKIN CENTRE SINGAPORE PTE LTD
biomed,sg,2020Q3,74683426,20200828,NAT UNIV SINGAPORE
biomed,sg,2020Q3,74685189,20200826,NAT UNIV SINGAPORE
biomed,sg,2020Q3,74685223,20200827,TRICOG HEALTH PTE LTD
biomed,sg,2020Q3,74686112,20200828,AGENCY SCIENCE TECH & RES
biomed,sg,2020Q3,74686117,20200827,AGENCY SCIENCE TECH & RES
biomed,sg,2020Q3,74686122,20200821,ALEXANDRA HEALTH PTE LTD | MEDULLA PRO TECH PTE LTD | TAN TOCK SENG HOSPITAL PTE LTD
biomed,sg,2020Q3,74852837,20200904,ResMed Asia Pte Ltd
biomed,sg,2020Q3,74853462,20200901,TAN TOCK SENG HOSPITAL PTE LTD | UNIV NANYANG TECH
biomed,sg,2020Q3,74853465,20200903,AGENCY SCIENCE TECH & RES
biomed,sg,2020Q3,74867129,20200910,ResMed Asia Pte Ltd
biomed,sg,2020Q3,74869179,20200909,SMITH & NEPHEW ASIA PACIFIC PTE LTD
biomed,sg,2020Q3,74869334,20200917,SCINOPHARM SINGAPORE PTE LTD
biomed,sg,2020Q3,74883871,20200918,NITTO DENKO CORP
biomed,sg,2020Q3,74883873,20200921,NGEE ANN POLYTECHNIC | SINGAPORE HEALTH SERV PTE LTD
biomed,sg,2020Q3,75164775,20200924,ResMed Asia Pte Ltd
biomed,sg,2020Q3,75166484,20200926,Kang Liat KENG | TAN WILLIAM
biomed,sg,2020Q3,75169157,20200922,AGENCY FOR SCIENCE TECH AND RESEARCH ASTARSTAR | KANG CONGBAO
biomed,sg,2020Q3,75338631,20200930,UNIV NANYANG TECH
biomed,sg,2020Q3,76317208,20200722,7 TRINITY BIOTECH PTE LTD
biomed,sg,2020Q3,76318082,20200722,7 TRINITY BIOTECH PTE LTD
biomed,sg,2020Q3,77300765,20200813,MANN HUMMEL LIFE SCIENCES & ENV HOLDING SINGAPORE PTE LTD
biomed,sg,2020Q3,77772209,20200812,VOXP PTE LTD
biomed,sg,2020Q3,78831688,20200831,SINGAPORE HEALTH SERV PTE LTD | THE BIOFACTORY PTE LTD
biomed,sg,2020Q3,79689185,20200723,FLEX LTD
biomed,sg,2020Q3,79728806,20200722,ADVANCED OPHTHALMIC INNOVATIONS PTE LTD | NAT UNIV HOSPITAL SINGAPORE PTE LTD
biomed,sg,2020Q3,80117613,20200805,I SUPPORT PTE LTD
biomed,sg,2020Q3,80322358,20200819,GLENN ROBERT WAYNE JR
biomed,sg,2020Q3,80323635,20200818,CONEX HEALTHCARE PTE LTD
biomed,sg,2020Q3,80323643,20200817,HOPE TECHNIK PTE LTD
biomed,sg,2020Q3,80353663,20200822,SUI JIANJUN
biomed,sg,2020Q3,80470603,20200910,CHAUHAN GARIMA | LAM TZE HAU | LIU JIQUAN | VYAS RAHUL | ZHAO HE
biomed,sg,2020Q3,80574022,20200929,AWAK TECH PTE LTD
biomed,sg,2020Q3,80630229,20200911,SINGAPORE GREEN CHEMICAL ENG PTE LTD
biomed,sg,2020Q3,83286234,20200807,SMITH & NEPHEW ASIA PACIFIC PTE LTD
biomed,sg,2020Q3,83848900,20200811,IX BIOPHARMA LTD
biomed,sg,2020Q3,95290918,20200812,ResMed Asia Pte Ltd
biomed,sg,2020Q4,52587058,20201001,INST OF TECHNICAL EDUCATION | INVIVO MEDICAL PTE LTD | NAT UNIV HOSPITAL SINGAPORE PTE LTD | NAT UNIV SINGAPORE
biomed,sg,2020Q4,70074328,20201220,ANX IP HOLDING PTE LTD
biomed,sg,2020Q4,70115082,20201204,ANX IP HOLDING PTE LTD
biomed,sg,2020Q4,70204517,20201204,ANX IP HOLDING PTE LTD
biomed,sg,2020Q4,70480323,20201028,NAT UNIV SINGAPORE
biomed,sg,2020Q4,72811753,20201008,EPIC MEDICAL PTE LTD
biomed,sg,2020Q4,72848745,20201227,IGIN SMART HYGIENE PTE LTD
biomed,sg,2020Q4,72895942,20201012,ILLUMINA SINGAPORE PTE LTD
biomed,sg,2020Q4,73013341,20201023,LEICA INSTR SINGAPORE PTE LTD
biomed,sg,2020Q4,73020294,20201005,SMITH & NEPHEW ASIA PACIFIC PTE LTD
biomed,sg,2020Q4,73038423,20201008,SMITH & NEPHEW ASIA PACIFIC PTE LTD
biomed,sg,2020Q4,73040366,20201014,SMITH & NEPHEW ASIA PACIFIC PTE LTD
biomed,sg,2020Q4,73043257,20201030,LEICA INSTR SINGAPORE PTE LTD
biomed,sg,2020Q4,73059538,20201103,LEICA INSTR SINGAPORE PTE LTD
biomed,sg,2020Q4,73138735,20201028,HILL ROM SERVICES PTE LTD
biomed,sg,2020Q4,73198364,20201028,ORBUSNEICH MEDICAL PTE LTD
biomed,sg,2020Q4,73198480,20201016,FMC AGRO SINGAPORE PTE LTD
biomed,sg,2020Q4,73198483,20201016,FMC AGRO SINGAPORE PTE LTD
biomed,sg,2020Q4,73288685,20201016,FMC AGRO SINGAPORE PTE LTD
biomed,sg,2020Q4,73288686,20201016,FMC AGRO SINGAPORE PTE LTD
biomed,sg,2020Q4,73288695,20201016,SMITH & NEPEW ASIA PACIFIC PTE LTD | SMITH & NEPHEW ASIA PACIFIC PTE LTD
biomed,sg,2020Q4,73402180,20201023,LIFE TECH HOLDINGS PTE LTD
biomed,sg,2020Q4,73476275,20201029,SMITH & NEPHEW ASIA PACIFIC PTE LTD
biomed,sg,2020Q4,73543013,20201103,LEICA INSTR SINGAPORE PTE LTD
biomed,sg,2020Q4,73543262,20201120,TRAVECTA THERAPEUTICS PTE LTD
biomed,sg,2020Q4,73543326,20201028,FMC AGRO SINGAPORE PTE LTD | FMC ARGO SINGAPORE PTE LTD
biomed,sg,2020Q4,73598503,20201021,RHEA GENETICS PTE LTD
biomed,sg,2020Q4,73598929,20201116,AMS SENSORS SINGAPORE PTE LTD
biomed,sg,2020Q4,73643349,20201105,SMITH & NEPHEW ASIA PACIFIC PTE LTD
biomed,sg,2020Q4,73646415,20201029,SMITH & NEPHEW ASIA PACIFIC PTE LTD
biomed,sg,2020Q4,73699173,20201124,ResMed Asia Pte Ltd
biomed,sg,2020Q4,73699453,20201110,SMITH & NEPHEW ASIA PACIFIC PTE LTD
biomed,sg,2020Q4,73747862,20201202,LEICA INSTR SINGAPORE PTE LTD
biomed,sg,2020Q4,73793844,20201119,SMITH & NEPHEW ASIA PACIFIC PTE LTD
biomed,sg,2020Q4,73839109,20201120,FMC AGRO SINGAPORE PTE LTD
biomed,sg,2020Q4,73854776,20201119,HILL ROM SERVICE PTE LTD | HILL ROM SERVICES PTE LTD
biomed,sg,2020Q4,73854783,20201216,SIVANTOS PTE LTD
biomed,sg,2020Q4,74096065,20201208,SMITH & NEPHEW ASIA PACIFIC PTE LTD
biomed,sg,2020Q4,74104094,20201216,SIVANTOS PTE LTD
biomed,sg,2020Q4,74104240,20201215,AGENCY FOR SCIENCE TECH AND RESEARCH ASTARSTAR
biomed,sg,2020Q4,74106067,20201122,EPITRONIC HOLDINGS PTE LTD
biomed,sg,2020Q4,74141271,20201216,LEICA INSTR SINGAPORE PTE LTD
biomed,sg,2020Q4,74184944,20201222,ILLUMINA SINGAPORE PTE LTD
biomed,sg,2020Q4,74186888,20201217,SMITH & NEPHEW ASIA PACIFIC PTE LTD
biomed,sg,2020Q4,74347726,20201231,SMITH & NEPHEW ASIA PACIFIC PTE LTD
biomed,sg,2020Q4,74646992,20201109,EKO AI PTE LTD
biomed,sg,2020Q4,74701544,20201228,FMC AGRO SINGAPORE PTE LTD
biomed,sg,2020Q4,74867609,20201106,FMC AGRO SINGAPORE PTE LTD
biomed,sg,2020Q4,75162767,20201001,SMITH & NEPHEW ASIA PACIFIC PLE LTD | SMITH & NEPHEW ASIA PACIFIC PTE LTD
biomed,sg,2020Q4,75274894,20201008,CELLRESEARCH CORP PTE LTD
biomed,sg,2020Q4,75336587,20201001,TURTLETREE LAB PTE LTD | TURTLETREE LABS PTE LTD
biomed,sg,2020Q4,75338632,20201002,AGENCY SCIENCE TECH & RES | ASLAN PHARMACEUTICALS PTE LTD
biomed,sg,2020Q4,75338634,20201002,INVIVO MEDICAL PTE LTD
biomed,sg,2020Q4,75338635,20201002,NAT UNIV SINGAPORE
biomed,sg,2020Q4,75437440,20201012,NAT UNIV SINGAPORE
biomed,sg,2020Q4,75437454,20201008,CELLRESEARCH CORP PTE LTD
biomed,sg,2020Q4,75437497,20201006,WAVE LIFE SCIENCES LTD
biomed,sg,2020Q4,75437554,20201012,NAT UNIV SINGAPORE
biomed,sg,2020Q4,75437555,20201012,NAT UNIV SINGAPORE
biomed,sg,2020Q4,75438309,20201005,WAVE LIFE SCIENCES LTD
biomed,sg,2020Q4,75438336,20201009,AGENCY SCIENCE TECH & RES
biomed,sg,2020Q4,75491227,20201015,AFFLE INT PTE LTD
biomed,sg,2020Q4,75491942,20201021,INCANDO THERAPEUTICS PTE LTD | LUU PERCY
biomed,sg,2020Q4,75538019,20201015,AGENCY SCIENCE TECH & RES
biomed,sg,2020Q4,75538030,20201016,NAT UNIV SINGAPORE
biomed,sg,2020Q4,75538307,20201016,KYAN THERAPEUTICS | NAT UNIV HOSPITAL SINGAPORE PTE LTD | NAT UNIV SINGAPORE
biomed,sg,2020Q4,75538321,20201019,UNIV NANYANG TECH
biomed,sg,2020Q4,75620678,20201022,NAT UNIV SINGAPORE
biomed,sg,2020Q4,75620907,20201023,JCS BIOTECH PTE LTD
biomed,sg,2020Q4,75620909,20201023,NAT UNIV SINGAPORE | UNIV SINGAPORE TECHNOLOGY & DESIGN
biomed,sg,2020Q4,75715840,20201030,BACTOCLEAR HOLDINGS PTE LTD
biomed,sg,2020Q4,75846211,20201110,HILL ROM SERVICES PTE LTD
biomed,sg,2020Q4,75849015,20201109,ResMed Asia Pte Ltd
biomed,sg,2020Q4,75849439,20201103,BLOOMMED TECH PTE LTD | BLOOMMED TECH PTE LTD SG
biomed,sg,2020Q4,75911264,20201113,NAT UNIV SINGAPORE
biomed,sg,2020Q4,75912282,20201109,NAT UNIV SINGAPORE
biomed,sg,2020Q4,75912285,20201111,AGENCY SCIENCE TECH & RES
biomed,sg,2020Q4,75912845,20201112,NAT UNIV SINGAPORE | UNIV NANYANG TECH
biomed,sg,2020Q4,75973583,20201125,ResMed Asia Pte Ltd
biomed,sg,2020Q4,75981746,20201112,NAT UNIV SINGAPORE
biomed,sg,2020Q4,75981751,20201120,NAT UNIV SINGAPORE
biomed,sg,2020Q4,75985232,20201127,ANX IP HOLDING PTE LTD
biomed,sg,2020Q4,76132737,20201124,AGENCY SCIENCE TECH & RES
biomed,sg,2020Q4,76132738,20201126,UNIV NANYANG TECH
biomed,sg,2020Q4,76132739,20201126,AGENCY SCIENCE TECH & RES | UNIV NANYANG TECH
biomed,sg,2020Q4,76132740,20201127,KLASS ENG & SOLUTIONS PTE LTD | UNIV NANYANG TECH
biomed,sg,2020Q4,76132741,20201125,NAT UNIV SINGAPORE
biomed,sg,2020Q4,76132744,20201126,ResMed Asia Pte Ltd
biomed,sg,2020Q4,76132746,20201126,NAT UNIV SINGAPORE
biomed,sg,2020Q4,76132748,20201127,NAT UNIV SINGAPORE
biomed,sg,2020Q4,76132749,20201127,AGENCY SCIENCE TECH & RES | NAT UNIV SINGAPORE
biomed,sg,2020Q4,76132750,20201127,NAT UNIV SINGAPORE
biomed,sg,2020Q4,76132752,20201117,NAT UNIV SINGAPORE
biomed,sg,2020Q4,76132753,20201118,UNIV NANYANG TECH
biomed,sg,2020Q4,76210123,20201203,SOL X PTE LTD
biomed,sg,2020Q4,76218690,20201110,HOYA MEDICAL SINAPORE PTE LTD | Hoya Medical Singapore Pte Ltd
biomed,sg,2020Q4,76222720,20201202,NAT UNIV SINGAPORE
biomed,sg,2020Q4,76222722,20201204,NAT UNIV SINGAPORE
biomed,sg,2020Q4,76222726,20201207,UNIV NANYANG TECH
biomed,sg,2020Q4,76330779,20201130,NAT UNIV SINGAPORE
biomed,sg,2020Q4,76330785,20201210,UNIV SINGAPORE TECHNOLOGY & DESIGN
biomed,sg,2020Q4,76330787,20201211,SINGAPORE HEALTH SERV PTE LTD
biomed,sg,2020Q4,76330788,20201209,LOMANTO DAVIDE | NAT UNIV HOSPITAL SINGAPORE PTE LTD | UNIV NANYANG TECH
biomed,sg,2020Q4,76477957,20201218,AGENCY SCIENCE TECH & RES | NAT UNIV SINGAPORE | SINGAPORE HEALTH SERV PTE LTD
biomed,sg,2020Q4,76478290,20201216,ENGINE BIOSCIENCES PTE LTD | KIM TACKHOON | LU TIMOTHY
biomed,sg,2020Q4,76478515,20201215,AGENCY SCIENCE TECH & RES | ARONICA PIETRO | JOHANNES CHARLES W | KANNAN SRINIVASARAGHAVAN | MSD INT GMBH SINGAPORE BRANCH | PARTRIDGE ANTHONY W | VERMA CHANDRA S | YUEN TSZ YING
biomed,sg,2020Q4,76478852,20201218,AGENCY SCIENCE TECH & RES
biomed,sg,2020Q4,76478854,20201217,UNIV NANYANG TECH
biomed,sg,2020Q4,76478858,20201215,NAT UNIV SINGAPORE
biomed,sg,2020Q4,76482952,20201209,UHOO PTE LTD
biomed,sg,2020Q4,76546411,20201229,HUEI LOH YIN | KAI TAN YI | KEAT TAN BOON | KHENG TAN YI
biomed,sg,2020Q4,76546486,20201217,MEDO DX PTE LTD
biomed,sg,2020Q4,76546497,20201217,MEDO DX PTE LTD
biomed,sg,2020Q4,76573873,20201228,AGENCY SCIENCE TECH & RES
biomed,sg,2020Q4,76573875,20201226,AGENCY SCIENCE TECH & RES
biomed,sg,2020Q4,76686676,20201224,ResMed Asia Pte Ltd
biomed,sg,2020Q4,76689736,20201228,NAT UNIV SINGAPORE | SINGAPORE HEALTH SERV PTE LTD
biomed,sg,2020Q4,76689739,20201230,ResMed Asia Pte Ltd
biomed,sg,2020Q4,76689740,20201230,ResMed Asia Pte Ltd
biomed,sg,2020Q4,77489904,20201224,Hoya Medical Singapore Pte Ltd
biomed,sg,2020Q4,78695773,20201104,MANN HUMMEL LIFE SCIENCE & ENV HOLDING SINGAPORE PTE LTD | MANN HUMMEL LIFE SCIENCES & ENV HOLDING SINGAPORE PTE LTD
biomed,sg,2020Q4,80352931,20201014,TRITECH WATER TECH PTE LTD
biomed,sg,2020Q4,81125703,20201009,GLENN ROBERT WAYNE JR
biomed,sg,2020Q4,81125949,20201007,AGENCY SCIENCE TECH & RES | NAT UNIV SINGAPORE
biomed,sg,2020Q4,81186135,20201021,Radic8 PTE LTD
biomed,sg,2020Q4,81208406,20201014,MEDKLINN TECH PTE LTD
biomed,sg,2020Q4,81379362,20201103,HYTTO PTE LTD
biomed,sg,2020Q4,81384189,20201027,OCCUTRACK MEDICAL SOLUTIONS PTE LTD | TAN TOCK SENG HOSPITAL PTE LTD
biomed,sg,2020Q4,81384193,20201030,AGENCY SCIENCE TECH & RES
biomed,sg,2020Q4,81384195,20201102,LIAN WEI HUAN
biomed,sg,2020Q4,81384198,20201030,AGENCY SCIENCE TECH & RES
biomed,sg,2020Q4,81384482,20201030,NAT UNIV SINGAPORE
biomed,sg,2020Q4,81602604,20201116,MEDIPURPOSE PTE LTD
biomed,sg,2020Q4,81749812,20201215,LEICA INSTR SINGAPORE PTE LTD
biomed,sg,2020Q4,81749917,20201215,LEICA INSTR SINGAPORE PTE LTD
biomed,sg,2020Q4,81942365,20201210,AGENCY SCIENCE TECH & RES
biomed,sg,2020Q4,81943576,20201210,AMARASINGHE SANJAY
biomed,sg,2020Q4,82059475,20201214,YCH GROUP PTE LTD
biomed,sg,2020Q4,82059765,20201214,YCH GROUP PTE LTD
biomed,sg,2020Q4,82120001,20201231,POINT ROBOTICS SINGAPORE PTE LTD
biomed,sg,2020Q4,82120011,20201230,POINT ROBOTICS SINGAPORE PTE LTD
biomed,sg,2020Q4,82158333,20201224,POLYWIN PTE LTD
biomed,sg,2020Q4,82259828,20201230,AGENCY SCIENCE TECH & RES
biomed,sg,2020Q4,84324702,20201104,SMITH & NEPHEW ASIA PACIFIC PTE LTD
biomed,sg,2020Q4,85198649,20201026,SMITH & NEPHEW ASIA PACIFIC PTE LTD
biomed,sg,2020Q4,86160531,20201005,SMITH & NEPHEW ASIA PACIFIC PTE LTD
biomed,sg,2020Q4,90245718,20201005,SMITH & NEPHEW ASIA PACIFIC PTE LTD
biomed,sg,2021Q1,43415329,20210119,WISTA LAB LTD
biomed,sg,2021Q1,54193643,20210126,MENICON SINGAPORE PTE LTD
biomed,sg,2021Q1,70056943,20210329,SINGAPORE HEALTH SERV PTE LTD | SINGAPORE INST FOR CLINICAL SCIENCES BIOMEDICAL SCIENCES INSTS
biomed,sg,2021Q1,70231124,20210311,ANX IP HOLDING PTE LTD
biomed,sg,2021Q1,70742385,20210226,ANX IP HOLDING PTE LTD
biomed,sg,2021Q1,71018765,20210115,ANX IP HOLDING PTE LTD
biomed,sg,2021Q1,72072991,20210217,MDESIGN SOLUTIONS PTE LTD
biomed,sg,2021Q1,72469660,20210205,PRESTIGE BIOPHARMA PTE LTD
biomed,sg,2021Q1,72472165,20210205,PRESTIGE BIOPHARMA PTE LTD
biomed,sg,2021Q1,74191628,20210119,BECTON DICKINSON HOLDINGS PTE LTD
biomed,sg,2021Q1,74592741,20210113,SMITH & NEPHEW ASIA PACIFIC PTE LTD
biomed,sg,2021Q1,74592758,20210115,SMITH & NEPHEW ASIA PACIFIC PTE LTD
biomed,sg,2021Q1,74626095,20210108,SMITH & NEPHEW ASIA PACIFIC PTE LTD
biomed,sg,2021Q1,74626215,20210122,SMITH & NEPHEW ASIA PACIFIC PTE LTD
biomed,sg,2021Q1,74669509,20210115,SMITH & NEPHEW ASIA PACIFIC PTE LTD
biomed,sg,2021Q1,74759462,20210129,SMITH & NEPHEW ASIA PACIFIC PTE LTD
biomed,sg,2021Q1,74844684,20210226,BECTON DICKINSON HOLDINGS PTE LTD | YONG JIMMY
biomed,sg,2021Q1,74844730,20210224,SMITH & NEPHEW ASIA PACIFIC PTE LTD | SMITH NEPHEW ASIA PACIFIC PTE LTD
biomed,sg,2021Q1,74845108,20210208,SMITH & NEPHEW ASIA PACIFIC PTE LTD
biomed,sg,2021Q1,74858809,20210211,SMITH & NEPHEW ASIA PACIFIC PTE LTD
biomed,sg,2021Q1,74860352,20210302,CRAFT HEALTH PTE LTD
biomed,sg,2021Q1,74860481,20210212,SMITH & NEPHEW ASIA PACIFIC PTE LTD
biomed,sg,2021Q1,74860500,20210212,SMITH & NEPHEW ASIA PACIFIC PTE LTD
biomed,sg,2021Q1,74873779,20210122,TYCHAN PTE LTD
biomed,sg,2021Q1,74875269,20210226,JAGUAHR THERAPEUTICS PTE LTD
biomed,sg,2021Q1,74885035,20210222,SMITH & NEPHEW ASIA PACIFIC PTE LTD
biomed,sg,2021Q1,75108333,20210317,LEICA INSTR SINGAPORE PTE LTD
biomed,sg,2021Q1,75108765,20210216,SMITH & NEPHEW ASIA PACIFIC PTE LTD
biomed,sg,2021Q1,75108771,20210222,SMITH & NEPHEW ASIA PACIFIC PTE LTD
biomed,sg,2021Q1,75108776,20210222,SMITH & NEPHEW ASIA PACIFIC PTE LTD
biomed,sg,2021Q1,75108900,20210226,SMITH & NEPHEW ASIA PACIFIC PTE LTD
biomed,sg,2021Q1,75111632,20210217,STEP SURGICAL PTE LTD
biomed,sg,2021Q1,75143617,20210317,LEICA INSTR SINGAPORE PTE LTD
biomed,sg,2021Q1,75278332,20210226,SMITH & NEPHEW ASIA PACIFIC PTE LTD
biomed,sg,2021Q1,75280449,20210112,MINDBCI PTE LTD | ZAIREN SALLEH MR
biomed,sg,2021Q1,75339631,20210331,LEICA INSTR SINGAPORE PTE LTD
biomed,sg,2021Q1,75340284,20210312,SMITH & NEPHEW ASIA PACIFIC PTE LTD
biomed,sg,2021Q1,75426665,20210204,SMITH & NEPHEW ASIA PACIFIC PTE LTD
biomed,sg,2021Q1,75426669,20210216,SMITH & NEPHEW ASIA PACIFIC PTE LTD
biomed,sg,2021Q1,75539913,20210318,SMITH & NEPHEW ASIA PACIFIC PTE LTD
biomed,sg,2021Q1,75581648,20210326,TRAVECTA THERAPEUTICS PTE LTD
biomed,sg,2021Q1,75625796,20210226,NG EDDIE YIN KWEE DR
biomed,sg,2021Q1,75660305,20210326,TRAVECTA THERAPEUTICS PTE LTD
biomed,sg,2021Q1,76092235,20210210,PVP LABS PTE LTD
biomed,sg,2021Q1,76317506,20210223,LUCENCE LIFE SCIENCES PTE LTD
biomed,sg,2021Q1,76763613,20210112,CARMINE THERAPEUTICS PTE LTD
biomed,sg,2021Q1,76771684,20210115,ANX IP HOLDING PTE LTD
biomed,sg,2021Q1,76788255,20210107,HISTOINDEX PTE LTD
biomed,sg,2021Q1,76788903,20210108,AGENCY SCIENCE TECH & RES | NAT UNIV SINGAPORE
biomed,sg,2021Q1,76788907,20210111,UNIV NANYANG TECH
biomed,sg,2021Q1,76863627,20210113,AGENCY SCIENCE TECH & RES
biomed,sg,2021Q1,77077968,20210129,AUSTRIANOVA SINGAPORE PTE LTD
biomed,sg,2021Q1,77078257,20210125,CLEARLAB SG PTE LTD
biomed,sg,2021Q1,77080003,20210129,AGENCY SCIENCE TECH & RES
biomed,sg,2021Q1,77080006,20210201,SEE MODE TECH PTE LTD
biomed,sg,2021Q1,77178666,20210204,UNIV NANYANG TECH
biomed,sg,2021Q1,77199411,20210205,AGENCY SCIENCE TECH & RES
biomed,sg,2021Q1,77199432,20210205,AGENCY SCIENCE TECH & RES | SINGAPORE HEALTH SERV PTE LTD
biomed,sg,2021Q1,77199587,20210205,NGEE ANN POLYTECHNIC
biomed,sg,2021Q1,77273472,20210204,SMITH & NEPHEW ASIA PACIFIC PTE LTD
biomed,sg,2021Q1,77291292,20210210,NAT UNIV SINGAPORE | UNIV NANYANG TECH
biomed,sg,2021Q1,77291383,20210205,SINGAPORE ZE&Z INT PTE LTD
biomed,sg,2021Q1,77295173,20210209,NAT UNIV SINGAPORE
biomed,sg,2021Q1,77295176,20210210,ST ENGINEERING ADVANCED MAT ENGINEERING PTE LTD
biomed,sg,2021Q1,77295193,20210210,AGENCY SCIENCE TECH & RES
biomed,sg,2021Q1,77295195,20210210,AGENCY SCIENCE TECH & RES | TAN TOCK SENG HOSPITAL PTE LTD
biomed,sg,2021Q1,77295198,20210215,AGENCY SCIENCE TECH & RES
biomed,sg,2021Q1,77366627,20210331,EKO AI PTE LTD
biomed,sg,2021Q1,77366758,20210331,EKO AI PTE LTD
biomed,sg,2021Q1,77491796,20210222,ONE BIOMED PTE LTD
biomed,sg,2021Q1,77492141,20210225,AGENCY SCIENCE TECH & RES | TAN TOCK SENG HOSPITAL PTE LTD
biomed,sg,2021Q1,77492146,20210224,NAT UNIV SINGAPORE
biomed,sg,2021Q1,77614111,20210225,ResMed Asia Pte Ltd
biomed,sg,2021Q1,77614463,20210226,WAVE LIFE SCIENCES LTD
biomed,sg,2021Q1,77614511,20210303,NAT UNIV SINGAPORE
biomed,sg,2021Q1,77614512,20210305,NAT UNIV SINGAPORE
biomed,sg,2021Q1,77614514,20210301,SPOROGENICS PTE LTD
biomed,sg,2021Q1,77614515,20210302,NAT UNIV SINGAPORE
biomed,sg,2021Q1,77617488,20210311,NAT UNIV SINGAPORE
biomed,sg,2021Q1,77672441,20210311,SMITH & NEPHEW ASIA PACIFIC PTE LTD
biomed,sg,2021Q1,77672460,20210311,UNIV NANYANG TECH
biomed,sg,2021Q1,77672461,20210312,AGENCY SCIENCE TECH & RES | NAT UNIV SINGAPORE
biomed,sg,2021Q1,77672467,20210304,UNIV NANYANG TECH
biomed,sg,2021Q1,77768025,20210319,FORTVITA BIOLOGICS SINGAPORE PTE LTD | INNOVENT BIOLOGICS SINGAPORE CO LTD | INNOVENT BIOLOGICS SINGAPORE PTE LTD
biomed,sg,2021Q1,77770497,20210319,FORTVITA BIOLOGICS SINGAPORE PTE LTD | INNOVENT BIOLOGICS SINGAPORE PTE LTD
biomed,sg,2021Q1,77772206,20210316,JCS BIOTECH PTE LTD
biomed,sg,2021Q1,77772215,20210318,AGENCY SCIENCE TECH & RES | UNIV NANYANG TECH
biomed,sg,2021Q1,77772216,20210319,NAT UNIV SINGAPORE
biomed,sg,2021Q1,77772220,20210322,AGENCY SCIENCE TECH & RES | NAT UNIV SINGAPORE
biomed,sg,2021Q1,77809344,20210325,DELTA ELECTRONICS INTL SINGAPORE PTE LTD
biomed,sg,2021Q1,77890129,20210324,ResMed Asia Pte Ltd
biomed,sg,2021Q1,77890559,20210326,ResMed Asia Pte Ltd
biomed,sg,2021Q1,77890566,20210325,NAT UNIV SINGAPORE
biomed,sg,2021Q1,77892132,20210326,GERO PTE LTD
biomed,sg,2021Q1,77892604,20210322,ResMed Asia Pte Ltd
biomed,sg,2021Q1,77892791,20210323,SINGAPORE HEALTH SERV PTE LTD | TAN TOCK SENG HOSPITAL PTE LTD
biomed,sg,2021Q1,77892792,20210326,AGENCY SCIENCE TECH & RES
biomed,sg,2021Q1,77892793,20210324,NAT UNIV SINGAPORE
biomed,sg,2021Q1,77892794,20210326,CHAMPS INNOVATIONS PTE LTD
biomed,sg,2021Q1,77927411,20210331,ENGINE BIOSCIENCES PTE LTD | YOST SHAWN
biomed,sg,2021Q1,77930435,20210330,AGENCY SCIENCE TECH & RES
biomed,sg,2021Q1,78026169,20210326,ResMed Asia Pte Ltd
biomed,sg,2021Q1,79730108,20210203,SIVANTOS PTE LTD
biomed,sg,2021Q1,81195934,20210326,SCINOPHARM SINGAPORE PTE LTD
biomed,sg,2021Q1,82322755,20210112,NAT UNIV SINGAPORE
biomed,sg,2021Q1,82549324,20210122,JLWH PTE LTD
biomed,sg,2021Q1,82654824,20210129,PTS TECH PTE LIMITED | PTS TECH PTE LTD
biomed,sg,2021Q1,82837474,20210211,ADAGENE PTE LTD
biomed,sg,2021Q1,82930860,20210217,INVIVO MEDICAL PTE LTD
biomed,sg,2021Q1,82931065,20210222,POLYWIN PTE LTD
biomed,sg,2021Q1,83006767,20210301,LENOVO SINGAPORE PTE LTD
biomed,sg,2021Q1,83321410,20210319,WILMAR INTERNATIONAL LTD
biomed,sg,2021Q1,83363304,20210324,LENOVO SINGAPORE PTE LTD
biomed,sg,2021Q1,83364055,20210324,POINT ROBOTICS SINGAPORE PTE LTD
biomed,sg,2021Q1,83916534,20210205,ARRIVE PTE LTD
biomed,sg,2021Q1,91325259,20210302,SMITH & NEPHEW ASIA PACIFIC PTE LTD
biomed,sg,2021Q2,49301102,20210426,MERLIN MD PTE LTD
biomed,sg,2021Q2,52000884,20210409,NAT UNIV SINGAPORE
biomed,sg,2021Q2,59966115,20210528,BIOCOZ GLOBAL PTE LTD
biomed,sg,2021Q2,70702965,20210408,ANX IP HOLDING PTE LTD
biomed,sg,2021Q2,71080353,20210430,WISTA LAB LTD
biomed,sg,2021Q2,71526250,20210602,RHEA GENETICS PTE LTD
biomed,sg,2021Q2,71554954,20210427,ANX IP HOLDING PTE LTD
biomed,sg,2021Q2,71557158,20210427,ANKON TECHNOLOGIES CO LTD | ANX IP HOLDING PTE LTD
biomed,sg,2021Q2,71762698,20210525,ANX IP HOLDING PTE LTD
biomed,sg,2021Q2,71795326,20210527,ANX IP HOLDING PTE LTD
biomed,sg,2021Q2,71810559,20210528,ANX IP HOLDING PTE LTD
biomed,sg,2021Q2,71813416,20210528,ANX IP HOLDING PTE LTD
biomed,sg,2021Q2,71838326,20210617,NAT UNIV SINGAPORE | SINGAPORE HEALTH SERV PTE LTD
biomed,sg,2021Q2,71909475,20210601,ANX IP HOLDING PTE LTD
biomed,sg,2021Q2,71978185,20210604,ANX IP HOLDING PTE LTD
biomed,sg,2021Q2,72123797,20210616,ANX IP HOLDING PTE LTD
biomed,sg,2021Q2,72179825,20210527,ANX IP HOLDING PTE LTD
biomed,sg,2021Q2,72194025,20210623,ANX IP HOLDING PTE LTD
biomed,sg,2021Q2,72195347,20210527,ANX IP HOLDING PTE LTD
biomed,sg,2021Q2,75497830,20210413,LEICA INSTR SINGAPORE PTE LTD
biomed,sg,2021Q2,75539709,20210406,DH TECHNOLOGIES DEV PTE LTD
biomed,sg,2021Q2,75588022,20210407,STRAND ROSS
biomed,sg,2021Q2,75588300,20210401,SMITH & NEPHEW ASIA PACIFIC PTE LTD
biomed,sg,2021Q2,75639959,20210413,TEMASEK POLYTECHNIC
biomed,sg,2021Q2,75660014,20210420,LEICA INSTR SINGAPORE PTE LTD
biomed,sg,2021Q2,75660385,20210405,SMITH & NEPHEW ASIA PACIFIC PTE LTD
biomed,sg,2021Q2,75690637,20210411,EXPLOR INVEST PTE LTD
biomed,sg,2021Q2,75747029,20210405,SMITH & NEPHEW ASIA PACIFIC PTE LIIMITED | SMITH & NEPHEW ASIA PACIFIC PTE LTD
biomed,sg,2021Q2,75747112,20210409,SMITH & NEPHEW ASIA PACIFIC PTE LTD
biomed,sg,2021Q2,75787292,20210414,SMITH & NEPHEW ASIA PACIFIC PTE LTD
biomed,sg,2021Q2,75801589,20210430,WISTA LAB LTD
biomed,sg,2021Q2,75801633,20210420,ResMed Asia Pte Ltd
biomed,sg,2021Q2,75850641,20210412,SMITH & NEPHEW ASIA PACIFIC PTE LTD
biomed,sg,2021Q2,75850662,20210415,SMITH & NEPHEW ASIA PACIFIC PTE LTD
biomed,sg,2021Q2,75870710,20210412,TRAVECTA THERAPEUTICS PTE LTD
biomed,sg,2021Q2,75870815,20210423,SMITH & NEPHEW ASIA PACIFIC PTE LTD
biomed,sg,2021Q2,75887990,20210430,WISTA LAB LTD
biomed,sg,2021Q2,75977689,20210518,LEICA INSTR SINGAPORE PTE LTD
biomed,sg,2021Q2,75977843,20210429,SMITH & NEPHEW ASIA PACIFIC PTE LTD
biomed,sg,2021Q2,76011884,20210426,ACM BIOLABS PTE LTD
biomed,sg,2021Q2,76012001,20210427,SMITH & NEPHEW ASIA PACIFIC PTE LTD
biomed,sg,2021Q2,76012047,20210430,SMITH & NEPHEW ASIA PACIFIC PTE LTD
biomed,sg,2021Q2,76035107,20210507,23 IKIGAI PTE LTD | 23IKIGAI PTE LTD
biomed,sg,2021Q2,76099003,20210420,SMITH & NEPHEW ASIA PACIFIC PTE LTD
biomed,sg,2021Q2,76217907,20210505,SMITH & NEPHEW ASIA PACIFIC PTE LTD
biomed,sg,2021Q2,76284169,20210511,ILLUMINA SINGAPORE PTE LTD
biomed,sg,2021Q2,76325555,20210604,TESSA THERAPEUTICS LTD
biomed,sg,2021Q2,76355424,20210531,NAT UNIV SINGAPORE
biomed,sg,2021Q2,76355586,20210517,SMITH & NEPHEW ASIA PACIFIC PTE LTD
biomed,sg,2021Q2,76444534,20210511,ILLUMINA SINGAPORE PTE LTD | NAT UNIV SINGAPORE
biomed,sg,2021Q2,76601745,20210527,SMITH & NEPHEW ASIA PACIFIC PTE LTD
biomed,sg,2021Q2,76695536,20210625,HILL ROM SERVICES PTE LTD
biomed,sg,2021Q2,76708433,20210604,SMITH & NEPHEW ASIA PACIFIC PTE LTD
biomed,sg,2021Q2,76708470,20210608,SMITH & NEPHEW ASIA PACIFIC PTE LTD
biomed,sg,2021Q2,76730904,20210616,UNIV NANYANG TECH
biomed,sg,2021Q2,76744948,20210609,SMITH & NEPHEW ASIA PACIFIC PTE LTD
biomed,sg,2021Q2,76797073,20210624,ILLUMINA SINGAPORE PTE LTD
biomed,sg,2021Q2,76797074,20210625,AWAK TECH PTE LTD
biomed,sg,2021Q2,76829640,20210611,SMITH & NEPHEW ASIA PACIFIC PTE LTD
biomed,sg,2021Q2,76845263,20210524,WAVE LIFE SCIENCES LTD
biomed,sg,2021Q2,76845340,20210616,SMITH & NEPHEW ASIA PACIFIC PTE LTD
biomed,sg,2021Q2,76859698,20210625,AWAK TECH PTE LTD
biomed,sg,2021Q2,76859824,20210621,SMITH & NEPHEW ASIA PACIFIC PTE LTD
biomed,sg,2021Q2,76958994,20210616,UNIV NANYANG TECH
biomed,sg,2021Q2,76969711,20210415,NAT UNIV HOSPITAL SINGAPORE PTE LTD | NAT UNIV SINGAPORE
biomed,sg,2021Q2,77022184,20210616,SMITH & NEPHEW ASIA PACIFIC PTE LTD
biomed,sg,2021Q2,77022323,20210629,SMITH & NEPHEW ASIA PACIFIC PTE LIMTED | SMITH & NEPHEW ASIA PACIFIC PTE LTD
biomed,sg,2021Q2,77338705,20210519,TSG THERAPEUTICS PTE LTD
biomed,sg,2021Q2,77338758,20210630,SMITH & NEPHEW ASIA PACIFIC PTE LIMTED | SMITH & NEPHEW ASIA PACIFIC PTE LTD
biomed,sg,2021Q2,77358302,20210601,NANOCLEAN S PTE LTD
biomed,sg,2021Q2,77664927,20210527,ASIA GENOMICS PTE LTD
biomed,sg,2021Q2,77666116,20210607,CREDO DIAGNOSTICS BIOMEDICAL PTE LTD
biomed,sg,2021Q2,77821840,20210622,THE NATIONAL UNIV OF SINGAPORE | UNIV NANYANG TECH
biomed,sg,2021Q2,77930436,20210401,ACUMEN RES LABORATORIES PTE LTD
biomed,sg,2021Q2,78006121,20210413,NAT UNIV SINGAPORE
biomed,sg,2021Q2,78022482,20210407,SELF IE ENTERPRISE PRIVATE LTD
biomed,sg,2021Q2,78024038,20210405,ResMed Asia Pte Ltd
biomed,sg,2021Q2,78024046,20210407,ENGINE BIOSCIENCES PTE LTD
biomed,sg,2021Q2,78024068,20210407,AGENCY SCIENCE TECH & RES | HU YUANYU | WANG BEI | WANG CHENG I
biomed,sg,2021Q2,78026167,20210407,N&E INNOVATIONS PTE LTD
biomed,sg,2021Q2,78026170,20210407,AGENCY SCIENCE TECH & RES | NAT UNIV SINGAPORE
biomed,sg,2021Q2,78026172,20210407,AGENCY SCIENCE TECH & RES
biomed,sg,2021Q2,78026174,20210408,INTRA IMMUSG PRIVATE LTD | INTRA IMMUSG PRIVATE LTD SG
biomed,sg,2021Q2,78082684,20210416,UNIV NANYANG TECH
biomed,sg,2021Q2,78083634,20210413,UNIV NANYANG TECH
biomed,sg,2021Q2,78083975,20210413,NAT UNIV SINGAPORE
biomed,sg,2021Q2,78084452,20210416,UNIV NANYANG TECH
biomed,sg,2021Q2,78084465,20210415,NAT UNIV HOSPITAL SINGAPORE PTE LTD | NAT UNIV SINGAPORE
biomed,sg,2021Q2,78084489,20210413,NAT UNIV SINGAPORE
biomed,sg,2021Q2,78221030,20210428,SMITH & NEPHEW ASIA PACIFIC PTE LTD
biomed,sg,2021Q2,78269755,20210422,AGENCY SCIENCE TECH & RES | NAT UNIV SINGAPORE
biomed,sg,2021Q2,78292138,20210428,SMITH & NEPHEW ASIA PACIFIC PTE LTD
biomed,sg,2021Q2,78292164,20210428,SMITH & NEPHEW ASIA PACIFIC PTE LTD
biomed,sg,2021Q2,78373371,20210430,ResMed Asia Pte Ltd
biomed,sg,2021Q2,78374228,20210426,UNIV NANYANG TECH
biomed,sg,2021Q2,78374229,20210427,BIOBOT SURGICAL PTE LTD | SINGAPORE HEALTH SERV PTE LTD
biomed,sg,2021Q2,78377443,20210505,SOFT SENSE LIFE TECH PTE LTD
biomed,sg,2021Q2,78411832,20210503,SMITH & NEPHEW ASIA PACIFIC PTE LTD
biomed,sg,2021Q2,78412012,20210505,SMITH & NEPHEW ASIA PACIFIC PTE LTD
biomed,sg,2021Q2,78468775,20210505,SUN VASAN ABE
biomed,sg,2021Q2,78468776,20210430,NAT UNIV SINGAPORE
biomed,sg,2021Q2,78468777,20210506,AGENCY SCIENCE TECH & RES
biomed,sg,2021Q2,78513545,20210510,SMITH & NEPHEW ASIA PACIFIC PTE LTD
biomed,sg,2021Q2,78526459,20210512,NAT UNIV SINGAPORE
biomed,sg,2021Q2,78526462,20210514,SINGAPORE HEALTH SERV PTE LTD | UNIV SINGAPORE TECHNOLOGY & DESIGN
biomed,sg,2021Q2,78526464,20210430,AGENCY SCIENCE TECH & RES
biomed,sg,2021Q2,78609334,20210518,SMITH & NEPHEW ASIA PACIFIC PTE LTD
biomed,sg,2021Q2,78609475,20210521,ORBUSNEICH MEDICAL PTE LTD
biomed,sg,2021Q2,78707040,20210526,JOTY SHAFIQ RAYHAN
biomed,sg,2021Q2,78707682,20210524,WAVE LIFE SCIENCES LTD
biomed,sg,2021Q2,78718216,20210521,UNIV NANYANG TECH
biomed,sg,2021Q2,78718217,20210517,AEVICE HEALTH PTE LTD
biomed,sg,2021Q2,78718221,20210519,NAT UNIV HOSPITAL SINGAPORE PTE LTD | NAT UNIV SINGAPORE
biomed,sg,2021Q2,78718225,20210521,SINGAPORE HEALTH SERV PTE LTD
biomed,sg,2021Q2,78745727,20210505,NAT UNIV SINGAPORE
biomed,sg,2021Q2,78745729,20210525,UNIV NANYANG TECH
biomed,sg,2021Q2,78745730,20210415,AGENCY SCIENCE TECH & RES | OTSAW DIGITAL PTE LTD
biomed,sg,2021Q2,78745733,20210527,NAT UNIV SINGAPORE
biomed,sg,2021Q2,78778764,20210404,JELLICE PIONEER PRIVATE LTD TAIWAN BRANCH SINGAPORE
biomed,sg,2021Q2,78816671,20210601,SMITH & NEPHEW ASIA PACIFIC PTE LTD
biomed,sg,2021Q2,78818263,20210603,SMITH & NEPHEW ASIA PACIFIC PTE LTD
biomed,sg,2021Q2,78831395,20210528,IX BIOPHARMA LTD
biomed,sg,2021Q2,78831691,20210601,UNIV NANYANG TECH
biomed,sg,2021Q2,78831692,20210531,AGENCY SCIENCE TECH & RES | NAT UNIV HOSPITAL SINGAPORE PTE LTD
biomed,sg,2021Q2,78831694,20210601,SINGAPORE HEALTH SERV PTE LTD
biomed,sg,2021Q2,78831695,20210603,AGENCY SCIENCE TECH & RES
biomed,sg,2021Q2,78831697,20210602,NAT UNIV SINGAPORE | SINGAPORE HEALTH SERV PTE LTD
biomed,sg,2021Q2,78831699,20210604,NAT UNIV SINGAPORE
biomed,sg,2021Q2,78845829,20210611,AGENCY SCIENCE TECH & RES
biomed,sg,2021Q2,78845830,20210611,AGENCY SCIENCE TECH & RES
biomed,sg,2021Q2,78845831,20210611,AGENCY SCIENCE TECH & RES
biomed,sg,2021Q2,79022747,20210617,SMITH & NEPHEW ASIA PACIFIC PTE LTD
biomed,sg,2021Q2,79031296,20210624,ARRIVE PTE LTD
biomed,sg,2021Q2,79032507,20210507,23IKIGAI PTE LTD
biomed,sg,2021Q2,79268502,20210618,FORTVITA BIOLOGICS SINGAPORE PTE LTD | INNOVENT BIOLOGICS SINGAPORE PTE LTD
biomed,sg,2021Q2,79268729,20210615,NAT UNIV SINGAPORE
biomed,sg,2021Q2,79281857,20210623,ADAGENE PTE LTD
biomed,sg,2021Q2,79282134,20210625,ResMed Asia Pte Ltd
biomed,sg,2021Q2,79282834,20210621,NERVOTEC PTE LTD
biomed,sg,2021Q2,79282836,20210618,NAT UNIV SINGAPORE
biomed,sg,2021Q2,79282837,20210624,NAT UNIV SINGAPORE
biomed,sg,2021Q2,79282838,20210625,AGENCY SCIENCE TECH & RES | UNIV NANYANG TECH
biomed,sg,2021Q2,79316751,20210615,ResMed Asia Pte Ltd
biomed,sg,2021Q2,79317862,20210630,ResMed Asia Pte Ltd
biomed,sg,2021Q2,79687849,20210630,UNIV NANYANG TECH
biomed,sg,2021Q2,79729991,20210527,NAT UNIV SINGAPORE
biomed,sg,2021Q2,79729994,20210623,AGENCY SCIENCE TECH & RES
biomed,sg,2021Q2,80038131,20210416,GASHUBUNITED UTILITY PTE LTD
biomed,sg,2021Q2,80997059,20210615,LI JIANMIN | LONGRUNN MEDICAL FOOD PTE LTD
biomed,sg,2021Q2,82932307,20210624,SPACE PTE LTD
biomed,sg,2021Q2,83545607,20210409,TECHNOLITE SINGAPORE PTE LTD
biomed,sg,2021Q2,83546329,20210407,BIOSIGNS PTE LTD
biomed,sg,2021Q2,83999202,20210512,POINT ROBOTICS SINGAPORE PTE LTD
biomed,sg,2021Q2,84029766,20210511,UNIV NANYANG TECH
biomed,sg,2021Q2,84104267,20210524,MPICS INNOVATIONS PTE LTD
biomed,sg,2021Q2,84489831,20210616,HYTTO PTE LTD
biomed,sg,2021Q2,84692018,20210628,NDR MEDICAL TECH PRIVATE LIMITED
biomed,sg,2021Q2,88309212,20210615,SMITH & NEPHEW ASIA PACIFIC PTE LTD
biomed,sg,2021Q2,90245647,20210404,HYTTO PTE LTD
biomed,sg,2021Q3,38668376,20210901,BACTOCLEAR HOLDINGS PTE LTD
biomed,sg,2021Q3,45688439,20210907,AUSTRIANOVA SINGAPORE PTE LTD
biomed,sg,2021Q3,55795012,20210915,FMC AGRO SINGAPORE PTE LTD
biomed,sg,2021Q3,71620340,20210715,Hoya Medical Singapore Pte Ltd
biomed,sg,2021Q3,72140057,20210709,WISTA LAB LTD
biomed,sg,2021Q3,72147909,20210818,Hoya Medical Singapore Pte Ltd
biomed,sg,2021Q3,72347831,20210709,ANX IP HOLDING PTE LTD
biomed,sg,2021Q3,72352578,20210709,ANX IP HOLDING PTE LTD
biomed,sg,2021Q3,72392195,20210709,ANX IP HOLDING PTE LTD
biomed,sg,2021Q3,72658486,20210816,ANX IP HOLDING PTE LTD
biomed,sg,2021Q3,72660817,20210825,MATTEUCCI GIANFRANCO
biomed,sg,2021Q3,72861357,20210723,ANX IP HOLDING PTE LTD
biomed,sg,2021Q3,73333878,20210917,ANX IP HOLDING PTE LTD
biomed,sg,2021Q3,73451059,20210909,ANX IP HOLDING PTE LTD
biomed,sg,2021Q3,74684250,20210903,CHUGAI PHARMABODY RES PTE LTD
biomed,sg,2021Q3,74958150,20210926,WISORIG TECH PTE LIMITED
biomed,sg,2021Q3,76845245,20210714,VIATRIS ASIA PACIFIC PTE LTD
biomed,sg,2021Q3,76999717,20210720,LEICA INSTR SINGAPORE PTE LTD
biomed,sg,2021Q3,77071207,20210706,ORBUSNEICH MEDICAL PTE LTD
biomed,sg,2021Q3,77071292,20210726,HELAXY INC
biomed,sg,2021Q3,77127050,20210721,CJ TECH HOLDINGS PTE LTD
biomed,sg,2021Q3,77167909,20210709,CHO MEI SAN GIGI | RAJWANI BHAVESH
biomed,sg,2021Q3,77265248,20210715,SMITH & NEPHEW ASIA PACIFIC PTE LIMTED | SMITH & NEPHEW ASIA PACIFIC PTE LTD
biomed,sg,2021Q3,77265339,20210721,SMITH & NEPHEW ASIA PACIFIC PTE LTD
biomed,sg,2021Q3,77300994,20210714,SMITH & NEPHEW ASIA PACIFIC PTE LTD
biomed,sg,2021Q3,77338868,20210703,FMC AGRO SINGAPORE PTE LTD
biomed,sg,2021Q3,77367460,20210720,ILLUMINA SINGAPORE PTE LTD | UNIV NANYANG TECH
biomed,sg,2021Q3,77431368,20210703,FMC AGRO SINGAPORE PTE LTD
biomed,sg,2021Q3,77431395,20210729,SMITH & NEPHEW ASIA PACIFIC PTE LTD
biomed,sg,2021Q3,77564137,20210708,SMITH & NEPHEW ASIA PACIFIC PTE LTD
biomed,sg,2021Q3,77595439,20210901,HILL ROM SERVICES PTE LTD
biomed,sg,2021Q3,77655505,20210823,STRAND ROSS
biomed,sg,2021Q3,77655506,20210823,STRAND ROSS
biomed,sg,2021Q3,77726361,20210824,CHUA MICHELE TSU FERN | GOH CHERN PING | LEE MARTIN CHANG SHOU | TAY JING WEN MARCUS | ZHANG JUN JI
biomed,sg,2021Q3,77802253,20210824,SMITH & NEPHEW ASIA PACIFIC PTE LTD
biomed,sg,2021Q3,77838904,20210830,ASLAN PHARMACEUTICALS PTE LTD
biomed,sg,2021Q3,77951787,20210805,SMITH & NEPHEW ASIA PACIFIC PTE LTD
biomed,sg,2021Q3,78049780,20210826,SMITH & NEPHEW ASIA PACIFIC PTE LTD
biomed,sg,2021Q3,78049793,20210827,ILLUMINA SINGAPORE PTE LTD
biomed,sg,2021Q3,78080459,20210909,SMITH & NEPHEW ASIA PACIFIC PTE LTD
biomed,sg,2021Q3,78135027,20210924,SPORTSCIENTIA PTE LTD
biomed,sg,2021Q3,78135193,20210921,SMITH & NEPHEW ASIA PACIFIC PTE LTD
biomed,sg,2021Q3,78179526,20210922,SMITH & NEPHEW ASIA PACIFIC PTE LTD
biomed,sg,2021Q3,78402228,20210922,SMITH & NEPHEW ASIA PACIFIC PTE LTD
biomed,sg,2021Q3,78414713,20210902,SMITH & NEPHEW ASIA PACIFIC PTE LTD
biomed,sg,2021Q3,78605469,20210910,INNOVATION STREET PTE LTD
biomed,sg,2021Q3,78605473,20210910,INNOVATION STREET PTE LTD
biomed,sg,2021Q3,78605476,20210910,INNOVATION STREET PTE LTD
biomed,sg,2021Q3,78816777,20210824,WUXI XDC SINGAPORE PRIVATE LTD
biomed,sg,2021Q3,78818143,20210823,CHISCAN HOLDING PTE LTD | CHISCAN HOLDINGS PTE LTD
biomed,sg,2021Q3,78824140,20210830,SINGAPORE HEALTH SERV PTE LTD
biomed,sg,2021Q3,79019397,20210824,RIWAY SINGAPORE PTE LTD
biomed,sg,2021Q3,79317858,20210702,NAT UNIV SINGAPORE
biomed,sg,2021Q3,79317860,20210702,NAT UNIV SINGAPORE
biomed,sg,2021Q3,79556145,20210716,NAT UNIV SINGAPORE
biomed,sg,2021Q3,79556151,20210709,NAT UNIV SINGAPORE
biomed,sg,2021Q3,79556154,20210715,AGENCY SCIENCE TECH & RES
biomed,sg,2021Q3,79728809,20210715,CELLRESEARCH CORP PTE LTD | SINGAPORE HEALTH SERV PTE LTD
biomed,sg,2021Q3,79729996,20210719,AGENCY SCIENCE TECH & RES
biomed,sg,2021Q3,79729997,20210721,AGENCY SCIENCE TECH & RES | PYROBETT PTE LTD
biomed,sg,2021Q3,79730000,20210723,UNIV NANYANG TECH
biomed,sg,2021Q3,80002539,20210728,ResMed Asia Pte Ltd
biomed,sg,2021Q3,80037739,20210727,ResMed Asia Pte Ltd
biomed,sg,2021Q3,80038130,20210730,AGENCY SCIENCE TECH & RES
biomed,sg,2021Q3,80038134,20210729,LUCENCE LIFE SCIENCES PTE LTD
biomed,sg,2021Q3,80038135,20210729,LUCENCE LIFE SCIENCES PTE LTD
biomed,sg,2021Q3,80038136,20210729,LUCENCE LIFE SCIENCES PTE LTD
biomed,sg,2021Q3,80038137,20210729,LUCENCE LIFE SCIENCES PTE LTD
biomed,sg,2021Q3,80114693,20210810,RELIEVE THERAPEUTICS PTE LTD
biomed,sg,2021Q3,80117617,20210804,LIGERA RES PTE LTD
biomed,sg,2021Q3,80120151,20210804,AGENCY SCIENCE TECH & RES
biomed,sg,2021Q3,80120153,20210805,NAT UNIV SINGAPORE
biomed,sg,2021Q3,80120154,20210806,NAT UNIV SINGAPORE
biomed,sg,2021Q3,80224606,20210813,SMITH & NEPHEW ASIA PACIFIC PTE LTD
biomed,sg,2021Q3,80249556,20210716,YIJIAHE SINGAPORE PTE LTD
biomed,sg,2021Q3,80352939,20210826,AGENCY SCIENCE TECH & RES | SINGAPORE HEALTH SERV PTE LTD
biomed,sg,2021Q3,80352942,20210810,NAT UNIV SINGAPORE | SINGAPORE HEALTH SERV PTE LTD
biomed,sg,2021Q3,80352946,20210825,SINGAPORE HEALTH SERV PTE LTD
biomed,sg,2021Q3,80352950,20210823,UNIV NANYANG TECH
biomed,sg,2021Q3,80353901,20210823,WAVE LIFE SCIENCES LTD
biomed,sg,2021Q3,80354645,20210825,HAISCO PHARMACEUTICALS PTE LTD
biomed,sg,2021Q3,80355744,20210826,MOJIA BIOTECH PTE LTD
biomed,sg,2021Q3,80442734,20210929,SURECLEAN PTE LTD
biomed,sg,2021Q3,80492474,20210902,SINGAPORE HEALTH SERV PTE LTD | UNIV NANYANG TECH
biomed,sg,2021Q3,80492475,20210903,AGENCY SCIENCE TECH & RES
biomed,sg,2021Q3,80625975,20210909,SMITH & NEPHEW ASIA PACIFIC PTE LTD
biomed,sg,2021Q3,80629729,20210910,NAT UNIV SINGAPORE
biomed,sg,2021Q3,80629784,20210909,NAT UNIV SINGAPORE
biomed,sg,2021Q3,80631119,20210910,AGENCY SCIENCE TECH & RES
biomed,sg,2021Q3,80631121,20210819,NAT UNIV SINGAPORE
biomed,sg,2021Q3,80631125,20210908,NAT UNIV SINGAPORE
biomed,sg,2021Q3,80631128,20210906,NAT UNIV SINGAPORE
biomed,sg,2021Q3,80632092,20210908,HAISCO PHARMACEUTICALS PTE LTD
biomed,sg,2021Q3,80776762,20210914,SINGAPORE HEALTH SERV PTE LTD
biomed,sg,2021Q3,80777130,20210917,ResMed Asia Pte Ltd
biomed,sg,2021Q3,80777868,20210915,NAT UNIV HOSPITAL SINGAPORE PTE LTD | NAT UNIV SINGAPORE
biomed,sg,2021Q3,80777869,20210915,NAT UNIV SINGAPORE
biomed,sg,2021Q3,80777872,20210917,SINGAPORE HEALTH SERV PTE LTD
biomed,sg,2021Q3,80777874,20210916,AGENCY SCIENCE TECH & RES | UNIV NANYANG TECH
biomed,sg,2021Q3,80777875,20210917,AGENCY SCIENCE TECH & RES
biomed,sg,2021Q3,80845506,20210921,UNIV SINGAPORE TECHNOLOGY & DESIGN
biomed,sg,2021Q3,80847037,20210910,SINGAPORE HEALTH SERV PTE LTD | TRISAIL MEDICAL PTE LTD
biomed,sg,2021Q3,80847039,20210923,NAT UNIV SINGAPORE
biomed,sg,2021Q3,80847041,20210922,NAT UNIV SINGAPORE
biomed,sg,2021Q3,80847043,20210924,AGENCY SCIENCE TECH & RES
biomed,sg,2021Q3,80949658,20210928,FORTVITA BIOLOGICS SINGAPORE PTE LTD
biomed,sg,2021Q3,80949663,20210928,FORTVITA BIOLOGICS SINGAPORE PTE LTD | INNOVENT BIOLOGICS SINGAPORE PTE LTD
biomed,sg,2021Q3,80950632,20210903,MEDLYVES PTE LTD
biomed,sg,2021Q3,80951925,20210921,AGENCY SCIENCE TECH & RES
biomed,sg,2021Q3,80951927,20210930,ResMed Asia Pte Ltd
biomed,sg,2021Q3,80951928,20210924,HOOW FOODS PTE LTD
biomed,sg,2021Q3,81381086,20210909,ResMed Asia Pte Ltd
biomed,sg,2021Q3,81657859,20210929,RELIEVE THERAPEUTICS PTE LTD
biomed,sg,2021Q3,81708449,20210806,ECOSPEC NOVELTECH PTE LTD
biomed,sg,2021Q3,82608175,20210810,SIVANTOS PTE LTD
biomed,sg,2021Q3,82786458,20210813,SIVANTOS PTE LTD
biomed,sg,2021Q3,84623084,20210930,HUIKE SINGAPORE HOLDING PTE LTD
biomed,sg,2021Q3,84706528,20210730,RAVI KAVITHA
biomed,sg,2021Q3,84784335,20210910,PLENAMED PTE LTD
biomed,sg,2021Q3,84890994,20210719,HYTTO PTE LTD
biomed,sg,2021Q3,85037266,20210706,AGENCY SCIENCE TECH & RES
biomed,sg,2021Q3,85037725,20210726,NAVAD LIFE SCIENCES PTE LTD | Navad Life Sciences Pte
biomed,sg,2021Q3,85086512,20210730,FANG MING
biomed,sg,2021Q3,85156251,20210803,UNIV NANYANG TECH
biomed,sg,2021Q3,85177133,20210812,HYTTO PTE LTD
biomed,sg,2021Q3,85200959,20210813,NAT UNIV SINGAPORE
biomed,sg,2021Q3,85287456,20210827,RAPSODO PTE LTD
biomed,sg,2021Q3,85384724,20210818,Neerkoli Pte Ltd
biomed,sg,2021Q3,85507170,20210910,SOTER BIOPHARMA PTE LTD
biomed,sg,2021Q3,85603319,20210917,MEDKLINN TECH PTE LTD
biomed,sg,2021Q3,85783335,20210929,HALESIGHT PTE LTD
biomed,sg,2021Q3,86184346,20210929,RELIEVE THERAPEUTICS PTE LTD
biomed,sg,2021Q3,90061836,20210903,SMITH & NEPHEW ASIA PACIFIC PTE LTD
biomed,sg,2021Q3,97107496,20210826,SMITH & NEPHEW ASIA PACIFIC PTE LTD
biomed,sg,2021Q4,50182261,20211015,Poly Gain Pte Ltd
biomed,sg,2021Q4,55858356,20211026,MOJIA BIOTECH PTE LTD
biomed,sg,2021Q4,73460362,20211007,SMITH & NEPHEW ASIA PACIFIC PTE LTD
biomed,sg,2021Q4,73572757,20211102,ANX IP HOLDING PTE LTD
biomed,sg,2021Q4,73652432,20211130,MOJIA BIOTECH PTE LTD
biomed,sg,2021Q4,73694848,20211202,PLANEAT FOODS PTE LTD
biomed,sg,2021Q4,73776540,20211029,NAT UNIV SINGAPORE | SINGAPORE HEALTH SERV PTE LTD
biomed,sg,2021Q4,74187071,20211213,ACM BIOLABS PTE LTD
biomed,sg,2021Q4,74224905,20211123,ANX ANX IP HOLDING PTE LTD | ANX IP HOLDING PTE LTD
biomed,sg,2021Q4,74309337,20211125,NAT UNIV SINGAPORE
biomed,sg,2021Q4,74850325,20211108,IOLERA HOLDINGS PTE LTD
biomed,sg,2021Q4,78332660,20211020,ADVANCED MEDTECH CORP PTE LTD
biomed,sg,2021Q4,78371974,20211020,HILL ROM SERVICES PTE LTD
biomed,sg,2021Q4,78414365,20211028,LEICA INSTR SINGAPORE PTE LTD
biomed,sg,2021Q4,78414374,20211028,LEICA INSTR SINGAPORE PTE LTD
biomed,sg,2021Q4,78463988,20211008,SMITH & NEPHEW ASIA PACIFIC PTE LTD
biomed,sg,2021Q4,78483252,20211020,IMMUNOA PTE LTD
biomed,sg,2021Q4,78516925,20211008,SMITH & NEPHEW ASIA PACIFIC PTE LTD
biomed,sg,2021Q4,78536554,20211015,ASLAN PHARMACEUTICALS PTE LTD
biomed,sg,2021Q4,78598982,20211103,AMS SENSORS SINGAPORE PTE LTD
biomed,sg,2021Q4,78649257,20211102,HUMMINGBIRD BIOSCIENCE PTE LTD
biomed,sg,2021Q4,78695833,20211025,SMITH & NEPHEW ASIA PACIFIC PTE LTD
biomed,sg,2021Q4,78709557,20211028,SMITH & NEPHEW ASIA PACIFIC PTE LTD
biomed,sg,2021Q4,78725591,20211116,JUNION LABS PTE LTD | THE CHLOROPLAST PTE LTD | THE CHLOROPLASTPTE LTD
biomed,sg,2021Q4,78725717,20211029,SMITH & NEPHEW ASIA PACIFIC PTE LTD
biomed,sg,2021Q4,78771138,20211006,SMITH & NEPHEW ASIA PACIFIC PTE LTD
biomed,sg,2021Q4,78819812,20211012,LIFE TECH HOLDINGS PTE LIMITED
biomed,sg,2021Q4,78820716,20211112,HISTOINDEX PTE LTD
biomed,sg,2021Q4,78822058,20211103,SMITH & NEPHEW ASIA PACIFIC PTE LTD
biomed,sg,2021Q4,78851176,20211130,ANTS INNOVATE PTE LTD
biomed,sg,2021Q4,79171179,20211210,ResMed Asia Pte Ltd
biomed,sg,2021Q4,79283266,20211210,SMITH & NEPHEW ASIA PACIFIC PTE LTD
biomed,sg,2021Q4,79289045,20211221,EVYD RES PRIVATE LIMITED
biomed,sg,2021Q4,79686790,20211213,SMITH & NEPHEW ASIA PACIFIC PTE LTD
biomed,sg,2021Q4,79830886,20211201,SMITH & NEPHEW ASIA PACIFIC PTE LTD
biomed,sg,2021Q4,80035089,20211208,SMITH & NEPHEW ASIA PACIFIC PTE LTD
biomed,sg,2021Q4,80050877,20211228,SPORTSCIENTIA PTE LTD
biomed,sg,2021Q4,80080207,20211213,MEIBAN GROUP PTE LTD
biomed,sg,2021Q4,80113414,20211228,SMITH & NEPHEW ASIA PACIFIC PTE LTD
biomed,sg,2021Q4,80218509,20211228,HILL ROM SERVICES PTE LTD
biomed,sg,2021Q4,80224608,20211016,NAT UNIV HOSPITAL SINGAPORE PTE LTD | NAT UNIV SINGAPORE
biomed,sg,2021Q4,80447835,20211229,FMC AGRO SINGAPORE PTE LTD
biomed,sg,2021Q4,80515349,20211229,FMC AGRO SINGAPORE PTE LTD
biomed,sg,2021Q4,80782002,20211008,AGENCY FOR SCIENCE TECH AND RESEARCH ASTARSTAR | AGENCY FOR SCIENCE TECHNOLOGY AND RESEARCH ASTARSTAR | AGENCY SCIENCE TECH & RES
biomed,sg,2021Q4,80930878,20211007,SMITH & NEPHEW ASIA PACIFIC PTE LTD
biomed,sg,2021Q4,80951931,20211001,AGENCY SCIENCE TECH & RES
biomed,sg,2021Q4,80951932,20211001,NAT UNIV SINGAPORE
biomed,sg,2021Q4,80951934,20211001,AGENCY SCIENCE TECH & RES
biomed,sg,2021Q4,81077570,20211005,NAT UNIV SINGAPORE
biomed,sg,2021Q4,81127137,20211007,AGENCY SCIENCE TECH & RES | DSO NAT LABORATORIES | HUMMINGBIRD BIOSCIENCE HOLDINGS LTD
biomed,sg,2021Q4,81184863,20211020,SMITH & NEPHEW ASIA PACIFIC PTE LTD
biomed,sg,2021Q4,81194979,20211018,DELTA ELECTRONICS INTL SINGAPORE PTE LTD
biomed,sg,2021Q4,81209487,20211012,NAT UNIV SINGAPORE
biomed,sg,2021Q4,81209488,20211012,NAT UNIV SINGAPORE
biomed,sg,2021Q4,81209491,20211014,NAT UNIV HOSPITAL SINGAPORE PTE LTD
biomed,sg,2021Q4,81256788,20211025,SMITH & NEPHEW ASIA PACIFIC PTE LTD
biomed,sg,2021Q4,81289370,20211017,QUANTUMTX PTE LTD
biomed,sg,2021Q4,81290151,20211022,PROHIBITION X PTE LTD
biomed,sg,2021Q4,81291750,20211021,NAT UNIV SINGAPORE
biomed,sg,2021Q4,81291751,20211022,ResMed Asia Pte Ltd
biomed,sg,2021Q4,81291752,20211022,NEUROGLEE SCIENCE PTE LTD | NEUROGLEE THERAPEUTICS PTE LTD
biomed,sg,2021Q4,81291756,20211021,UNIV NANYANG TECH
biomed,sg,2021Q4,81291757,20211018,NAT UNIV SINGAPORE
biomed,sg,2021Q4,81291761,20211020,MAGNEXT LIFE SCIENCE PTE LTD
biomed,sg,2021Q4,81382084,20211028,NEUOME PEPTIDES PTE LTD
biomed,sg,2021Q4,81384197,20211028,NAT UNIV SINGAPORE
biomed,sg,2021Q4,81384481,20211026,AGENCY SCIENCE TECH & RES
biomed,sg,2021Q4,81384486,20211027,NAT UNIV SINGAPORE
biomed,sg,2021Q4,81455204,20211104,DELTA ELECTRONICS INTL SINGAPORE PTE LTD
biomed,sg,2021Q4,81456778,20211108,WAVE LIFE SCIENCES LTD
biomed,sg,2021Q4,81457291,20211109,NAT UNIV SINGAPORE
biomed,sg,2021Q4,81458606,20211019,UNIV NANYANG TECH
biomed,sg,2021Q4,81458609,20211103,UNIV NANYANG TECH
biomed,sg,2021Q4,81458610,20211102,BECTON DICKINSON HOLDINGS PTE LTD
biomed,sg,2021Q4,81458614,20211105,TAN TOCK SENG HOSPITAL PTE LTD | THE BIOFACTORY PTE LTD
biomed,sg,2021Q4,81458615,20211105,NAT UNIV HOSPITAL SINGAPORE PTE LTD | NAT UNIV SINGAPORE
biomed,sg,2021Q4,81458616,20211109,NAT UNIV SINGAPORE
biomed,sg,2021Q4,81458617,20211109,NAT UNIV SINGAPORE
biomed,sg,2021Q4,81458620,20211105,NAT UNIV HOSPITAL SINGAPORE PTE LTD | NAT UNIV SINGAPORE
biomed,sg,2021Q4,81602683,20211012,TEMASEK LIFE SCIENCES LABORATORY LTD | ZERO2 5 BIOTECH PTE LTD
biomed,sg,2021Q4,81602687,20211111,KAHA PTE LTD
biomed,sg,2021Q4,81602688,20211110,UNIV NANYANG TECH
biomed,sg,2021Q4,81707901,20211123,Poly Gain Pte Ltd
biomed,sg,2021Q4,81708527,20211123,DEFUGO TECH PTE LTD
biomed,sg,2021Q4,81709847,20211116,Liu zhen yun
biomed,sg,2021Q4,81754713,20211126,ResMed Asia Pte Ltd
biomed,sg,2021Q4,81755350,20211123,HAISCO PHARMACEUTICALS PTE LTD
biomed,sg,2021Q4,81755990,20211116,TURTLETREE LABS PTE LTD
biomed,sg,2021Q4,81756299,20211130,ResMed Asia Pte Ltd
biomed,sg,2021Q4,81756301,20211130,CHANDY GEORGE KANIANTHARA | ONG SEOW THENG | UNIV NANYANG TECH
biomed,sg,2021Q4,81756302,20211130,UNIV NANYANG TECH
biomed,sg,2021Q4,81756314,20211124,UNIV NANYANG TECH
biomed,sg,2021Q4,81854923,20211113,LEOW WEE DAR
biomed,sg,2021Q4,81854927,20211201,NAT UNIV SINGAPORE
biomed,sg,2021Q4,81854929,20211201,AGENCY SCIENCE TECH & RES
biomed,sg,2021Q4,81942885,20211214,SMITH & NEPHEW ASIA PACIFIC PTE LTD
biomed,sg,2021Q4,81943214,20211213,SCINOPHARM SINGAPORE PTE LTD
biomed,sg,2021Q4,81943564,20211209,SMITH & NEPHEW ASIA PACIFIC PTE LTD
biomed,sg,2021Q4,81974851,20211206,NAT UNIV SINGAPORE
biomed,sg,2021Q4,81974859,20211210,NAT UNIV SINGAPORE
biomed,sg,2021Q4,81974861,20211210,IRNOVATE PTE LTD | NAT UNIV HOSPITAL SINGAPORE PTE LTD | NATIONAL UNIV HOSPITAL SINGAPORE PTL LTD | THE BIOFACTORY PTE LTD
biomed,sg,2021Q4,81974862,20211210,IRNOVATE PTE LTD | NAT UNIV HOSPITAL SINGAPORE PTE LTD | THE BIOFACTORY PTE LTD
biomed,sg,2021Q4,82022755,20211216,SMITH & NEPHEW ASIA PACIFIC PTE LTD
biomed,sg,2021Q4,82060117,20211207,AGENCY SCIENCE TECH & RES
biomed,sg,2021Q4,82060121,20211216,NAT UNIV SINGAPORE
biomed,sg,2021Q4,82060123,20211217,UNIV NANYANG TECH
biomed,sg,2021Q4,82119646,20211228,SOPHIE?S BIONUTRIENTS PTE LTD | SOPHIE’S BIONUTRIENTS PTE LTD
biomed,sg,2021Q4,82120184,20211228,SOPHIES BIONUTRIENTS PTE LTD | SOPHIE’S BIONUTRIENTS PTE LTD
biomed,sg,2021Q4,82120265,20211105,SMITH & NEPHEW ASIA PACIFIC PTE LTD
biomed,sg,2021Q4,82157408,20211222,FORTVITA BIOLOGICS SINGAPORE PTE LTD | INNOVENT BIOLOGICS SINGAPORE PTE LTD
biomed,sg,2021Q4,82157421,20211220,NAT UNIV SINGAPORE | THE NATIONAL UNIV OF SINGAPORE | UNIV NANYANG TECH
biomed,sg,2021Q4,82158329,20211217,AGENCY SCIENCE TECH & RES
biomed,sg,2021Q4,82160161,20211222,UNIV NANYANG TECH
biomed,sg,2021Q4,82160171,20211222,NAT UNIV SINGAPORE
biomed,sg,2021Q4,82220003,20211124,UNIV NANYANG TECH
biomed,sg,2021Q4,82259892,20211229,SOPHIES BIONUTRIENTS PTE LTD
biomed,sg,2021Q4,82261125,20211221,NAT UNIV SINGAPORE
biomed,sg,2021Q4,82261137,20211220,NAT UNIV SINGAPORE
biomed,sg,2021Q4,83602960,20211026,AMWISE DIAGNOSTICS PTE LTD
biomed,sg,2021Q4,83903283,20211102,SIVANTOS PTE LTD
biomed,sg,2021Q4,84104652,20211122,LIGATURE THERAPEUTICS PTE LTD
biomed,sg,2021Q4,84361626,20211125,SIVANTOS PTE LTD
biomed,sg,2021Q4,84690775,20211029,SES HOLDINGS PTE LTD
biomed,sg,2021Q4,84810736,20211122,LIGATURE THERAPEUTICS PTE LTD
biomed,sg,2021Q4,85783337,20211001,WILMAR INTERNATIONAL LTD
biomed,sg,2021Q4,85783338,20211001,WILMAR INTERNATIONAL LTD
biomed,sg,2021Q4,85798359,20211008,HYTTO PTE LTD
biomed,sg,2021Q4,85803996,20211004,NISSHINBO SINGAPORE PTE LTD
biomed,sg,2021Q4,85982432,20211005,AGENCY SCIENCE TECH & RES
biomed,sg,2021Q4,86101801,20211015,KANG CHEN CHI ANGELINE
biomed,sg,2021Q4,86158394,20211027,WAVE LIFE SCIENCES LTD
biomed,sg,2021Q4,86158834,20211028,PANEXO BIOTECH SG PTE LTD
biomed,sg,2021Q4,86160211,20211028,AKUNAH REFLECT PRIVATE LTD
biomed,sg,2021Q4,86160307,20211027,ADAGENE PTE LTD
biomed,sg,2021Q4,86228402,20211105,LENOVO SINGAPORE PTE LTD
biomed,sg,2021Q4,86229240,20211108,HYTTO PTE LTD
biomed,sg,2021Q4,86229777,20211110,JHA RUPAK KUMAR | SELVARENGARAJU MEENA KUMARI
biomed,sg,2021Q4,86324746,20211111,SMITH & NEPHEW ASIA PACIFIC PTE LTD
biomed,sg,2021Q4,86609116,20211204,EMM DIAGNOSTICS PTE LTD
biomed,sg,2021Q4,86773715,20211221,EVYD RES PRIVATE LIMITED
biomed,sg,2021Q4,86773718,20211221,EVYD RES PRIVATE LIMITED
biomed,sg,2021Q4,86897892,20211228,SOPHIES BIONUTRIENTS PTE LTD
biomed,sg,2022Q1,39492486,20220210,CHIAN KERM SIN | GOPAL PAMELA E WEI | LEONG MENG FATT
biomed,sg,2022Q1,74666418,20220202,ACM BIOLABS PTE LTD
biomed,sg,2022Q1,74844194,20220104,HUIDAGENE THERAPEUTICS SINGAPORE PTE LTD
biomed,sg,2022Q1,74859352,20220304,DIALYSS PTE LTD | NEXTKIDNEY SG PTE LTD
biomed,sg,2022Q1,74946911,20220207,HUIDAGENE THERAPEUTICS PTE LTD | HUIDAGENE THERAPEUTICS SINGAPORE PTE LTD
biomed,sg,2022Q1,76409104,20220310,ANX IP HOLDING PTE LTD
biomed,sg,2022Q1,76513877,20220315,ANX IP HOLDING PTE LTD
biomed,sg,2022Q1,76923206,20220228,WISORIG TECH PTE LIMITED
biomed,sg,2022Q1,80050938,20220111,TENDONPLUS MEDICAL PTE LTD
biomed,sg,2022Q1,80123285,20220106,SMITH & NEPHEW ASIA PACIFIC PTE LTD
biomed,sg,2022Q1,80168287,20220114,SMITH & NEPHEW ASIA PACIFIC PTE LTD
biomed,sg,2022Q1,80222330,20220112,SMITH & NEPHEW ASIA PACIFIC PTE LTD
biomed,sg,2022Q1,80445661,20220118,BECTON DICKINSON HOLDINGS PTE LTD
biomed,sg,2022Q1,80445745,20220118,BECTON DICKINSON HOLDINGS PTE LTD
biomed,sg,2022Q1,80446099,20220121,SMITH & NEPHEW ASIA PACIFIC PTE LTD
biomed,sg,2022Q1,80623541,20220209,SMITH & NEPHEW ASIA PACIFIC PTE LTD
biomed,sg,2022Q1,80625441,20220302,HICC PTE LTD
biomed,sg,2022Q1,80628760,20220209,SMITH & NEPHEW ASIA PACIFIC PTE LTD
biomed,sg,2022Q1,80682391,20220216,LEICA INSTR SINGAPORE PTE LTD
biomed,sg,2022Q1,80683162,20220209,LEICA INSTR SINGAPORE PTE LTD
biomed,sg,2022Q1,80683716,20220308,LEICA INSTR SINGAPORE PTE LTD
biomed,sg,2022Q1,80685523,20220218,DOTBIO PTE LTD
biomed,sg,2022Q1,80775315,20220224,LEICA INSTR SINGAPORE PTE LTD
biomed,sg,2022Q1,80780796,20220309,HUIDAGENE THERAPEUTICS SINGAPORE PTE LTD
biomed,sg,2022Q1,80786839,20220301,ASLAN PHARMACEUTICALS PTE LTD
biomed,sg,2022Q1,80786897,20220301,ASLAN PHARMACEUTICALS PTE LTD
biomed,sg,2022Q1,80787009,20220309,TELEFLEX LIFE SCIENCES PTE LTD
biomed,sg,2022Q1,80809062,20220331,METABRAIN TECH PTE LTD
biomed,sg,2022Q1,80820103,20220304,SMITH & NEPHEW ASIA PACIFIC PTE LTD
biomed,sg,2022Q1,80845877,20220311,WAVE LIFE SCIENCES LTD
biomed,sg,2022Q1,80928785,20220321,POINT ROBOTICS SINGAPORE PTE LTD
biomed,sg,2022Q1,80937245,20220316,XYLONIX PTE LTD
biomed,sg,2022Q1,80953459,20220303,LEICA INSTR SINGAPORE PTE LTD
biomed,sg,2022Q1,81175305,20220303,HYPHENS PHARMA PTE LTD
biomed,sg,2022Q1,81307391,20220316,LEICA INSTR SINGAPORE PTE LTD
biomed,sg,2022Q1,81308355,20220331,CARMINE THERAPEUTICS PTE LTD
biomed,sg,2022Q1,81308557,20220322,SMITH & NEPHEW ASIA PACIFIC PTE LTD
biomed,sg,2022Q1,81326543,20220331,ALMENDRA PTE LTD
biomed,sg,2022Q1,81326684,20220121,AGENCY SCIENCE TECH & RES | TAN TOCK SENG HOSPITAL PTE LTD
biomed,sg,2022Q1,81327691,20220321,DH TECHNOLOGIES DEV PTE LTD
biomed,sg,2022Q1,81328444,20220228,DH TECHNOLOGIES DEV PTE LTD
biomed,sg,2022Q1,81386765,20220309,SMITH & NEPHEW ASIA PACIFIC PTE LTD
biomed,sg,2022Q1,82447501,20220114,NAT UNIV SINGAPORE
biomed,sg,2022Q1,82448736,20220114,UNIV NANYANG TECH
biomed,sg,2022Q1,82448738,20220118,NAT UNIV SINGAPORE
biomed,sg,2022Q1,82548455,20220121,NAT SKIN CENTRE SINGAPORE PTE LTD | UNIV NANYANG TECH
biomed,sg,2022Q1,82549184,20220120,NAT UNIV SINGAPORE | SINGAPORE HEALTH SERV PTE LTD
biomed,sg,2022Q1,82549190,20220119,SINGAPORE HEALTH SERV PTE LTD | UNIV NANYANG TECH
biomed,sg,2022Q1,82655037,20220128,NAT UNIV SINGAPORE
biomed,sg,2022Q1,82742081,20220208,NAT UNIV SINGAPORE
biomed,sg,2022Q1,82742575,20220124,NAT UNIV SINGAPORE
biomed,sg,2022Q1,82742576,20220128,AGENCY SCIENCE TECH & RES
biomed,sg,2022Q1,82742577,20220128,AGENCY SCIENCE TECH & RES
biomed,sg,2022Q1,82838891,20220209,GERO PTE LTD
biomed,sg,2022Q1,82838892,20220209,GERO PTE LTD
biomed,sg,2022Q1,82838895,20220214,NAT SKIN CENTRE SINGAPORE PTE LTD | TAN TOCK SENG HOSPITAL PTE LTD | UNIV SINGAPORE TECHNOLOGY & DESIGN
biomed,sg,2022Q1,82838897,20220210,UNIV NANYANG TECH
biomed,sg,2022Q1,82932300,20220221,UNIV NANYANG TECH
biomed,sg,2022Q1,82932303,20220218,UNIV NANYANG TECH
biomed,sg,2022Q1,83047755,20220221,CMS RES & DEVELOPMENT PTE LTD | SOTER BIOPHARMA PTE LTD
biomed,sg,2022Q1,83048668,20220225,CMS RES & DEVELOPMENT PTE LTD | SOTER BIOPHARMA PTE LTD
biomed,sg,2022Q1,83050170,20220223,UNIV NANYANG TECH
biomed,sg,2022Q1,83050173,20220223,AGENCY SCIENCE TECH & RES | UNIV NANYANG TECH
biomed,sg,2022Q1,83050175,20220225,UNIV SINGAPORE TECHNOLOGY & DESIGN
biomed,sg,2022Q1,83155519,20220302,LIFESTYLES HEALTHCARE PTE LTD
biomed,sg,2022Q1,83155638,20220307,UNIV NANYANG TECH
biomed,sg,2022Q1,83155643,20220301,N&E INNOVATIONS PTE LTD
biomed,sg,2022Q1,83155644,20220302,RACER TECH PTE LTD
biomed,sg,2022Q1,83226983,20220314,HISTOINDEX PTE LTD
biomed,sg,2022Q1,83228489,20220311,AGENCY SCIENCE TECH & RES | Nalagenetics Pte Ltd
biomed,sg,2022Q1,83228499,20220314,NAT UNIV SINGAPORE
biomed,sg,2022Q1,83228526,20220311,UNIV NANYANG TECH
biomed,sg,2022Q1,83320800,20220317,UNIV NANYANG TECH
biomed,sg,2022Q1,83321413,20220315,BOEY YIN CHIANG | CHIA NGEOW KHING | HUANG YINGYING | NAT UNIV SINGAPORE
biomed,sg,2022Q1,83322376,20220311,AGENCY SCIENCE TECH & RES
biomed,sg,2022Q1,83322752,20220318,ETERNAL GRACE PTE LTD
biomed,sg,2022Q1,83395998,20220323,NAT UNIV SINGAPORE
biomed,sg,2022Q1,83398094,20220317,AGENCY SCIENCE TECH & RES
biomed,sg,2022Q1,83398098,20220322,OPULENT ELECTRONICS INT PTE LTD
biomed,sg,2022Q1,83398101,20220323,JUNION LABS PTE LTD | THE CHLOROPLAST PTE LTD
biomed,sg,2022Q1,83456750,20220331,UNIV NANYANG TECH
biomed,sg,2022Q1,83456928,20220328,ADAGENE PTE LTD
biomed,sg,2022Q1,83459988,20220315,ALEXANDRA HEALTH PTE LTD | UNIV SINGAPORE TECHNOLOGY & DESIGN
biomed,sg,2022Q1,83459992,20220330,WILMAR INTERNATIONAL LTD
biomed,sg,2022Q1,83459993,20220329,NAT UNIV HOSPITAL SINGAPORE PTE LTD | NAT UNIV SINGAPORE
biomed,sg,2022Q1,83509863,20220327,SMITH & NEPHEW ASIA PACIFIC PTE LTD
biomed,sg,2022Q1,83510351,20220326,SMITH & NEPHEW ASIA PACIFIC PTE LTD
biomed,sg,2022Q1,83809113,20220329,HILL ROM SERVICES PTE LTD
biomed,sg,2022Q1,83999520,20220106,AGENCY SCIENCE TECH & RES
biomed,sg,2022Q1,84104081,20220215,HYTTO PTE LTD
biomed,sg,2022Q1,84193645,20220120,HYTTO PTE LTD
biomed,sg,2022Q1,84547171,20220125,SIVANTOS PTE LTD
biomed,sg,2022Q1,85556700,20220315,SIVANTOS PTE LTD
biomed,sg,2022Q1,87429004,20220117,LIM YE JU
biomed,sg,2022Q1,87521938,20220209,LIM GUAN LENG
biomed,sg,2022Q1,87557129,20220228,SIVANTOS PTE LTD
biomed,sg,2022Q1,87557137,20220228,SIVANTOS PTE LTD
biomed,sg,2022Q1,87570135,20220301,ASLAN PHARMACEUTICALS PTE LTD
biomed,sg,2022Q1,87570142,20220301,ASLAN PHARMACEUTICALS PTE LTD
biomed,sg,2022Q1,87578924,20220218,UNIV NANYANG TECH
biomed,sg,2022Q1,87935671,20220309,AFFINIDI PTE LTD
biomed,sg,2022Q1,87936825,20220307,ADAGENE PTE LTD
biomed,sg,2022Q1,88144828,20220325,ETERNAL GRACE PTE LTD
biomed,sg,2022Q1,88203264,20220330,AGENCY SCIENCE TECH & RES
biomed,sg,2022Q1,88203292,20220331,LIM CHEE YEN
biomed,sg,2022Q2,72423072,20220411,HYTTO PTE LTD
biomed,sg,2022Q2,75786882,20220412,ACM BIOLABS PTE LTD
biomed,sg,2022Q2,75949480,20220408,MATTEUCCI GIANFRANCO
biomed,sg,2022Q2,76876029,20220617,ANX IP HOLDING PTE LTD | ANXIP HOLDING PTE LTD
biomed,sg,2022Q2,76954483,20220613,HUMMINGBIRD BIOSCIENCE PTE LTD
biomed,sg,2022Q2,76954487,20220613,HUMMINGBIRD BIOSCIENCE PTE LTD
biomed,sg,2022Q2,77188904,20220622,ANX IP HOLDING PTE LTD
biomed,sg,2022Q2,78065834,20220603,ALIBABA SINGAPORE HOLDING PRIVATE LTD
biomed,sg,2022Q2,79464626,20220405,NAT UNIV SINGAPORE
biomed,sg,2022Q2,80796260,20220405,NAT UNIV SINGAPORE
biomed,sg,2022Q2,80796301,20220405,NAT UNIV SINGAPORE
biomed,sg,2022Q2,81204191,20220429,DIFFERENCE BIOTECH PTE LTD
biomed,sg,2022Q2,81344424,20220404,HILL ROM SERVICES PTE LTD
biomed,sg,2022Q2,81346072,20220413,ILLUMINA SINGAPORE PTE LTD
biomed,sg,2022Q2,81388894,20220414,AWAK TECH PTE LTD
biomed,sg,2022Q2,81406164,20220405,NAT UNIV SINGAPORE
biomed,sg,2022Q2,81448966,20220421,ASLAN PHARMACEUTICALS PTE LTD
biomed,sg,2022Q2,81595843,20220407,LEICA INSTR SINGAPORE PTE LTD
biomed,sg,2022Q2,81597765,20220412,SMITH & NEPHEW ASIA PACIFIC PTE LTD
biomed,sg,2022Q2,81603494,20220426,SMITH & NEPHEW ASIA PACIFIC PTE LTD
biomed,sg,2022Q2,81653568,20220513,LEICA INSTR SINGAPORE PTE LTD
biomed,sg,2022Q2,81653670,20220513,LEICA INSTR SINGAPORE PTE LTD
biomed,sg,2022Q2,81653742,20220513,LEICA INSTR SINGAPORE PTE LTD
biomed,sg,2022Q2,81655057,20220427,SMITH & NEPHEW ASIA PACIFIC PTE LTD
biomed,sg,2022Q2,81749027,20220503,SMITH & NEPHEW ASIA PACIFIC PTE LTD
biomed,sg,2022Q2,81750555,20220506,CRAFT HEALTH PTE LTD
biomed,sg,2022Q2,81841977,20220414,ROLLING PASTURES PTE LTD
biomed,sg,2022Q2,81878063,20220601,SIVANTOS PTE LTD
biomed,sg,2022Q2,81984679,20220513,LEICA INSTR SINGAPORE PTE LTD
biomed,sg,2022Q2,82019794,20220513,LEICA INSTR SINGAPORE PTE LTD
biomed,sg,2022Q2,82058225,20220511,CIRCULAR IND HOLDING PTE LTD
biomed,sg,2022Q2,82404473,20220615,SMITH & NEPHEW ASIA PACIFIC PTE LTD
biomed,sg,2022Q2,82404575,20220607,DYSON OPERATIONS PTE LTD
biomed,sg,2022Q2,82458570,20220623,SGPTH Life Science AB
biomed,sg,2022Q2,82458723,20220527,LEICA INSTR SINGAPORE PTE LTD
biomed,sg,2022Q2,82656285,20220622,ILLUMINA SINGAPORE PTE LTD
biomed,sg,2022Q2,82748498,20220616,PHOSKA BIOPHARMA PTE LTD
biomed,sg,2022Q2,82799533,20220607,OXTI PTE LTD
biomed,sg,2022Q2,82800501,20220509,BORRIES PTE LTD
biomed,sg,2022Q2,83285716,20220608,HYTTO PTE LTD
biomed,sg,2022Q2,83285730,20220608,HYTTO PTE LTD
biomed,sg,2022Q2,83546653,20220407,UNIV NANYANG TECH
biomed,sg,2022Q2,83603053,20220413,BASUKI JOHAN SEBASTIAN | ILLUMINA SINGAPORE PTE LTD
biomed,sg,2022Q2,83641069,20220418,NAT UNIV SINGAPORE | SINGAPORE HEALTH SERV PTE LTD
biomed,sg,2022Q2,83641075,20220412,UNIV NANYANG TECH
biomed,sg,2022Q2,83641076,20220413,UNIV NANYANG TECH
biomed,sg,2022Q2,83693876,20220414,UNIV NANYANG TECH
biomed,sg,2022Q2,83722021,20220421,23IKIGAI PTE LTD
biomed,sg,2022Q2,83723729,20220420,UNIV NANYANG TECH
biomed,sg,2022Q2,83723730,20220421,AGENCY SCIENCE TECH & RES
biomed,sg,2022Q2,83723732,20220420,AGENCY SCIENCE TECH & RES
biomed,sg,2022Q2,83723737,20220419,UNIV NANYANG TECH
biomed,sg,2022Q2,83723740,20220419,UNIV NANYANG TECH
biomed,sg,2022Q2,83723742,20220419,UNIV NANYANG TECH
biomed,sg,2022Q2,83723743,20220420,MESH BIO PTE LTD
biomed,sg,2022Q2,83808134,20220413,NAT UNIV SINGAPORE
biomed,sg,2022Q2,83809001,20220420,SMITH & NEPHEW ASIA PACIFIC PTE LTD
biomed,sg,2022Q2,83846710,20220427,UNITED CREST HEALTHCARE PTE LTD COMPANY
biomed,sg,2022Q2,83848681,20220426,KKT TECH PTE LTD
biomed,sg,2022Q2,83848698,20220429,NAT UNIV SINGAPORE
biomed,sg,2022Q2,83848881,20220418,NAT UNIV SINGAPORE | UNIV NANYANG TECH
biomed,sg,2022Q2,83848883,20220427,CHIBA SHUNSUKE | KOH CHENG GEE | LAI SOAK KUAN | LI HOI YEUNG | NANYANG BIOLOGICS PTE LTD | NANYANG HERBS PTE LTD | ONG TOON WAH ROLAND | UNIV NANYANG TECH
biomed,sg,2022Q2,83854373,20220506,GRAND ADVANCE TECH PTE LTD
biomed,sg,2022Q2,83932764,20220506,IIDA TAKEO
biomed,sg,2022Q2,83933010,20220506,UNIV NANYANG TECH
biomed,sg,2022Q2,83933020,20220428,UNIV NANYANG TECH
biomed,sg,2022Q2,84029904,20220422,NAT UNIV SINGAPORE | UNIV NANYANG TECH
biomed,sg,2022Q2,84029906,20220506,NAT UNIV SINGAPORE
biomed,sg,2022Q2,84029911,20220511,SINGAPORE HEALTH SERV PTE LTD
biomed,sg,2022Q2,84103383,20220510,NAT UNIV SINGAPORE
biomed,sg,2022Q2,84103989,20220502,LYNX ANALYTICS PTE LTD
biomed,sg,2022Q2,84104094,20220614,MPICS INNOVATIONS PTE LTD
biomed,sg,2022Q2,84141976,20220515,NAT UNIV SINGAPORE
biomed,sg,2022Q2,84141982,20220515,NAT UNIV SINGAPORE
biomed,sg,2022Q2,84141986,20220520,AGENCY SCIENCE TECH & RES
biomed,sg,2022Q2,84141989,20220517,UNIV NANYANG TECH
biomed,sg,2022Q2,84141990,20220520,AGENCY SCIENCE TECH & RES
biomed,sg,2022Q2,84230329,20220527,NAT UNIV SINGAPORE | REXADVANCE TECH PTE LTD
biomed,sg,2022Q2,84285607,20220512,SMITH & NEPHEW ASIA PACIFIC PTE LTD
biomed,sg,2022Q2,84324623,20220531,AGENCY SCIENCE TECH & RES
biomed,sg,2022Q2,84324624,20220530,LUCENCE LIFE SCIENCES PTE LTD
biomed,sg,2022Q2,84324625,20220601,AI KAIGO PTE LTD
biomed,sg,2022Q2,84324626,20220602,NAT UNIV SINGAPORE
biomed,sg,2022Q2,84324629,20220603,ALEXANDRA HEALTH PTE LTD | NICE SURGICAL SOLUTIONS PTE LTD
biomed,sg,2022Q2,84324630,20220602,NAT UNIV HOSPITAL SINGAPORE PTE LTD | NAT UNIV SINGAPORE
biomed,sg,2022Q2,84359535,20220601,GENEJUNCTION PTE LTD
biomed,sg,2022Q2,84390735,20220614,SMITH & NEPHEW ASIA PACIFIC PTE LTD
biomed,sg,2022Q2,84426389,20220609,NAT UNIV SINGAPORE | SINGAPORE HEALTH SERV PTE LTD
biomed,sg,2022Q2,84527673,20220616,NAT UNIV SINGAPORE
biomed,sg,2022Q2,84527675,20220614,AGENCY SCIENCE TECH & RES
biomed,sg,2022Q2,84544413,20220624,KATADA HITOSHI
biomed,sg,2022Q2,84544417,20220624,KATADA HITOSHI
biomed,sg,2022Q2,84545504,20220624,ALBIUS SCIENCES ALPHA PRIVATE LTD
biomed,sg,2022Q2,84546007,20220624,NAT UNIV SINGAPORE
biomed,sg,2022Q2,84706483,20220630,ResMed Asia Pte Ltd
biomed,sg,2022Q2,84706488,20220610,NAT UNIV SINGAPORE
biomed,sg,2022Q2,84724183,20220613,DELTA ELECTRONICS INTL SINGAPORE PTE LTD
biomed,sg,2022Q2,84799894,20220630,SMITH & NEPHEW ASIA PACIFIC PTE LTD
biomed,sg,2022Q2,85152077,20220627,HYTTO PTE LTD
biomed,sg,2022Q2,85152491,20220418,HYTTO PTE LTD
biomed,sg,2022Q2,85176331,20220517,HANNAH LIFE TECH PTE LTD
biomed,sg,2022Q2,85177228,20220601,ILLUMINA SINGAPORE PTE LTD
biomed,sg,2022Q2,85413164,20220526,LUCENCE LIFE SCIENCES PTE LTD
biomed,sg,2022Q2,86330321,20220614,SIVANTOS PTE LTD
biomed,sg,2022Q2,86378333,20220614,SIVANTOS PTE LTD
biomed,sg,2022Q2,87312856,20220621,SIVANTOS PTE LTD
biomed,sg,2022Q2,88194905,20220404,AGENCY SCIENCE TECH & RES | MIRXES LAB PTE LTD | NAT UNIV HOSPITAL SINGAPORE PTE LTD | SINGAPORE HEALTH SERV PTE LTD | TAN TOCK SENG HOSPITAL PTE LTD | TAN TOCK SENG HOSPITAL PTE LTD TTSH
biomed,sg,2022Q2,88243235,20220404,GODEVA PTE LTD
biomed,sg,2022Q2,88329959,20220412,AGENCY SCIENCE TECH & RES
biomed,sg,2022Q2,88416494,20220422,BREATHONIX PTE LTD
biomed,sg,2022Q2,88666892,20220512,LENOVO SINGAPORE PTE LTD
biomed,sg,2022Q2,88700144,20220516,OXTI PTE LTD
biomed,sg,2022Q2,88791805,20220519,HYTTO PTE LTD
biomed,sg,2022Q2,88925394,20220518,ETERNAL GRACE PTE LTD
biomed,sg,2022Q2,88978152,20220520,OXTI PTE LTD
biomed,sg,2022Q2,88978154,20220520,OXTI PTE LTD
biomed,sg,2022Q2,89158722,20220613,TRIA PTE LTD
biomed,sg,2022Q2,89433257,20220630,LENOVO SINGAPORE PTE LTD
biomed,sg,2022Q3,74065531,20220720,JYSK SKIN SOLUTIONS PTE LTD
biomed,sg,2022Q3,77951421,20220906,HUIDAGENE THERAPEUTICS SINGAPORE PTE LTD
biomed,sg,2022Q3,78305302,20220722,LIECHO ADVANCED MAT PTE LTD
biomed,sg,2022Q3,78836632,20220729,WISORIG TECH PTE LIMITED
biomed,sg,2022Q3,82701793,20220808,LEICA INSTR SINGAPORE PTE LTD
biomed,sg,2022Q3,82748677,20220701,SMITH & NEPHEW ASIA PACIFIC PTE LTD
biomed,sg,2022Q3,82851878,20220714,GOESCH TORSTEN
biomed,sg,2022Q3,82899008,20220719,SMITH & NEPHEW ASIA PACIFIC PTE LTD
biomed,sg,2022Q3,82899355,20220810,LEICA INSTR SINGAPORE PTE LTD
biomed,sg,2022Q3,83104204,20220825,METABRAIN TECH PTE LTD
biomed,sg,2022Q3,83149427,20220720,SMITH & NEPHEW ASIA PACIFIC PTE LTD
biomed,sg,2022Q3,83191852,20220808,CARGENE THERAPEUTICS PTE LTD
biomed,sg,2022Q3,83228716,20220808,CARGENE THERAPEUTICS PTE LTD | LERNA BIOPHARMA PTE LTD
biomed,sg,2022Q3,83228993,20220812,HUMMINGBIRD BIOSCIENCE PTE LTD
biomed,sg,2022Q3,83271328,20220818,LEICA INSTR SINGAPORE PTE LTD
biomed,sg,2022Q3,83318846,20220819,SMITH & NEPHEW ASIA PACIFIC PTE LTD
biomed,sg,2022Q3,83319204,20220819,SMITH & NEPHEW ASIA PACIFIC PTE LTD
biomed,sg,2022Q3,83355330,20220829,SMITH & NEPHEW ASIA PACIFIC PTE LTD
biomed,sg,2022Q3,83355383,20220915,LEICA INSTR SINGAPORE PTE LTD
biomed,sg,2022Q3,83360976,20220916,ResMed Asia Pte Ltd
biomed,sg,2022Q3,83362578,20220822,LEICA INSTR SINGAPORE PTE LTD
biomed,sg,2022Q3,83438993,20220902,HUMMINGBIRD BIOSCIENCE PTE LTD
biomed,sg,2022Q3,83457544,20220825,WAVE LIFE SCIENCES LTD
biomed,sg,2022Q3,83688762,20220908,SMITH & NEPHEW ASIA PACIFIC PTE LTD
biomed,sg,2022Q3,83689627,20220921,WAVE LIFE SCIENCES LTD
biomed,sg,2022Q3,83691672,20220915,SMITH & NEPHEW ASIA PACIFIC PTE LTD
biomed,sg,2022Q3,83809030,20220714,HYTTO PTE LTD
biomed,sg,2022Q3,83900317,20220921,ILLUMINA SINGAPORE PTE LTD
biomed,sg,2022Q3,83945295,20220914,MEIBAN INT PTE LTD
biomed,sg,2022Q3,83995418,20220916,HUMMINGBIRD BIOSCIENCE PTE LTD
biomed,sg,2022Q3,83995547,20220928,SMITH & NEPHEW ASIA PACIFIC PTE LTD
biomed,sg,2022Q3,83995620,20220927,SMITH & NEPHEW ASIA PACIFIC PTE LTD
biomed,sg,2022Q3,84044160,20220927,HUMMINGBIRD BIOSCIENCE PTE LTD
biomed,sg,2022Q3,84044189,20220929,LEICA INSTR SINGAPORE PTE LTD
biomed,sg,2022Q3,84053277,20220927,NAT UNIV SINGAPORE
biomed,sg,2022Q3,84053365,20220929,LEICA INSTR SINGAPORE PTE LTD
biomed,sg,2022Q3,84102443,20220817,OXTI PTE LTD
biomed,sg,2022Q3,84102444,20220817,OXTI PTE LTD
biomed,sg,2022Q3,84245645,20220929,LEICA INSTR SINGAPORE PTE LTD
biomed,sg,2022Q3,84327506,20220920,SMITH & NEPHEW ASIA PACIFIC PTE LTD
biomed,sg,2022Q3,84330290,20220907,ENG LOAN PING | IMMUNOSCAPE PTE LTD | SCHMIDT FLORIAN | WILM ANDREAS
biomed,sg,2022Q3,84360307,20220725,EXPLOR INVEST PTE LTD
biomed,sg,2022Q3,84362049,20220824,AWAK TECH PTE LTD
biomed,sg,2022Q3,84362559,20220927,ASLAN PHARMACEUTICALS PTE LTD
biomed,sg,2022Q3,84362966,20220831,JAGUAHR THERAPEUTICS PTE LTD
biomed,sg,2022Q3,84363053,20220831,JAGUAHR THERAPEUTICS PTE LTD
biomed,sg,2022Q3,84363132,20220831,JAGUAHR THERAPEUTICS PTE LTD
biomed,sg,2022Q3,84365462,20220817,ENGINE BIOSCIENCES PTE LTD
biomed,sg,2022Q3,84388120,20220919,LEICA INSTR SINGAPORE PTE LTD
biomed,sg,2022Q3,84540585,20220729,MEIBAN INT PTE LTD
biomed,sg,2022Q3,84802138,20220706,UNIV NANYANG TECH
biomed,sg,2022Q3,84802139,20220708,AGENCY SCIENCE TECH & RES
biomed,sg,2022Q3,84802141,20220708,NAT UNIV SINGAPORE | WILMAR INTERNATIONAL LTD
biomed,sg,2022Q3,84802143,20220707,ResMed Asia Pte Ltd
biomed,sg,2022Q3,84802144,20220712,AGENCY SCIENCE TECH & RES | UNIV NANYANG TECH
biomed,sg,2022Q3,84919659,20220712,MOJIA BIOTECH PTE LTD
biomed,sg,2022Q3,84920147,20220712,BACTOCLEAR HOLDINGS PTE LTD
biomed,sg,2022Q3,84920249,20220714,VERTICAL OCEANS PTE LTD
biomed,sg,2022Q3,84920270,20220715,LIFESTYLES HEALTHCARE PTE LTD
biomed,sg,2022Q3,84922587,20220706,AGENCY SCIENCE TECH & RES | NAT UNIV HOSPITAL SINGAPORE PTE LTD | NAT UNIV SINGAPORE
biomed,sg,2022Q3,84980592,20220722,AGENCY SCIENCE TECH & RES
biomed,sg,2022Q3,84980601,20220722,UNIV NANYANG TECH
biomed,sg,2022Q3,85088220,20220707,AGENCY SCIENCE TECH & RES | BARATHI VELUCHAMY AMUTHA | HUNZIKER WALTER | LIU ZENGPING | LOH XIAN JUN | SINGAPORE HEALTH SERV PTE LTD | SU XINYI | TAN QUEENIE SHU WOON | XUE KUN | ZHAO XINXIN
biomed,sg,2022Q3,85088231,20220729,NUSMETICS PTE LTD
biomed,sg,2022Q3,85156459,20220804,AGENCY SCIENCE TECH & RES
biomed,sg,2022Q3,85156461,20220802,NAT UNIV SINGAPORE
biomed,sg,2022Q3,85156462,20220805,AGENCY SCIENCE TECH & RES | NAT UNIV HOSPITAL SINGAPORE PTE LTD | NATION UNIV HOSPITAL SINGAPORE PTE LTD
biomed,sg,2022Q3,85156463,20220805,AGENCY SCIENCE TECH & RES
biomed,sg,2022Q3,85156464,20220805,AGENCY SCIENCE TECH & RES | NAT UNIV SINGAPORE
biomed,sg,2022Q3,85156467,20220802,NAT UNIV SINGAPORE
biomed,sg,2022Q3,85156469,20220726,AGENCY SCIENCE TECH & RES
biomed,sg,2022Q3,85156471,20220802,MIRXES LAB PTE LTD | NAT UNIV HOSPITAL SINGAPORE PTE LTD | NAT UNIV SINGAPORE | SINGAPORE HEALTH SERV PTE LTD
biomed,sg,2022Q3,85201119,20220811,UNIV NANYANG TECH
biomed,sg,2022Q3,85201125,20220810,UNIV NANYANG TECH
biomed,sg,2022Q3,85201126,20220811,NAT UNIV SINGAPORE
biomed,sg,2022Q3,85223706,20220729,UNIV NANYANG TECH
biomed,sg,2022Q3,85227770,20220808,SMITH & NEPHEW ASIA PACIFIC PTE LTD
biomed,sg,2022Q3,85239725,20220816,MOJIA BIOTECH PTE LTD
biomed,sg,2022Q3,85241159,20220816,UNIV NANYANG TECH
biomed,sg,2022Q3,85241161,20220816,NAT UNIV SINGAPORE
biomed,sg,2022Q3,85241163,20220819,WILMAR INTERNATIONAL LTD
biomed,sg,2022Q3,85241165,20220819,AGENCY SCIENCE TECH & RES
biomed,sg,2022Q3,85241169,20220822,NAT UNIV HOSPITAL SINGAPORE PTE LTD | NAT UNIV SINGAPORE
biomed,sg,2022Q3,85286304,20220826,METABRAIN TECH PTE LTD
biomed,sg,2022Q3,85321374,20220825,ResMed Asia Pte Ltd
biomed,sg,2022Q3,85321379,20220825,FIBROSOFT PTE LTD
biomed,sg,2022Q3,85323497,20220818,AGENCY SCIENCE TECH & RES
biomed,sg,2022Q3,85323500,20220816,NAT SKIN CENTRE SINGAPORE PTE LTD
biomed,sg,2022Q3,85323510,20220803,NAT UNIV SINGAPORE
biomed,sg,2022Q3,85323511,20220825,UNIV NANYANG TECH
biomed,sg,2022Q3,85323513,20220823,UNIV NANYANG TECH
biomed,sg,2022Q3,85323514,20220823,BIOBOT SURGICAL PTE LTD
biomed,sg,2022Q3,85323515,20220826,NAT UNIV SINGAPORE
biomed,sg,2022Q3,85385814,20220817,ENGINE BIOSCIENCES PTE LTD
biomed,sg,2022Q3,85385868,20220816,HYTTO PTE LTD
biomed,sg,2022Q3,85413159,20220901,SOPHIES BIONUTRIENTS PTE LTD
biomed,sg,2022Q3,85413170,20220829,AGENCY SCIENCE TECH & RES
biomed,sg,2022Q3,85413171,20220830,OPULENT ELECTRONICS INT PTE LTD
biomed,sg,2022Q3,85413172,20220830,AGENCY SCIENCE TECH & RES
biomed,sg,2022Q3,85413174,20220902,NAT UNIV SINGAPORE
biomed,sg,2022Q3,85413176,20220902,NAT UNIV SINGAPORE | NATIONAL UNIV HEALTH SYSTEM PTE LTD
biomed,sg,2022Q3,85479899,20220817,ENGINE BIOSCIENCES PTE LTD
biomed,sg,2022Q3,85507521,20220905,JUNION LABS PTE LTD
biomed,sg,2022Q3,85507790,20220908,RACER TECH PTE LTD
biomed,sg,2022Q3,85507792,20220912,SINGAPORE HEALTH SERV PTE LTD | UNIV SINGAPORE TECHNOLOGY & DESIGN
biomed,sg,2022Q3,85507793,20220912,NAT UNIV SINGAPORE
biomed,sg,2022Q3,85571945,20220922,HYTTO PTE LTD
biomed,sg,2022Q3,85572122,20220915,ResMed Asia Pte Ltd
biomed,sg,2022Q3,85573086,20220916,ILLUMINA SINGAPORE PTE LTD | TEO YIN NAH
biomed,sg,2022Q3,85603681,20220831,AGENCY SCIENCE TECH & RES | SINGAPORE HEALTH SERV PTE LTD
biomed,sg,2022Q3,85603686,20220914,AGENCY SCIENCE TECH & RES
biomed,sg,2022Q3,85603687,20220916,ResMed Asia Pte Ltd
biomed,sg,2022Q3,85603688,20220916,AGENCY SCIENCE TECH & RES
biomed,sg,2022Q3,85720093,20220921,FORTVITA BIOLOGICS SINGAPORE PTE LTD
biomed,sg,2022Q3,85720188,20220923,ResMed Asia Pte Ltd
biomed,sg,2022Q3,85721200,20220926,WAVE LIFE SCIENCES LTD
biomed,sg,2022Q3,85721202,20220926,WAVE LIFE SCIENCES LTD
biomed,sg,2022Q3,85721346,20220920,UNIV NANYANG TECH
biomed,sg,2022Q3,85721347,20220922,NAT UNIV HOSPITAL SINGAPORE PTE LTD | NAT UNIV SINGAPORE
biomed,sg,2022Q3,85721348,20220921,UNIV NANYANG TECH
biomed,sg,2022Q3,85721364,20220921,NAT UNIV HOSPITAL SINGAPORE PTE LTD | NAT UNIV SINGAPORE
biomed,sg,2022Q3,85721367,20220927,ASLAN PHARMACEUTICALS PTE LTD
biomed,sg,2022Q3,85722057,20220913,HILL ROM SERVICES PTE LTD
biomed,sg,2022Q3,85780437,20220929,HUIDAGENE THERAPEUTICS SINGAPORE PTE LTD
biomed,sg,2022Q3,85781529,20220928,FENG SHU
biomed,sg,2022Q3,85782432,20220914,Hoya Medical Singapore Pte Ltd
biomed,sg,2022Q3,85783721,20220923,NAT UNIV SINGAPORE
biomed,sg,2022Q3,85783724,20220922,UNIV NANYANG TECH
biomed,sg,2022Q3,85783725,20220930,AGENCY SCIENCE TECH & RES
biomed,sg,2022Q3,85797294,20220921,HILL ROM SERVICES PTE LTD
biomed,sg,2022Q3,85803448,20220930,NISSHINBO SINGAPORE PTE LTD
biomed,sg,2022Q3,86055426,20220819,OSIM INT PTE LTD
biomed,sg,2022Q3,87163210,20220909,HYTTO PTE LTD
biomed,sg,2022Q3,87323557,20220926,WAVE LIFE SCIENCES LTD
biomed,sg,2022Q3,87472774,20220729,HYTTO PTE LTD
biomed,sg,2022Q3,87851987,20220721,HYTTO PTE LTD
biomed,sg,2022Q3,88194953,20220802,POINT ROBOTICS SINGAPORE PTE LTD
biomed,sg,2022Q3,88195772,20220923,AI SEER PTE LTD | AL SEER PTE LTD
biomed,sg,2022Q3,88878051,20220921,NG JIAN LENG
biomed,sg,2022Q3,89431895,20220708,BACTOCLEAR HOLDINGS PTE LTD
biomed,sg,2022Q3,89510721,20220718,OXTI PTE LTD
biomed,sg,2022Q3,89617233,20220721,EVYD TECH LIMITED
biomed,sg,2022Q3,89617257,20220721,EVYD TECH LIMITED
biomed,sg,2022Q3,89665025,20220729,OXTI PTE LTD
biomed,sg,2022Q3,89665481,20220801,HYTTO PTE LTD
biomed,sg,2022Q3,89666371,20220718,OXTI PTE LTD
biomed,sg,2022Q3,89707084,20220727,OREMI AI PRIVATE LTD
biomed,sg,2022Q3,89769706,20220830,DELTA ELECTRONICS INTL SINGAPORE PTE LTD | DELTA ELECTRONICS INT’L SINGAPORE PTE LTD
biomed,sg,2022Q3,89847774,20220729,OXTI PTE LTD
biomed,sg,2022Q3,89847777,20220729,OXTI PTE LTD
biomed,sg,2022Q3,89848583,20220801,EVYD TECH LIMITED
biomed,sg,2022Q3,89848613,20220802,EVYD TECH LIMITED
biomed,sg,2022Q3,89907870,20220818,HYTTO PTE LTD
biomed,sg,2022Q3,89907872,20220818,HYTTO PTE LTD
biomed,sg,2022Q3,90012641,20220824,EVYD TECH LIMITED
biomed,sg,2022Q3,90012644,20220824,EVYD TECH LIMITED
biomed,sg,2022Q3,90012645,20220824,EVYD TECH LIMITED
biomed,sg,2022Q3,90275567,20220915,GUETA LOUNELL BAHOY
biomed,sg,2022Q3,90475611,20220930,PANEXO BIOTECH SG PTE LTD
biomed,sg,2022Q3,90475628,20220930,PANEXO BIOTECH SG PTE LTD
biomed,sg,2022Q3,90478903,20220928,AGENCY SCIENCE TECH & RES
biomed,sg,2022Q3,91845916,20220927,ASLAN PHARMACEUTICALS PTE LTD
biomed,sg,2022Q3,94170979,20220927,ASLAN PHARMACEUTICALS PTE LTD
biomed,sg,2022Q3,96881812,20220927,ASLAN PHARMACEUTICALS PTE LTD
biomed,sg,2022Q4,78595145,20221006,SINGAPORE MIT ALLIANCE FOR RESEARCH & TECH CENTRE
biomed,sg,2022Q4,80212628,20221209,MIRXES LAB PTE LTD
biomed,sg,2022Q4,80454142,20221209,MIRXES LAB PTE LTD
biomed,sg,2022Q4,80606804,20221209,MIRXES LAB PTE LTD
biomed,sg,2022Q4,80972756,20221229,ANX IP HOLDING PTE LTD
biomed,sg,2022Q4,80975209,20221229,ANX IP HOLDING PTE LTD
biomed,sg,2022Q4,80975441,20221229,ANX IP HOLDING PTE LTD
biomed,sg,2022Q4,80975567,20221229,ANX IP HOLDING PTE LTD
biomed,sg,2022Q4,80976341,20221229,ANX IP HOLDING PTE LTD
biomed,sg,2022Q4,80976355,20221229,ANX IP HOLDING PTE LTD
biomed,sg,2022Q4,81364134,20221220,ANX IP HOLDING PTE LTD
biomed,sg,2022Q4,81406632,20221220,ANX IP HOLDING PTE LTD
biomed,sg,2022Q4,83598409,20221019,SMITH & NEPHEW ASIA PACIFIC PTE LTD
biomed,sg,2022Q4,83995447,20221011,EXPLOR INVEST PTE LTD
biomed,sg,2022Q4,84044003,20221007,SMITH & NEPHEW ASIA PACIFIC PTE LTD
biomed,sg,2022Q4,84053246,20221004,SMITH & NEPHEW ASIA PACIFIC PTE LTD
biomed,sg,2022Q4,84231043,20221007,SMITH & NEPHEW ASIA PACIFIC PTE LTD
biomed,sg,2022Q4,84327839,20221020,STAR ARRAY PTE LTD
biomed,sg,2022Q4,84329362,20221005,SMITH & NEPHEW ASIA PACIFIC PTE LTD
biomed,sg,2022Q4,84329574,20221115,LEICA INSTR SINGAPORE PTE LTD
biomed,sg,2022Q4,84329685,20221103,SMITH & NEPHEW ASIA PACIFIC PTE LTD
biomed,sg,2022Q4,84330160,20221107,SMITH & NEPHEW ASIA PACIFIC PTE LTD
biomed,sg,2022Q4,84330777,20221005,LIFE TECH HOLDINGS PTE LIMITED | LIFE TECH HOLDINGS PTE LTD
biomed,sg,2022Q4,84331843,20221013,SMITH & NEPHEW ASIA PACIFIC PTE LTD
biomed,sg,2022Q4,84358573,20221019,DEMAZURE MARIE
biomed,sg,2022Q4,84359788,20221012,SMITH & NEPHEW ASIA PACIFIC PTE LTD
biomed,sg,2022Q4,84360447,20221028,IPLENA PTE LTD
biomed,sg,2022Q4,84362655,20221010,SMITH & NEPHEW ASIA PACIFIC PTE LTD
biomed,sg,2022Q4,84362806,20221020,LIFE TECH HOLDINGS PTE LTD
biomed,sg,2022Q4,84363068,20221025,TESSA THERAPEUTICS LTD
biomed,sg,2022Q4,84363174,20221005,MEDIOS TECH PTE LTD
biomed,sg,2022Q4,84363592,20221028,ASLAN PHARMACEUTICALS PTE LTD
biomed,sg,2022Q4,84387615,20221013,SMITH & NEPHEW ASIA PACIFIC PTE LTD
biomed,sg,2022Q4,84389402,20221017,SMITH & NEPHEW ASIA PACIFIC PTE LTD
biomed,sg,2022Q4,84462920,20221109,SPECTRUMEDICS INT PTE LTD
biomed,sg,2022Q4,84463059,20221102,SMITH & NEPHEW ASIA PACIFIC PTE LTD
biomed,sg,2022Q4,84463282,20221103,SMITH & NEPHEW ASIA PACIFIC PTE LTD
biomed,sg,2022Q4,84488290,20221202,TELEFLEX LIFE SCIENCES PTE LTD
biomed,sg,2022Q4,84488418,20221205,CHAN KELLI ZHAO RONG | CHEE KEONG TEE | CHELSEA NISBAN | HANNAH LIFE | HANNAH LIFE TECH PTE LTD | KELLI ZHAO RONG CHAN | LU ZIYUE | NISBAN CHELSEA | PRUSOTHMAN M SINA RAJA | QI TAN | SINA RAJA PRUSOTHMAN M | TAN QI | TEE CHEE KEONG | XU ZONGYUAN | ZIYUE LU | ZONGYUAN XU
biomed,sg,2022Q4,84488419,20221101,MIRXES LAB PTE LTD
biomed,sg,2022Q4,84536171,20221028,ASLAN PHARMACEUTICALS PTE LTD
biomed,sg,2022Q4,84537409,20221216,LEICA INSTR SINGAPORE PTE LTD
biomed,sg,2022Q4,84541433,20221114,SMITH & NEPHEW ASIA PACIFIC PTE LTD
biomed,sg,2022Q4,84602142,20221223,LEICA INSTR SINGAPORE PTE LTD
biomed,sg,2022Q4,84627473,20221117,SMITH & NEPHEW ASIA PACIFIC PTE LTD
biomed,sg,2022Q4,84689205,20221216,DH TECHNOLOGIES DEV PTE LTD
biomed,sg,2022Q4,84785361,20221103,SMITH & NEPHEW ASIA PACIFIC PTE LTD
biomed,sg,2022Q4,84800021,20221207,TESSA THERAPEUTICS LTD
biomed,sg,2022Q4,84820285,20221116,SMITH & NEPHEW ASIA PACIFIC PTE LTD
biomed,sg,2022Q4,84829934,20221206,DH TECHNOLOGIES DEV PTE LTD
biomed,sg,2022Q4,84887391,20221213,WISTA LAB LTD
biomed,sg,2022Q4,84887504,20221209,Biotix PTE LTD
biomed,sg,2022Q4,84888883,20221215,NAT UNIV SINGAPORE | SINGAPORE HEALTH SERV PTE LTD
biomed,sg,2022Q4,84901364,20221118,SMITH & NEPHEW ASIA PACIFIC PTE LTD
biomed,sg,2022Q4,84901774,20221222,DH TECHNOLOGIES DEV PTE LTD
biomed,sg,2022Q4,84926540,20221202,DYSON OPERATIONS PTE LTD
biomed,sg,2022Q4,84981745,20221203,SMITH & NEPHEW ASIA PACIFIC PTE LTD
biomed,sg,2022Q4,85018730,20221206,SMITH & NEPHEW ASIA PACIFIC PTE LTD
biomed,sg,2022Q4,85076119,20221130,SMITH & NEPHEW ASIA PACIFIC PTE LTD
biomed,sg,2022Q4,85132019,20221216,SMITH & NEPHEW ASIA PACIFIC PTE LTD
biomed,sg,2022Q4,85132021,20221214,SMITH & NEPHEW ASIA PACIFIC PTE LTD
biomed,sg,2022Q4,85150129,20221216,SMITH & NEPHEW ASIA PACIFIC PTE LTD
biomed,sg,2022Q4,85222448,20221222,ILLUMINA SINGAPORE PTE LTD
biomed,sg,2022Q4,85410465,20221129,AWAK TECH PTE LTD
biomed,sg,2022Q4,85462356,20221215,ASLAN PHARMACEUTICALS PTE LTD
biomed,sg,2022Q4,85476202,20221228,NAT UNIV SINGAPORE
biomed,sg,2022Q4,85476328,20221125,CELLIGENICS PTE LTD
biomed,sg,2022Q4,85557409,20221011,EPIC MEDICAL PTE LTD
biomed,sg,2022Q4,85775388,20221005,HILL ROM SERVICES PTE LTD
biomed,sg,2022Q4,85804834,20221005,UNIV NANYANG TECH
biomed,sg,2022Q4,85804836,20221007,NAT UNIV SINGAPORE
biomed,sg,2022Q4,85982837,20221221,POINT ROBOTICS SINGAPORE PTE LTD
biomed,sg,2022Q4,85987310,20221011,INMAGENE PTE LTD
biomed,sg,2022Q4,85987979,20221011,RADWISP PTE LTD
biomed,sg,2022Q4,85988832,20221005,AGENCY SCIENCE TECH & RES | UNIV NANYANG TECH
biomed,sg,2022Q4,85988834,20221007,UNIV NANYANG TECH
biomed,sg,2022Q4,85988835,20221013,UNIV NANYANG TECH
biomed,sg,2022Q4,85988842,20221014,NAT UNIV SINGAPORE
biomed,sg,2022Q4,86058527,20221017,AGENCY SCIENCE TECH & RES
biomed,sg,2022Q4,86059763,20221021,UNIV NANYANG TECH
biomed,sg,2022Q4,86059765,20221021,UNIV NANYANG TECH
biomed,sg,2022Q4,86144799,20221102,SMITH & NEPHEW ASIA PACIFIC PTE LTD
biomed,sg,2022Q4,86158742,20221026,WAVE LIFE SCIENCES LTD
biomed,sg,2022Q4,86160485,20221019,INMAGENE PTE LTD
biomed,sg,2022Q4,86160640,20221101,NAT UNIV SINGAPORE
biomed,sg,2022Q4,86160641,20221028,TAN HIANG KHOON | VIVO SURGICAL PRIVATE LTD
biomed,sg,2022Q4,86160645,20221025,NAT UNIV SINGAPORE
biomed,sg,2022Q4,86160646,20221021,NAT UNIV HOSPITAL SINGAPORE PTE LTD | NAT UNIV SINGAPORE
biomed,sg,2022Q4,86160648,20221026,AGENCY SCIENCE TECH & RES | NAT UNIV SINGAPORE
biomed,sg,2022Q4,86160649,20221026,UNIV NANYANG TECH
biomed,sg,2022Q4,86160653,20221026,AGENCY SCIENCE TECH & RES
biomed,sg,2022Q4,86160655,20221028,ResMed Asia Pte Ltd
biomed,sg,2022Q4,86160656,20221027,AGENCY SCIENCE TECH & RES
biomed,sg,2022Q4,86228778,20221108,GENESIS MEDTECH INTERNATIONAL PRIVATE LTD
biomed,sg,2022Q4,86240684,20221102,HUIDAGENE THERAPEUTICS SINGAPORE PTE LTD
biomed,sg,2022Q4,86241797,20221102,SMITH & NEPHEW ASIA PACIFIC PTE LTD
biomed,sg,2022Q4,86242265,20221104,NAT UNIV SINGAPORE
biomed,sg,2022Q4,86242267,20221108,OPULENT ELECTRONICS INT PTE LTD
biomed,sg,2022Q4,86242268,20221107,NITTO DENKO CORP
biomed,sg,2022Q4,86335096,20221109,CMS RES & DEVELOPMENT PTE LTD | SOTER BIOPHARMA PTE LTD
biomed,sg,2022Q4,86337332,20221031,NAT UNIV SINGAPORE
biomed,sg,2022Q4,86337335,20221017,AGENCY SCIENCE TECH & RES | NAT UNIV HOSPITAL SINGAPORE PTE LTD
biomed,sg,2022Q4,86337337,20221111,NAT UNIV SINGAPORE
biomed,sg,2022Q4,86337338,20221108,NAT UNIV SINGAPORE
biomed,sg,2022Q4,86337339,20221109,AGENCY SCIENCE TECH & RES
biomed,sg,2022Q4,86337343,20221110,UNIV NANYANG TECH
biomed,sg,2022Q4,86337344,20221111,NAT UNIV SINGAPORE
biomed,sg,2022Q4,86337345,20221111,HISTOINDEX PTE LTD
biomed,sg,2022Q4,86396248,20221109,SOTER BIOPHARMA PTE LTD
biomed,sg,2022Q4,86396317,20221121,LIGATURE THERAPEUTICS PTE LTD
biomed,sg,2022Q4,86397758,20221118,WAVE LIFE SCIENCES LTD
biomed,sg,2022Q4,86397977,20221110,AGENCY SCIENCE TECH & RES | NAT UNIV HOSPITAL SINGAPORE PTE LTD
biomed,sg,2022Q4,86540274,20221123,AGENCY SCIENCE TECH & RES
biomed,sg,2022Q4,86540472,20221123,AGENCY SCIENCE TECH & RES
biomed,sg,2022Q4,86540475,20221125,CASBIO S PTE LTD
biomed,sg,2022Q4,86540481,20221118,NAT UNIV SINGAPORE
biomed,sg,2022Q4,86609028,20221205,SES HOLDINGS PTE LTD
biomed,sg,2022Q4,86613197,20221121,AGENCY SCIENCE TECH & RES
biomed,sg,2022Q4,86613202,20221130,AGENCY SCIENCE TECH & RES
biomed,sg,2022Q4,86613207,20221121,AGENCY SCIENCE TECH & RES
biomed,sg,2022Q4,86613208,20221121,GRABTAXI HOLDINGS PTE LTD
biomed,sg,2022Q4,86613210,20221130,AGENCY SCIENCE TECH & RES | NUEVOCOR PTE LTD
biomed,sg,2022Q4,86696262,20221212,GENESIS MEDTECH INTERNATIONAL PRIVATE LTD
biomed,sg,2022Q4,86731027,20221205,AGENCY SCIENCE TECH & RES
biomed,sg,2022Q4,86731390,20221207,IMMUNOSCAPE PTE LTD
biomed,sg,2022Q4,86731427,20221201,EM2AI Pte Ltd | Q & M DENTAL GROUP SINGAPORE LTD
biomed,sg,2022Q4,86774867,20221216,FORTVITA BIOLOGICS SINGAPORE PTE LTD
biomed,sg,2022Q4,86775365,20221213,UNIV NANYANG TECH
biomed,sg,2022Q4,86901374,20221223,INMAGENE PTE LTD
biomed,sg,2022Q4,86903850,20221220,AGENCY SCIENCE TECH & RES
biomed,sg,2022Q4,86903851,20221222,NAT UNIV SINGAPORE | UNIV NANYANG TECH
biomed,sg,2022Q4,87000404,20221216,LIVIUS PTE LTD
biomed,sg,2022Q4,87000407,20221219,NAT UNIV SINGAPORE
biomed,sg,2022Q4,87000411,20221228,SINGAPORE HEALTH SERV PTE LTD
biomed,sg,2022Q4,87000412,20221229,UNIV NANYANG TECH
biomed,sg,2022Q4,87163012,20221222,ResMed Asia Pte Ltd
biomed,sg,2022Q4,87522344,20221004,HEHEALTH PTE LTD
biomed,sg,2022Q4,88979851,20221018,HYTTO PTE LTD
biomed,sg,2022Q4,89039487,20221208,SCG CELL THERAPY PTE LTD
biomed,sg,2022Q4,89536001,20221222,LEICA INSTR SINGAPORE PTE LTD
biomed,sg,2022Q4,90027563,20221027,SCG CELL THERAPY PTE LTD
biomed,sg,2022Q4,90362758,20221021,HYTTO PTE LTD
biomed,sg,2022Q4,90608760,20221006,MITSUI CHEMICALS INC
biomed,sg,2022Q4,90668568,20221011,PANEXO BIOTECH SG PTE LTD
biomed,sg,2022Q4,90829601,20221028,SMITH & NEPHEW ASIA PACIFIC PTE LTD
biomed,sg,2022Q4,90831510,20221027,ADVANCED INSTR PTE LTD
biomed,sg,2022Q4,90931204,20221103,PENG CHENG ADVERSORY & CONSULTANCY SINGAPORE PTE LTD
biomed,sg,2022Q4,91085198,20221117,CELLRESEARCH CORP PTE LTD
biomed,sg,2022Q4,91185883,20221212,PLENAMED PTE LTD
biomed,sg,2022Q4,91324557,20221202,LUCENCE LIFE SCIENCES PTE LTD
biomed,sg,2022Q4,91324660,20221130,CARMINE THERAPEUTICS PTE LTD | YEO RONNE WEE YEH
biomed,sg,2022Q4,91379880,20221209,CELLRESEARCH CORP PTE LTD
biomed,sg,2022Q4,91379924,20221207,AGENCY SCIENCE TECH & RES | NAT UNIV SINGAPORE
biomed,sg,2022Q4,91381810,20221213,STARSHOT PTE LTD
biomed,sg,2023Q1,80448440,20230223,ACM BIOLABS PTE LTD
biomed,sg,2023Q1,81449582,20230316,WIS TA LABORATORIES LTD | WISTA LAB LTD
biomed,sg,2023Q1,81476755,20230116,ANX IP HOLDING PTE LTD
biomed,sg,2023Q1,81476895,20230116,ANX IP HOLDING PTE LTD
biomed,sg,2023Q1,81477254,20230116,ANX IP HOLDING PTE LTD
biomed,sg,2023Q1,84982614,20230105,LEICA INSTR SINGAPORE 84 PTE LTD | LEICA INSTR SINGAPORE PTE LTD
biomed,sg,2023Q1,85017692,20230120,ResMed Asia Pte Ltd
biomed,sg,2023Q1,85172592,20230202,LEICA INSTR SINGAPORE PTE LTD
biomed,sg,2023Q1,85199432,20230109,SMITH & NEPHEW ASIA PACIFIC PTE LTD
biomed,sg,2023Q1,85222237,20230209,LEICA INSTR SINGAPORE PTE LTD
biomed,sg,2023Q1,85227439,20230106,SMITH & NEPHEW ASIA PACIFIC PTE LTD
biomed,sg,2023Q1,85278086,20230113,SMITH & NEPHEW ASIA PACIFIC PTE LTD
biomed,sg,2023Q1,85278204,20230117,SMITH & NEPHEW ASIA PACIFIC PTE LTD
biomed,sg,2023Q1,85477776,20230228,LEICA INSTR SINGAPORE PTE LTD
biomed,sg,2023Q1,85505550,20230116,FMC AGRO SINGAPORE PTE LTD
biomed,sg,2023Q1,85571281,20230310,VIATRIS ASIA PACIFIC PTE LTD
biomed,sg,2023Q1,85703493,20230315,LEICA INSTR SINGAPORE PTE LTD
biomed,sg,2023Q1,85703671,20230223,HILL ROM SERVICES PTE LTD
biomed,sg,2023Q1,85792024,20230329,ORBUSNEICH MEDICAL PTE LTD
biomed,sg,2023Q1,85800563,20230315,ILLUMINA SINGAPORE PTE LTD
biomed,sg,2023Q1,85979488,20230314,SMITH & NEPHEW ASIA PACIFIC PTE LTD
biomed,sg,2023Q1,86007695,20230324,DH TECH DEVEKIONENT PTE LTD | DH TECHNOLOGIES DEV PTE LTD
biomed,sg,2023Q1,86053602,20230321,ILLUMINA SINGAPORE PTE LTD
biomed,sg,2023Q1,86054061,20230214,SMITH & NEPHEW ASIA PACIFIC PTE LTD
biomed,sg,2023Q1,86054072,20230329,ILLUMINA SINGAPORE PTE LTD
biomed,sg,2023Q1,86383184,20230202,ASLAN PHARMACEUTICALS PTE LTD
biomed,sg,2023Q1,86386988,20230307,AXCYNSIS THERAPEUTICS PTE LTD
biomed,sg,2023Q1,86387202,20230223,ASLAN PHARMACEUTICALS PTE LTD
biomed,sg,2023Q1,86948951,20230302,METABRAIN TECH PTE LTD
biomed,sg,2023Q1,87070471,20230227,RENEW GROUP PRIVATE LTD
biomed,sg,2023Q1,87074371,20230107,AGENCY FOR SCIENCE TECH AND RESEARCH ASTARSTAR
biomed,sg,2023Q1,87074376,20230106,AGENCY SCIENCE TECH & RES | NAT UNIV SINGAPORE | TAN TOCK SENG HOSPITAL PTE LTD
biomed,sg,2023Q1,87074378,20230103,AGENCY SCIENCE TECH & RES | Avida Health Pte Ltd
biomed,sg,2023Q1,87074382,20230104,UNIV NANYANG TECH
biomed,sg,2023Q1,87074383,20230104,AGENCY SCIENCE TECH & RES | NAT UNIV HOSPITAL SINGAPORE PTE LTD
biomed,sg,2023Q1,87074384,20230105,UNIV NANYANG TECH
biomed,sg,2023Q1,87074385,20230105,NAT UNIV SINGAPORE
biomed,sg,2023Q1,87278492,20230111,NAT UNIV SINGAPORE
biomed,sg,2023Q1,87280101,20230110,EPIGENIC THERAPEUTICS PTE LTD
biomed,sg,2023Q1,87313061,20230124,HILL ROM SERVICES PTE LTD
biomed,sg,2023Q1,87313530,20230118,DELTA ELECTRONICS INTL SINGAPORE PTE LTD
biomed,sg,2023Q1,87347886,20230120,HUIDAGENE THERAPEUTICS SINGAPORE PTE LTD
biomed,sg,2023Q1,87347932,20230124,WONDER TECH PTE LTD
biomed,sg,2023Q1,87349311,20230118,NAT UNIV SINGAPORE
biomed,sg,2023Q1,87349314,20230120,TAN TOCK SENG HOSPITAL PTE LTD | UNIV NANYANG TECH
biomed,sg,2023Q1,87349315,20230119,NAT UNIV SINGAPORE
biomed,sg,2023Q1,87431201,20230120,SMITH & NEPHEW ASIA PACIFIC PTE LTD
biomed,sg,2023Q1,87470562,20230116,CMS RES & DEVELOPMENT PTE LTD | SOTER BIOPHARMA PTE LTD
biomed,sg,2023Q1,87472475,20230110,NATURAL TRACE PTE LTD
biomed,sg,2023Q1,87472751,20230126,AGENCY SCIENCE TECH & RES
biomed,sg,2023Q1,87472754,20230126,AGENCY SCIENCE TECH & RES
biomed,sg,2023Q1,87472757,20230127,AGENCY SCIENCE TECH & RES | CELLRESEARCH CORP PTE LTD | SINGAPORE HEALTH SERV PTE LTD
biomed,sg,2023Q1,87522106,20230222,INTERVAAL PTE LTD
biomed,sg,2023Q1,87559811,20230215,ResMed Asia Pte Ltd
biomed,sg,2023Q1,87564999,20230213,WAVE LIFE SCIENCES LTD
biomed,sg,2023Q1,87565226,20230208,NAT UNIV SINGAPORE
biomed,sg,2023Q1,87565230,20230210,NANYANG HERBS PTE LTD | UNIV NANYANG TECH
biomed,sg,2023Q1,87577584,20230216,PANEXO BIOTECH SG PTE LTD
biomed,sg,2023Q1,87579178,20230209,WILMAR INTERNATIONAL LTD
biomed,sg,2023Q1,87579180,20230214,UNIV NANYANG TECH
biomed,sg,2023Q1,87579184,20230216,AGENCY SCIENCE TECH & RES | NAT UNIV SINGAPORE
biomed,sg,2023Q1,87579187,20230217,AGENCY SCIENCE TECH & RES
biomed,sg,2023Q1,87579188,20230217,AGENCY SCIENCE TECH & RES
biomed,sg,2023Q1,87762298,20230214,HILL ROM SERVICES PTE LTD
biomed,sg,2023Q1,87764771,20230222,HAISCO PHARMACEUTICALS PTE LTD
biomed,sg,2023Q1,87764784,20230221,HAISCO PHARMACEUTICALS PTE LTD
biomed,sg,2023Q1,87764787,20230221,HAISCO PHARMACEUTICALS PTE LTD
biomed,sg,2023Q1,87766811,20230214,AGENCY SCIENCE TECH & RES
biomed,sg,2023Q1,87766820,20230222,AGENCY SCIENCE TECH & RES
biomed,sg,2023Q1,87766821,20230224,NAT UNIV SINGAPORE
biomed,sg,2023Q1,87766822,20230224,NAT UNIV SINGAPORE
biomed,sg,2023Q1,87766823,20230224,AGENCY SCIENCE TECH & RES
biomed,sg,2023Q1,87766824,20230224,NAT UNIV SINGAPORE
biomed,sg,2023Q1,87766825,20230228,NAT UNIV SINGAPORE
biomed,sg,2023Q1,87883085,20230303,EPIGENIC THERAPEUTICS PTE LTD
biomed,sg,2023Q1,87884402,20230301,AGENCY SCIENCE TECH & RES | FERMATICS PTE LTD
biomed,sg,2023Q1,87884408,20230302,WAVE LIFE SCIENCES LTD
biomed,sg,2023Q1,87932955,20230307,ResMed Asia Pte Ltd
biomed,sg,2023Q1,87937277,20230302,AGENCY SCIENCE TECH & RES
biomed,sg,2023Q1,87937280,20230306,AGENCY SCIENCE TECH & RES
biomed,sg,2023Q1,87937281,20230307,AGENCY SCIENCE TECH & RES
biomed,sg,2023Q1,87937284,20230309,PHYX44 PTE LTD
biomed,sg,2023Q1,87937286,20230307,AGENCY SCIENCE TECH & RES
biomed,sg,2023Q1,87937287,20230310,AGENCY SCIENCE TECH & RES
biomed,sg,2023Q1,87937288,20230310,RED HORSE HOLDINGS PTE LTD
biomed,sg,2023Q1,87937291,20230313,CARMINE THERAPEUTICS PTE LTD | NAT UNIV SINGAPORE | UNIV NANYANG TECH
biomed,sg,2023Q1,88022308,20230224,INMAGENE PTE LTD
biomed,sg,2023Q1,88022709,20230314,NAT UNIV SINGAPORE | SINGAPORE HEALTH SERV PTE LTD
biomed,sg,2023Q1,88024569,20230309,AGENCY SCIENCE TECH & RES
biomed,sg,2023Q1,88024570,20230314,NAT UNIV SINGAPORE
biomed,sg,2023Q1,88024576,20230317,ENGINE BIOSCIENCES PTE LTD
biomed,sg,2023Q1,88094927,20230320,PERFORMANCE LABS PTE LTD
biomed,sg,2023Q1,88102113,20230324,NAT UNIV SINGAPORE
biomed,sg,2023Q1,88102252,20230309,AGENCY SCIENCE TECH & RES
biomed,sg,2023Q1,88102253,20230324,AGENCY SCIENCE TECH & RES
biomed,sg,2023Q1,88102255,20230309,AGENCY SCIENCE TECH & RES
biomed,sg,2023Q1,88198574,20230328,HUIDAGENE THERAPEUTICS SINGAPORE PTE LTD
biomed,sg,2023Q1,88198582,20230328,HUIDAGENE THERAPEUTICS SINGAPORE PTE LTD
biomed,sg,2023Q1,88199255,20230328,HUIDAGENE THERAPEUTICS SINGAPORE PTE LTD
biomed,sg,2023Q1,88199322,20230327,FORTVITA BIOLOGICS SINGAPORE PTE LTD | INNOVENT BIOLOGICS SINGAPORE PTE LTD
biomed,sg,2023Q1,88203349,20230331,CARMINE THERAPEUTICS PTE LTD | KAWAMURA YUMI | LEE DEAN ZI YANG | YEO RONNE
biomed,sg,2023Q1,88203618,20230329,AGENCY SCIENCE TECH & RES
biomed,sg,2023Q1,88203619,20230331,AGENCY SCIENCE TECH & RES | UNIV NANYANG TECH
biomed,sg,2023Q1,88203622,20230331,UNIV NANYANG TECH
biomed,sg,2023Q1,88203626,20230307,AGENCY SCIENCE TECH & RES | PANTHERA LABS PTE LTD
biomed,sg,2023Q1,88203634,20230330,NAT UNIV SINGAPORE
biomed,sg,2023Q1,88244199,20230320,Cheng Wei Ann | DR CLEAR PTE LTD | LIM KEVIN | Teo Guo Liang
biomed,sg,2023Q1,88244202,20230330,PLANO PTE LTD
biomed,sg,2023Q1,88519948,20230323,AGENCY SCIENCE TECH & RES
biomed,sg,2023Q1,88836293,20230328,AGENCY SCIENCE TECH & RES
biomed,sg,2023Q1,88979844,20230112,HYTTO PTE LTD
biomed,sg,2023Q1,89028191,20230330,AGENCY SCIENCE TECH & RES | SINGAPORE HEALTH SERV PTE LTD
biomed,sg,2023Q1,90361483,20230328,SIVANTOS PTE LTD
biomed,sg,2023Q1,91804201,20230105,INVIVO MEDICAL PTE LTD
biomed,sg,2023Q1,91970961,20230126,BARK TECH PTE LTD
biomed,sg,2023Q1,92167102,20230209,ASMPT SINGAPORE PTE LTD
biomed,sg,2023Q1,92305137,20230217,HYTTO PTE LTD
biomed,sg,2023Q1,92420517,20230216,ESCO ASTER PTE LTD
biomed,sg,2023Q1,92421886,20230217,CMT HEALTH PTE LTD
biomed,sg,2023Q1,92461862,20230224,LENOVO SINGAPORE PTE LTD
biomed,sg,2023Q1,92635804,20230307,LENOVO SINGAPORE PTE LTD
biomed,sg,2023Q1,92675019,20230303,AGENCY SCIENCE TECH & RES
biomed,sg,2023Q1,92898779,20230329,OXTI PTE LTD
biomed,sg,2023Q1,92907235,20230330,WILMAR INTERNATIONAL LTD
biomed,sg,2023Q1,93018193,20230329,OXTI PTE LTD
biomed,sg,2023Q1,94176463,20230308,ResMed Asia Pte Ltd
biomed,sg,2023Q1,96173525,20230323,HYTTO PTE LTD
biomed,sg,2023Q2,71946563,20230623,CHISCAN HOLDINGS PTE LTD
biomed,sg,2023Q2,72515120,20230404,CHISCAN HOLDINGS PTE LTD
biomed,sg,2023Q2,85913685,20230524,SINGAPORE MEDSENSE TECH PTE LTD
biomed,sg,2023Q2,86053730,20230418,LEICA INSTR SINGAPORE PTE LTD
biomed,sg,2023Q2,86226921,20230412,AGENCY SCIENCE TECH & RES | TESSA THERAPEUTICS LTD | TIKVA ALLOCELL PTE LTD
biomed,sg,2023Q2,86286313,20230404,STRAND ROSS
biomed,sg,2023Q2,86286382,20230404,STRAND ROSS
biomed,sg,2023Q2,86286565,20230404,STRAND ROSS
biomed,sg,2023Q2,86330623,20230418,SMITH & NEPHEW ASIA PACIFIC PTE LTD
biomed,sg,2023Q2,86331008,20230418,MANN HUMMEL LIFE SCIENCES & ENV HOLDING SINGAPORE PTE LTD
biomed,sg,2023Q2,86332084,20230410,ADAGENE PTE LTD
biomed,sg,2023Q2,86386933,20230516,LEICA INSTR SINGAPORE PTE LTD
biomed,sg,2023Q2,86387369,20230407,ILLUMINA SINGAPORE PTE LTD
biomed,sg,2023Q2,86424874,20230403,HILL ROM SERVICES PTE LTD
biomed,sg,2023Q2,86424952,20230414,SMITH & NEPHEW ASIA PACIFIC PTE LTD
biomed,sg,2023Q2,86426078,20230503,SAFEJECT INT PTE LTD
biomed,sg,2023Q2,86469440,20230426,SMITH & NEPHEW ASIA PACIFIC PTE LTD
biomed,sg,2023Q2,86558749,20230515,LEICA INSTR SINGAPORE PTE LTD
biomed,sg,2023Q2,86604806,20230414,PHARWAR BIOTECHNOLOGY INC PTE LTD | PHARWARD BIOTECHNOLOGY INC PTE LTD
biomed,sg,2023Q2,86604907,20230512,SIVANTOS PTE LTD
biomed,sg,2023Q2,86657108,20230503,ILLUMINA SINGAPORE PTE LTD
biomed,sg,2023Q2,86688448,20230504,SMITH & NEPHEW ASIA PACIFIC PTE LTD
biomed,sg,2023Q2,86692854,20230606,LEICA INSTR SINGAPORE PTE LTD
biomed,sg,2023Q2,86710834,20230530,ILLUMINA SINGAPORE PTE LTD
biomed,sg,2023Q2,86732934,20230509,SMITH & NEPHEW ASIA PACIFIC PTE LTD
biomed,sg,2023Q2,86760126,20230530,WISTA LAB LTD
biomed,sg,2023Q2,86760669,20230516,ILLUMINA SINGAPORE PTE LTD
biomed,sg,2023Q2,86771275,20230526,ENGINE BIOSCIENCES PTE LTD
biomed,sg,2023Q2,86771362,20230428,AIMITARI RES PTE LTD
biomed,sg,2023Q2,86776564,20230518,AWAK TECH PTE LTD
biomed,sg,2023Q2,86861738,20230518,NAT UNIV SINGAPORE
biomed,sg,2023Q2,86861982,20230515,SMITH & NEPHEW ASIA PACIFIC PTE LTD
biomed,sg,2023Q2,86899271,20230619,LEICA INSTR SINGAPORE PTE LTD
biomed,sg,2023Q2,86904091,20230523,PVP LABS PTE LTD
biomed,sg,2023Q2,87001864,20230526,DH TECHNOLOGIES DEV PTE LTD
biomed,sg,2023Q2,87003280,20230525,SMITH & NEPHEW ASIA PACIFIC PTE LTD
biomed,sg,2023Q2,87155669,20230628,LERNA BIOPHARMA PTE LTD
biomed,sg,2023Q2,87201937,20230615,SMITH & NEPHEW ASIA PACIFIC PTE LTD
biomed,sg,2023Q2,87429132,20230629,PERFORMANCE LABS PTE LTD | UNICITY PROPERTIES INC
biomed,sg,2023Q2,87430389,20230418,OXTI PTE LTD
biomed,sg,2023Q2,87474165,20230626,BIOSIGNS PTE LTD
biomed,sg,2023Q2,87474429,20230628,STRAND ROSS
biomed,sg,2023Q2,87517474,20230613,SMITH & NEPHEW ASIA PACIFIC PTE LTD
biomed,sg,2023Q2,87553613,20230628,MEDEZE TREASURY PTE LTD
biomed,sg,2023Q2,87553799,20230628,MEDEZE TREASURY PTE LTD
biomed,sg,2023Q2,87851177,20230428,NAT UNIV SINGAPORE
biomed,sg,2023Q2,88239789,20230613,EKO AI PTE LTD
biomed,sg,2023Q2,88244203,20230404,AGENCY SCIENCE TECH & RES | NAT UNIV SINGAPORE | SINGAPORE HEALTH SERV PTE LTD
biomed,sg,2023Q2,88244204,20230406,AGENCY SCIENCE TECH & RES
biomed,sg,2023Q2,88244227,20230406,NAT UNIV HOSPITAL SINGAPORE PTE LTD | NAT UNIV SINGAPORE
biomed,sg,2023Q2,88244228,20230410,UNIV NANYANG TECH
biomed,sg,2023Q2,88330318,20230414,WAVE LIFE SCIENCES LTD
biomed,sg,2023Q2,88330445,20230405,UNIV NANYANG TECH
biomed,sg,2023Q2,88330447,20230413,LUCENCE LIFE SCIENCES PTE LTD
biomed,sg,2023Q2,88330448,20230414,NAT UNIV SINGAPORE
biomed,sg,2023Q2,88330449,20230413,BIOBOT SURGICAL PTE LTD
biomed,sg,2023Q2,88420395,20230420,HISTOINDEX PTE LTD
biomed,sg,2023Q2,88420772,20230424,UNIV NANYANG TECH
biomed,sg,2023Q2,88512413,20230511,EKO AI PTE LTD
biomed,sg,2023Q2,88513234,20230413,ResMed Asia Pte Ltd
biomed,sg,2023Q2,88517754,20230425,HUIDAGENE THERAPEUTICS SINGAPORE PTE LTD
biomed,sg,2023Q2,88517800,20230425,HUIDAGENE THERAPEUTICS SINGAPORE PTE LTD
biomed,sg,2023Q2,88519952,20230421,FLEXOSENSE PTE LTD | NAT UNIV SINGAPORE
biomed,sg,2023Q2,88519959,20230426,AGENCY SCIENCE TECH & RES
biomed,sg,2023Q2,88646374,20230429,CRAFT HEALTH PTE LTD
biomed,sg,2023Q2,88646786,20230502,SCINOPHARM SINGAPORE PTE LTD
biomed,sg,2023Q2,88647199,20230503,UNIV NANYANG TECH
biomed,sg,2023Q2,88647749,20230505,NAT UNIV SINGAPORE
biomed,sg,2023Q2,88647750,20230508,AGENCY SCIENCE TECH & RES
biomed,sg,2023Q2,88729774,20230512,HUIDAGENE THERAPEUTICS SINGAPORE PTE LTD
biomed,sg,2023Q2,88731005,20230512,WAVE LIFE SCIENCES LTD
biomed,sg,2023Q2,88731022,20230512,WAVE LIFE SCIENCES LTD
biomed,sg,2023Q2,88731030,20230512,Kang Liat KENG | TAN WILLIAM
biomed,sg,2023Q2,88731204,20230508,AGENCY SCIENCE TECH & RES
biomed,sg,2023Q2,88731205,20230512,NAT UNIV SINGAPORE
biomed,sg,2023Q2,88834711,20230519,PANEXO BIOTECH SG PTE LTD
biomed,sg,2023Q2,88835881,20230518,ResMed Asia Pte Ltd
biomed,sg,2023Q2,88836294,20230517,NAT UNIV SINGAPORE
biomed,sg,2023Q2,88836299,20230517,NAT UNIV SINGAPORE
biomed,sg,2023Q2,88836304,20230519,AGENCY SCIENCE TECH & RES
biomed,sg,2023Q2,88878021,20230530,ResMed Asia Pte Ltd
biomed,sg,2023Q2,88919471,20230524,AGENCY SCIENCE TECH & RES
biomed,sg,2023Q2,88920715,20230526,AGENCY SCIENCE TECH & RES
biomed,sg,2023Q2,88920718,20230524,LUCENCE LIFE SCIENCES PTE LTD
biomed,sg,2023Q2,88920719,20230523,NAT UNIV HOSPITAL SINGAPORE PTE LTD | NAT UNIV SINGAPORE
biomed,sg,2023Q2,89025385,20230525,SCINOPHARM SINGAPORE PTE LTD
biomed,sg,2023Q2,89025397,20230601,JUNION LABS PTE LTD | THE CHLOROPLAST PTE LTD
biomed,sg,2023Q2,89025493,20230530,SMITH & NEPHEW ASIA PACIFIC PTE LTD
biomed,sg,2023Q2,89028174,20230529,NITTO DENKO CORP
biomed,sg,2023Q2,89028177,20230529,NITTO DENKO CORP
biomed,sg,2023Q2,89028182,20230531,LAMBDAGEN PTE LTD | UNIV NANYANG TECH
biomed,sg,2023Q2,89117529,20230608,HUIDAGENE THERAPEUTICS SINGAPORE PTE LTD
biomed,sg,2023Q2,89119123,20230609,UNIV NANYANG TECH
biomed,sg,2023Q2,89193130,20230615,CUEZEN INC
biomed,sg,2023Q2,89193167,20230614,UNIV NANYANG TECH
biomed,sg,2023Q2,89193171,20230615,IMMUNOSCAPE PTE LTD
biomed,sg,2023Q2,89379194,20230621,FORTVITA BIOLOGICS SINGAPORE PTE LTD | INNOVENT BIOLOGICS SINGAPORE PTE LTD
biomed,sg,2023Q2,89380377,20230623,ENGINE BIOSCIENCES PTE LTD
biomed,sg,2023Q2,89380556,20230626,MOLEAC PTE LTD
biomed,sg,2023Q2,89380603,20230622,SMITH & NEPHEW ASIA PACIFIC PTE LTD
biomed,sg,2023Q2,89380710,20230622,TAN TOCK SENG HOSPITAL PTE LTD | UNIV NANYANG TECH
biomed,sg,2023Q2,89380712,20230529,AGENCY SCIENCE TECH & RES | NAT SKIN CENTRE SINGAPORE PTE LTD | UNIV NANYANG TECH
biomed,sg,2023Q2,89380715,20230616,NAT UNIV SINGAPORE
biomed,sg,2023Q2,89380716,20230622,HISTOINDEX PTE LTD
biomed,sg,2023Q2,89380983,20230626,SCG CELL THERAPY PTE LTD
biomed,sg,2023Q2,89381436,20230628,SINGAPORE HEALTH SERV PTE LTD | TRISAIL MEDICAL PTE LTD
biomed,sg,2023Q2,89381463,20230628,SINGAPORE HEALTH SERV PTE LTD | TRISAIL MEDICAL PTE LTD | YEO KHUNG KEONG
biomed,sg,2023Q2,89381715,20230627,ILLUMINA SINGAPORE PTE LTD
biomed,sg,2023Q2,89384330,20230628,AGENCY SCIENCE TECH & RES
biomed,sg,2023Q2,89384332,20230628,NAT UNIV SINGAPORE
biomed,sg,2023Q2,89384335,20230630,ALEXANDRA HEALTH PTE LTD | TENDONPLUS MEDICAL PTE LTD
biomed,sg,2023Q2,89618644,20230621,UNIV NANYANG TECH
biomed,sg,2023Q2,89665467,20230627,HILL ROM SERVICES PTE LTD
biomed,sg,2023Q2,89707095,20230608,SMITH & NEPHEW ASIA PACIFIC PTE LTD
biomed,sg,2023Q2,89852601,20230623,AGENCY SCIENCE TECH & RES
biomed,sg,2023Q2,90014177,20230626,AGENCY SCIENCE TECH & RES
biomed,sg,2023Q2,90275958,20230628,AGENCY SCIENCE TECH & RES
biomed,sg,2023Q2,90479225,20230626,AGENCY SCIENCE TECH & RES | NAT UNIV SINGAPORE | SINGAPORE HEALTH SERV PTE LTD
biomed,sg,2023Q2,91247875,20230526,SIVANTOS PTE LTD
biomed,sg,2023Q2,93017314,20230413,SINGAPORE HEALTH SERV PTE LTD
biomed,sg,2023Q2,93058562,20230413,ADAGENE PTE LTD
biomed,sg,2023Q2,93058566,20230413,ADAGENE PTE LTD
biomed,sg,2023Q2,93155051,20230412,ETERNAL GRACE PTE LTD
biomed,sg,2023Q2,93216892,20230426,HYTTO PTE LTD
biomed,sg,2023Q2,93255317,20230424,BIOMAP INTELLIGENCE TECH SG PTE LTD
biomed,sg,2023Q2,93256878,20230423,BABY JOHN
biomed,sg,2023Q2,93263963,20230505,DELTA ELECTRONICS INTL SINGAPORE PTE LTD | DELTA ELECTRONICS INT’L SINGAPORE PTE LTD
biomed,sg,2023Q2,93381126,20230510,EKO AI PTE LTD
biomed,sg,2023Q2,93430238,20230509,ESCO ASTER PTE LTD
biomed,sg,2023Q2,93653574,20230602,METABRAIN TECH PTE LTD
biomed,sg,2023Q2,93654832,20230616,LEICA INSTR SINGAPORE PTE LTD
biomed,sg,2023Q2,93744398,20230609,HYTTO PTE LTD
biomed,sg,2023Q2,94978836,20230413,NEPHEW ASIA PACIFIC PTE LTD | SMITH & NEPHEW ASIA PACIFIC PTE LTD
biomed,sg,2023Q3,61689352,20230926,KBP BIOSCIENCES PTE LTD
biomed,sg,2023Q3,82404154,20230706,TECHMED HEALTH PTE LTD
biomed,sg,2023Q3,82970304,20230711,SERV MEDICAL PTE LTD
biomed,sg,2023Q3,83517235,20230711,SERV MEDICAL PTE LTD
biomed,sg,2023Q3,84167822,20230930,ANX IP HOLDING PTE LTD
biomed,sg,2023Q3,84817695,20230908,WISTA LAB LTD
biomed,sg,2023Q3,87202233,20230710,LEICA INSTR SINGAPORE PTE LTD
biomed,sg,2023Q3,87418922,20230707,AGENCY SCIENCE TECH & RES | ALBATROZ THERAPEUTICS PTE LTD
biomed,sg,2023Q3,87553859,20230717,DH TECHNOLOGIES DEV PTE LTD
biomed,sg,2023Q3,87554657,20230802,LEICA INSTR SINGAPORE PTE LTD
biomed,sg,2023Q3,87554792,20230717,HILL ROM SERVICES PTE LTD
biomed,sg,2023Q3,87554857,20230802,LEICA INSTR SINGAPORE PTE LTD
biomed,sg,2023Q3,87557811,20230807,LEICA INSTR SINGAPORE PTE LTD
biomed,sg,2023Q3,87567228,20230727,BIOCELL INNOVATIONS PTE LTD
biomed,sg,2023Q3,87571254,20230719,ResMed Asia Pte Ltd
biomed,sg,2023Q3,87571783,20230724,SMITH & NEPHEW ASIA PACIFIC PTE LTD
biomed,sg,2023Q3,87575825,20230815,LEICA INSTR SINGAPORE PTE LTD
biomed,sg,2023Q3,87748211,20230728,ABBVIE OPERATIONS SINGAPORE PTE LTD
biomed,sg,2023Q3,87748302,20230727,SMITH & NEPHEW ASIA PACIFIC PTD LTD | SMITH & NEPHEW ASIA PACIFIC PTE LTD
biomed,sg,2023Q3,87797850,20230728,ABBVIE OPERATIONS SINGAPORE PTE LTD
biomed,sg,2023Q3,87801064,20230821,SMITH & NEPHEW ASIA PACIFIC PTE LTD
biomed,sg,2023Q3,87801634,20230803,SMITH & NEPHEW ASIA PACIFIC PTD LTD
biomed,sg,2023Q3,87847901,20230828,SIVANTOS PTE LTD
biomed,sg,2023Q3,87929754,20230731,UNIV NANYANG TECH
biomed,sg,2023Q3,88016303,20230808,FMC AGRO SINGAPORE PTE LTD
biomed,sg,2023Q3,88017695,20230817,SMITH & NEPHEW ASIA PACIFIC PTD LTD
biomed,sg,2023Q3,88020828,20230828,ASLAN PHARMACEUTICALS PTE LTD
biomed,sg,2023Q3,88020982,20230822,SMITH & NEPHEW ASIA PACIFIC PTE LTD
biomed,sg,2023Q3,88049575,20230704,WUXI XDC SINGAPORE PRIVATE LTD
biomed,sg,2023Q3,88093165,20230912,VIATRIS ASIA PACIFIC PTE LTD
biomed,sg,2023Q3,88093763,20230822,SMITH & NEPHEW ASIA PACIFIC PTD LTD
biomed,sg,2023Q3,88098066,20230906,ASLAN PHARMACEUTICALS PTE LTD
biomed,sg,2023Q3,88143831,20230908,MATTEUCCI GIANFRANCO
biomed,sg,2023Q3,88204124,20230926,LEICA INSTR SINGAPORE PTE LTD
biomed,sg,2023Q3,88204397,20230915,MOLEAC PTE LTD
biomed,sg,2023Q3,88236522,20230907,SMITH & NEPHEW ASIA PACIFIC PTD LTD | SMITH & NEPHEW ASIA PACIFIC PTE LTD
biomed,sg,2023Q3,88237574,20230921,HUMMINGBIRD BIOSCIENCE PTE LTD
biomed,sg,2023Q3,88237993,20230810,FMC AGRO SINGAPORE PTE LTD
biomed,sg,2023Q3,88241192,20230928,CHANG LIN HUI | DEVADAS YVONNE | LIM JING WEN | NIRANTAR SAURABH | NOE HSU MYAT
biomed,sg,2023Q3,88241200,20230913,SMITH & NEPHEW ASIA PACIFIC PTD LTD | SMITH & NEPHEW ASIA PACIFIC PTE LTD
biomed,sg,2023Q3,88295693,20230921,SMITH & NEPHEW ASIA PACIFIC PTE LTD
biomed,sg,2023Q3,88315469,20230830,PERFORMANCE LABS PTE LTD
biomed,sg,2023Q3,88315472,20230915,LIFE TECH HOLDINGS PTE LIMITED | LIFE TECH HOLDINGS PTE LTD
biomed,sg,2023Q3,88315611,20230929,ILLUMINA SINGAPORE PTE LTD
biomed,sg,2023Q3,88506743,20230927,SMITH & NEPHEW ASIA PACIFIC PTE LTD
biomed,sg,2023Q3,88507304,20230920,MEIBAN INT PTE LTD
biomed,sg,2023Q3,88877871,20230816,CREDO DIAGNOSTICS BIOMEDICAL PTE LTD
biomed,sg,2023Q3,89381600,20230703,PEH WEI YAN
biomed,sg,2023Q3,89432293,20230922,HYTTO PTE LTD
biomed,sg,2023Q3,89454805,20230707,NAT UNIV SINGAPORE
biomed,sg,2023Q3,89454806,20230707,SINGAPORE HEALTH SERV PTE LTD | UNIV SINGAPORE TECHNOLOGY & DESIGN
biomed,sg,2023Q3,89454807,20230705,OSTEOPORE INT PTE LTD
biomed,sg,2023Q3,89454809,20230705,AGENCY SCIENCE TECH & RES | KYAN THERAPEUTICS | NAT UNIV SINGAPORE
biomed,sg,2023Q3,89537548,20230711,NAT UNIV SINGAPORE
biomed,sg,2023Q3,89537553,20230712,UNIV NANYANG TECH
biomed,sg,2023Q3,89537555,20230714,NAT UNIV SINGAPORE | SINGAPORE HEALTH SERV PTE LTD
biomed,sg,2023Q3,89537557,20230713,TAN TOCK SENG HOSPITAL PTE LTD | UNIV NANYANG TECH
biomed,sg,2023Q3,89578199,20230718,HILL ROM SERVICES PTE LTD
biomed,sg,2023Q3,89618649,20230711,NAT UNIV SINGAPORE
biomed,sg,2023Q3,89618653,20230721,AGENCY SCIENCE TECH & RES
biomed,sg,2023Q3,89707218,20230724,SMITH & NEPHEW ASIA PACIFIC PTE LTD
biomed,sg,2023Q3,89707220,20230721,CARMINE THERAPEUTICS PTE LTD | LAM BRENDA WAN SHING | NAT UNIV SINGAPORE | PHAM TUAN THACH
biomed,sg,2023Q3,89707571,20230714,AGENCY SCIENCE TECH & RES
biomed,sg,2023Q3,89707573,20230719,NAT UNIV SINGAPORE | WILMAR INTERNATIONAL LTD
biomed,sg,2023Q3,89707580,20230727,NAT UNIV SINGAPORE
biomed,sg,2023Q3,89707583,20230728,UNIV NANYANG TECH
biomed,sg,2023Q3,89846807,20230814,AGENCY SCIENCE TECH & RES
biomed,sg,2023Q3,89849764,20230727,SMITH & NEPHEW ASIA PACIFIC PTE LTD
biomed,sg,2023Q3,89849968,20230804,AGENCY SCIENCE TECH & RES
biomed,sg,2023Q3,89849969,20230802,HICURA MEDICAL PTE LTD | SINGAPORE HEALTH SERV PTE LTD
biomed,sg,2023Q3,89849970,20230804,UNIV NANYANG TECH
biomed,sg,2023Q3,89851712,20230814,EVERTRON HOLDINGS PTE LTD
biomed,sg,2023Q3,89852272,20230807,AGENCY SCIENCE TECH & RES | TESSA THERAPEUTICS LTD | TIKVA ALLOCELL PTE LTD
biomed,sg,2023Q3,89852274,20230807,AGENCY SCIENCE TECH & RES | TESSA THERAPEUTICS LTD | TIKVA ALLOCELL PTE LTD
biomed,sg,2023Q3,89852277,20230807,AGENCY SCIENCE TECH & RES | TESSA THERAPEUTICS LTD
biomed,sg,2023Q3,89852451,20230811,WAVE LIFE SCIENCES LTD
biomed,sg,2023Q3,89852516,20230810,MEDISIX THERAPEUTICS INC
biomed,sg,2023Q3,89852604,20230801,AGENCY SCIENCE TECH & RES
biomed,sg,2023Q3,89940743,20230815,CMS RES & DEVELOPMENT PTE LTD
biomed,sg,2023Q3,89942050,20230814,MEDLYVES PTE LTD
biomed,sg,2023Q3,89942428,20230815,NAT UNIV SINGAPORE
biomed,sg,2023Q3,89942429,20230724,BIOMAX HOLDINGS PTE LTD
biomed,sg,2023Q3,89942432,20230817,AGENCY SCIENCE TECH & RES
biomed,sg,2023Q3,89942437,20230818,NAT UNIV SINGAPORE
biomed,sg,2023Q3,90014174,20230822,AGENCY FOR SCIENCE TECH AND RESEARCH ASTARSTAR | NAT SKIN CENTRE SINGAPORE PTE LTD
biomed,sg,2023Q3,90014175,20230824,NAT UNIV SINGAPORE
biomed,sg,2023Q3,90014181,20230815,DENKA LIFE INNOVATION RES PTE LTD
biomed,sg,2023Q3,90098534,20230802,SMITH & NEPHEW ASIA PACIFIC PTE LTD
biomed,sg,2023Q3,90098737,20230830,ADAGENE PTE LTD
biomed,sg,2023Q3,90099749,20230830,CHAN JASON | ONG CHOON KIAT
biomed,sg,2023Q3,90100354,20230828,CMS RES & DEVELOPMENT PTE LTD
biomed,sg,2023Q3,90100462,20230829,AGENCY SCIENCE TECH & RES
biomed,sg,2023Q3,90100465,20230830,NAT UNIV SINGAPORE
biomed,sg,2023Q3,90100466,20230831,AGENCY SCIENCE TECH & RES
biomed,sg,2023Q3,90100472,20230829,NAT UNIV SINGAPORE
biomed,sg,2023Q3,90100474,20230831,TEMASEK LIFE SCIENCES LABORATORY LTD
biomed,sg,2023Q3,90191772,20230907,SMITH & NEPHEW ASIA PACIFIC PTE LTD
biomed,sg,2023Q3,90191960,20230908,ADAGENE PTE LTD
biomed,sg,2023Q3,90192754,20230905,AGENCY SCIENCE TECH & RES
biomed,sg,2023Q3,90192761,20230829,AGENCY SCIENCE TECH & RES
biomed,sg,2023Q3,90192762,20230908,NAT UNIV SINGAPORE
biomed,sg,2023Q3,90245739,20230712,HYTTO PTE LTD
biomed,sg,2023Q3,90274013,20230912,MOTIGENIX SINGAPORE PTE LTD
biomed,sg,2023Q3,90275957,20230914,SINGAPORE HEALTH SERV PTE LTD | UNIV NANYANG TECH
biomed,sg,2023Q3,90275962,20230831,MICROTUBE TECH PTE LTD
biomed,sg,2023Q3,90275963,20230913,NAT UNIV SINGAPORE | WILMAR INTERNATIONAL LTD
biomed,sg,2023Q3,90275964,20230913,NAT UNIV HOSPITAL SINGAPORE PTE LTD | NAT UNIV SINGAPORE
biomed,sg,2023Q3,90360561,20230925,INCANDO THERAPEUTICS PTE LTD
biomed,sg,2023Q3,90418796,20230927,DELTA ELECTRONICS INTL SINGAPORE PTE LTD
biomed,sg,2023Q3,90453851,20230921,BRIGHTGENE PTE LTD
biomed,sg,2023Q3,90453864,20230918,EVEREST MEDICINES SINGAPORE PTE LTD
biomed,sg,2023Q3,90453868,20230920,INMAGENE PTE LTD
biomed,sg,2023Q3,90453934,20230920,LOH YIN SZE | WISTA LAB LTD | WISTA LABORATORIES LTD
biomed,sg,2023Q3,90455074,20230918,SMITH & NEPHEW ASIA PACIFIC PTE LTD
biomed,sg,2023Q3,90455367,20230815,NAT UNIV SINGAPORE
biomed,sg,2023Q3,90476545,20230930,BLUE PLANET ENV SOLUTION PTE LTD | BLUE PLANET ENV SOLUTIONS PTE LTD
biomed,sg,2023Q3,90478938,20230920,SMITH & NEPHEW ASIA PACIFIC PTE LTD
biomed,sg,2023Q3,90478940,20230919,INCANDO THERAPEUTICS PTE LTD | LUU PERCY
biomed,sg,2023Q3,90478943,20230920,SMITH & NEPHEW ASIA PACIFIC PTE LTD
biomed,sg,2023Q3,90479236,20230926,BREATHONIX PTE LTD
biomed,sg,2023Q3,90738568,20230929,AGENCY SCIENCE TECH & RES
biomed,sg,2023Q3,91196704,20230929,AGENCY SCIENCE TECH & RES
biomed,sg,2023Q3,92305395,20230912,MAMAME WHOLE FOODS PTE LTD
biomed,sg,2023Q3,92494348,20230919,SIVANTOS PTE LTD
biomed,sg,2023Q3,92494632,20230919,SIVANTOS PTE LTD
biomed,sg,2023Q3,92501737,20230831,SINGAPORE INNOVATE PTE LTD
biomed,sg,2023Q3,92882417,20230919,LEICA INSTR SINGAPORE PTE LTD
biomed,sg,2023Q3,93930613,20230713,SIVANTOS PTE LTD
biomed,sg,2023Q3,94212388,20230710,METABRAIN TECH PTE LTD
biomed,sg,2023Q3,94215829,20230713,BIOSENSE DIAGNOSTICS PTE LTD
biomed,sg,2023Q3,94281008,20230720,PANEXO BIOTECH SG PTE LTD
biomed,sg,2023Q3,94282463,20230719,LIM CHEE YEN
biomed,sg,2023Q3,94342051,20230808,SIVANTOS PTE LTD
biomed,sg,2023Q3,94373452,20230727,HYTTO PTE LTD
biomed,sg,2023Q3,94373926,20230721,PANEXO BIOTECH SG PTE LTD
biomed,sg,2023Q3,94482043,20230810,LENOVO SINGAPORE PTE LTD
biomed,sg,2023Q3,94534536,20230810,AGENCY SCIENCE TECH & RES
biomed,sg,2023Q3,94609803,20230814,UST GLOBAL SINGAPORE PTE LTD
biomed,sg,2023Q3,94689831,20230822,CORTI THERAPEUTICS PTE LTD
biomed,sg,2023Q3,94732581,20230822,LIM CHEE YEN
biomed,sg,2023Q3,94775322,20230831,LENOVO SINGAPORE PTE LTD
biomed,sg,2023Q3,94922742,20230904,PANEXO BIOTECH SG PTE LTD
biomed,sg,2023Q4,51731940,20231002,AGENCY SCIENCE TECH & RES
biomed,sg,2023Q4,84604010,20231222,FLOATING KNIGHT BIOTECH PTE LTD
biomed,sg,2023Q4,84604095,20231222,FLOATING KNIGHT BIOTECH PTE LTD
biomed,sg,2023Q4,84926725,20231206,VVB BIO PTE LTD
biomed,sg,2023Q4,85035814,20231213,ROCK & HERB PTE LTD
biomed,sg,2023Q4,88174579,20231101,PANEXO BIOTECH SG PTE LTD
biomed,sg,2023Q4,88413869,20231003,JAGUAHR THERAPEUTICS PTE LTD
biomed,sg,2023Q4,88466583,20231004,MIRXES LAB PTE LTD
biomed,sg,2023Q4,88585313,20231003,SINGAPORE MIT ALLIANCE FOR RESEARCH & TECH CENTRE | UNIV NANYANG TECH
biomed,sg,2023Q4,88689538,20231011,STRAND ROSS
biomed,sg,2023Q4,88695484,20231006,ILLUMINA SINGAPORE PTE LTD
biomed,sg,2023Q4,88837343,20231116,Float Foods Pte Ltd
biomed,sg,2023Q4,88839870,20231006,FMC AGRO SINGAPORE PTE LTD
biomed,sg,2023Q4,88874650,20231025,SMITH & NEPHEW ASIA PACIFIC PTE LTD
biomed,sg,2023Q4,88923787,20231110,MATTEUCCI GIANFRANCO
biomed,sg,2023Q4,88965017,20231027,SMITH & NEPHEW ASIA PACIFIC PTE LTD
biomed,sg,2023Q4,88965185,20231107,SMITH & NEPHEW ASIA PACIFIC PTE LTD
biomed,sg,2023Q4,88970102,20231019,DYSON OPERATIONS PTE LTD
biomed,sg,2023Q4,88970195,20231019,DYSON OPERATIONS PTE LTD
biomed,sg,2023Q4,88975555,20231128,SIVANTOS PTE LTD
biomed,sg,2023Q4,89122058,20231205,HUMMINGBIRD BIOSCIENCE PTE LTD
biomed,sg,2023Q4,89168309,20231109,SMITH & NEPHEW ASIA PACIFIC PTE LTD
biomed,sg,2023Q4,89190603,20231108,SMITH & NEPHEW ASIA PACIFIC PTE LTD
biomed,sg,2023Q4,89222130,20231212,LEICA INSTR SINGAPORE PTE LTD
biomed,sg,2023Q4,89222160,20231212,LEICA INSTR SINGAPORE PTE LTD
biomed,sg,2023Q4,89222487,20231108,SMITH & NEPHEW ASIA PACIFIC PTE LTD
biomed,sg,2023Q4,89224068,20231130,MEDEZE TREASURY PTD LTD | MEDEZE TREASURY PTE LTD
biomed,sg,2023Q4,89224207,20231202,DH TECHNOLOGIES DEV PTE LTD
biomed,sg,2023Q4,89321600,20231222,LEICA INSTR SINGAPORE PTE LTD
biomed,sg,2023Q4,89367621,20231215,PANEXO BIOTECH SG PTE LTD
biomed,sg,2023Q4,89386157,20231227,LEICA INSTR SINGAPORE PTE LTD
biomed,sg,2023Q4,89430086,20231222,HILLE JOHANNES
biomed,sg,2023Q4,89509101,20231215,MATTEUCCI GIANFRANCO
biomed,sg,2023Q4,89535762,20231214,SMARTRX PTE LTD
biomed,sg,2023Q4,89619923,20231215,MATTEUCCI GIANFRANCO
biomed,sg,2023Q4,89767433,20231215,MIRXES LAB PTE LTD
biomed,sg,2023Q4,90573363,20231229,HYTTO PTE LTD
biomed,sg,2023Q4,90609095,20231005,NAT UNIV SINGAPORE
biomed,sg,2023Q4,90609102,20231003,NAT UNIV SINGAPORE
biomed,sg,2023Q4,90609110,20231004,AGENCY SCIENCE TECH & RES
biomed,sg,2023Q4,90627461,20231012,SMITH & NEPHEW ASIA PACIFIC PTE LTD
biomed,sg,2023Q4,90627753,20231229,HYTTO PTE LTD
biomed,sg,2023Q4,90669764,20231011,NAT UNIV SINGAPORE
biomed,sg,2023Q4,90670384,20231011,NAT UNIV SINGAPORE
biomed,sg,2023Q4,90670388,20231012,NAT UNIV SINGAPORE
biomed,sg,2023Q4,90670390,20231013,AGENCY SCIENCE TECH & RES
biomed,sg,2023Q4,90736977,20231017,HUIDAGENE THERAPEUTICS SINGAPORE PTE LTD
biomed,sg,2023Q4,90738579,20231020,NAT UNIV SINGAPORE
biomed,sg,2023Q4,90829530,20231027,DIPTECH PTE LTD
biomed,sg,2023Q4,90830243,20231026,MEDIOS TECH PTE LTD | SOSALE BHARGAV
biomed,sg,2023Q4,90831568,20231026,NAT UNIV SINGAPORE
biomed,sg,2023Q4,90832146,20231027,UNIV NANYANG TECH
biomed,sg,2023Q4,90931511,20231101,MEDISIX THERAPEUTICS INC
biomed,sg,2023Q4,90931562,20231101,MEDISIX THERAPEUTICS INC
biomed,sg,2023Q4,90931632,20231102,ADAGENE PTE LTD
biomed,sg,2023Q4,90931698,20231031,DELIGHTEX PTE LTD
biomed,sg,2023Q4,91029094,20231110,UNIV NANYANG TECH
biomed,sg,2023Q4,91032984,20231108,MOTIGENIX SINGAPORE PTE LTD
biomed,sg,2023Q4,91033672,20231031,AGENCY SCIENCE TECH & RES
biomed,sg,2023Q4,91033675,20231109,UNIV NANYANG TECH
biomed,sg,2023Q4,91033676,20231110,NAT UNIV SINGAPORE
biomed,sg,2023Q4,91033678,20231109,ZENO THERAPEUTICS PTE LTD
biomed,sg,2023Q4,91033679,20231107,AGENCY SCIENCE TECH & RES
biomed,sg,2023Q4,91085586,20231115,UNIV NANYANG TECH
biomed,sg,2023Q4,91085587,20231107,NAT UNIV SINGAPORE
biomed,sg,2023Q4,91085588,20231110,AGENCY SCIENCE TECH & RES
biomed,sg,2023Q4,91085589,20231114,UNIV NANYANG TECH
biomed,sg,2023Q4,91085590,20231114,NAT UNIV SINGAPORE
biomed,sg,2023Q4,91085592,20231114,UNIV NANYANG TECH
biomed,sg,2023Q4,91085595,20231114,UNIV NANYANG TECH
biomed,sg,2023Q4,91085596,20231114,NAT UNIV SINGAPORE
biomed,sg,2023Q4,91085598,20231117,AGENCY SCIENCE TECH & RES
biomed,sg,2023Q4,91085599,20231117,AGENCY SCIENCE TECH & RES
biomed,sg,2023Q4,91196217,20231124,HIRAO ICHIRO | Xenolis Pte Ltd
biomed,sg,2023Q4,91196541,20231120,SMITH & NEPHEW ASIA PACIFIC PTE LTD
biomed,sg,2023Q4,91196552,20231120,SMITH & NEPHEW ASIA PACIFIC PTE LTD
biomed,sg,2023Q4,91196705,20231109,AGENCY SCIENCE TECH & RES
biomed,sg,2023Q4,91196707,20231117,AGENCY SCIENCE TECH & RES | CNRS@CREATE | NAT UNIV SINGAPORE
biomed,sg,2023Q4,91196709,20231122,UNIV SINGAPORE TECHNOLOGY & DESIGN
biomed,sg,2023Q4,91196711,20231124,AGENCY SCIENCE TECH & RES
biomed,sg,2023Q4,91280646,20231204,HEMO BIOENGINEERING PTE LTD
biomed,sg,2023Q4,91325100,20231129,AGENCY SCIENCE TECH & RES
biomed,sg,2023Q4,91325102,20231201,NAT UNIV SINGAPORE
biomed,sg,2023Q4,91325103,20231201,NAT UNIV SINGAPORE
biomed,sg,2023Q4,91325104,20231128,NAT UNIV SINGAPORE
biomed,sg,2023Q4,91378615,20231208,HUIDAGENE THERAPEUTICS SINGAPORE PTE LTD
biomed,sg,2023Q4,91378632,20231206,HUMMINGBIRD BIOSCIENCE PTE LTD
biomed,sg,2023Q4,91380120,20231204,GENESIS MEDTECH INTERNATIONAL PRIVATE LTD
biomed,sg,2023Q4,91380403,20231211,NAT UNIV HOSPITAL SINGAPORE PTE LTD | NAT UNIV SINGAPORE
biomed,sg,2023Q4,91474641,20231117,SMITH & NEPHEW ASIA PACIFIC PTE LTD
biomed,sg,2023Q4,91484387,20231214,EVEREST MEDICINES SINGAPORE PTE LTD
biomed,sg,2023Q4,91486360,20231211,SINGAPORE HEALTH SERV PTE LTD
biomed,sg,2023Q4,91486362,20231211,SINGAPORE HEALTH SERV PTE LTD
biomed,sg,2023Q4,91486366,20231214,SIIX AGT MEDTECH PTE LTD | SINGAPORE HEALTH SERV PTE LTD | UNIV SINGAPORE TECHNOLOGY & DESIGN
biomed,sg,2023Q4,91587703,20231222,EPIGENIC THERAPEUTICS PTE LTD
biomed,sg,2023Q4,91587748,20231222,EPIGENIC THERAPEUTICS PTE LTD
biomed,sg,2023Q4,91587774,20231220,NAT UNIV SINGAPORE
biomed,sg,2023Q4,91589844,20231128,GENESIS MEDTECH INTERNATIONAL PRIVATE LTD
biomed,sg,2023Q4,91590245,20231221,AGENCY SCIENCE TECH & RES
biomed,sg,2023Q4,91590249,20231220,NAT UNIV SINGAPORE
biomed,sg,2023Q4,91590250,20231220,TEMASEK LIFE SCIENCES LABORATORY LTD
biomed,sg,2023Q4,91590251,20231218,NAT UNIV SINGAPORE
biomed,sg,2023Q4,91667508,20231220,FSC TECH PTE LTD
biomed,sg,2023Q4,91716497,20231229,ROBOGENIX MEDICAL SINGAPORE PTE LTD
biomed,sg,2023Q4,91716522,20231226,HUIDAGENE THERAPEUTICS SINGAPORE PTE LTD
biomed,sg,2023Q4,91718756,20231221,MOTIGENIX SINGAPORE PTE LTD
biomed,sg,2023Q4,91719350,20231226,TEMASEK LIFE SCIENCES LABORATORY LTD
biomed,sg,2023Q4,91719351,20231214,AGENCY SCIENCE TECH & RES
biomed,sg,2023Q4,91719354,20231229,AGENCY SCIENCE TECH & RES | SINGAPORE HEALTH SERV PTE LTD
biomed,sg,2023Q4,91719356,20231226,TEMASEK LIFE SCIENCES LABORATORY LTD
biomed,sg,2023Q4,91762470,20231128,SMITH & NEPHEW ASIA PACIFIC PTE LTD
biomed,sg,2023Q4,91762497,20231128,SMITH & NEPHEW ASIA PACIFIC PTE LTD
biomed,sg,2023Q4,91855589,20231229,HYTTO PTE LTD
biomed,sg,2023Q4,91855593,20231020,HYTTO PTE LTD
biomed,sg,2023Q4,91855602,20231129,SMITH & NEPHEW ASIA PACIFIC PTE LTD
biomed,sg,2023Q4,91855842,20231229,HYTTO PTE LTD
biomed,sg,2023Q4,92501738,20231229,LUCENCE LIFE SCIENCES PTE LTD
biomed,sg,2023Q4,93466418,20231229,HYTTO PTE LTD
biomed,sg,2023Q4,93590874,20231212,SIVANTOS PTE LTD
biomed,sg,2023Q4,94373451,20231030,HYTTO PTE LTD
biomed,sg,2023Q4,94483752,20231025,HYTTO PTE LTD
biomed,sg,2023Q4,94688365,20231128,SIVANTOS PTE LTD
biomed,sg,2023Q4,95069531,20231004,SIVANTOS PTE LTD
biomed,sg,2023Q4,95254008,20231010,FMC AGRO SINGAPORE PTE LTD
biomed,sg,2023Q4,95341641,20231013,BIOSIGNS PTE LTD
biomed,sg,2023Q4,95386135,20231020,WILMAR INT LTD
biomed,sg,2023Q4,95483305,20231025,HYTTO PTE LTD
biomed,sg,2023Q4,95486037,20231031,HYTTO PTE LTD
biomed,sg,2023Q4,95486040,20231026,HYTTO PTE LTD
biomed,sg,2023Q4,95582734,20231030,MEDEZE TREASURY PTD LTD | MEDEZE TREASURY PTE LTD
biomed,sg,2023Q4,95656005,20231123,SIVANTOS PTE LTD
biomed,sg,2023Q4,95714437,20231204,LEICA INSTR SINGAPORE PTE LTD
biomed,sg,2023Q4,95827372,20231122,MEIBAN INT PTE LTD
biomed,sg,2023Q4,95830737,20231229,DELTA ELECTRONICS INT’L SINGAPORE PTE LTD
biomed,sg,2023Q4,95897471,20231127,NAT UNIV SINGAPORE
biomed,sg,2023Q4,95980252,20231207,ESCO ASTER PTE LTD
biomed,sg,2023Q4,96014736,20231205,SABIC SK NEXLENE COMPANY PTE LTD
biomed,sg,2023Q4,96022916,20231214,BOXTHREE PTE LTD | DESIKAR JAISHRI ELLENGOVAN | PERUMAL NEMALIN THARUSHEN
biomed,sg,2023Q4,96096980,20231221,LENOVO SINGAPORE PTE LTD
biomed,sg,2023Q4,96136577,20231222,ECOSPEC NOVELTECH PTE LTD
biomed,sg,2023Q4,96219659,20231226,HONG GA SZE
fintech,hk,2015Q1,52577986,20150210,HCT GROUP HOLDINGS LTD
fintech,hk,2015Q1,53495496,20150317,POWA TECHNOLOGIES HONG KONG LTD
fintech,hk,2015Q1,55180424,20150127,ALIBABA GROUP SERVICES LTD
fintech,hk,2015Q1,55181352,20150127,ALIBABA GROUP SERVICES LTD
fintech,hk,2015Q1,55302467,20150130,ALIBABA GROUP SERVICES LTD
fintech,hk,2015Q1,55378086,20150128,ALIBABA GROUP SERVICES LTD
fintech,hk,2015Q2,54870011,20150618,SIN KING HEI
fintech,hk,2015Q2,55653573,20150505,ALIBABA GROUP SERVICES LTD
fintech,hk,2015Q2,55655636,20150429,ALIBABA GROUP SERVICES LTD
fintech,hk,2015Q2,55720839,20150430,ALIBABA GROUP SERVICES LTD
fintech,hk,2015Q2,56010519,20150430,ALIBABA GROUP SERVICES LTD
fintech,hk,2015Q2,56094670,20150507,ALIBABA GROUP SERVICES LTD
fintech,hk,2015Q2,56127476,20150505,ALIBABA GROUP SERVICES LTD
fintech,hk,2015Q2,56151480,20150505,ALIBABA GROUP SERVICES LTD
fintech,hk,2015Q3,54704537,20150916,ASIA BASE TECH LIMITED | ASIABASE TECH LIMITED | ASIABASE TECH LTD | ASIABASE TECHNOLOGIES LTD
fintech,hk,2015Q3,55398750,20150820,365 TECH HOLDING LIMITED | 365 TECH HOLDING LTD | 365 TECHNOLOGIES HOLDING LTD
fintech,hk,2015Q3,56286727,20150831,ALIBABA GROUP SERVICES LTD
fintech,hk,2015Q3,56367830,20150827,ALIBABA GROUP SERVICES LTD
fintech,hk,2015Q3,56408137,20150902,ALIBABA GROUP SERVICES LTD
fintech,hk,2015Q3,56554496,20150902,ALIBABA GROUP SERVICES LTD
fintech,hk,2015Q3,56564736,20150828,ALIBABA GROUP SERVICES LTD
fintech,hk,2015Q3,56567180,20150831,ALIBABA GROUP SERVICES LTD
fintech,hk,2015Q3,57162255,20150831,UNIV CITY HONG KONG
fintech,hk,2015Q3,57682505,20150804,MAST IND (FAR EAST) LTD
fintech,hk,2015Q4,50737784,20151207,KISSCO MARKETING SERVICES LTD
fintech,hk,2015Q4,53456289,20151211,IPROPHET TECHNOLOGY LTD
fintech,hk,2015Q4,57126346,20151215,ALIBABA GROUP SERVICES LTD
fintech,hk,2015Q4,57205102,20151214,ALIBABA GROUP SERVICES LTD
fintech,hk,2015Q4,57325580,20151217,ALIBABA GROUP SERVICES LTD
fintech,hk,2015Q4,57451276,20151005,WIFIRE OPEN NETWORK GROUP LTD
fintech,hk,2015Q4,57452123,20151005,WIFIRE OPEN NETWORK GROUP LTD
fintech,hk,2015Q4,57452682,20151005,WIFIRE OPEN NETWORK GROUP LTD
fintech,hk,2016Q1,54143620,20160317,WONG YEE TAK
fintech,hk,2016Q1,57602644,20160119,JHA VINESH
fintech,hk,2016Q1,57775226,20160308,ALIBABA GROUP SERVICES LTD
fintech,hk,2016Q1,58053424,20160307,ALIBABA GROUP SERVICES LTD
fintech,hk,2016Q1,58257528,20160310,ALIBABA GROUP SERVICES LTD
fintech,hk,2016Q1,59315308,20160119,CHUI SIU HONG
fintech,hk,2016Q1,59787884,20160308,BOSANY ENV LTD | KINGWELCH LTD
fintech,hk,2016Q2,53456258,20160608,CHOW KI SHUI LOUIE
fintech,hk,2016Q2,54191169,20160617,FRESH IDEA GLOBAL LTD
fintech,hk,2016Q2,54220227,20160608,CHOW KI SHUI LOUIE
fintech,hk,2016Q2,55990239,20160614,ALIBABA GROUP SERVICES LTD
fintech,hk,2016Q2,56992396,20160608,CHOW KI SHUI LOUIE
fintech,hk,2016Q2,57392094,20160513,GOLDBOX TECH LTD
fintech,hk,2016Q2,57833705,20160517,WANG WAI TAK
fintech,hk,2016Q2,57883924,20160527,INFO WISE LTD
fintech,hk,2016Q2,58630638,20160613,ALIBABA GROUP SERVICES LTD
fintech,hk,2016Q2,59018206,20160407,PAPERFLY LTD
fintech,hk,2016Q2,59057634,20160614,ALIBABA GROUP SERVICES LTD
fintech,hk,2016Q2,60483772,20160603,TOP VICTORY INVEST LTD
fintech,hk,2016Q3,56300572,20160913,ALIBABA GROUP SERVICES LTD
fintech,hk,2016Q3,57237011,20160727,CHOW KI SHUI LOUIE
fintech,hk,2016Q3,57237122,20160727,CHOW KI SHUI LOUIE
fintech,hk,2016Q3,57276124,20160728,MAK SIU CHEUNG LOUIE
fintech,hk,2016Q3,57470668,20160727,CHOW KI SHUI LOUIE
fintech,hk,2016Q3,57471059,20160727,CHOW KI SHUI LOUIE
fintech,hk,2016Q3,57662550,20160907,CHOW KI SHUI LOUIE
fintech,hk,2016Q3,57666323,20160907,CHOW KI SHUI LOUIE
fintech,hk,2016Q3,57666863,20160817,CHOW KI SHUI LOUIE
fintech,hk,2016Q3,57667067,20160817,CHOW KI SHUI LOUIE
fintech,hk,2016Q3,57731242,20160704,CAFE X TECH LTD
fintech,hk,2016Q3,57739920,20160907,CHOW KI SHUI LOUIE
fintech,hk,2016Q3,57740689,20160907,CHOW KI SHUI LOUIE
fintech,hk,2016Q3,58077808,20160907,CHOW KI SHUI LOUIE
fintech,hk,2016Q3,58418065,20160926,FUND ROOTS SOFTWARE CREATIVE LTD
fintech,hk,2016Q4,43855596,20161202,CHI X ASIA PACIFIC HOLDINGS LTD
fintech,hk,2016Q4,57708428,20161128,THUNDER POWER HONG KONG LTD | THUNDER POWER NEW ENERGY VEHICLE DEVELOPMENT CO LTD
fintech,hk,2016Q4,58159883,20161205,UNIWAY TECH LTD
fintech,hk,2016Q4,58795977,20161121,SIMSEC HONG KONG LTD
fintech,hk,2016Q4,59273219,20161219,ALIBABA GROUP SERVICES LTD
fintech,hk,2016Q4,59273243,20161219,ALIBABA GROUP SERVICES LTD
fintech,hk,2016Q4,59273275,20161219,ALIBABA GROUP SERVICES LTD
fintech,hk,2016Q4,59273290,20161220,ALIBABA GROUP SERVICES LTD
fintech,hk,2016Q4,59273428,20161220,ALIBABA GROUP SERVICES LTD
fintech,hk,2016Q4,59273584,20161220,ALIBABA GROUP SERVICES LTD
fintech,hk,2016Q4,59274553,20161220,ALIBABA GROUP SERVICES LTD
fintech,hk,2016Q4,59310812,20161221,ALIBABA GROUP SERVICES LTD
fintech,hk,2016Q4,59310825,20161221,ALIBABA GROUP SERVICES LTD
fintech,hk,2016Q4,59397310,20161228,ALIBABA GROUP SERVICES LTD
fintech,hk,2016Q4,59397344,20161228,ALIBABA GROUP SERVICES LTD
fintech,hk,2016Q4,59397397,20161228,ALIBABA GROUP SERVICES LTD
fintech,hk,2016Q4,59397431,20161227,ALIBABA GROUP SERVICES LTD
fintech,hk,2016Q4,59399023,20161227,ALIBABA GROUP SERVICES LTD
fintech,hk,2016Q4,59500107,20161228,ALIBABA GROUP SERVICES LTD
fintech,hk,2016Q4,59720749,20161229,ALIBABA GROUP SERVICES LTD
fintech,hk,2016Q4,61898748,20161007,RSP INFORMATION SERVICE COMPANY LTD
fintech,hk,2016Q4,62065129,20161104,BBPOS LMITED | BBPOS LTD
fintech,hk,2016Q4,62107919,20161115,CHAN WAI LING
fintech,hk,2017Q1,58688293,20170307,CLEVER MOTION TECH LIMITED | CLEVER MOTION TECH LTD
fintech,hk,2017Q1,58778873,20170124,N K S F STAR LTD | N K S F STAR LTD NKSF | NKSF STAR LTD
fintech,hk,2017Q1,59190448,20170307,ALIBABA GROUP SERVICES LTD
fintech,hk,2017Q1,59239412,20170307,ALIBABA GROUP SERVICES LTD
fintech,hk,2017Q1,59624727,20170207,ALIBABA GROUP SERVICES LTD
fintech,hk,2017Q1,59625703,20170218,MARCH PROJECTION LTD
fintech,hk,2017Q1,59720813,20170209,ALIBABA GROUP SERVICES LTD
fintech,hk,2017Q1,59790020,20170117,ALIBABA GROUP SERVICES LTD
fintech,hk,2017Q1,59790069,20170118,ALIBABA GROUP SERVICES LTD
fintech,hk,2017Q1,59850112,20170119,ALIBABA GROUP SERVICES LTD
fintech,hk,2017Q1,59850239,20170118,ALIBABA GROUP SERVICES LTD
fintech,hk,2017Q1,59850576,20170214,ALIBABA GROUP SERVICES LTD
fintech,hk,2017Q1,59899218,20170119,ALIBABA GROUP SERVICES LTD
fintech,hk,2017Q1,59899338,20170120,ALIBABA GROUP SERVICES LTD
fintech,hk,2017Q1,60041360,20170309,ALIBABA GROUP SERVICES LTD
fintech,hk,2017Q1,60041393,20170310,ALIBABA GROUP SERVICES LTD
fintech,hk,2017Q1,60042320,20170309,ALIBABA GROUP SERVICES LTD
fintech,hk,2017Q1,60115600,20170310,ALIBABA GROUP SERVICES LTD
fintech,hk,2017Q1,62783142,20170111,ISUNCLOUD LTD
fintech,hk,2017Q1,62783235,20170112,BBPOS LTD
fintech,hk,2017Q1,63522711,20170316,HONG KONG R&D CENTRE FOR LOGISTICS AND SUPPLY CHAIN MANAGEMENT ENABLING TECH LIMITED
fintech,hk,2017Q1,63670745,20170328,TIDETIME SUN LTD
fintech,hk,2017Q2,41726739,20170531,NERDIO LTD
fintech,hk,2017Q2,57237386,20170410,ALIBABA GROUP SERVICES LTD
fintech,hk,2017Q2,59176058,20170413,ALIBABA GROUP SERVICES LTD
fintech,hk,2017Q2,59191135,20170412,ALIBABA GROUP SERVICES LTD
fintech,hk,2017Q2,59206193,20170412,ALIBABA GROUP SERVICES LTD
fintech,hk,2017Q2,59206730,20170413,ALIBABA GROUP SERVICES LTD
fintech,hk,2017Q2,59238808,20170606,ALIBABA GROUP SERVICES LTD
fintech,hk,2017Q2,59238844,20170613,ALIBABA GROUP SERVICES LTD
fintech,hk,2017Q2,59238944,20170412,ALIBABA GROUP SERVICES LTD
fintech,hk,2017Q2,59239364,20170411,ALIBABA GROUP SERVICES LTD
fintech,hk,2017Q2,59439050,20170411,ALIBABA GROUP SERVICES LTD
fintech,hk,2017Q2,59439380,20170612,ALIBABA GROUP SERVICES LTD
fintech,hk,2017Q2,60021589,20170425,OLEA OVIDIU
fintech,hk,2017Q2,60786567,20170609,ALIBABA GROUP SERVICES LTD
fintech,hk,2017Q2,60910977,20170512,ALIBABA GROUP SERVICES LTD
fintech,hk,2017Q2,60910978,20170512,ALIBABA GROUP SERVICES LTD
fintech,hk,2017Q2,60921577,20170605,ALIBABA GROUP SERVICES LTD
fintech,hk,2017Q2,60991898,20170608,ALIBABA GROUP SERVICES LTD
fintech,hk,2017Q2,60991922,20170607,ALIBABA GROUP SERVICES LTD
fintech,hk,2017Q2,60991935,20170608,ALIBABA GROUP SERVICES LTD
fintech,hk,2017Q2,60991960,20170608,ALIBABA GROUP SERVICES LTD
fintech,hk,2017Q2,61108393,20170515,ALIBABA GROUP SERVICES LTD
fintech,hk,2017Q2,61246283,20170614,ALIBABA GROUP SERVICES LTD
fintech,hk,2017Q2,61246425,20170614,ALIBABA GROUP SERVICES LTD
fintech,hk,2017Q2,63711076,20170405,CHAN TAT WAI
fintech,hk,2017Q2,63711777,20170406,BRASS RING INTERNATIONAL DENSITY ENTERPRISE LTD
fintech,hk,2017Q2,64455007,20170622,EPISODE SIX LTD
fintech,hk,2017Q2,64460661,20170530,EPISODE SIX LTD
fintech,hk,2017Q2,64460814,20170615,EPISODE SIX LTD
fintech,hk,2017Q3,59175609,20170915,ALIBABA GROUP SERVICES LTD
fintech,hk,2017Q3,59175699,20170922,ALIBABA GROUP SERVICES LTD
fintech,hk,2017Q3,59430927,20170804,ALIBABA GROUP SERVICES LTD
fintech,hk,2017Q3,59439120,20170919,ALIBABA GROUP SERVICES LTD
fintech,hk,2017Q3,59439128,20170914,ALIBABA GROUP SERVICES LTD
fintech,hk,2017Q3,59439405,20170720,ALIBABA GROUP SERVICES LTD
fintech,hk,2017Q3,59439546,20170914,ALIBABA GROUP SERVICES LTD
fintech,hk,2017Q3,59439584,20170804,ALIBABA GROUP SERVICES LTD
fintech,hk,2017Q3,59439586,20170921,ALIBABA GROUP SERVICES LTD
fintech,hk,2017Q3,59439902,20170918,ALIBABA GROUP SERVICES LTD
fintech,hk,2017Q3,59440111,20170808,ALIBABA GROUP SERVICES LTD
fintech,hk,2017Q3,59453300,20170920,ALIBABA GROUP SERVICES LTD
fintech,hk,2017Q3,59453304,20170807,ALIBABA GROUP SERVICES LTD
fintech,hk,2017Q3,59525315,20170912,ALIBABA GROUP SERVICES LTD
fintech,hk,2017Q3,59525885,20170914,ALIBABA GROUP SERVICES LTD
fintech,hk,2017Q3,59530402,20170919,ALIBABA GROUP SERVICES LTD
fintech,hk,2017Q3,59530755,20170919,ALIBABA GROUP SERVICES LTD
fintech,hk,2017Q3,59530759,20170920,ALIBABA GROUP SERVICES LTD
fintech,hk,2017Q3,59530847,20170922,ALIBABA GROUP SERVICES LTD
fintech,hk,2017Q3,59531206,20170921,ALIBABA GROUP SERVICES LTD
fintech,hk,2017Q3,59532742,20170913,ALIBABA GROUP SERVICES LTD
fintech,hk,2017Q3,59533114,20170807,ALIBABA GROUP SERVICES LTD
fintech,hk,2017Q3,59533121,20170913,ALIBABA GROUP SERVICES LTD
fintech,hk,2017Q3,59617282,20170804,ALIBABA GROUP SERVICES LTD
fintech,hk,2017Q3,59618714,20170922,ALIBABA GROUP SERVICES LTD
fintech,hk,2017Q3,59619172,20170921,ALIBABA GROUP SERVICES LTD
fintech,hk,2017Q3,59619421,20170922,ALIBABA GROUP SERVICES LTD
fintech,hk,2017Q3,59914330,20170918,PRIVE SERVICES LTD
fintech,hk,2017Q3,60159385,20170914,BLOCKPASS IDN LTD
fintech,hk,2017Q3,62489977,20170807,ALIBABA GROUP SERVICES LTD
fintech,hk,2017Q4,59338623,20171120,ALIBABA GROUP SERVICES LTD
fintech,hk,2017Q4,59413828,20171115,ALIBABA GROUP SERVICES LTD
fintech,hk,2017Q4,59439944,20171114,ALIBABA GROUP SERVICES LTD
fintech,hk,2017Q4,59469038,20171109,ALIBABA GROUP SERVICES LTD
fintech,hk,2017Q4,59525976,20171114,ALIBABA GROUP SERVICES LTD
fintech,hk,2017Q4,59530462,20171115,ALIBABA GROUP SERVICES LTD
fintech,hk,2017Q4,59534410,20171114,ALIBABA GROUP SERVICES LTD
fintech,hk,2017Q4,59534813,20171110,ALIBABA GROUP SERVICES LTD
fintech,hk,2017Q4,59675515,20171110,ALIBABA GROUP SERVICES LTD
fintech,hk,2017Q4,59676141,20171117,ALIBABA GROUP SERVICES LTD
fintech,hk,2017Q4,59717392,20171120,ALIBABA GROUP SERVICES LTD
fintech,hk,2017Q4,59718000,20171120,ALIBABA GROUP SERVICES LTD
fintech,hk,2017Q4,59870901,20171113,ALIBABA GROUP SERVICES LTD
fintech,hk,2017Q4,59870908,20171122,ALIBABA GROUP SERVICES LTD
fintech,hk,2017Q4,59983363,20171122,ALIBABA GROUP SERVICES LTD
fintech,hk,2017Q4,60016466,20171113,ALIBABA GROUP SERVICES LTD
fintech,hk,2017Q4,60222519,20171109,ALIBABA GROUP SERVICES LTD
fintech,hk,2017Q4,60337900,20171122,ALIBABA GROUP SERVICES LTD
fintech,hk,2017Q4,60338327,20171113,ALIBABA GROUP SERVICES LTD
fintech,hk,2017Q4,60338344,20171122,ALIBABA GROUP SERVICES LTD
fintech,hk,2017Q4,60338903,20171121,ALIBABA GROUP SERVICES LTD
fintech,hk,2017Q4,60338954,20171121,ALIBABA GROUP SERVICES LTD
fintech,hk,2017Q4,60486456,20171121,ALIBABA GROUP SERVICES LTD
fintech,hk,2017Q4,61686429,20171130,TRANWALL HOLDINGS LTD C/O CHANG LEUNG HUI & LI CPA LTD
fintech,hk,2017Q4,61966072,20171113,ALIBABA GROUP SERVICES LTD
fintech,hk,2017Q4,62770504,20171115,ALIBABA GROUP SERVICES LTD
fintech,hk,2017Q4,62789020,20171030,ALIBABA GROUP SERVICES LTD
fintech,hk,2017Q4,62908883,20171115,ALIBABA GROUP SERVICES LTD
fintech,hk,2017Q4,63167931,20171026,ALIBABA GROUP SERVICES LTD
fintech,hk,2017Q4,63170091,20171116,ALIBABA GROUP SERVICES LTD
fintech,hk,2017Q4,63447332,20171116,ALIBABA GROUP SERVICES LTD
fintech,hk,2017Q4,63762369,20171110,HAMPEN TECH CORPORATION LIMITED
fintech,hk,2018Q1,54544633,20180321,SILVERLEAP TECH LIMITED
fintech,hk,2018Q1,58239116,20180305,BANMA ZHIXING NETWORK HONGKONG CO LTD
fintech,hk,2018Q1,59871701,20180308,ALIBABA GROUP SERVICES LTD
fintech,hk,2018Q1,59872897,20180314,ALIBABA GROUP SERVICES LTD
fintech,hk,2018Q1,59905918,20180316,ALIBABA GROUP SERVICES LTD
fintech,hk,2018Q1,60099837,20180306,ALIBABA GROUP SERVICES LTD
fintech,hk,2018Q1,60271548,20180305,ALIBABA GROUP SERVICES LTD
fintech,hk,2018Q1,60304349,20180314,ALIBABA GROUP SERVICES LTD
fintech,hk,2018Q1,60304959,20180312,ALIBABA GROUP SERVICES LTD
fintech,hk,2018Q1,60305340,20180306,ALIBABA GROUP SERVICES LTD
fintech,hk,2018Q1,60334106,20180307,ALIBABA GROUP SERVICES LTD
fintech,hk,2018Q1,60338454,20180309,ALIBABA GROUP SERVICES LTD
fintech,hk,2018Q1,60338712,20180305,ALIBABA GROUP SERVICES LTD
fintech,hk,2018Q1,60338963,20180307,ALIBABA GROUP SERVICES LTD
fintech,hk,2018Q1,60405063,20180305,ALIBABA GROUP SERVICES LTD
fintech,hk,2018Q1,60405205,20180305,ALIBABA GROUP SERVICES LTD
fintech,hk,2018Q1,60405355,20180316,ALIBABA GROUP SERVICES LTD
fintech,hk,2018Q1,60429818,20180315,ALIBABA GROUP SERVICES LTD
fintech,hk,2018Q1,60458664,20180316,ALIBABA GROUP SERVICES LTD
fintech,hk,2018Q1,60486479,20180309,ALIBABA GROUP SERVICES LTD
fintech,hk,2018Q1,60486962,20180312,ALIBABA GROUP SERVICES LTD
fintech,hk,2018Q1,60487101,20180316,ALIBABA GROUP SERVICES LTD
fintech,hk,2018Q1,60593851,20180306,ALIBABA GROUP SERVICES LTD
fintech,hk,2018Q1,60594797,20180316,ALIBABA GROUP SERVICES LTD
fintech,hk,2018Q1,60679006,20180315,ALIBABA GROUP SERVICES LTD
fintech,hk,2018Q1,62779102,20180306,ALIBABA GROUP SERVICES LTD
fintech,hk,2018Q1,64104352,20180312,ALIBABA GROUP SERVICES LTD
fintech,hk,2018Q1,64104353,20180308,ALIBABA GROUP SERVICES LTD
fintech,hk,2018Q1,64104390,20180308,ALIBABA GROUP SERVICES LTD
fintech,hk,2018Q1,64565717,20180313,ALIBABA GROUP SERVICES LTD
fintech,hk,2018Q1,64658217,20180227,ALIBABA GROUP SERVICES LTD
fintech,hk,2018Q1,64739025,20180302,ALIBABA GROUP SERVICES LTD
fintech,hk,2018Q1,67549310,20180209,LEUNG KA WAI WAYNE
fintech,hk,2018Q2,55749086,20180402,ESCAPEX LTD
fintech,hk,2018Q2,60285566,20180508,ALIBABA GROUP SERVICES LTD
fintech,hk,2018Q2,60436779,20180523,ALIBABA GROUP SERVICES LTD
fintech,hk,2018Q2,60487666,20180517,ALIBABA GROUP SERVICES LTD
fintech,hk,2018Q2,60489955,20180522,ALIBABA GROUP SERVICES LTD
fintech,hk,2018Q2,60550666,20180508,ALIBABA GROUP SERVICES LTD
fintech,hk,2018Q2,60583609,20180529,ALIBABA GROUP SERVICES LTD
fintech,hk,2018Q2,60596234,20180517,ALIBABA GROUP SERVICES LTD
fintech,hk,2018Q2,60644817,20180507,ALIBABA GROUP SERVICES LTD
fintech,hk,2018Q2,60678692,20180514,ALIBABA GROUP SERVICES LTD
fintech,hk,2018Q2,60680373,20180517,ALIBABA GROUP SERVICES LTD
fintech,hk,2018Q2,60690015,20180508,ALIBABA GROUP SERVICES LTD
fintech,hk,2018Q2,60696083,20180510,ALIBABA GROUP SERVICES LTD
fintech,hk,2018Q2,60696505,20180515,ALIBABA GROUP SERVICES LTD
fintech,hk,2018Q2,60748220,20180516,ALIBABA GROUP SERVICES LTD
fintech,hk,2018Q2,60749064,20180510,ALIBABA GROUP SERVICES LTD
fintech,hk,2018Q2,60971092,20180523,ALIBABA GROUP SERVICES LTD
fintech,hk,2018Q2,61034521,20180524,ALIBABA GROUP SERVICES LTD
fintech,hk,2018Q2,61035340,20180523,ALIBABA GROUP SERVICES LTD
fintech,hk,2018Q2,61049090,20180507,ALIBABA GROUP SERVICES LTD
fintech,hk,2018Q2,61049592,20180507,ALIBABA GROUP SERVICES LTD
fintech,hk,2018Q2,61064061,20180522,ALIBABA GROUP SERVICES LTD
fintech,hk,2018Q2,61064756,20180521,ALIBABA GROUP SERVICES LTD
fintech,hk,2018Q2,61088233,20180515,ALIBABA GROUP SERVICES LTD
fintech,hk,2018Q2,61097218,20180522,ALIBABA GROUP SERVICES LTD
fintech,hk,2018Q2,61110242,20180523,ALIBABA GROUP SERVICES LTD
fintech,hk,2018Q2,61128344,20180521,ALIBABA GROUP SERVICES LTD
fintech,hk,2018Q2,61134798,20180510,ALIBABA GROUP SERVICES LTD
fintech,hk,2018Q2,61135315,20180525,ALIBABA GROUP SERVICES LTD
fintech,hk,2018Q2,61136289,20180524,ALIBABA GROUP SERVICES LTD
fintech,hk,2018Q2,61169693,20180518,ALIBABA GROUP SERVICES LTD
fintech,hk,2018Q2,61171177,20180528,ALIBABA GROUP SERVICES LTD
fintech,hk,2018Q2,61174542,20180510,ALIBABA GROUP SERVICES LTD
fintech,hk,2018Q2,61254641,20180530,ALIBABA GROUP SERVICES LTD
fintech,hk,2018Q2,61255020,20180530,ALIBABA GROUP SERVICES LTD
fintech,hk,2018Q2,61266933,20180530,ALIBABA GROUP SERVICES LTD
fintech,hk,2018Q2,61438101,20180531,ALIBABA GROUP SERVICES LTD
fintech,hk,2018Q2,61666730,20180522,ALIBABA GROUP SERVICES LTD
fintech,hk,2018Q2,63674248,20180608,KWOK CHING KWONG
fintech,hk,2018Q2,65863622,20180525,ALIBABA GROUP SERVICES LTD
fintech,hk,2018Q2,65900664,20180615,ALIBABA GROUP SERVICES LTD
fintech,hk,2018Q2,65900913,20180615,ALIBABA GROUP SERVICES LTD
fintech,hk,2018Q2,67022440,20180608,ALIBABA GROUP SERVICES LTD
fintech,hk,2018Q2,67713780,20180430,MAIN CONTINENTAL TECH LIMITED
fintech,hk,2018Q2,68292614,20180430,SWAP HOLDINGS LTD
fintech,hk,2018Q2,68532463,20180518,TIDETIME SUN LTD
fintech,hk,2018Q3,61077929,20180820,ALIBABA GROUP SERVICES LTD
fintech,hk,2018Q3,61140127,20180928,NIO NEXTEV LTD
fintech,hk,2018Q3,61535467,20180918,ALIBABA GROUP SERVICES LTD
fintech,hk,2018Q3,61536298,20180918,ALIBABA GROUP SERVICES LTD
fintech,hk,2018Q3,61647843,20180810,ALIBABA GROUP SERVICES LTD
fintech,hk,2018Q3,61700060,20180910,ALIBABA GROUP SERVICES LTD
fintech,hk,2018Q3,61702043,20180913,ALIBABA GROUP SERVICES LTD
fintech,hk,2018Q3,61780066,20180910,ALIBABA GROUP SERVICES LTD
fintech,hk,2018Q3,61804053,20180903,ALIBABA GROUP SERVICES LTD
fintech,hk,2018Q3,61845649,20180912,ALIBABA GROUP SERVICES LTD
fintech,hk,2018Q3,61932767,20180913,ALIBABA GROUP SERVICES LTD
fintech,hk,2018Q3,61933055,20180831,ALIBABA GROUP SERVICES LTD
fintech,hk,2018Q3,62013000,20180903,ALIBABA GROUP SERVICES LTD
fintech,hk,2018Q3,62053279,20180919,ALIBABA GROUP SERVICES LTD
fintech,hk,2018Q3,62080385,20180903,ALIBABA GROUP SERVICES LTD
fintech,hk,2018Q3,62080733,20180918,ALIBABA GROUP SERVICES LTD
fintech,hk,2018Q3,62093248,20180903,ALIBABA GROUP SERVICES LTD
fintech,hk,2018Q3,62119539,20180910,ALIBABA GROUP SERVICES LTD
fintech,hk,2018Q3,62120399,20180919,ALIBABA GROUP SERVICES LTD
fintech,hk,2018Q3,62134906,20180917,ALIBABA GROUP SERVICES LTD
fintech,hk,2018Q3,62172293,20180917,ALIBABA GROUP SERVICES LTD
fintech,hk,2018Q3,62228378,20180911,ALIBABA GROUP SERVICES LTD
fintech,hk,2018Q3,62468289,20180919,ALIBABA GROUP SERVICES LTD
fintech,hk,2018Q3,62527546,20180919,ALIBABA GROUP SERVICES LTD
fintech,hk,2018Q3,63998789,20180809,ALIBABA GROUP SERVICES LTD
fintech,hk,2018Q3,64308809,20180823,ALIBABA GROUP SERVICES LTD
fintech,hk,2018Q3,64693378,20180729,RFID INNOVATION RES LIMITED
fintech,hk,2018Q3,65038781,20180726,BBPOS LTD
fintech,hk,2018Q3,66101194,20180810,ALIBABA GROUP SERVICES LTD
fintech,hk,2018Q3,66227799,20180820,CAINIAO SMART LOGISTICS NETWORK HONG KONG LTD
fintech,hk,2018Q3,66293827,20180831,ALIBABA GROUP SERVICES LTD
fintech,hk,2018Q3,66294427,20180831,ALIBABA GROUP SERVICES LTD
fintech,hk,2018Q3,66331338,20180903,ALIBABA GROUP SERVICES LTD
fintech,hk,2018Q3,67076128,20180911,CHAN CHARLES LAP SAN
fintech,hk,2018Q4,52111630,20181123,SU CC CORPORATION LTD
fintech,hk,2018Q4,61929287,20181120,ANTPOOL TECH LIMITED
fintech,hk,2018Q4,62126312,20181203,ALIBABA GROUP SERVICES LTD
fintech,hk,2018Q4,62232360,20181022,ALIBABA GROUP SERVICES LTD
fintech,hk,2018Q4,62514495,20181206,ALIBABA GROUP SERVICES LTD
fintech,hk,2018Q4,62517245,20181203,ALIBABA GROUP SERVICES LTD
fintech,hk,2018Q4,62549051,20181029,ALIBABA GROUP SERVICES LTD
fintech,hk,2018Q4,62574417,20181008,ALIBABA GROUP SERVICES LTD
fintech,hk,2018Q4,62646689,20181023,ALIBABA GROUP SERVICES LTD
fintech,hk,2018Q4,62647263,20181022,ALIBABA GROUP SERVICES LTD
fintech,hk,2018Q4,62650032,20181016,ALIBABA GROUP SERVICES LTD
fintech,hk,2018Q4,62668265,20181120,ALIBABA GROUP SERVICES LTD
fintech,hk,2018Q4,62669156,20181214,ALIBABA GROUP SERVICES LTD
fintech,hk,2018Q4,62700466,20181003,ALIBABA GROUP SERVICES LTD
fintech,hk,2018Q4,62726788,20181120,ALIBABA GROUP SERVICES LTD
fintech,hk,2018Q4,62773197,20181203,ALIBABA GROUP SERVICES LTD
fintech,hk,2018Q4,62775511,20181206,ALIBABA GROUP SERVICES LTD
fintech,hk,2018Q4,62776181,20181121,ALIBABA GROUP SERVICES LTD
fintech,hk,2018Q4,62802908,20181023,ALIBABA GROUP SERVICES LTD
fintech,hk,2018Q4,62803451,20181206,ALIBABA GROUP SERVICES LTD
fintech,hk,2018Q4,62803519,20181206,ALIBABA GROUP SERVICES LTD
fintech,hk,2018Q4,62807204,20181218,ALIBABA GROUP SERVICES LTD
fintech,hk,2018Q4,62808847,20181225,ALIBABA GROUP SERVICES LTD
fintech,hk,2018Q4,62832090,20181016,ALIBABA GROUP SERVICES LTD
fintech,hk,2018Q4,62865897,20181212,ALIBABA GROUP SERVICES LTD
fintech,hk,2018Q4,62867548,20181017,ALIBABA GROUP SERVICES LTD
fintech,hk,2018Q4,62923703,20181204,ALIBABA GROUP SERVICES LTD
fintech,hk,2018Q4,62923847,20181205,ALIBABA GROUP SERVICES LTD
fintech,hk,2018Q4,62925634,20181212,ALIBABA GROUP SERVICES LTD
fintech,hk,2018Q4,62929555,20181122,ALIBABA GROUP SERVICES LTD
fintech,hk,2018Q4,62929560,20181121,ALIBABA GROUP SERVICES LTD
fintech,hk,2018Q4,62959951,20181122,ALIBABA GROUP SERVICES LTD
fintech,hk,2018Q4,62961669,20181211,ALIBABA GROUP SERVICES LTD
fintech,hk,2018Q4,62962510,20181018,ALIBABA GROUP SERVICES LTD
fintech,hk,2018Q4,63006448,20181120,ALIBABA GROUP SERVICES LTD
fintech,hk,2018Q4,63006674,20181212,ALIBABA GROUP SERVICES LTD
fintech,hk,2018Q4,63010685,20181022,ALIBABA GROUP SERVICES LTD
fintech,hk,2018Q4,63016624,20181204,ALIBABA GROUP SERVICES LTD
fintech,hk,2018Q4,63017118,20181218,ALIBABA GROUP SERVICES LTD
fintech,hk,2018Q4,63068976,20181122,ALIBABA GROUP SERVICES LTD
fintech,hk,2018Q4,63069323,20181122,ALIBABA GROUP SERVICES LTD
fintech,hk,2018Q4,63094188,20181211,ALIBABA GROUP SERVICES LTD
fintech,hk,2018Q4,63095046,20181214,ALIBABA GROUP SERVICES LTD
fintech,hk,2018Q4,63095143,20181214,ALIBABA GROUP SERVICES LTD
fintech,hk,2018Q4,63126152,20181213,ALIBABA GROUP SERVICES LTD
fintech,hk,2018Q4,63126182,20181210,ALIBABA GROUP SERVICES LTD
fintech,hk,2018Q4,63127505,20181219,ALIBABA GROUP SERVICES LTD
fintech,hk,2018Q4,63128910,20181121,ALIBABA GROUP SERVICES LTD
fintech,hk,2018Q4,63129200,20181123,ALIBABA GROUP SERVICES LTD
fintech,hk,2018Q4,63157015,20181221,ALIBABA GROUP SERVICES LTD
fintech,hk,2018Q4,63158702,20181119,ALIBABA GROUP SERVICES LTD
fintech,hk,2018Q4,63192622,20181221,ALIBABA GROUP SERVICES LTD
fintech,hk,2018Q4,63217029,20181221,ALIBABA GROUP SERVICES LTD
fintech,hk,2018Q4,63238986,20181213,ALIBABA GROUP SERVICES LTD
fintech,hk,2018Q4,63340401,20181221,ALIBABA GROUP SERVICES LTD
fintech,hk,2018Q4,63340746,20181122,ALIBABA GROUP SERVICES LTD
fintech,hk,2018Q4,63343795,20181214,ALIBABA GROUP SERVICES LTD
fintech,hk,2018Q4,63343972,20181218,ALIBABA GROUP SERVICES LTD
fintech,hk,2018Q4,63344007,20181217,ALIBABA GROUP SERVICES LTD
fintech,hk,2018Q4,63430966,20181123,ALIBABA GROUP SERVICES LTD
fintech,hk,2018Q4,63433406,20181225,ALIBABA GROUP SERVICES LTD
fintech,hk,2018Q4,63483498,20181121,ALIBABA GROUP SERVICES LTD
fintech,hk,2018Q4,63516051,20181225,ALIBABA GROUP SERVICES LTD
fintech,hk,2018Q4,63532186,20181222,ALIBABA GROUP SERVICES LTD
fintech,hk,2018Q4,63532196,20181224,ALIBABA GROUP SERVICES LTD
fintech,hk,2018Q4,63532292,20181226,ALIBABA GROUP SERVICES LTD
fintech,hk,2018Q4,63626471,20181228,ALIBABA GROUP SERVICES LTD
fintech,hk,2018Q4,63633091,20181001,ALIBABA GROUP SERVICES LTD
fintech,hk,2018Q4,63633347,20181011,ALIBABA GROUP SERVICES LTD
fintech,hk,2018Q4,63692549,20181128,ALIBABA GROUP SERVICES LTD
fintech,hk,2018Q4,63706067,20181222,ALIBABA GROUP SERVICES LTD
fintech,hk,2018Q4,63754437,20181128,ALIBABA GROUP SERVICES LTD
fintech,hk,2018Q4,63756524,20181128,ALIBABA GROUP SERVICES LTD
fintech,hk,2018Q4,63778258,20181129,ALIBABA GROUP SERVICES LTD
fintech,hk,2018Q4,63799521,20181123,ALIBABA GROUP SERVICES LTD
fintech,hk,2018Q4,63848287,20181130,ALIBABA GROUP SERVICES LTD
fintech,hk,2018Q4,63937130,20181128,ALIBABA GROUP SERVICES LTD
fintech,hk,2018Q4,63940912,20181220,ALIBABA GROUP SERVICES LTD
fintech,hk,2018Q4,64003543,20181127,ALIBABA GROUP SERVICES LTD
fintech,hk,2018Q4,64089223,20181130,ALIBABA GROUP SERVICES LTD
fintech,hk,2018Q4,64090880,20181130,ALIBABA GROUP SERVICES LTD
fintech,hk,2018Q4,64146998,20181123,ALIBABA GROUP SERVICES LTD
fintech,hk,2018Q4,64211796,20181123,ALIBABA GROUP SERVICES LTD
fintech,hk,2018Q4,64335440,20181129,ALIBABA GROUP SERVICES LTD
fintech,hk,2018Q4,64335616,20181129,ALIBABA GROUP SERVICES LTD
fintech,hk,2018Q4,64335633,20181130,ALIBABA GROUP SERVICES LTD
fintech,hk,2018Q4,64335932,20181129,ALIBABA GROUP SERVICES LTD
fintech,hk,2018Q4,64343459,20181129,ALIBABA GROUP SERVICES LTD
fintech,hk,2018Q4,64346733,20181126,ALIBABA GROUP SERVICES LTD
fintech,hk,2018Q4,64601302,20181126,ALIBABA GROUP SERVICES LTD
fintech,hk,2018Q4,64646371,20181130,ALIBABA GROUP SERVICES LTD
fintech,hk,2018Q4,64799638,20181127,ALIBABA GROUP SERVICES LTD
fintech,hk,2018Q4,64902130,20181031,MCCLELLAND DEAN
fintech,hk,2018Q4,64990344,20181126,ALIBABA GROUP SERVICES LTD
fintech,hk,2018Q4,65073181,20181130,ALIBABA GROUP SERVICES LTD
fintech,hk,2018Q4,65441056,20181119,ALIBABA GROUP SERVICES LTD
fintech,hk,2018Q4,66102794,20181120,ALIBABA GROUP SERVICES LTD
fintech,hk,2018Q4,66166535,20181119,ALIBABA GROUP SERVICES LTD
fintech,hk,2018Q4,66819563,20181012,ALIBABA GROUP SERVICES LTD
fintech,hk,2018Q4,66820725,20181012,ALIBABA GROUP SERVICES LTD
fintech,hk,2018Q4,67299367,20181121,ALIBABA GROUP SERVICES LTD
fintech,hk,2018Q4,67392513,20181105,ALIBABA GROUP SERVICES LTD
fintech,hk,2018Q4,67394476,20181217,ALIBABA GROUP SERVICES LTD
fintech,hk,2018Q4,71098597,20181223,YANG FOO CHIA CARL
fintech,hk,2019Q1,62934055,20190214,ALIBABA GROUP SERVICES LTD
fintech,hk,2019Q1,63099035,20190213,ALIBABA GROUP SERVICES LTD
fintech,hk,2019Q1,63100004,20190214,ALIBABA GROUP SERVICES LTD
fintech,hk,2019Q1,63195075,20190104,ALIBABA GROUP SERVICES LTD
fintech,hk,2019Q1,63432979,20190109,ALIBABA GROUP SERVICES LTD
fintech,hk,2019Q1,63485147,20190109,ALIBABA GROUP SERVICES LTD
fintech,hk,2019Q1,63516626,20190103,ALIBABA GROUP SERVICES LTD
fintech,hk,2019Q1,63531758,20190102,ALIBABA GROUP SERVICES LTD
fintech,hk,2019Q1,63531857,20190103,ALIBABA GROUP SERVICES LTD
fintech,hk,2019Q1,63532746,20190104,ALIBABA GROUP SERVICES LTD
fintech,hk,2019Q1,63572476,20190219,ALIBABA GROUP SERVICES LTD
fintech,hk,2019Q1,63613795,20190215,ALIBABA GROUP SERVICES LTD
fintech,hk,2019Q1,63626416,20190102,ALIBABA GROUP SERVICES LTD
fintech,hk,2019Q1,63627227,20190108,ALIBABA GROUP SERVICES LTD
fintech,hk,2019Q1,63633774,20190307,ALIBABA GROUP SERVICES LTD
fintech,hk,2019Q1,63637204,20190219,ALIBABA GROUP SERVICES LTD
fintech,hk,2019Q1,63659058,20190110,ALIBABA GROUP SERVICES LTD
fintech,hk,2019Q1,63744485,20190108,ALIBABA GROUP SERVICES LTD
fintech,hk,2019Q1,63744770,20190108,ALIBABA GROUP SERVICES LTD
fintech,hk,2019Q1,63744841,20190109,ALIBABA GROUP SERVICES LTD
fintech,hk,2019Q1,63749422,20190218,ALIBABA GROUP SERVICES LTD
fintech,hk,2019Q1,63757447,20190222,ALIBABA GROUP SERVICES LTD
fintech,hk,2019Q1,63778161,20190218,ALIBABA GROUP SERVICES LTD
fintech,hk,2019Q1,63779877,20190220,ALIBABA GROUP SERVICES LTD
fintech,hk,2019Q1,63799682,20190110,ALIBABA GROUP SERVICES LTD
fintech,hk,2019Q1,63799770,20190211,ALIBABA GROUP SERVICES LTD
fintech,hk,2019Q1,63805173,20190218,ALIBABA GROUP SERVICES LTD
fintech,hk,2019Q1,63805498,20190219,ALIBABA GROUP SERVICES LTD
fintech,hk,2019Q1,63806940,20190221,ALIBABA GROUP SERVICES LTD
fintech,hk,2019Q1,63846360,20190220,ALIBABA GROUP SERVICES LTD
fintech,hk,2019Q1,63869364,20190222,ALIBABA GROUP SERVICES LTD
fintech,hk,2019Q1,63939762,20190225,ALIBABA GROUP SERVICES LTD
fintech,hk,2019Q1,63941121,20190211,ALIBABA GROUP SERVICES LTD
fintech,hk,2019Q1,63941296,20190214,ALIBABA GROUP SERVICES LTD
fintech,hk,2019Q1,63980782,20190110,ALIBABA GROUP SERVICES LTD
fintech,hk,2019Q1,63981255,20190213,ALIBABA GROUP SERVICES LTD
fintech,hk,2019Q1,63981360,20190225,ALIBABA GROUP SERVICES LTD
fintech,hk,2019Q1,63981434,20190212,ALIBABA GROUP SERVICES LTD
fintech,hk,2019Q1,63981792,20190213,ALIBABA GROUP SERVICES LTD
fintech,hk,2019Q1,64006978,20190221,ALIBABA GROUP SERVICES LTD
fintech,hk,2019Q1,64007099,20190221,ALIBABA GROUP SERVICES LTD
fintech,hk,2019Q1,64009667,20190218,ALIBABA GROUP SERVICES LTD
fintech,hk,2019Q1,64027152,20190219,ALIBABA GROUP SERVICES LTD
fintech,hk,2019Q1,64089831,20190225,ALIBABA GROUP SERVICES LTD
fintech,hk,2019Q1,64089943,20190114,ALIBABA GROUP SERVICES LTD
fintech,hk,2019Q1,64091344,20190111,ALIBABA GROUP SERVICES LTD
fintech,hk,2019Q1,64095450,20190212,ALIBABA GROUP SERVICES LTD
fintech,hk,2019Q1,64095609,20190214,ALIBABA GROUP SERVICES LTD
fintech,hk,2019Q1,64146447,20190223,ALIBABA GROUP SERVICES LTD
fintech,hk,2019Q1,64213409,20190222,ALIBABA GROUP SERVICES LTD
fintech,hk,2019Q1,64213474,20190111,ALIBABA GROUP SERVICES LTD
fintech,hk,2019Q1,64318449,20190312,ALIBABA GROUP SERVICES LTD
fintech,hk,2019Q1,64333067,20190221,ALIBABA GROUP SERVICES LTD
fintech,hk,2019Q1,64335927,20190223,ALIBABA GROUP SERVICES LTD
fintech,hk,2019Q1,64336436,20190114,ALIBABA GROUP SERVICES LTD
fintech,hk,2019Q1,64336437,20190111,ALIBABA GROUP SERVICES LTD
fintech,hk,2019Q1,64336835,20190114,ALIBABA GROUP SERVICES LTD
fintech,hk,2019Q1,64346358,20190308,ALIBABA GROUP SERVICES LTD
fintech,hk,2019Q1,64410696,20190227,ALIBABA GROUP SERVICES LTD
fintech,hk,2019Q1,64487103,20190308,ALIBABA GROUP SERVICES LTD
fintech,hk,2019Q1,64488573,20190114,ALIBABA GROUP SERVICES LTD
fintech,hk,2019Q1,64488606,20190115,ALIBABA GROUP SERVICES LTD
fintech,hk,2019Q1,64489476,20190305,ALIBABA GROUP SERVICES LTD
fintech,hk,2019Q1,64492082,20190225,ALIBABA GROUP SERVICES LTD
fintech,hk,2019Q1,64538042,20190326,ALIBABA GROUP SERVICES LTD
fintech,hk,2019Q1,64540905,20190227,ALIBABA GROUP SERVICES LTD
fintech,hk,2019Q1,64551832,20190117,ALIBABA GROUP SERVICES LTD
fintech,hk,2019Q1,64600797,20190304,ALIBABA GROUP SERVICES LTD
fintech,hk,2019Q1,64611921,20190227,ALIBABA GROUP SERVICES LTD
fintech,hk,2019Q1,64796874,20190304,ALIBABA GROUP SERVICES LTD
fintech,hk,2019Q1,64798072,20190118,ALIBABA GROUP SERVICES LTD
fintech,hk,2019Q1,64798196,20190118,ALIBABA GROUP SERVICES LTD
fintech,hk,2019Q1,64798476,20190311,ALIBABA GROUP SERVICES LTD
fintech,hk,2019Q1,64800824,20190116,ALIBABA GROUP SERVICES LTD
fintech,hk,2019Q1,64818892,20190115,ALIBABA GROUP SERVICES LTD
fintech,hk,2019Q1,64821983,20190306,ALIBABA GROUP SERVICES LTD
fintech,hk,2019Q1,64822048,20190308,ALIBABA GROUP SERVICES LTD
fintech,hk,2019Q1,64822191,20190304,ALIBABA GROUP SERVICES LTD
fintech,hk,2019Q1,64822226,20190115,ALIBABA GROUP SERVICES LTD
fintech,hk,2019Q1,64822922,20190306,ALIBABA GROUP SERVICES LTD
fintech,hk,2019Q1,64826132,20190314,ALIBABA GROUP SERVICES LTD
fintech,hk,2019Q1,64837074,20190115,ALIBABA GROUP SERVICES LTD
fintech,hk,2019Q1,64839832,20190114,ALIBABA GROUP SERVICES LTD
fintech,hk,2019Q1,64844984,20190306,ALIBABA GROUP SERVICES LTD
fintech,hk,2019Q1,64846830,20190116,ALIBABA GROUP SERVICES LTD
fintech,hk,2019Q1,64847950,20190118,ALIBABA GROUP SERVICES LTD
fintech,hk,2019Q1,64863499,20190118,ALIBABA GROUP SERVICES LTD
fintech,hk,2019Q1,64936299,20190116,ALIBABA GROUP SERVICES LTD
fintech,hk,2019Q1,64975305,20190107,ALIBABA GROUP SERVICES LTD
fintech,hk,2019Q1,65048853,20190313,ALIBABA GROUP SERVICES LTD
fintech,hk,2019Q1,65049107,20190116,ALIBABA GROUP SERVICES LTD
fintech,hk,2019Q1,65069991,20190312,ALIBABA GROUP SERVICES LTD
fintech,hk,2019Q1,65070357,20190327,ALIBABA GROUP SERVICES LTD
fintech,hk,2019Q1,65071279,20190312,ALIBABA GROUP SERVICES LTD
fintech,hk,2019Q1,65073162,20190117,ALIBABA GROUP SERVICES LTD
fintech,hk,2019Q1,65073218,20190117,ALIBABA GROUP SERVICES LTD
fintech,hk,2019Q1,65189188,20190315,ALIBABA GROUP SERVICES LTD
fintech,hk,2019Q1,65189210,20190315,ALIBABA GROUP SERVICES LTD
fintech,hk,2019Q1,65259781,20190325,ALIBABA GROUP SERVICES LTD
fintech,hk,2019Q1,65261732,20190320,ALIBABA GROUP SERVICES LTD
fintech,hk,2019Q1,65264562,20190314,ALIBABA GROUP SERVICES LTD
fintech,hk,2019Q1,65292007,20190314,ALIBABA GROUP SERVICES LTD
fintech,hk,2019Q1,65292011,20190313,ALIBABA GROUP SERVICES LTD
fintech,hk,2019Q1,65312467,20190321,ALIBABA GROUP SERVICES LTD
fintech,hk,2019Q1,65349834,20190327,ALIBABA GROUP SERVICES LTD
fintech,hk,2019Q1,65349941,20190313,ALIBABA GROUP SERVICES LTD
fintech,hk,2019Q1,65350302,20190314,ALIBABA GROUP SERVICES LTD
fintech,hk,2019Q1,65350310,20190327,ALIBABA GROUP SERVICES LTD
fintech,hk,2019Q1,65401883,20190328,ALIBABA GROUP SERVICES LTD
fintech,hk,2019Q1,65402362,20190315,ALIBABA GROUP SERVICES LTD
fintech,hk,2019Q1,65403805,20190327,ALIBABA GROUP SERVICES LTD
fintech,hk,2019Q1,65403844,20190312,ALIBABA GROUP SERVICES LTD
fintech,hk,2019Q1,65746853,20190320,ALIBABA GROUP SERVICES LTD
fintech,hk,2019Q1,65845180,20190328,ALIBABA GROUP SERVICES LTD
fintech,hk,2019Q1,65865369,20190320,ALIBABA GROUP SERVICES LTD
fintech,hk,2019Q1,65865590,20190321,ALIBABA GROUP SERVICES LTD
fintech,hk,2019Q1,65919811,20190315,ALIBABA GROUP SERVICES LTD
fintech,hk,2019Q1,65919965,20190318,ALIBABA GROUP SERVICES LTD
fintech,hk,2019Q1,65920607,20190328,ALIBABA GROUP SERVICES LTD
fintech,hk,2019Q1,65920852,20190320,ALIBABA GROUP SERVICES LTD
fintech,hk,2019Q1,65920905,20190321,ALIBABA GROUP SERVICES LTD
fintech,hk,2019Q1,65921340,20190325,ALIBABA GROUP SERVICES LTD
fintech,hk,2019Q1,65957010,20190319,ALIBABA GROUP SERVICES LTD
fintech,hk,2019Q1,65957014,20190319,ALIBABA GROUP SERVICES LTD
fintech,hk,2019Q1,65957075,20190322,ALIBABA GROUP SERVICES LTD
fintech,hk,2019Q1,65957411,20190318,ALIBABA GROUP SERVICES LTD
fintech,hk,2019Q1,65958236,20190319,ALIBABA GROUP SERVICES LTD
fintech,hk,2019Q1,66001654,20190321,ALIBABA GROUP SERVICES LTD
fintech,hk,2019Q1,66002147,20190322,ALIBABA GROUP SERVICES LTD
fintech,hk,2019Q1,66002473,20190328,ALIBABA GROUP SERVICES LTD
fintech,hk,2019Q1,66002979,20190319,ALIBABA GROUP SERVICES LTD
fintech,hk,2019Q1,66066815,20190321,ALIBABA GROUP SERVICES LTD
fintech,hk,2019Q1,66067015,20190325,ALIBABA GROUP SERVICES LTD
fintech,hk,2019Q1,66110021,20190328,ALIBABA GROUP SERVICES LTD
fintech,hk,2019Q1,67164855,20190322,ALIBABA GROUP SERVICES LTD
fintech,hk,2019Q1,67412881,20190319,ALIBABA GROUP SERVICES LTD
fintech,hk,2019Q1,68062497,20190325,ONEQR LTD
fintech,hk,2019Q1,68099855,20190212,ALIBABA GROUP SERVICES LTD
fintech,hk,2019Q1,68465557,20190128,GALILEO PLATFORMS LTD
fintech,hk,2019Q1,68539438,20190311,ALIBABA GROUP SERVICES LTD
fintech,hk,2019Q1,68770067,20190315,ALIBABA GROUP SERVICES LTD
fintech,hk,2019Q1,68920189,20190320,ALIBABA GROUP SERVICES LTD
fintech,hk,2019Q1,70856064,20190125,GRACE UNION TECH LIMITED
fintech,hk,2019Q1,71608644,20190117,BLUE UMBRELLA LTD
fintech,hk,2019Q2,64195258,20190604,ALIBABA GROUP SERVICES LTD
fintech,hk,2019Q2,64495882,20190510,ALIBABA GROUP SERVICES LTD
fintech,hk,2019Q2,64537753,20190508,ALIBABA GROUP SERVICES LTD
fintech,hk,2019Q2,64595253,20190605,ALIBABA GROUP SERVICES LTD
fintech,hk,2019Q2,64643702,20190507,ALIBABA GROUP SERVICES LTD
fintech,hk,2019Q2,64644009,20190508,ALIBABA GROUP SERVICES LTD
fintech,hk,2019Q2,64757184,20190625,ALIBABA GROUP SERVICES LTD
fintech,hk,2019Q2,64789211,20190515,ALIBABA GROUP SERVICES LTD
fintech,hk,2019Q2,64790872,20190603,ALIBABA GROUP SERVICES LTD
fintech,hk,2019Q2,64798264,20190520,ALIBABA GROUP SERVICES LTD
fintech,hk,2019Q2,64816523,20190506,ALIBABA GROUP SERVICES LTD
fintech,hk,2019Q2,64818231,20190506,ALIBABA GROUP SERVICES LTD
fintech,hk,2019Q2,64827831,20190621,ALIBABA GROUP SERVICES LTD
fintech,hk,2019Q2,64837115,20190507,ALIBABA GROUP SERVICES LTD
fintech,hk,2019Q2,64837163,20190506,ALIBABA GROUP SERVICES LTD
fintech,hk,2019Q2,64838117,20190513,ALIBABA GROUP SERVICES LTD
fintech,hk,2019Q2,64847857,20190517,ALIBABA GROUP SERVICES LTD
fintech,hk,2019Q2,64850040,20190617,ALIBABA GROUP SERVICES LTD
fintech,hk,2019Q2,64850321,20190618,ALIBABA GROUP SERVICES LTD
fintech,hk,2019Q2,64863356,20190520,ALIBABA GROUP SERVICES LTD
fintech,hk,2019Q2,64898355,20190516,ALIBABA GROUP SERVICES LTD
fintech,hk,2019Q2,64898410,20190513,ALIBABA GROUP SERVICES LTD
fintech,hk,2019Q2,64918889,20190619,ALIBABA GROUP SERVICES LTD
fintech,hk,2019Q2,64921165,20190603,ALIBABA GROUP SERVICES LTD
fintech,hk,2019Q2,64937242,20190514,ALIBABA GROUP SERVICES LTD
fintech,hk,2019Q2,64937249,20190521,ALIBABA GROUP SERVICES LTD
fintech,hk,2019Q2,64937659,20190522,ALIBABA GROUP SERVICES LTD
fintech,hk,2019Q2,65148314,20190603,ALIBABA GROUP SERVICES LTD
fintech,hk,2019Q2,65153157,20190606,ALIBABA GROUP SERVICES LTD
fintech,hk,2019Q2,65165842,20190627,ALIBABA GROUP SERVICES LTD
fintech,hk,2019Q2,65183864,20190624,ALIBABA GROUP SERVICES LTD
fintech,hk,2019Q2,65183990,20190628,ALIBABA GROUP SERVICES LTD
fintech,hk,2019Q2,65223689,20190612,ALIBABA GROUP SERVICES LTD
fintech,hk,2019Q2,65264238,20190626,ALIBABA GROUP SERVICES LTD
fintech,hk,2019Q2,65291282,20190603,ALIBABA GROUP SERVICES LTD
fintech,hk,2019Q2,65291525,20190617,ALIBABA GROUP SERVICES LTD
fintech,hk,2019Q2,65294116,20190610,ALIBABA GROUP SERVICES LTD
fintech,hk,2019Q2,65296974,20190625,ALIBABA GROUP SERVICES LTD
fintech,hk,2019Q2,65304752,20190626,ALIBABA GROUP SERVICES LTD
fintech,hk,2019Q2,65349781,20190604,ALIBABA GROUP SERVICES LTD
fintech,hk,2019Q2,65349814,20190605,ALIBABA GROUP SERVICES LTD
fintech,hk,2019Q2,65349869,20190620,ALIBABA GROUP SERVICES LTD
fintech,hk,2019Q2,65350025,20190617,ALIBABA GROUP SERVICES LTD
fintech,hk,2019Q2,65403882,20190603,ALIBABA GROUP SERVICES LTD
fintech,hk,2019Q2,65404844,20190626,ALIBABA GROUP SERVICES LTD
fintech,hk,2019Q2,65405075,20190628,ALIBABA GROUP SERVICES LTD
fintech,hk,2019Q2,65405279,20190627,ALIBABA GROUP SERVICES LTD
fintech,hk,2019Q2,65418701,20190627,ALIBABA GROUP SERVICES LTD
fintech,hk,2019Q2,66067002,20190628,ALIBABA GROUP SERVICES LTD
fintech,hk,2019Q2,67385967,20190603,VVOW COMPANY LTD
fintech,hk,2019Q2,68097833,20190410,AENEAS TECH LIMITED
fintech,hk,2019Q2,68342471,20190408,YUJET INTERNATIONAL LTD
fintech,hk,2019Q2,68467122,20190509,BBPOS LTD
fintech,hk,2019Q2,68692629,20190530,AENCO TECH LIMITED
fintech,hk,2019Q2,68772390,20190604,ALIBABA GROUP SERVICES LTD
fintech,hk,2019Q2,68772391,20190604,ALIBABA GROUP SERVICES LTD
fintech,hk,2019Q2,68772396,20190605,ALIBABA GROUP SERVICES LTD
fintech,hk,2019Q2,68772399,20190606,ALIBABA GROUP SERVICES LTD
fintech,hk,2019Q2,68839343,20190614,MAKE GREAT SALES LTD
fintech,hk,2019Q2,69164974,20190507,ALIBABA GROUP SERVICES LTD
fintech,hk,2019Q2,72916776,20190428,EVERSUS INTERNATIONAL LTD
fintech,hk,2019Q3,65188206,20190701,ALIBABA GROUP SERVICES LTD
fintech,hk,2019Q3,65198864,20190712,ALIBABA GROUP SERVICES LTD
fintech,hk,2019Q3,65306186,20190709,ALIBABA GROUP SERVICES LTD
fintech,hk,2019Q3,65401590,20190708,ALIBABA GROUP SERVICES LTD
fintech,hk,2019Q3,65418828,20190705,ALIBABA GROUP SERVICES LTD
fintech,hk,2019Q3,65608079,20190726,ALIBABA GROUP SERVICES LTD
fintech,hk,2019Q3,65612193,20190710,ALIBABA GROUP SERVICES LTD
fintech,hk,2019Q3,65691633,20190801,ALIBABA GROUP SERVICES LTD
fintech,hk,2019Q3,65746407,20190722,ALIBABA GROUP SERVICES LTD
fintech,hk,2019Q3,65750895,20190904,ALIBABA GROUP SERVICES LTD
fintech,hk,2019Q3,65864585,20190702,ALIBABA GROUP SERVICES LTD
fintech,hk,2019Q3,65868500,20190910,ALIBABA GROUP SERVICES LTD
fintech,hk,2019Q3,65920239,20190716,ALIBABA GROUP SERVICES LTD
fintech,hk,2019Q3,65920664,20190805,ALIBABA GROUP SERVICES LTD
fintech,hk,2019Q3,65922388,20190819,ALIBABA GROUP SERVICES LTD
fintech,hk,2019Q3,65924806,20190902,ALIBABA GROUP SERVICES LTD
fintech,hk,2019Q3,65925073,20190903,ALIBABA GROUP SERVICES LTD
fintech,hk,2019Q3,65925572,20190909,ALIBABA GROUP SERVICES LTD
fintech,hk,2019Q3,65926381,20190910,ALIBABA GROUP SERVICES LTD
fintech,hk,2019Q3,65957644,20190816,ALIBABA GROUP SERVICES LTD
fintech,hk,2019Q3,65958140,20190717,ALIBABA GROUP SERVICES LTD
fintech,hk,2019Q3,65959773,20190709,ALIBABA GROUP SERVICES LTD
fintech,hk,2019Q3,65960161,20190822,ALIBABA GROUP SERVICES LTD
fintech,hk,2019Q3,66001655,20190802,ALIBABA GROUP SERVICES LTD
fintech,hk,2019Q3,66002128,20190807,ALIBABA GROUP SERVICES LTD
fintech,hk,2019Q3,66002554,20190802,ALIBABA GROUP SERVICES LTD
fintech,hk,2019Q3,66002675,20190730,ALIBABA GROUP SERVICES LTD
fintech,hk,2019Q3,66002753,20190716,ALIBABA GROUP SERVICES LTD
fintech,hk,2019Q3,66003542,20190823,ALIBABA GROUP SERVICES LTD
fintech,hk,2019Q3,66006029,20190910,ALIBABA GROUP SERVICES LTD
fintech,hk,2019Q3,66100007,20190724,ALIBABA GROUP SERVICES LTD
fintech,hk,2019Q3,66100008,20190719,ALIBABA GROUP SERVICES LTD
fintech,hk,2019Q3,66100010,20190717,ALIBABA GROUP SERVICES LTD
fintech,hk,2019Q3,66100013,20190716,ALIBABA GROUP SERVICES LTD
fintech,hk,2019Q3,66100014,20190716,ALIBABA GROUP SERVICES LTD
fintech,hk,2019Q3,66100018,20190806,ALIBABA GROUP SERVICES LTD
fintech,hk,2019Q3,66100020,20190717,ALIBABA GROUP SERVICES LTD
fintech,hk,2019Q3,66100026,20190715,ALIBABA GROUP SERVICES LTD
fintech,hk,2019Q3,66100031,20190801,ALIBABA GROUP SERVICES LTD
fintech,hk,2019Q3,66100041,20190722,ALIBABA GROUP SERVICES LTD
fintech,hk,2019Q3,66100051,20190806,ALIBABA GROUP SERVICES LTD
fintech,hk,2019Q3,66100057,20190715,ALIBABA GROUP SERVICES LTD
fintech,hk,2019Q3,66100121,20190719,ALIBABA GROUP SERVICES LTD
fintech,hk,2019Q3,66100148,20190805,ALIBABA GROUP SERVICES LTD
fintech,hk,2019Q3,66110332,20190731,ALIBABA GROUP SERVICES LTD
fintech,hk,2019Q3,66889999,20190820,ALIBABA GROUP SERVICES LTD
fintech,hk,2019Q3,66925396,20190725,ALIBABA GROUP SERVICES LTD
fintech,hk,2019Q3,66943400,20190717,ALIBABA GROUP SERVICES LTD
fintech,hk,2019Q3,66944493,20190902,ALIBABA GROUP SERVICES LTD
fintech,hk,2019Q3,66959720,20190709,ALIBABA GROUP SERVICES LTD
fintech,hk,2019Q3,66984557,20190807,ALIBABA GROUP SERVICES LTD
fintech,hk,2019Q3,67005889,20190906,ALIBABA GROUP SERVICES LTD
fintech,hk,2019Q3,67006348,20190826,ALIBABA GROUP SERVICES LTD
fintech,hk,2019Q3,67006782,20190830,ALIBABA GROUP SERVICES LTD
fintech,hk,2019Q3,67023937,20190912,ALIBABA GROUP SERVICES LTD
fintech,hk,2019Q3,67128565,20190813,ALIBABA GROUP SERVICES LTD
fintech,hk,2019Q3,67164900,20190812,ALIBABA GROUP SERVICES LTD
fintech,hk,2019Q3,67164906,20190813,ALIBABA GROUP SERVICES LTD
fintech,hk,2019Q3,67164926,20190813,ALIBABA GROUP SERVICES LTD
fintech,hk,2019Q3,67164964,20190827,ALIBABA GROUP SERVICES LTD
fintech,hk,2019Q3,67164986,20190826,ALIBABA GROUP SERVICES LTD
fintech,hk,2019Q3,67165010,20190708,ALIBABA GROUP SERVICES LTD
fintech,hk,2019Q3,67165036,20190918,ALIBABA GROUP SERVICES LTD
fintech,hk,2019Q3,67165044,20190828,ALIBABA GROUP SERVICES LTD
fintech,hk,2019Q3,67165133,20190926,ALIBABA GROUP SERVICES LTD
fintech,hk,2019Q3,67165135,20190927,ALIBABA GROUP SERVICES LTD
fintech,hk,2019Q3,67165144,20190925,ALIBABA GROUP SERVICES LTD
fintech,hk,2019Q3,67165355,20190826,ALIBABA GROUP SERVICES LTD
fintech,hk,2019Q3,67165442,20190828,ALIBABA GROUP SERVICES LTD
fintech,hk,2019Q3,67165471,20190820,ALIBABA GROUP SERVICES LTD
fintech,hk,2019Q3,67165717,20190905,ALIBABA GROUP SERVICES LTD
fintech,hk,2019Q3,67165722,20190906,ALIBABA GROUP SERVICES LTD
fintech,hk,2019Q3,67166652,20190919,ALIBABA GROUP SERVICES LTD
fintech,hk,2019Q3,67168813,20190823,ALIBABA GROUP SERVICES LTD
fintech,hk,2019Q3,67188563,20190905,ALIBABA GROUP SERVICES LTD
fintech,hk,2019Q3,67188566,20190826,ALIBABA GROUP SERVICES LTD
fintech,hk,2019Q3,67188568,20190827,ALIBABA GROUP SERVICES LTD
fintech,hk,2019Q3,67188582,20190829,ALIBABA GROUP SERVICES LTD
fintech,hk,2019Q3,67188584,20190829,ALIBABA GROUP SERVICES LTD
fintech,hk,2019Q3,67188963,20190903,ALIBABA GROUP SERVICES LTD
fintech,hk,2019Q3,67189108,20190912,ALIBABA GROUP SERVICES LTD
fintech,hk,2019Q3,67189291,20190917,ALIBABA GROUP SERVICES LTD
fintech,hk,2019Q3,67235093,20190917,ALIBABA GROUP SERVICES LTD
fintech,hk,2019Q3,67235195,20190919,ALIBABA GROUP SERVICES LTD
fintech,hk,2019Q3,67235259,20190815,ALIBABA GROUP SERVICES LTD
fintech,hk,2019Q3,67235273,20190905,ALIBABA GROUP SERVICES LTD
fintech,hk,2019Q3,67235279,20190911,ALIBABA GROUP SERVICES LTD
fintech,hk,2019Q3,67235290,20190905,ALIBABA GROUP SERVICES LTD
fintech,hk,2019Q3,67235406,20190826,ALIBABA GROUP SERVICES LTD
fintech,hk,2019Q3,67235420,20190724,ALIBABA GROUP SERVICES LTD
fintech,hk,2019Q3,67235481,20190827,ALIBABA GROUP SERVICES LTD
fintech,hk,2019Q3,67235546,20190827,ALIBABA GROUP SERVICES LTD
fintech,hk,2019Q3,67235547,20190827,ALIBABA GROUP SERVICES LTD
fintech,hk,2019Q3,67235576,20190829,ALIBABA GROUP SERVICES LTD
fintech,hk,2019Q3,67235646,20190910,ALIBABA GROUP SERVICES LTD
fintech,hk,2019Q3,67235659,20190910,ALIBABA GROUP SERVICES LTD
fintech,hk,2019Q3,67236012,20190920,ALIBABA GROUP SERVICES LTD
fintech,hk,2019Q3,67273139,20190807,ALIBABA GROUP SERVICES LTD
fintech,hk,2019Q3,67273230,20190822,ALIBABA GROUP SERVICES LTD
fintech,hk,2019Q3,67273234,20190828,ALIBABA GROUP SERVICES LTD
fintech,hk,2019Q3,67273265,20190904,ALIBABA GROUP SERVICES LTD
fintech,hk,2019Q3,67273267,20190916,ALIBABA GROUP SERVICES LTD
fintech,hk,2019Q3,67273612,20190806,ALIBABA GROUP SERVICES LTD
fintech,hk,2019Q3,67273643,20190812,ALIBABA GROUP SERVICES LTD
fintech,hk,2019Q3,67273650,20190902,ALIBABA GROUP SERVICES LTD
fintech,hk,2019Q3,67273655,20190924,ALIBABA GROUP SERVICES LTD
fintech,hk,2019Q3,67273656,20190924,ALIBABA GROUP SERVICES LTD
fintech,hk,2019Q3,67273658,20190923,ALIBABA GROUP SERVICES LTD
fintech,hk,2019Q3,67273659,20190925,ALIBABA GROUP SERVICES LTD
fintech,hk,2019Q3,67273660,20190920,ALIBABA GROUP SERVICES LTD
fintech,hk,2019Q3,67274018,20190718,ALIBABA GROUP SERVICES LTD
fintech,hk,2019Q3,67274054,20190718,ALIBABA GROUP SERVICES LTD
fintech,hk,2019Q3,67274125,20190903,ALIBABA GROUP SERVICES LTD
fintech,hk,2019Q3,67274168,20190829,ALIBABA GROUP SERVICES LTD
fintech,hk,2019Q3,67274203,20190904,ALIBABA GROUP SERVICES LTD
fintech,hk,2019Q3,67275616,20190925,ALIBABA GROUP SERVICES LTD
fintech,hk,2019Q3,67314993,20190830,ALIBABA GROUP SERVICES LTD
fintech,hk,2019Q3,67315056,20190911,ALIBABA GROUP SERVICES LTD
fintech,hk,2019Q3,67315372,20190923,ALIBABA GROUP SERVICES LTD
fintech,hk,2019Q3,67315521,20190807,ALIBABA GROUP SERVICES LTD
fintech,hk,2019Q3,67315840,20190830,ALIBABA GROUP SERVICES LTD
fintech,hk,2019Q3,67316430,20190902,ALIBABA GROUP SERVICES LTD
fintech,hk,2019Q3,67316458,20190830,ALIBABA GROUP SERVICES LTD
fintech,hk,2019Q3,67316531,20190911,ALIBABA GROUP SERVICES LTD
fintech,hk,2019Q3,67316665,20190918,ALIBABA GROUP SERVICES LTD
fintech,hk,2019Q3,67366374,20190923,ALIBABA GROUP SERVICES LTD
fintech,hk,2019Q3,67438786,20190724,WORLDMONEY BLOCKCHAIN FINANCIAL CO LTD
fintech,hk,2019Q3,67484295,20190918,ALIBABA GROUP SERVICES LTD
fintech,hk,2019Q3,67689369,20190925,ALIBABA GROUP SERVICES LTD
fintech,hk,2019Q3,68465469,20190708,LEAPXPERT LTD
fintech,hk,2019Q3,68465479,20190920,LONGVIEW FINANCIAL LTD
fintech,hk,2019Q3,68465556,20190704,PENGELLY CO LTD
fintech,hk,2019Q3,68465710,20190805,WORLD CONCEPT DEVELOPMENT LTD
fintech,hk,2019Q3,68465737,20190828,SKALA FINTECH COMPANY LTD
fintech,hk,2019Q3,68695470,20190814,BBPOS LTD
fintech,hk,2019Q3,68772389,20190710,ALIBABA GROUP SERVICES LTD
fintech,hk,2019Q3,68772408,20190704,ALIBABA GROUP SERVICES LTD
fintech,hk,2019Q3,68772503,20190723,ALIBABA GROUP SERVICES LTD
fintech,hk,2019Q3,69228802,20190801,SMART BRAND LTD
fintech,hk,2019Q3,69950780,20190926,VITRO TV HK LTD
fintech,hk,2019Q3,70230515,20190725,ALIBABA GROUP SERVICES LTD
fintech,hk,2019Q3,74850093,20190910,MU GLOBAL HOLDING LTD
fintech,hk,2019Q3,75974087,20190924,OPENST LTD
fintech,hk,2019Q4,66173538,20191213,CPMASTERPIECE CO LTD
fintech,hk,2019Q4,66630432,20191203,ALIBABA GROUP SERVICES LTD
fintech,hk,2019Q4,66630434,20191204,ALIBABA GROUP SERVICES LTD
fintech,hk,2019Q4,66631223,20191203,ALIBABA GROUP SERVICES LTD
fintech,hk,2019Q4,66631230,20191202,ALIBABA GROUP SERVICES LTD
fintech,hk,2019Q4,66631232,20191204,ALIBABA GROUP SERVICES LTD
fintech,hk,2019Q4,66631233,20191204,ALIBABA GROUP SERVICES LTD
fintech,hk,2019Q4,66631234,20191205,ALIBABA GROUP SERVICES LTD
fintech,hk,2019Q4,66631240,20191205,ALIBABA GROUP SERVICES LTD
fintech,hk,2019Q4,66943426,20191002,ALIBABA GROUP SERVICES LTD
fintech,hk,2019Q4,66994225,20191209,ALIBABA GROUP SERVICES LTD
fintech,hk,2019Q4,66994287,20191210,ALIBABA GROUP SERVICES LTD
fintech,hk,2019Q4,67165136,20191002,ALIBABA GROUP SERVICES LTD
fintech,hk,2019Q4,67165196,20191007,ALIBABA GROUP SERVICES LTD
fintech,hk,2019Q4,67165211,20191008,ALIBABA GROUP SERVICES LTD
fintech,hk,2019Q4,67165233,20191009,ALIBABA GROUP SERVICES LTD
fintech,hk,2019Q4,67165245,20191014,ALIBABA GROUP SERVICES LTD
fintech,hk,2019Q4,67165311,20191021,ALIBABA GROUP SERVICES LTD
fintech,hk,2019Q4,67165320,20191017,ALIBABA GROUP SERVICES LTD
fintech,hk,2019Q4,67171109,20191231,ALIBABA GROUP SERVICES LTD
fintech,hk,2019Q4,67188653,20191007,ALIBABA GROUP SERVICES LTD
fintech,hk,2019Q4,67188687,20191014,ALIBABA GROUP SERVICES LTD
fintech,hk,2019Q4,67188704,20191021,ALIBABA GROUP SERVICES LTD
fintech,hk,2019Q4,67188713,20191014,ALIBABA GROUP SERVICES LTD
fintech,hk,2019Q4,67235341,20191002,ALIBABA GROUP SERVICES LTD
fintech,hk,2019Q4,67235343,20191003,ALIBABA GROUP SERVICES LTD
fintech,hk,2019Q4,67235374,20191004,ALIBABA GROUP SERVICES LTD
fintech,hk,2019Q4,67235377,20191004,ALIBABA GROUP SERVICES LTD
fintech,hk,2019Q4,67235444,20191016,ALIBABA GROUP SERVICES LTD
fintech,hk,2019Q4,67273662,20191001,ALIBABA GROUP SERVICES LTD
fintech,hk,2019Q4,67273711,20191001,ALIBABA GROUP SERVICES LTD
fintech,hk,2019Q4,67273851,20191003,ALIBABA GROUP SERVICES LTD
fintech,hk,2019Q4,67274042,20191008,ALIBABA GROUP SERVICES LTD
fintech,hk,2019Q4,67274044,20191018,ALIBABA GROUP SERVICES LTD
fintech,hk,2019Q4,67274070,20191017,ALIBABA GROUP SERVICES LTD
fintech,hk,2019Q4,67274072,20191018,ALIBABA GROUP SERVICES LTD
fintech,hk,2019Q4,67274076,20191016,ALIBABA GROUP SERVICES LTD
fintech,hk,2019Q4,67315406,20191001,ALIBABA GROUP SERVICES LTD
fintech,hk,2019Q4,67315584,20191021,ALIBABA GROUP SERVICES LTD
fintech,hk,2019Q4,67689557,20191230,ALIBABA GROUP SERVICES LTD
fintech,hk,2019Q4,67689993,20191231,ALIBABA GROUP SERVICES LTD
fintech,hk,2019Q4,72921531,20191112,LAU WING LOK KEITH
fintech,hk,2019Q4,75910950,20191022,RING X CORPORATION LTD
fintech,hk,2020Q1,67638663,20200106,ALIBABA GROUP SERVICES LTD
fintech,hk,2020Q1,67885382,20200115,ALIBABA GROUP SERVICES LTD
fintech,hk,2020Q1,68122143,20200213,ALIBABA GROUP SERVICES LTD
fintech,hk,2020Q1,68508682,20200215,ALIBABA GROUP SERVICES LTD
fintech,hk,2020Q1,71685746,20200313,MATCHINGPRO LTD
fintech,hk,2020Q1,72236471,20200303,UP BLOCKCHAIN TECH LIMITED
fintech,hk,2020Q1,74141393,20200109,DIGITAL TRANSACTION LTD
fintech,hk,2020Q1,77062218,20200205,HONG KONG APPLIED SCIENCE & TECH RESEARCH INST CO LTD
fintech,hk,2020Q1,77746675,20200323,DAXCHAIN LTD
fintech,hk,2020Q2,61777650,20200520,ANTPOOL TECH LIMITED
fintech,hk,2020Q2,70296004,20200401,BLACK JACK TECH CO LIMITED
fintech,hk,2020Q2,72748505,20200629,CHOW TAI FOOK JEWELLERY CO LTD | MEGASOFT LTD
fintech,hk,2020Q2,78704959,20200531,AT&T Global Network Services Hong Kong LTD
fintech,hk,2020Q2,79031269,20200629,HONG KONG APPLIED SCIENCE & TECH RESEARCH INST CO LTD | HONG KONG APPLIES SCIENCE AND TECH RESEARCH INSTITUTE COMPANY LIMITED
fintech,hk,2020Q4,69137229,20201123,SOLUTIO LTD
fintech,hk,2020Q4,75513869,20201223,LUCAS GC LTD
fintech,hk,2020Q4,76234941,20201214,LUCAS GC LTD
fintech,hk,2020Q4,81291166,20201023,CONTRENDIAN LTD
fintech,hk,2021Q1,74678867,20210120,QALQON LTD
fintech,hk,2021Q1,75513910,20210210,ICALC HOLDINGS LTD
fintech,hk,2021Q1,77612972,20210210,EBATTE HOLDINGS LTD
fintech,hk,2021Q1,82899595,20210222,TFI DIGITAL MEDIA LTD
fintech,hk,2021Q1,83285482,20210317,ROEKETBC LTD
fintech,hk,2021Q2,75438598,20210408,TECTONIC TECH INNOVATION COMPANY LIMITED
fintech,hk,2021Q2,76197507,20210524,ORCHESTRALL HEALTHCARE LTD
fintech,hk,2021Q2,76550670,20210513,CHIU HUNG HUNG | HUNG CHIU HUNG
fintech,hk,2021Q2,78608041,20210514,BBPOS LTD
fintech,hk,2021Q2,81346664,20210429,AI BIOMATERIAL HEALTHTECH LTD
fintech,hk,2021Q2,93841313,20210604,BBPOS LTD
fintech,hk,2021Q3,77919977,20210907,GLOBAL TAX REFUND HOLDINGS COMPANY LTD
fintech,hk,2021Q3,78818698,20210706,LUCAS GC LTD
fintech,hk,2021Q3,80003112,20210708,MEDICONCEN LTD
fintech,hk,2021Q3,81209473,20210727,IX ASIA LTD
fintech,hk,2021Q4,80932210,20211004,ONANOFF LTD COMPANY | ONANOFF LTD COMPANY LTD
fintech,hk,2021Q4,86383905,20211125,CHAU TSZ HIM | TSZ HIM CHAU
fintech,hk,2022Q1,86440812,20220105,MAICAPITAL LTD
fintech,hk,2022Q1,87162157,20220114,UNIV CITY HONG KONG
fintech,hk,2022Q2,84463994,20220516,IFREE GROUP HK LTD
fintech,hk,2022Q2,86500307,20220618,COVERGO LTD
fintech,hk,2022Q2,89383668,20220628,CHAN KIN KWAN
fintech,hk,2022Q3,77770570,20220907,HONG KONG INTELLECTUAL PROPERTY EXCHANGE LTD
fintech,hk,2022Q3,85410856,20220829,BANDBERRY LTD
fintech,hk,2022Q4,83902701,20221020,DOLA TECH LIMITED
fintech,hk,2022Q4,86056733,20221025,YIP MING HAM
fintech,hk,2022Q4,86228073,20221025,FIFTH FORCE TECH LIMITED
fintech,hk,2022Q4,86337317,20221108,ALPHA AI TECH LIMITED
fintech,hk,2022Q4,87432287,20221025,FIFTH FORCE TECH LIMITED
fintech,hk,2022Q4,91280007,20221206,HILLMING COMPANY LTD
fintech,hk,2022Q4,91583558,20221221,SOLTAN MEHDI FREDERIK
fintech,hk,2023Q1,85569923,20230106,SHOALTER AUTOMATION LTD
fintech,hk,2023Q1,86896702,20230306,ONANOFF LIMITE COMPANY LTD | ONANOFF LTD COMPANY LTD
fintech,hk,2023Q3,90453968,20230923,DEEP TRANSLATE LTD
fintech,hk,2023Q4,88315480,20231004,DIGITAL TOOLS COMPANY LTD
fintech,sg,2015Q1,41114487,20150302,FUNG HO CHUNG NICHOLAS | ONEEMPOWER PTE LTD | SANG CHU YONG
fintech,sg,2015Q1,49917611,20150109,PRIVITI PTE LTD
fintech,sg,2015Q1,53755146,20150205,MASTERCARD ASIA PACIFIC PTE LTD
fintech,sg,2015Q1,53776240,20150209,MASTERCARD ASIA PACIFIC PTE LTD
fintech,sg,2015Q1,53778274,20150204,EINNOVATIONS HOLDINGS PTE LTD
fintech,sg,2015Q1,53800456,20150211,EINNOVATIONS HOLDINGS PTE LTD
fintech,sg,2015Q1,53800734,20150211,EINNOVATIONS HOLDINGS PTE LTD
fintech,sg,2015Q1,53878681,20150217,EINNOVATIONS HOLDINGS PTE LTD
fintech,sg,2015Q1,54017825,20150304,AON GLOBAL OPERATIONS LTD SINGAPORE BRANCH | AON GLOBAL OPERATIONS SE SINGAPORE BRANCH
fintech,sg,2015Q1,54069280,20150313,CHIKKA PTE LTD
fintech,sg,2015Q1,54069285,20150311,SINGH SHANTNU
fintech,sg,2015Q1,54070694,20150310,DRAGONFLY FINTECH PTE LTD
fintech,sg,2015Q1,55859169,20150309,LENOVO SINGAPORE PTE LTD
fintech,sg,2015Q1,56367821,20150114,MASTERCARD ASIA PACIFIC PTE LTD
fintech,sg,2015Q1,56367825,20150114,TACTILIS PTE LTD
fintech,sg,2015Q1,56432665,20150320,TACTILIS PTE LTD
fintech,sg,2015Q1,56433396,20150126,FANG YANG LIT | MEDIUM ACCESS SYSTEMS PRIVATE LTD
fintech,sg,2015Q1,56621331,20150217,MASTERCARD ASIA PACIFIC PTE LTD
fintech,sg,2015Q1,56924052,20150320,MASTERCARD ASIA PACIFIC PTE LTD
fintech,sg,2015Q1,56925164,20150320,MASTERCARD ASIA PACIFIC PTE LTD
fintech,sg,2015Q2,54192118,20150508,VOXP PTE LTD
fintech,sg,2015Q2,54240978,20150402,EINNOVATIONS HOLDINGS PTE LTD
fintech,sg,2015Q2,54332869,20150424,TELECOM EQUIPMENT PTE LTD
fintech,sg,2015Q2,54335150,20150424,AVAGO TECH INT SALES PTE LID
fintech,sg,2015Q2,54358974,20150428,EINNOVATIONS HOLDINGS PTE LTD
fintech,sg,2015Q2,54767059,20150605,NUMONI PTE LTD
fintech,sg,2015Q2,54767245,20150601,AON SINGAPORE CENTRE FOR INNOVATION STRATEGY AND MAN PTE LTD
fintech,sg,2015Q2,54836530,20150615,ZILLIACUS THOMAS HENRIK
fintech,sg,2015Q2,55017249,20150630,MASTERCARD ASIA PACIFIC PTE LTD
fintech,sg,2015Q2,55064574,20150617,MASTERCARD ASIA PACIFIC PTE LTD
fintech,sg,2015Q2,55074883,20150626,MASTERCARD ASIA PACIFIC PTE LTD
fintech,sg,2015Q2,55761238,20150610,SUN ELECTRIC PTE LTD
fintech,sg,2015Q2,56092098,20150411,VERTICAL SOFTWARE ASIA PTE LTD
fintech,sg,2015Q2,57129377,20150420,LINE BIZPLUS PTE LTD
fintech,sg,2015Q2,57249349,20150511,MASTERCARD ASIA PACIFIC PTE LTD
fintech,sg,2015Q2,57392161,20150527,MASTERCARD ASIA | MASTERCARD ASIA PACIFIC PTE LTD
fintech,sg,2015Q2,57392162,20150525,MASTERCARD ASIA PACIFIC PTE LTD
fintech,sg,2015Q2,57451545,20150602,MASTERCARD AISA/PACIFIC PTE LTD | MASTERCARD ASIA PACIFIC PTE LTD
fintech,sg,2015Q2,57602534,20150629,MASTERCARD ASIA PACIFIC PTE LTD
fintech,sg,2015Q3,45064389,20150724,AVAGO TECH INT SALES PTE LID | AVAGO TECHNOLOGIES GENERAL IP
fintech,sg,2015Q3,47742193,20150921,MODI VIKRAM | SHARMA PANKAJ | SINGH SHANTNU
fintech,sg,2015Q3,55074875,20150715,MASTERCARD ASIA PACIFIC PTE LTD
fintech,sg,2015Q3,55078835,20150703,MSC CONSULTING (S) PTE LTD | MSC CONSULTING S PTE LTD
fintech,sg,2015Q3,55180443,20150730,STOPIC RICHARD
fintech,sg,2015Q3,55351046,20150818,AVENNETZ TECHNOLOGIES PTE LTD
fintech,sg,2015Q3,55459338,20150910,MASTERCARD ASIA PACIFIC PTE LTD
fintech,sg,2015Q3,55483745,20150902,SHARMA PRASHANT
fintech,sg,2015Q3,55533573,20150914,EINNOVATIONS HOLDINGS PTE LTD | VOYAGER INNOVATIONS HOLDINGS PTE LTD
fintech,sg,2015Q3,55533577,20150915,HANERA PTE LTD
fintech,sg,2015Q3,55581580,20150923,VERTICAL SOFTWARE ASIA PTE LTD
fintech,sg,2015Q3,55912510,20150828,LINE BIZPLUS PTE LTD
fintech,sg,2015Q3,56848963,20150821,MASTERCARD ASIA PACIFIC PTE LTD
fintech,sg,2015Q3,56849037,20150821,MASTERCARD ASIA PACIFIC PTE LTD
fintech,sg,2015Q3,57683117,20150701,MASTERCARD ASIA PACIFIC PTE LTD
fintech,sg,2015Q3,57684349,20150929,comGateway (S) Pte Ltd
fintech,sg,2015Q3,57833960,20150722,MB TECH PARTNERS LTD
fintech,sg,2015Q3,57884794,20150728,RAZER (ASIA-PACIFIC) PTE LTD | RAZER ASIA PACIFIC PTE LTD
fintech,sg,2015Q3,57886050,20150727,MASTERCARD INTERNATIONAL INC
fintech,sg,2015Q3,57886851,20150728,RAZER (ASIA-PACIFIC) PTE LTD | RAZER ASIA PACIFIC PTE LTD
fintech,sg,2015Q3,57984004,20150812,VIGILANTECH PTE LTD
fintech,sg,2015Q3,58095964,20150827,MASTERCARD ASIA PACIFIC PTE LTD
fintech,sg,2015Q3,58096690,20150828,MASTERCARD ASIA PACIFIC PTE LTD
fintech,sg,2015Q3,58282596,20150917,MASTERCARD ASIA PACIFIC PTE LTD
fintech,sg,2015Q3,58282609,20150917,MASTERCARD ASIA PACIFIC PTE LTD
fintech,sg,2015Q3,58386688,20150925,MASTERCARD ASIA PACIFIC PTE LTD
fintech,sg,2015Q3,58386977,20150923,RED DOT PAYMENT PTE LTD
fintech,sg,2015Q3,58406280,20150928,MASTERCARD ASIA PACIFIC PTE LTD
fintech,sg,2015Q3,58406332,20150928,MASTERCARD ASIA PACIFIC PTE LTD
fintech,sg,2015Q3,58409692,20150928,MASTERCARD ASIA PACIFIC PTE LTD
fintech,sg,2015Q4,41449868,20151229,AVAGO TECH INT SALES PTE LID | AVAGO TECH INTERNATIONAL SALES PTE LIMITE
fintech,sg,2015Q4,44532118,20151210,SINGH SHANTNU
fintech,sg,2015Q4,52909275,20151016,JING KING TECH HOLDINGS PTE LTD
fintech,sg,2015Q4,54851723,20151202,EINNOVATIONS HOLDINGS PTE LTD
fintech,sg,2015Q4,55631074,20151004,SIX CAPITAL PTE LTD
fintech,sg,2015Q4,55653461,20151007,MASTERCARD ASIA PACIFIC PTE LTD
fintech,sg,2015Q4,55761240,20151008,MASTERCARD ASIA PACIFIC PTE LTD
fintech,sg,2015Q4,55857953,20151102,CALL LEVELS PTE LTD
fintech,sg,2015Q4,55909512,20151030,SIT NORMA | TAN SENG CHUAN
fintech,sg,2015Q4,55909513,20151102,MASTERCARD ASIA PACIFIC PTE LTD
fintech,sg,2015Q4,56010624,20151125,MASTERCARD ASIA PACIFIC PTE LTD
fintech,sg,2015Q4,56074787,20151124,EINNOVATIONS HOLDINGS PTE LTD | VOYAGER INNOVATIONS HOLDINGS PTE LTD
fintech,sg,2015Q4,56106800,20151203,VOUCHER ACTIVATION IP SERVICES PTE LTD
fintech,sg,2015Q4,56111542,20151215,MASTERCARD ASIA PACIFIC PTE LTD
fintech,sg,2015Q4,57963793,20151028,LENOVO ENTPR SOLUTIONS SINGAPORE PTE LTD
fintech,sg,2015Q4,58522998,20151019,MASTERCARD ASIA PACIFIC PTE LTD
fintech,sg,2015Q4,58557491,20151023,MASTERCARD ASIA PACIFIC PTE LTD
fintech,sg,2015Q4,58637132,20151102,MASTERCARD ASIA PACIFIC PTE LTD
fintech,sg,2015Q4,58662493,20151102,SUN SINGAPORE SYSTEMS PTE LTD
fintech,sg,2015Q4,58662943,20151105,MASTERCARD ASIA PACIFIC PTE LTD
fintech,sg,2015Q4,58763801,20151127,MASTERCARD ASIA PACIFIC PTE LTD
fintech,sg,2015Q4,58797592,20151204,MASTERCARD ASIA PACIFIC PTE LTD
fintech,sg,2015Q4,58797602,20151204,MASTERCARD ASIA PACIFIC PTE LTD
fintech,sg,2015Q4,59226492,20151231,MASTERCARD INTERNATIONAL INC
fintech,sg,2016Q1,39344886,20160106,CREDIT SUISSE AG SINGAPORE BRANCH
fintech,sg,2016Q1,52630918,20160120,AMPLE SUSTAINABLE BRANDS PTE LTD
fintech,sg,2016Q1,53090055,20160121,JING KING TECH HOLDINGS PTE LTD
fintech,sg,2016Q1,56286727,20160106,ADVANCED NOVA TECH SINGAPORE HOLDING PTE LTD
fintech,sg,2016Q1,56563226,20160205,ALTERNATIVE CAPITAL SOLUTIONS PTE LTD | OSBORN JAMIE
fintech,sg,2016Q1,56978548,20160323,EINNOVATIONS HOLDINGS PTE LTD
fintech,sg,2016Q1,59360689,20160125,MASTERCARD ASIA PACIFIC PTE LTD
fintech,sg,2016Q1,59788491,20160314,MASTERCARD ASIA PACIFIC PTE LTD
fintech,sg,2016Q1,59790760,20160308,ACHHRA SANTOSH LACHHMAN
fintech,sg,2016Q2,38006152,20160606,UTIBA PTE LTD
fintech,sg,2016Q2,46051205,20160627,EINNOVATIONS HOLDINGS PTE LTD
fintech,sg,2016Q2,48141496,20160518,ZECO SYSTEMS PTD LTD | ZECO SYSTEMS PTE LTD
fintech,sg,2016Q2,53400458,20160405,BURNNET OR TAI LUNG | OR TAI LUNG BURNNET | PATEL BHARATKUMAR | SEVANTO JARKKO OSKARI
fintech,sg,2016Q2,53932014,20160516,JING KING TECH HOLDINGS PTE LTD
fintech,sg,2016Q2,57111855,20160407,STOPIC RICHARD
fintech,sg,2016Q2,57398908,20160519,MASTERCARD ASIA PACIFIC PTE LTD
fintech,sg,2016Q2,57757570,20160627,TOUREGO GLOBAL PTE LTD
fintech,sg,2016Q2,57776168,20160628,MB TECH PARTNERS LTD
fintech,sg,2016Q2,58399211,20160509,LINE BIZPLUS PTE LTD
fintech,sg,2016Q2,58410024,20160622,SINGAPORE TELECOMM LTD | SINGAPORE TELECOMMUNICATIONS LTD
fintech,sg,2016Q2,58796432,20160630,AON SINGAPORE CENTRE FOR INNOVATION STRATEGY AND MAN PTE LTD
fintech,sg,2016Q2,59961767,20160404,MASTERCARD ASIA PACIFIC PTE LTD
fintech,sg,2016Q2,59998255,20160411,MASTERCARD ASIA PACIFIC PTE LTD
fintech,sg,2016Q2,60021780,20160517,SARKAR TIRTHA MAULI
fintech,sg,2016Q2,60039519,20160413,MASTERCARD ASIA PACIFIC PTE LTD
fintech,sg,2016Q2,60243576,20160509,MASTERCARD ASIA PACIFIC PTE LTD
fintech,sg,2016Q2,60267125,20160511,MASTERCARD ASIA PACIFIC PTE LTD
fintech,sg,2016Q2,60478962,20160601,ACHHRA SANTOSH LACHHMAN | LI XI | LIU WEILONG | LUO YUN | Sundararajan Anandan Ethirkottai | YANG MO | ZHANG HAOCHUAN
fintech,sg,2016Q2,60659690,20160615,CROUSPEYRE CHARLES HUGUES MAX | Ventani Pietro
fintech,sg,2016Q2,60675246,20160627,MASTERCARD ASIA PACIFIC PTE LTD
fintech,sg,2016Q2,60676980,20160622,MASTERCARD ASIA PACIFIC PTE LTD
fintech,sg,2016Q2,60677729,20160622,MASTERCARD ASIA PACIFIC PTE LTD
fintech,sg,2016Q2,60807077,20160630,MASTERCARD ASIA PACIFIC PTE LTD
fintech,sg,2016Q3,54531314,20160713,JING KING TECH HOLDINGS PTE LTD
fintech,sg,2016Q3,55042851,20160826,JING KING TECH HOLDINGS PTE LTD
fintech,sg,2016Q3,57396758,20160824,VERENCY HOLDINGS LTD | VERRENCY HOLDINGS LTD
fintech,sg,2016Q3,57601095,20160907,AON GLOBAL OPERATIONS LTD (SINGAPORE BRANCH) (REG T12FC0122F)
fintech,sg,2016Q3,57983801,20160811,AON SINGAPORE CENTRE FOR INNOVTION STRATEGY AND MAN
fintech,sg,2016Q3,58051305,20160817,VERENCY HOLDINGS LTD | VERRENCY HOLDINGS LTD
fintech,sg,2016Q3,58100592,20160804,MASTERCARD ASIA PACIFIC PTE LTD
fintech,sg,2016Q3,58547755,20160701,TSLC PTE LTD
fintech,sg,2016Q3,59337895,20160701,MASTERCARD ASIA PACIFIC PTE LTD
fintech,sg,2016Q3,60941221,20160718,MASTERCARD ASIA PACIFIC PTE LTD
fintech,sg,2016Q3,60953225,20160725,ADVANCED NOVA TECH SINGAPORE HOLDING PTE LTD | APTUS BUSINESS LOGIC PTE LTD
fintech,sg,2016Q3,60988653,20160720,MASTERCARD ASIA PACIFIC PTE LTD
fintech,sg,2016Q3,60988679,20160722,MASTERCARD ASIA PACIFIC PTE LTD
fintech,sg,2016Q3,60990058,20160722,MASTERCARD ASIA PACIFIC PTE LTD
fintech,sg,2016Q3,61010091,20160729,MASTERCARD ASIA PACIFIC PTE LTD
fintech,sg,2016Q3,61010419,20160727,MASTERCARD ASIA PACIFIC PTE LTD
fintech,sg,2016Q3,61069829,20160804,MASTERCARD ASIA PACIFIC PTE LTD
fintech,sg,2016Q3,61160283,20160812,MASTERCARD ASIA PACIFIC PTE LTD
fintech,sg,2016Q3,61242964,20160823,MASTERCARD ASIA PACIFIC PTE LTD
fintech,sg,2016Q3,61243003,20160831,LENOVO SINGAPORE PTE LTD
fintech,sg,2016Q3,61243007,20160823,MASTERCARD ASIA PACIFIC PTE LTD
fintech,sg,2016Q3,61274994,20160907,MASTERCARD ASIA PACIFIC PTE LTD
fintech,sg,2016Q3,61685098,20160928,MASTERCARD ASIA PACIFIC PTE LTD
fintech,sg,2016Q3,62164626,20160817,VERRENCY HOLDINGS LTD
fintech,sg,2016Q3,62527707,20160824,VERRENCY HOLDINGS LTD
fintech,sg,2016Q4,45469700,20161212,M-DAQ PTE LTD
fintech,sg,2016Q4,47009935,20161213,COOPER JOSEPH
fintech,sg,2016Q4,57836129,20161005,AON SINGAPORE CENTRE FOR INNOVATION STRATEGY AND MAN PTE LTD
fintech,sg,2016Q4,58422503,20161003,RYNAN TECH PTE LTD
fintech,sg,2016Q4,58631316,20161024,FOX GLACIER ASSET MAN LLC
fintech,sg,2016Q4,58631909,20161027,FOX GLACIER ASSET MAN INC | WIN TUN TUN
fintech,sg,2016Q4,58662237,20161104,EINNOVATIONS HOLDING PTE LTD | EINNOVATIONS HOLDINGS PTE LTD
fintech,sg,2016Q4,58719682,20161123,KULPATI ASHISH | RAJURKAR PANKAJ
fintech,sg,2016Q4,58778101,20161130,AON GLOBAL OPERATIONS LTD SINGAPORE BRANCH | AON GLOBAL OPERATIONS SE SINGAPORE BRANCH
fintech,sg,2016Q4,58797556,20161130,LINXENS SINGAPORE PTE LTD
fintech,sg,2016Q4,59066513,20161216,KOH RICHARD SEOH LENG | RICHARD KOH SEOH LENG
fintech,sg,2016Q4,59225730,20161229,LIQUID GROUP PTE LTD
fintech,sg,2016Q4,59225903,20161230,AGENCY SCIENCE TECH & RES
fintech,sg,2016Q4,60473531,20161206,UIB HOLDINGS PTE LTD | UIB HOLDINGS PTE LTE
fintech,sg,2016Q4,61756383,20161004,MASTERCARD ASIA PACIFIC PTE LTD
fintech,sg,2016Q4,61830599,20161011,MASTERCARD ASIA PACIFIC PTE LTD
fintech,sg,2016Q4,61832025,20161006,WONG KOK ANN
fintech,sg,2016Q4,61901836,20161014,MASTERCARD ASIA PACIFIC PTE LTD
fintech,sg,2016Q4,62018034,20161101,MASTERCARD ASIA PACIFIC PTE LTD
fintech,sg,2016Q4,62189973,20161129,MASTERCARD ASIA PACIFIC PTE LTD
fintech,sg,2016Q4,62561820,20161220,MASTERCARD ASIA PACIFIC PTE LTD
fintech,sg,2016Q4,62629793,20161223,MASTERCARD ASIA PACIFIC PTE LTD
fintech,sg,2016Q4,62629932,20161228,MASTERCARD ASIA PACIFIC PTE LTD
fintech,sg,2017Q1,37900490,20170223,CHAN WILLIAM CHI YUEN
fintech,sg,2017Q1,59311426,20170113,VOXP PTE LTD
fintech,sg,2017Q1,59563842,20170207,OSLABB PTE LTD | OSLABS PTE LTD
fintech,sg,2017Q1,60041360,20170329,ADVANCED NOVA TECH SINGAPORE HOLDING PTE LTD
fintech,sg,2017Q1,61569175,20170313,MASTERCARD ASIA PACIFIC PTE LTD
fintech,sg,2017Q1,61656291,20170308,MASTERCARD ASIA PACIFIC PTE LTD
fintech,sg,2017Q1,62018819,20170322,SINGAPORE TECH ELECTRONICS LIMITED | ST ENG ELECTRONICS LTD | ST ENG URBAN SOLUTIONS LTD
fintech,sg,2017Q1,62783191,20170106,ACHHRA SANTOSH LACHHMAN
fintech,sg,2017Q1,62789509,20170106,AIMAZING PTE LTD
fintech,sg,2017Q1,63037040,20170209,MASTERCARD ASIA PACIFIC PTE LTD
fintech,sg,2017Q1,63077562,20170123,MASTERCARD ASIA PACIFIC PTE LTD
fintech,sg,2017Q1,63246087,20170228,MASTERCARD ASIA PACIFIC PTE LTD
fintech,sg,2017Q1,63354920,20170302,MASTERCARD ASIA PACIFIC PTE LTD
fintech,sg,2017Q1,63444352,20170310,MASTERCARD ASIA PACIFIC PTE LTD
fintech,sg,2017Q1,63448255,20170308,JEWEL PAYMENTECH PTE LTD
fintech,sg,2017Q1,63585678,20170322,LOYALTY ADVANTAGE PTE LTD
fintech,sg,2017Q1,63669667,20170331,CHNG WENG WAH
fintech,sg,2017Q1,63669689,20170331,CHNG WENG WAH
fintech,sg,2017Q1,63669693,20170331,CHNG WENG WAH
fintech,sg,2017Q1,63670647,20170331,CHNG WENG WAH
fintech,sg,2017Q1,63671513,20170330,MASTERCARD ASIA PACIFIC PTE LTD
fintech,sg,2017Q2,60659599,20170620,Cyber Armor Pte Ltd
fintech,sg,2017Q2,60663988,20170615,MANJALINK PTE LTD
fintech,sg,2017Q2,61563456,20170412,MASTERCARD ASIA PACIFIC PTE LTD
fintech,sg,2017Q2,63668717,20170404,MASTERCARD ASIA PACIFIC PTE LTD
fintech,sg,2017Q2,63668718,20170404,MASTERCARD ASIA PACIFIC PTE LTD
fintech,sg,2017Q2,63709481,20170410,MASTERCARD ASIA PACIFIC PTE LTD
fintech,sg,2017Q2,63709484,20170410,MASTERCARD ASIA PACIFIC PTE LTD
fintech,sg,2017Q2,63709787,20170411,MASTERCARD ASIA PACIFIC PTE LTD
fintech,sg,2017Q2,63789907,20170413,MASTERCARD ASIA PACIFIC PTE LTD
fintech,sg,2017Q2,63790173,20170412,MUNDRU ASHOK BABU | RAY Satrajit | SINGHAI PRANJUL | TON LUONG HOA
fintech,sg,2017Q2,63790767,20170418,VERRENCY HOLDINGS LTD | VERRENCY HOLDINGS PTE LTD
fintech,sg,2017Q2,63854601,20170425,MASTERCARD ASIA PACIFIC PTE LTD
fintech,sg,2017Q2,63855412,20170421,MASTERCARD ASIA PACIFIC PTE LTD
fintech,sg,2017Q2,63915662,20170426,CHENG WEN ZHAO | INDRAKESUMA HISYAM NURSAID | RUNGTA ADITI | WU XUDONG
fintech,sg,2017Q2,64014502,20170502,MASTERCARD ASIA PACIFIC PTE LTD
fintech,sg,2017Q2,64102593,20170509,MASTERCARD ASIA PACIFIC PTE LTD
fintech,sg,2017Q2,64395753,20170524,MASTERCARD ASIA PACIFIC PTE LTD
fintech,sg,2017Q2,64742438,20170627,ZENSUNG PTE LTD
fintech,sg,2017Q3,49236306,20170901,FASTACASH PTE LTD
fintech,sg,2017Q3,53482329,20170705,AON GLOBAL OPERATIONS LTD (SINGAPORE BRANCH) (REG T12FC0122F) | AON GLOBAL OPERATIONS LTD SINGAPORE BRANCH | AON GLOBAL OPERATIONS LTD SINGAPORE BRANCH REG T12FC0122F
fintech,sg,2017Q3,59811223,20170907,MASTERCARD ASIA PACIFIC PTE LTD
fintech,sg,2017Q3,60295226,20170802,AON SINGAPORE CENTRE FOR INNOVATION STRATEGY AND MAN PTE LTD
fintech,sg,2017Q3,61133548,20170928,ONECONNECT FINANCIAL TECH SINGAPORE CO PTE LTD
fintech,sg,2017Q3,63035945,20170728,MASTERCARD ASIA PACIFIC PTE LTD
fintech,sg,2017Q3,64100001,20170713,KIM HWA LIM | LIM KIM HWA
fintech,sg,2017Q3,64902785,20170707,MASTERCARD ASIA PACIFIC PTE LTD
fintech,sg,2017Q3,65270645,20170811,MASTERCARD ASIA PACIFIC PTE LTD
fintech,sg,2017Q3,65359729,20170815,MASTERCARD ASIA PACIFIC PTE LTD
fintech,sg,2017Q3,65359730,20170821,MASTERCARD ASIA PACIFIC PTE LTD
fintech,sg,2017Q3,65433892,20170828,MASTERCARD ASIA PACIFIC PTE LTD
fintech,sg,2017Q3,65514614,20170831,MASTERCARD ASIA PACIFIC PTE LTD
fintech,sg,2017Q3,65810496,20170919,CALL LEVELS PTE LTD
fintech,sg,2017Q3,65903745,20170929,CHEONG SIMON KAI TSE
fintech,sg,2017Q4,58902702,20171103,JOYME PTE LTD
fintech,sg,2017Q4,59439902,20171218,ANTCHAIN TECH PTE LTD
fintech,sg,2017Q4,60421743,20171103,LENOVO SINGAPORE PTE LTD
fintech,sg,2017Q4,60702739,20171212,LENOVO SINGAPORE PTE LTD
fintech,sg,2017Q4,61094575,20171222,AON GLOBAL OPERATIONS LTD SINGAPORE BRANCH | AON GLOBAL OPERATIONS PLC SINGAPORE BRANCH
fintech,sg,2017Q4,61754514,20171226,FUNDNICE PTE LTD
fintech,sg,2017Q4,61830358,20171006,MASTERCARD ASIA PACIFIC PTE LTD
fintech,sg,2017Q4,61879717,20171020,SMARTCOMM ELECTRONICS PTE LTD | WANG HAIWEI
fintech,sg,2017Q4,62021668,20171222,LENDDO PTE LTD
fintech,sg,2017Q4,62147967,20171122,AON GLOBAL OPERATIONS LTD SINGAPORE BRANCH
fintech,sg,2017Q4,62492092,20171206,VESL PTE LTD
fintech,sg,2017Q4,62629898,20171222,AON GLOBAL OPERATIONS LTD SINGAPORE BRANCH
fintech,sg,2017Q4,64401350,20171201,MASTERCARD ASIA PACIFIC PTE LTD
fintech,sg,2017Q4,66095911,20171015,LENOVO SINGAPORE PTE LTD
fintech,sg,2017Q4,66096003,20171012,MASTERCARD ASIA PACIFIC PTE LTD
fintech,sg,2017Q4,66100088,20171013,DIGITAL ALPHA GROUP PTE LTD
fintech,sg,2017Q4,66100097,20171009,1EXCHANGE PTE LTD | CAPBRIDGE CORNERSTONE PTE LTD
fintech,sg,2017Q4,66696988,20171213,MASTERCARD ASIA PACIFIC PTE LTD
fintech,sg,2017Q4,66820577,20171212,1CITADEL PTE LTD | ASCENT SOLUTIONS PTE LTD
fintech,sg,2017Q4,66994166,20171222,BELLION CLOFE TECH PTE LTD
fintech,sg,2017Q4,67067956,20171228,HUAWEI INT PTE LTD
fintech,sg,2017Q4,67067974,20171228,XU ENQI
fintech,sg,2018Q1,56367773,20180104,TACTILIS PTE LTD
fintech,sg,2018Q1,61258220,20180219,LENOVO SINGAPORE PTE LTD
fintech,sg,2018Q1,61652335,20180206,ONECONNECT FINANCIAL TECH SINGAPORE CO PTE LTD
fintech,sg,2018Q1,62783654,20180110,MEDIATEK SINGAPORE PTE LTD
fintech,sg,2018Q1,63585621,20180323,JEWEL PAYMENTECH PTE LTD
fintech,sg,2018Q1,64739876,20180110,MEDIATEK SINGAPORE PTE LTD
fintech,sg,2018Q1,66632555,20180220,AON GLOBAL OPERATIONS LTD SINGAPORE BRANCH
fintech,sg,2018Q1,67212967,20180112,ANG GABRIEL JIN JUAN | CHENG WEN ZHAO | LI XI | RAY Satrajit | RENGARAJAN LAVANYA
fintech,sg,2018Q1,67212978,20180118,KAITHVAS SANJEEV | MUNDRU ASHOK BABU | VENKATARAMAN KARTHIK | VENKATESAN DAYA | XU CHEN
fintech,sg,2018Q1,67392275,20180128,TAN JAMES
fintech,sg,2018Q1,67905836,20180318,TAN JAMES
fintech,sg,2018Q2,60304959,20180523,ANTCHAIN TECH PTE LTD
fintech,sg,2018Q2,60405063,20180531,ANTCHAIN TECH PTE LTD
fintech,sg,2018Q2,62386001,20180522,MASTERCARD ASIA PACIFIC PTE LTD
fintech,sg,2018Q2,62684652,20180615,FLEX LTD
fintech,sg,2018Q2,62684660,20180615,FLEX LTD
fintech,sg,2018Q2,62684691,20180615,FLEX LTD
fintech,sg,2018Q2,62684695,20180615,FLEX LTD
fintech,sg,2018Q2,62816409,20180628,MASTERCARD ASIA PACIFIC PTE LTD
fintech,sg,2018Q2,64395757,20180517,ARECO INT PTE LTD
fintech,sg,2018Q2,64789211,20180629,ADVANCED NOVA TECH SINGAPORE HOLDING PTE LTD
fintech,sg,2018Q2,66344406,20180403,SMALL BATCH LEARNING PTE LTD
fintech,sg,2018Q2,68101585,20180406,TOUREGO GLOBAL PTE LTD
fintech,sg,2018Q2,68295829,20180427,QUANTUMCIEL PTE LTD
fintech,sg,2018Q2,68295837,20180423,TRIDENT CORPORATE SERVICES SINGAPORE PTE LTD AS TRUSTEE FOR THE ONEPLACE UNIT TRUST
fintech,sg,2018Q2,68540834,20180517,STANDARD CHARTERED BANK
fintech,sg,2018Q2,68616876,20180523,SIXSCAPE COMMUNICATIONS PTE LTD
fintech,sg,2018Q2,68840034,20180613,Enjin PTE LTD
fintech,sg,2018Q2,77887514,20180425,SAFEWALLET PTE LTD
fintech,sg,2018Q2,80034428,20180425,MARVELL ASIA PTE LTD
fintech,sg,2018Q3,61051008,20180802,JOYME PTE LTD
fintech,sg,2018Q3,62096869,20180724,ONECONNECT FINANCIAL TECH SINGAPORE CO PTE LTD
fintech,sg,2018Q3,63165435,20180712,MASTERCARD ASIA PACIFIC PTE LTD
fintech,sg,2018Q3,63633091,20180817,ADVANCED NOVA TECH SINGAPORE HOLDING PTE LTD
fintech,sg,2018Q3,63713843,20180921,TAN PUAY HIANG
fintech,sg,2018Q3,63937780,20180821,ONECONNECT FINANCIAL TECH SINGAPORE CO PTE LTD
fintech,sg,2018Q3,64951165,20180702,GP NETWORK ASIA PTE LTD
fintech,sg,2018Q3,64951193,20180702,GP NETWORK ASIA PTE LTD
fintech,sg,2018Q3,64999653,20180713,MANJUNATHA ARCHANA | ZHIYAO ZHOU
fintech,sg,2018Q3,65040722,20180727,UNIV NANYANG TECH
fintech,sg,2018Q3,65231304,20180803,AON GLOBAL OPERATIONS LTD SINGAPORE BRANCH | AON GLOBAL OPERATIONS PLC SINGAPORE BRANCH | AON GLOBAL OPERATIONS SE SINGAPORE BRANCH
fintech,sg,2018Q3,65809921,20180921,MASTERCARD LABS KENYA HOLDINGS PTE LTD
fintech,sg,2018Q3,66664094,20180905,MASTERCARD ASIA PACIFIC PTE LTD
fintech,sg,2018Q3,68383968,20180719,CLOUD NETWORK TECH SINGAPORE PTE LTD
fintech,sg,2018Q3,69060995,20180702,CIRCL PTE LTD
fintech,sg,2018Q3,69060997,20180704,LEOW WEE DAR
fintech,sg,2018Q3,69231962,20180730,WHITE ROBERT
fintech,sg,2018Q3,69883537,20180926,RAGUPATHIRAJ MOHANRAJ | RAGUPATHIRAJ NANDHINIDEVI | VENKATESAN DAYA
fintech,sg,2018Q3,69887311,20180920,NEC CORP
fintech,sg,2018Q3,69952421,20180927,COOLPAY PTE LTD
fintech,sg,2018Q4,53755159,20181224,LENOVO SINGAPORE PTE LTD
fintech,sg,2018Q4,61777650,20181120,BITMAINTECH PTE LTD | HONG SEN
fintech,sg,2018Q4,61929287,20181120,BITMAINTECH PTE LTD | HONG SEN
fintech,sg,2018Q4,63862888,20181205,MACROGEN ASIA PACIFIC PTE LTD
fintech,sg,2018Q4,64847956,20181105,MATRIX TECH PTE LTD
fintech,sg,2018Q4,64862430,20181025,MATRIX TECH PTE LTD
fintech,sg,2018Q4,65022325,20181214,HARGREAVES CAROL ANNE DR
fintech,sg,2018Q4,65073317,20181025,MATRIX TECH PTE LTD
fintech,sg,2018Q4,65148261,20181105,MATRIX TECH PTE LTD
fintech,sg,2018Q4,66100015,20181127,ANTCHAIN TECH PTE LTD
fintech,sg,2018Q4,66100130,20181127,ANTCHAIN TECH PTE LTD
fintech,sg,2018Q4,66100136,20181229,ANTCHAIN TECH PTE LTD
fintech,sg,2018Q4,66816234,20181112,MASTERCARD ASIA PACIFIC PTE LTD
fintech,sg,2018Q4,66948905,20181204,MASTERCARD ASIA PACIFIC PTE LTD
fintech,sg,2018Q4,66951283,20181214,MASTERCARD ASIA PACIFIC PTE LTD
fintech,sg,2018Q4,70161457,20181012,CYBAVO PTE LTD
fintech,sg,2018Q4,70164734,20181012,AIOZ PTE LTD
fintech,sg,2018Q4,70326873,20181025,MASTERCARD ASIA PACIFIC PTE LTD
fintech,sg,2018Q4,70610867,20181105,UTU PTE LTD
fintech,sg,2018Q4,70615264,20181227,AXINAN PTE LTD
fintech,sg,2018Q4,70769859,20181128,MASTERCARD ASIA PACIFIC PTE LTD
fintech,sg,2018Q4,70974816,20181204,MATRIX TECH PTE LTD
fintech,sg,2018Q4,71077438,20181213,GRABTAXI HOLDINGS PTE LTD
fintech,sg,2019Q1,59086641,20190104,AON GLOBAL OPERATIONS LTD SINGAPORE BRANCH
fintech,sg,2019Q1,62514495,20190108,ADVANCED NOVA TECH SINGAPORE HOLDING PTE LTD
fintech,sg,2019Q1,63483498,20190305,ANTCHAIN TECH PTE LTD
fintech,sg,2019Q1,65033640,20190107,CACHE PRIVATE LTD | LITTLE BIT PTE LTD
fintech,sg,2019Q1,65666161,20190321,ONECONNECT FINANCIAL TECH SINGAPORE CO PTE LTD
fintech,sg,2019Q1,66380949,20190319,ZingMobile Pte Ltd
fintech,sg,2019Q1,67139515,20190314,TRAX TECHNOLOGY SOLUTIONS PTE LTD | TRAX TECHNOLOLGY SOLUTIONS PTE LTD
fintech,sg,2019Q1,67219922,20190110,TRAX TECHNOLOGY SOLUTIONS PTE LTD
fintech,sg,2019Q1,67479366,20190130,NCODE CONSULTANT PTE LTD
fintech,sg,2019Q1,67543428,20190124,MASTERCARD ASIA PACIFIC PTE LTD
fintech,sg,2019Q1,68422055,20190325,ZingMobile Pte Ltd
fintech,sg,2019Q1,68617443,20190327,V3 SMART TECH PTE LTD
fintech,sg,2019Q1,71406575,20190314,PAYWATCH GLOBAL PTE LTD
fintech,sg,2019Q1,71407027,20190103,HUAWEI INT PTE LTD
fintech,sg,2019Q1,71837762,20190204,MASTERCARD ASIA PACIFIC PTE LTD
fintech,sg,2019Q1,72043342,20190218,MASTERCARD ASIA PACIFIC PTE LTD
fintech,sg,2019Q1,72423680,20190313,GHOSH ATINDRA NATH | PANGAM BALKRISHNA DINESH | PATIL AJIT VILASRAO
fintech,sg,2019Q1,72425915,20190313,RUBLIX DEV PTE LTD
fintech,sg,2019Q1,72472471,20190228,ALPHACON NETWORK FOUND LTD
fintech,sg,2019Q1,72609997,20190325,GENEJUNCTION PTE LTD
fintech,sg,2019Q1,80809927,20190322,WAH CHNG WENG
fintech,sg,2019Q2,66448604,20190418,VECHAIN FOUNDATION LTD
fintech,sg,2019Q2,66999890,20190605,AON GLOBAL OPERATIONS LTD SINGAPORE BRANCH | AON GLOBAL OPERATIONS PLC SINGAPORE BRANCH | AON GLOBAL OPERATIONS SE SINGAPORE BRANCH
fintech,sg,2019Q2,67385673,20190531,ADVANIDE HOLDINGS PTE LTD
fintech,sg,2019Q2,68240621,20190419,TSLC PTE LTD
fintech,sg,2019Q2,68466063,20190506,INZSURE PTE LTD
fintech,sg,2019Q2,68694135,20190531,AON GLOBAL OPERATIONS LTD SINGAPORE BRANCH | AON GLOBAL OPERATIONS PLC SINGAPORE BRANCH | AON GLOBAL OPERATIONS SE SINGAPORE BRANCH
fintech,sg,2019Q2,68765686,20190607,ROSS DIGITAL PTD LTD | ROSS DIGITAL PTE LTD
fintech,sg,2019Q2,68981729,20190513,MASTERCARD ASIA PACIFIC PTE LTD
fintech,sg,2019Q2,72643811,20190628,OPTIONNALYTICS PTE LTD
fintech,sg,2019Q2,72667603,20190402,EUREKA ANALYTICS PTE LTD
fintech,sg,2019Q2,73017599,20190502,SETIA SAHIL
fintech,sg,2019Q2,73028643,20190502,SINGAPORE AIRLINES LTD
fintech,sg,2019Q2,73697212,20190430,ICO PLATFORM PTE LTD
fintech,sg,2019Q2,73790875,20190521,WEALTHTREESG PRIVATE LTD
fintech,sg,2019Q2,74061147,20190625,BITMAINTECH PTE LTD
fintech,sg,2019Q2,88097281,20190620,MARVELL ASIA PTE LTD
fintech,sg,2019Q3,65957014,20190829,ANTCHAIN TECH PTE LTD
fintech,sg,2019Q3,67470674,20190703,GMO GLOBALSIGN PTE LTD
fintech,sg,2019Q3,67851207,20190805,GENESISPRO PTE LTD
fintech,sg,2019Q3,68165595,20190701,EDKINS STEPHEN
fintech,sg,2019Q3,68839333,20190828,AON GLOBAL OPERATIONS LTD SINGAPORE BRANCH | AON GLOBAL OPERATIONS SE SINGAPORE BRANCH
fintech,sg,2019Q3,69138424,20190712,CYBAVO PTE LTD
fintech,sg,2019Q3,69164541,20190717,UMITRON PTE LTD
fintech,sg,2019Q3,69719581,20190911,BITCLAVE PTE LTD
fintech,sg,2019Q3,69719815,20190911,BITCLAVE PTE LTD
fintech,sg,2019Q3,69883558,20190926,UST GLOBAL SINGAPORE PTE LTD
fintech,sg,2019Q3,74066482,20190903,MBP INSIGHTS INC
fintech,sg,2019Q3,74344028,20190715,HRIBOVSEK FRANCOIS | NAIR Syam Sasidharan
fintech,sg,2019Q3,74681622,20190829,MASTERCARD ASIA PACIFIC PTE LTD
fintech,sg,2019Q3,74689401,20190814,WEALTHTREESG PRIVATE LTD
fintech,sg,2019Q3,74852813,20190906,JAIN ANCHAL | SYNOPTION PTE LTD
fintech,sg,2019Q3,74869649,20190912,MASTERCARD LABS KENYA HOLDINGS PTE LTD
fintech,sg,2019Q3,75163299,20190926,MASTERCARD ASIA PACIFIC PTE LTD
fintech,sg,2019Q3,75174512,20190821,SLEDGER FOUND PTE LTD
fintech,sg,2019Q3,83149870,20190819,MARVELL ASIA PTE LTD
fintech,sg,2019Q4,59413828,20191216,ADVANCED NOVA TECH SINGAPORE HOLDING PTE LTD
fintech,sg,2019Q4,67235279,20191015,ANTCHAIN TECH PTE LTD
fintech,sg,2019Q4,69568326,20191219,ETHERSECURITY PACIFIC HOLDINGS PTE LTD | KAMON SHOHEI | KIKUCHI KO
fintech,sg,2019Q4,69718953,20191018,MAD TECH FOUNDATION LTD
fintech,sg,2019Q4,70050951,20191007,FRESHTOHOME PTE LTD
fintech,sg,2019Q4,70615160,20191211,MASTERCARD ASIA PACIFIC PTE LTD
fintech,sg,2019Q4,70770833,20191122,LENOVO ENTPR SOLUTIONS SINGAPORE PTE LTD
fintech,sg,2019Q4,71071567,20191213,AMARIS AI PTE LTD
fintech,sg,2019Q4,71128323,20191120,BIGO TECH PTE LTD
fintech,sg,2019Q4,71613803,20191231,UPPSALA PTE LTD
fintech,sg,2019Q4,73034389,20191107,ALIPAY LABS SINGAPORE PTE LTD
fintech,sg,2019Q4,75384046,20191010,INFO COMMUNICATIONS MEDIA DEV AUTHORITY | STANDARD CHARTERED BANK SINGAPORE LTD | THE MONETARY AUTHORITY OF SINGAPORE
fintech,sg,2019Q4,75686354,20191105,MASTERCARD ASIA PACIFIC PTE LTD
fintech,sg,2019Q4,75913112,20191113,VOXP PTE LTD
fintech,sg,2019Q4,75974065,20191122,MASTERCARD ASIA PACIFIC PTE LTD
fintech,sg,2019Q4,76317617,20191211,MASTERCARD ASIA PACIFIC PTE LTD
fintech,sg,2019Q4,76547461,20191231,AMC FUTURE TECH PTE LTD | AXP Solutions Pte Ltd
fintech,sg,2019Q4,76894433,20191231,DINO TECH PTE LTD
fintech,sg,2020Q1,67189108,20200122,ANTCHAIN TECH PTE LTD
fintech,sg,2020Q1,69166682,20200108,LONDOBELL LABS PTE LTD | MACHI KOJI
fintech,sg,2020Q1,69726689,20200212,AON GLOBAL OPERATIONS LTD SINGAPORE BRANCH | AON GLOBAL OPERATIONS PLC SINGAPORE BRANCH | AON GLOBAL OPERATIONS SE SINGAPORE BRANCH | Aon Global Operations Ltd (Singapore Branch)
fintech,sg,2020Q1,70155342,20200305,TRAX TECH SOLUTIONS PIE LTD | TRAX TECHNOLIGY SOLUTION PTE LTD | TRAX TECHNOLOGY SOLUTIONS PTE LTD
fintech,sg,2020Q1,70615302,20200109,ALIPAY LABS SINGAPORE PTE LTD
fintech,sg,2020Q1,70615303,20200109,ALIPAY LABS SINGAPORE PTE LTD
fintech,sg,2020Q1,71517193,20200326,ALIPAY LABS SINGAPORE PTE LTD
fintech,sg,2020Q1,72042201,20200217,AMARISAI PTE LTD
fintech,sg,2020Q1,72355632,20200108,ALIPAY LABS SINGAPORE PTE LTD
fintech,sg,2020Q1,72355633,20200106,ALIPAY LABS SINGAPORE PTE LTD
fintech,sg,2020Q1,72355636,20200108,ALIPAY LABS SINGAPORE PTE LTD
fintech,sg,2020Q1,72355640,20200220,ALIPAY LABS SINGAPORE PTE LTD
fintech,sg,2020Q1,72355658,20200206,ALIPAY LABS SINGAPORE PTE LTD
fintech,sg,2020Q1,72424753,20200312,GO PLUS HOLDINGS PTE LTD
fintech,sg,2020Q1,72425946,20200316,BILLI TECH PTE LTD
fintech,sg,2020Q1,73498220,20200304,GROUP IB GLOBAL PRIVATE LTD | GRUPP AJ BI GLOBAL PRAJVET LTD
fintech,sg,2020Q1,76787629,20200107,ALIPAY LABS SINGAPORE PTE LTD
fintech,sg,2020Q1,76788395,20200107,ALIPAY LABS SINGAPORE PTE LTD
fintech,sg,2020Q1,76992436,20200122,CXA GROUP PTE LTD
fintech,sg,2020Q1,77200838,20200207,STANDARD CHARTERED BANK SINGAPORE LTD
fintech,sg,2020Q1,77272892,20200217,JAIN ANCHAL | SYNOPTION PTE LTD
fintech,sg,2020Q1,77617506,20200312,MASTERCARD ASIA PACIFIC PTE LTD
fintech,sg,2020Q1,77670736,20200313,DOXA HOLDINGS INT PTE LTD
fintech,sg,2020Q1,77670775,20200311,GRABTAXI HOLDINGS PTE LTD
fintech,sg,2020Q1,77771163,20200317,STANDARD CHARTERED BANK SINGAPORE LTD
fintech,sg,2020Q1,77892780,20200323,GRABTAXI HOLDINGS PTE LTD
fintech,sg,2020Q2,70501931,20200514,ADVANCED NOVA TECH SINGAPORE HOLDING PTE LTD | ALIPAY LABS SINGAPORE PTE LTD
fintech,sg,2020Q2,70558480,20200515,ALIPAY LABS SINGAPORE PTE LTD
fintech,sg,2020Q2,72145144,20200608,ALIPAY LABS SINGAPORE PTE LTD | ANTCHAIN TECH PTE LTD
fintech,sg,2020Q2,72145146,20200608,ALIPAY LABS SINGAPORE PTE LTD
fintech,sg,2020Q2,72145147,20200608,ALIPAY LABS SINGAPORE PTE LTD
fintech,sg,2020Q2,72145148,20200612,ALIPAY LABS SINGAPORE PTE LTD
fintech,sg,2020Q2,72145149,20200608,ALIPAY LABS SINGAPORE PTE LTD
fintech,sg,2020Q2,72145150,20200612,ALIPAY LABS SINGAPORE PTE LTD
fintech,sg,2020Q2,72290711,20200504,ALIPAY LABS SINGAPORE PTE LTD
fintech,sg,2020Q2,73290357,20200424,MIGHTY JAXX INT PTE LTD
fintech,sg,2020Q2,73698200,20200504,ALIPAY LABS SINGAPORE PTE LTD
fintech,sg,2020Q2,73698201,20200504,ALIPAY LABS SINGAPORE PTE LTD
fintech,sg,2020Q2,73782231,20200608,MBP INSIGHTS INC
fintech,sg,2020Q2,74061953,20200626,ALPHA DIRECT INSURTECH PTE LTD
fintech,sg,2020Q2,74218981,20200504,ALIPAY LABS SINGAPORE PTE LTD
fintech,sg,2020Q2,75897990,20200527,SOCASH PTE LTD
fintech,sg,2020Q2,75965276,20200527,SOCASH PTE LTD
fintech,sg,2020Q2,77922163,20200406,MASTERCARD ASIA | MASTERCARD ASIA PACIFIC PTE LTD
fintech,sg,2020Q2,77929401,20200402,GOPI KANNAN G JAPHIRE
fintech,sg,2020Q2,78082286,20200417,LENOVO SINGAPORE PTE LTD
fintech,sg,2020Q2,78084823,20200416,SLIP PAY TECH PTE LTD
fintech,sg,2020Q2,78269747,20200421,GRABTAXI HOLDINGS PTE LTD
fintech,sg,2020Q2,78293026,20200430,MASTERCARD ASIA PACIFIC PTE LTD
fintech,sg,2020Q2,78524681,20200513,CHEONG SIMON KAI TSE
fintech,sg,2020Q2,79031119,20200624,MASTERCARD ASIA | MASTERCARD ASIA PACIFIC PTE LTD
fintech,sg,2020Q2,79031148,20200624,MASTERCARD ASIA | MASTERCARD ASIA PACIFIC PTE LTD
fintech,sg,2020Q2,79281628,20200626,YONG HAI TECH PTE LTD
fintech,sg,2020Q2,80002172,20200425,HALF EPSILON PTE LTD
fintech,sg,2020Q3,72039651,20200729,AON GLOBAL OPERATIONS PLC SINGAPORE BRANCH
fintech,sg,2020Q3,72744828,20200923,AON GLOBAL OPERATIONS SE SINGAPORE BRANCH
fintech,sg,2020Q3,73745606,20200810,MBP INSIGHTS INC
fintech,sg,2020Q3,74569386,20200805,MBP INSIGHTS INC
fintech,sg,2020Q3,74679958,20200904,HDR SG PTE LTD
fintech,sg,2020Q3,74758380,20200703,ALIPAY LABS SINGAPORE PTE LTD
fintech,sg,2020Q3,75166519,20200926,LIM KIM HWA
fintech,sg,2020Q3,76068028,20200703,ALIPAY LABS SINGAPORE PTE LTD
fintech,sg,2020Q3,76372354,20200703,ALIPAY LABS SINGAPORE PTE LTD
fintech,sg,2020Q4,70787186,20201027,ALIPAY LABS SINGAPORE PTE LTD
fintech,sg,2020Q4,70880853,20201027,ALIPAY LABS SINGAPORE PTE LTD
fintech,sg,2020Q4,70954027,20201027,ALIPAY LABS SINGAPORE PTE LTD
fintech,sg,2020Q4,71170976,20201027,ALIPAY LABS SINGAPORE PTE LTD
fintech,sg,2020Q4,71679485,20201027,ALIPAY LABS SINGAPORE PTE LTD
fintech,sg,2020Q4,71901844,20201027,ALIPAY LABS SINGAPORE PTE LTD
fintech,sg,2020Q4,75437536,20201012,EDWARDS PAUL JEYASINGHAM | PAUL JEYASINGHAM EDWARDS
fintech,sg,2020Q4,75491227,20201015,AFFLE INT PTE LTD
fintech,sg,2020Q4,75981752,20201016,WHALESAVE PTE LTD
fintech,sg,2020Q4,76438591,20201218,BITMAINTECH PTE LTD | STRAITDEER PTE LTD
fintech,sg,2020Q4,76689734,20201001,AMC FUTURE TECH PTE LTD
fintech,sg,2020Q4,78608034,20201127,DIGITAL ENTERTAINMENT ASSET PTE LTD
fintech,sg,2021Q1,70829351,20210107,GATE INFORMATION PTE LTD
fintech,sg,2021Q1,74141393,20210108,PARALLELCHAIN LAB PRIVATE LTD
fintech,sg,2021Q1,75278314,20210325,ORAICHAIN PTE LTD
fintech,sg,2021Q1,75340234,20210318,THE HONGKONG AND SHANGHAI BANKING CORPORATION LTD
fintech,sg,2021Q1,77391113,20210219,SINGAPORE TELECOMMUNICATIONS LTD
fintech,sg,2021Q1,77849131,20210218,SOCASH PTE LTD
fintech,sg,2021Q1,78084645,20210324,ALIPAY LABS SINGAPORE PTE LTD
fintech,sg,2021Q1,78911801,20210326,ALIPAY LABS SINGAPORE PTE LTD
fintech,sg,2021Q1,80685515,20210331,LENOVO SINGAPORE PTE LTD
fintech,sg,2021Q1,83363460,20210326,LENOVO ENTPR SOLUTIONS SINGAPORE PTE LTD
fintech,sg,2021Q1,83363541,20210325,ISKY RES PTE LTD
fintech,sg,2021Q2,70860226,20210604,ANDERSON MICHAEL
fintech,sg,2021Q2,72006014,20210423,ALIPAY LABS SINGAPORE PTE LTD
fintech,sg,2021Q2,72200631,20210521,ALIPAY LABS SINGAPORE PTE LTD
fintech,sg,2021Q2,72329278,20210511,ALIPAY LABS SINGAPORE PTE LTD
fintech,sg,2021Q2,75728609,20210416,FORIS TECH PTE LTD
fintech,sg,2021Q2,77921912,20210622,ALIPAY LABS SINGAPORE PTE LTD
fintech,sg,2021Q2,78169400,20210623,ALIPAY LABS SINGAPORE PTE LTD
fintech,sg,2021Q2,78391359,20210625,SENSETIME INT PTE LTD
fintech,sg,2021Q2,78512595,20210510,HDR SG PTE LTD
fintech,sg,2021Q2,78828722,20210630,ALIPAY LABS SINGAPORE PTE LTD
fintech,sg,2021Q2,79031166,20210517,MASTERCARD ASIA PACIFIC PTE LTD
fintech,sg,2021Q2,79167041,20210630,MASTERCARD ASIA PACIFIC PTE LTD
fintech,sg,2021Q2,79585329,20210623,ALIPAY LABS SINGAPORE PTE LTD
fintech,sg,2021Q2,80323096,20210531,ECOMMERCE ENABLERS PTE LTD
fintech,sg,2021Q2,84364485,20210610,YU FONG CHUAN JULIAN
fintech,sg,2021Q2,84425394,20210610,PROVIDEND LTD
fintech,sg,2021Q2,84489326,20210622,CONFIRMU PTE LTD
fintech,sg,2021Q2,84490264,20210617,MASTERCARD ASIA | MASTERCARD ASIA PACIFIC PTE LTD
fintech,sg,2021Q3,77857785,20210805,GivePlease Pte Ltd
fintech,sg,2021Q3,77923876,20210811,AMC FUTURE TECH PTE LTD
fintech,sg,2021Q3,77998744,20210927,LENOVO SINGAPORE PTE LTD
fintech,sg,2021Q3,78476670,20210823,JAVIS Holdings Pte Ltd
fintech,sg,2021Q3,78704708,20210816,MBP INSIGHTS INC
fintech,sg,2021Q3,80004382,20210729,LYVES HATCHER PTE LTD
fintech,sg,2021Q3,80115135,20210701,ALIPAY LABS SINGAPORE PTE LTD
fintech,sg,2021Q3,80323103,20210817,LYTE VENTURES PTE LTD
fintech,sg,2021Q3,80950632,20210903,MEDLYVES PTE LTD
fintech,sg,2021Q3,83666666,20210715,METAVERSE GREEN EXCHANGE PTE LTD | MVGX TECH PTE LTD
fintech,sg,2021Q3,85037735,20210729,OPEN4SALE INT PTE LTD
fintech,sg,2021Q3,85228650,20210817,MASTERCARD ASIA PACIFIC PTE LTD
fintech,sg,2021Q3,85412647,20210831,EDDE PTE LTD
fintech,sg,2021Q3,85507504,20210910,TEOH TZE KEN JONATHAN JULIAN
fintech,sg,2021Q4,79731095,20211228,LENOVO SINGAPORE PTE LTD
fintech,sg,2021Q4,81077831,20211220,TRAX TECHNOLOGY SOLUTIONS PTE LTD
fintech,sg,2021Q4,81257333,20211028,BLACKPANDA PTE LTD
fintech,sg,2021Q4,83695717,20211014,ALIPAY LABS SINGAPORE PTE LTD
fintech,sg,2021Q4,84103813,20211217,PARTIOR PTE LTD
fintech,sg,2021Q4,85785354,20211004,GUAN ZHIYUAN
fintech,sg,2021Q4,86229240,20211108,HYTTO PTE LTD
fintech,sg,2022Q1,81326139,20220323,LENOVO SINGAPORE LTD | LENOVO SINGAPORE PTE LTD
fintech,sg,2022Q1,82901186,20220223,BIT TRAP PTE LTD
fintech,sg,2022Q1,83050168,20220222,NAT UNIV SINGAPORE
fintech,sg,2022Q1,83398099,20220318,GRABTAXI HOLDINGS PTE LTD
fintech,sg,2022Q1,88193066,20220331,LENOVO SINGAPORE PTE LTD
fintech,sg,2022Q2,80737227,20220623,RIDY PTE LTD
fintech,sg,2022Q2,81750445,20220503,TRAX TECHNOLOGY SOLUTIONS PTE LTD
fintech,sg,2022Q2,81940439,20220421,LENOVO SINGAPORE PTE LTD
fintech,sg,2022Q2,83846710,20220427,UNITED CREST HEALTHCARE PTE LTD COMPANY
fintech,sg,2022Q2,84103849,20220517,MASTERCARD ASIA PACIFIC PTE LTD
fintech,sg,2022Q2,84389934,20220607,MASTERCARD ASIA PACIFIC PTE LTD
fintech,sg,2022Q2,84424455,20220606,DYNASTY ESPORTS PTE LTD
fintech,sg,2022Q2,84489286,20220601,DAVIES GARETH
fintech,sg,2022Q2,84546003,20220620,GP NETWORK ASIA PTE LTD
fintech,sg,2022Q2,84546017,20220606,GP NETWORK ASIA PTE LTD
fintech,sg,2022Q2,84706480,20220616,GP NETWORK ASIA PTE LTD
fintech,sg,2022Q2,84706487,20220627,GP NETWORK ASIA PTE LTD
fintech,sg,2022Q2,84706532,20220608,GP NETWORK ASIA PTE LTD
fintech,sg,2022Q2,84801373,20220628,KANZBITAQA PTE LTD
fintech,sg,2022Q2,86607671,20220606,M LEAGUE LTD | M LEAGUE PTE LTD
fintech,sg,2022Q2,88202947,20220401,RAKUTEN SYMPHONY SINGAPORE PTE LTD
fintech,sg,2022Q2,88202953,20220401,RAKUTEN SYMPHONY SINGAPORE PTE LTD
fintech,sg,2022Q2,88330024,20220413,RAKUTEN SYMPHONY SINGAPORE PTE LTD
fintech,sg,2022Q2,88512371,20220428,RAKUTEN SYMPHONY SINGAPORE PTE LTD
fintech,sg,2022Q2,88730784,20220513,RAKUTEN SYMPHONY SINGAPORE PTE LTD
fintech,sg,2022Q2,88791805,20220519,HYTTO PTE LTD
fintech,sg,2022Q2,88792675,20220630,VALDIMIR PTE LTD
fintech,sg,2022Q2,88835643,20220519,DBS BANK LTD
fintech,sg,2022Q2,89025402,20220602,RAKUTEN SYMPHONY SINGAPORE PTE LTD
fintech,sg,2022Q2,89168595,20220616,AIO TECH RESERVE PTE LTD
fintech,sg,2022Q2,89380363,20220624,RAKUTEN SYMPHONY SINGAPORE PTE LTD
fintech,sg,2022Q2,89380863,20220627,RAKUTEN SYMPHONY SINGAPORE PTE LTD
fintech,sg,2022Q3,78304763,20220715,ENVISION DIGITAL INT PTE LTD
fintech,sg,2022Q3,79008849,20220909,ENVISION DIGITAL INT PTE LTD
fintech,sg,2022Q3,79276595,20220921,ENVISION DIGITAL INT PTE LTD
fintech,sg,2022Q3,84798426,20220712,KAEO TECH PTE LTD
fintech,sg,2022Q3,84802142,20220708,NAT UNIV SINGAPORE
fintech,sg,2022Q3,85413167,20220817,GP NETWORK ASIA PTE LTD
fintech,sg,2022Q3,85572731,20220920,MASTERCARD ASIA PACIFIC PTE LTD
fintech,sg,2022Q3,86397976,20220916,GRABTAXI HOLDINGS PTE LTD
fintech,sg,2022Q3,87069819,20220929,PI XCELS PTE LTD
fintech,sg,2022Q3,87163210,20220909,HYTTO PTE LTD
fintech,sg,2022Q3,89510106,20220714,MASTERCARD ASIA PACIFIC PTE LTD
fintech,sg,2022Q3,89510125,20220718,LENOVO SINGAPORE PTE LTD
fintech,sg,2022Q3,89942112,20220815,MVGX TECH PTE LTD
fintech,sg,2022Q3,90098467,20220831,RAKUTEN SYMPHONY SINGAPORE PTE LTD
fintech,sg,2022Q3,90275569,20220915,GUETA LOUNELL BAHOY | KITAJIMA YUSUKE
fintech,sg,2022Q3,90275572,20220915,ISHII TOSHIKI | KITAJIMA YUSUKE | PATIT PABAN GOSWAMI RAJAT GOSWAMI
fintech,sg,2022Q3,90454931,20220922,RAKUTEN SYMPHONY SINGAPORE PTE LTD
fintech,sg,2022Q4,80379282,20221102,BIGO TECH PTE LTD
fintech,sg,2022Q4,84462821,20221116,DBS BANK LTD
fintech,sg,2022Q4,85476345,20221216,PARTIOR PTE LTD
fintech,sg,2022Q4,86057043,20221006,MASTERCARD ASIA PACIFIC PTE LTD
fintech,sg,2022Q4,86242264,20221020,GRABTAXI HOLDINGS PTE LTD
fintech,sg,2022Q4,86242266,20221104,GRABTAXI HOLDINGS PTE LTD
fintech,sg,2022Q4,86323784,20221115,MASTERCARD ASIA PACIFIC PTE LTD
fintech,sg,2022Q4,86383985,20221122,VISAK FINANCIAL TECH PTE LTD
fintech,sg,2022Q4,87000402,20221223,GP NETWORK ASIA PTE LTD
fintech,sg,2022Q4,87000405,20221215,GP NETWORK ASIA PTE LTD | GSHIELD ASIA PTE LTD
fintech,sg,2022Q4,87000409,20221228,GP NETWORK ASIA PTE LTD
fintech,sg,2022Q4,87000414,20221227,GSHIELD ASIA PTE LTD
fintech,sg,2022Q4,89576668,20221111,WINDY HILL PTE LTD
fintech,sg,2022Q4,90574348,20221011,SUPERSYMMETRY PTE LTD
fintech,sg,2022Q4,90738095,20221018,RAKUTEN SYMPHONY SINGAPORE PTE LTD
fintech,sg,2022Q4,90931229,20221031,RAKUTEN SYMPHONY SINGAPORE PTE LTD
fintech,sg,2022Q4,91196479,20221125,TENPAY GLOBAL PTE LTD
fintech,sg,2023Q1,81509267,20230105,ALIPAY LABS SINGAPORE PTE LTD
fintech,sg,2023Q1,85727197,20230227,STF LABS PTE LTD
fintech,sg,2023Q1,87280165,20230110,PI XCELS PTE LTD
fintech,sg,2023Q1,88102257,20230317,GreenArc Capital
fintech,sg,2023Q1,89576796,20230201,ORIENT G PTE LTD
fintech,sg,2023Q1,91472688,20230323,SPACEBRAINZ PRIVATE LTD
fintech,sg,2023Q1,91897360,20230109,TENPAY GLOBAL PTE LTD
fintech,sg,2023Q1,92420514,20230217,LAN LAN | LIN WUJUAN
fintech,sg,2023Q1,92500304,20230221,ALPACA RES PTE LTD
fintech,sg,2023Q2,80353744,20230404,MASTERCARD ASIA PACIFIC PTE LTD
fintech,sg,2023Q2,82460932,20230426,ALIPAY LABS SINGAPORE PTE LTD
fintech,sg,2023Q2,88244208,20230405,CLIMATE RESOURCES EXCHANGE INT PTE LTD
fintech,sg,2023Q2,88519449,20230424,SUN MOBILITY PTE LTD
fintech,sg,2023Q2,88699265,20230502,LEMON INC
fintech,sg,2023Q2,89028170,20230504,GRABTAXI HOLDINGS PTE LTD
fintech,sg,2023Q2,89169130,20230519,MASTERCARD ASIA PACIFIC PTE LTD
fintech,sg,2023Q2,89193164,20230516,GP NETWORK ASIA PTE LTD
fintech,sg,2023Q2,89380714,20230619,GP NETWORK ASIA PTE LTD
fintech,sg,2023Q2,92972559,20230404,DBS BANK LTD
fintech,sg,2023Q2,93929653,20230620,MASTERCARD ASIA PACIFIC PTE LTD
fintech,sg,2023Q3,85283419,20230926,DOOOGA TEC PTE LTD
fintech,sg,2023Q3,88372766,20230915,RAKUTEN ASIA PTE LTD
fintech,sg,2023Q3,89510119,20230928,ISKY RES PTE LTD
fintech,sg,2023Q3,90245739,20230712,HYTTO PTE LTD
fintech,sg,2023Q3,90275584,20230915,MASTERCARD ASIA | MASTERCARD ASIA PACIFIC PTE LTD
fintech,sg,2023Q3,90454086,20230921,M LEAGUE PTE LTD
fintech,sg,2023Q3,90738577,20230912,GRABTAXI HOLDINGS PTE LTD
fintech,sg,2023Q3,91963569,20230728,MARVELL ASIA PTE LTD
fintech,sg,2023Q3,94372286,20230724,MASTERCARD ASIA PACIFIC PTE LTD
fintech,sg,2023Q3,94373944,20230725,DESIWE TECH PTE LTD
fintech,sg,2023Q3,94608841,20230814,LENOVO SINGAPORE PTE LTD
fintech,sg,2023Q3,94688951,20230824,MASTERCARD ASIA PACIFIC PTE LTD
fintech,sg,2023Q3,94732601,20230824,KO IN CEK | LIN WUJUAN
fintech,sg,2023Q3,94975581,20230920,MARVELL ASIA PTE LTD
fintech,sg,2023Q3,95022428,20230915,GUETA LOUNELL BAHOY | KITAJIMA YUSUKE
fintech,sg,2023Q3,95156771,20230928,LENOVO ENTPR SOLUTIONS SINGAPORE PTE LTD
fintech,sg,2023Q3,95201813,20230929,GUETA LOUNELL BAHOY
fintech,sg,2023Q4,70978648,20231002,GMO GLOBALSIGN PTE LTD
fintech,sg,2023Q4,89029809,20231129,UNIV NANYANG TECH
fintech,sg,2023Q4,89535762,20231214,SMARTRX PTE LTD
fintech,sg,2023Q4,90627753,20231229,HYTTO PTE LTD
fintech,sg,2023Q4,92935061,20231113,MARVELL ASIA PTE LTD
fintech,sg,2023Q4,95582962,20231031,TENPAY GLOBAL PTE LTD
fintech,sg,2023Q4,95827145,20231121,INCOME INSURANCE LTD