family_id,publication_number,pub_country,filing_date,cpc_code,cpc_inventive,cpc_first,whitelist_hit,assignees,assignee_countries
54767245,CN-106663281-A,CN,20150601,G06Q40/08,true,true,fintech,AON SINGAPORE CENTRE FOR INNOVATION STRATEGY AND MAN PTE LTD,
54767245,CN-106663281-A8,CN,20150601,G06Q40/08,true,true,fintech,,
54767245,DE-202015009327-U1,DE,20150601,G06Q40/08,true,true,fintech,AON SINGAPORE CENTRE FOR INNOVATION STRATEGY AND MAN PTE LTD,SG
54767245,EP-3180761-A1,EP,20150601,G06Q40/08,true,true,fintech,AON SINGAPORE CENTRE FOR INNOVATION STRATEGY AND MAN PTE LTD,SG
54767245,EP-3180761-A4,EP,20150601,G06Q40/08,true,true,fintech,AON SINGAPORE CENTRE FOR INNOVATION STRATEGY AND MAN PTE LTD,SG
54767245,WO-2015187558-A1,WO,20150601,G06Q40/08,true,true,fintech,AON GLOBAL RISK RES LTD | CROSS STEPHEN W | MCGILL STEPHEN P | MILDENHALL STEPHEN JOHN MARTIN,",GB,IR,US"
58239605,EP-3346840-A1,EP,20160906,A01N59/16,true,false,,NAT UNIV SINGAPORE | UNIV NANYANG TECH,SG
58239605,EP-3346840-A1,EP,20160906,A01N59/16,true,false,,NAT UNIV SINGAPORE | UNIV NANYANG TECH,SG
58239605,EP-3346840-A1,EP,20160906,A01N59/26,true,false,,NAT UNIV SINGAPORE | UNIV NANYANG TECH,SG
58239605,EP-3346840-A1,EP,20160906,A61K31/7135,true,true,biomed,NAT UNIV SINGAPORE | UNIV NANYANG TECH,SG
58239605,EP-3346840-A1,EP,20160906,A61K31/7135,true,true,biomed,NAT UNIV SINGAPORE | UNIV NANYANG TECH,SG
58239605,EP-3346840-A1,EP,20160906,A61K33/242,true,false,biomed,NAT UNIV SINGAPORE | UNIV NANYANG TECH,SG
58239605,EP-3346840-A1,EP,20160906,A61K33/242,true,false,biomed,NAT UNIV SINGAPORE | UNIV NANYANG TECH,SG
58239605,EP-3346840-A1,EP,20160906,A61P31/04,true,false,biomed,NAT UNIV SINGAPORE | UNIV NANYANG TECH,SG
58239605,EP-3346840-A4,EP,20160906,A01N59/16,true,false,,NAT UNIV SINGAPORE | UNIV NANYANG TECH,SG
58239605,EP-3346840-A4,EP,20160906,A01N59/16,true,false,,NAT UNIV SINGAPORE | UNIV NANYANG TECH,SG
58239605,EP-3346840-A4,EP,20160906,A01N59/26,true,false,,NAT UNIV SINGAPORE | UNIV NANYANG TECH,SG
58239605,EP-3346840-A4,EP,20160906,A61K31/7135,true,true,biomed,NAT UNIV SINGAPORE | UNIV NANYANG TECH,SG
58239605,EP-3346840-A4,EP,20160906,A61K31/7135,true,true,biomed,NAT UNIV SINGAPORE | UNIV NANYANG TECH,SG
58239605,EP-3346840-A4,EP,20160906,A61K33/242,true,false,biomed,NAT UNIV SINGAPORE | UNIV NANYANG TECH,SG
58239605,EP-3346840-A4,EP,20160906,A61K33/242,true,false,biomed,NAT UNIV SINGAPORE | UNIV NANYANG TECH,SG
58239605,EP-3346840-A4,EP,20160906,A61P31/04,true,false,biomed,NAT UNIV SINGAPORE | UNIV NANYANG TECH,SG
58239605,US-10258640-B2,US,20160906,A01N43/16,true,false,,NAT UNIV SINGAPORE | UNIV NANYANG TECH,SG
58239605,US-10258640-B2,US,20160906,A01N59/16,true,false,,NAT UNIV SINGAPORE | UNIV NANYANG TECH,SG
58239605,US-10258640-B2,US,20160906,A01N59/16,true,false,,NAT UNIV SINGAPORE | UNIV NANYANG TECH,SG
58239605,US-10258640-B2,US,20160906,A01N59/16,true,false,,NAT UNIV SINGAPORE | UNIV NANYANG TECH,SG
58239605,US-10258640-B2,US,20160906,A01N59/26,true,false,,NAT UNIV SINGAPORE | UNIV NANYANG TECH,SG
58239605,US-10258640-B2,US,20160906,A01N59/26,true,false,,NAT UNIV SINGAPORE | UNIV NANYANG TECH,SG
58239605,US-10258640-B2,US,20160906,A61K31/7135,true,true,biomed,NAT UNIV SINGAPORE | UNIV NANYANG TECH,SG
58239605,US-10258640-B2,US,20160906,A61K31/7135,true,true,biomed,NAT UNIV SINGAPORE | UNIV NANYANG TECH,SG
58239605,US-10258640-B2,US,20160906,A61K31/7135,true,true,biomed,NAT UNIV SINGAPORE | UNIV NANYANG TECH,SG
58239605,US-10258640-B2,US,20160906,A61K33/24,true,false,biomed,NAT UNIV SINGAPORE | UNIV NANYANG TECH,SG
58239605,US-10258640-B2,US,20160906,A61K33/242,true,false,biomed,NAT UNIV SINGAPORE | UNIV NANYANG TECH,SG
58239605,US-10258640-B2,US,20160906,A61K33/242,true,false,biomed,NAT UNIV SINGAPORE | UNIV NANYANG TECH,SG
58239605,US-10258640-B2,US,20160906,A61P31/04,true,false,biomed,NAT UNIV SINGAPORE | UNIV NANYANG TECH,SG
58239605,US-2018243331-A1,US,20160906,A01N59/16,true,false,,NAT UNIV SINGAPORE | UNIV NANYANG TECH,SG
58239605,US-2018243331-A1,US,20160906,A01N59/16,true,false,,NAT UNIV SINGAPORE | UNIV NANYANG TECH,SG
58239605,US-2018243331-A1,US,20160906,A01N59/26,true,false,,NAT UNIV SINGAPORE | UNIV NANYANG TECH,SG
58239605,US-2018243331-A1,US,20160906,A01N59/26,true,false,,NAT UNIV SINGAPORE | UNIV NANYANG TECH,SG
58239605,US-2018243331-A1,US,20160906,A61K31/7135,true,true,biomed,NAT UNIV SINGAPORE | UNIV NANYANG TECH,SG
58239605,US-2018243331-A1,US,20160906,A61K31/7135,true,true,biomed,NAT UNIV SINGAPORE | UNIV NANYANG TECH,SG
58239605,US-2018243331-A1,US,20160906,A61K31/7135,true,true,biomed,NAT UNIV SINGAPORE | UNIV NANYANG TECH,SG
58239605,US-2018243331-A1,US,20160906,A61K33/242,true,false,biomed,NAT UNIV SINGAPORE | UNIV NANYANG TECH,SG
58239605,US-2018243331-A1,US,20160906,A61K33/242,true,false,biomed,NAT UNIV SINGAPORE | UNIV NANYANG TECH,SG
58239605,US-2018243331-A1,US,20160906,A61P31/04,true,false,biomed,NAT UNIV SINGAPORE | UNIV NANYANG TECH,SG
58239605,WO-2017044044-A1,WO,20160906,A01N59/16,true,false,,NAT UNIV SINGAPORE | UNIV NANYANG TECH,SG
58239605,WO-2017044044-A1,WO,20160906,A01N59/16,true,false,,NAT UNIV SINGAPORE | UNIV NANYANG TECH,SG
58239605,WO-2017044044-A1,WO,20160906,A01N59/26,true,false,,NAT UNIV SINGAPORE | UNIV NANYANG TECH,SG
58239605,WO-2017044044-A1,WO,20160906,A61K31/7135,true,true,biomed,NAT UNIV SINGAPORE | UNIV NANYANG TECH,SG
58239605,WO-2017044044-A1,WO,20160906,A61K31/7135,true,true,biomed,NAT UNIV SINGAPORE | UNIV NANYANG TECH,SG
58239605,WO-2017044044-A1,WO,20160906,A61K33/242,true,false,biomed,NAT UNIV SINGAPORE | UNIV NANYANG TECH,SG
58239605,WO-2017044044-A1,WO,20160906,A61K33/242,true,false,biomed,NAT UNIV SINGAPORE | UNIV NANYANG TECH,SG
58239605,WO-2017044044-A1,WO,20160906,A61P31/04,true,false,biomed,NAT UNIV SINGAPORE | UNIV NANYANG TECH,SG
59439902,CN-107015882-A,CN,20161226,G06F11/1004,true,false,,ALIBABA GROUP HOLDING LTD,
59439902,CN-107015882-A,CN,20161226,G06F11/1004,true,false,,ALIBABA GROUP HOLDING LTD,
59439902,CN-107015882-A,CN,20161226,G06F11/1004,true,true,,ALIBABA GROUP HOLDING LTD,
59439902,CN-107015882-A,CN,20161226,G06F11/1004,true,true,,ALIBABA GROUP HOLDING LTD,
59439902,CN-107015882-A,CN,20161226,G06F16/9027,true,false,,ALIBABA GROUP HOLDING LTD,
59439902,CN-107015882-A,CN,20161226,G06F21/64,true,false,,ALIBABA GROUP HOLDING LTD,
59439902,CN-107015882-A,CN,20161226,G06F21/64,true,true,,ALIBABA GROUP HOLDING LTD,
59439902,CN-107015882-A,CN,20161226,G06Q20/389,true,false,fintech,ALIBABA GROUP HOLDING LTD,
59439902,CN-107015882-A,CN,20161226,G06Q20/389,true,false,fintech,ALIBABA GROUP HOLDING LTD,
59439902,CN-107015882-A,CN,20161226,G06Q20/389,true,false,fintech,ALIBABA GROUP HOLDING LTD,
59439902,CN-107015882-A,CN,20161226,G06Q20/389,true,false,fintech,ALIBABA GROUP HOLDING LTD,
59439902,CN-107015882-A,CN,20161226,H04L9/0637,true,false,,ALIBABA GROUP HOLDING LTD,
59439902,CN-107015882-A,CN,20161226,H04L9/0643,true,false,,ALIBABA GROUP HOLDING LTD,
59439902,CN-107015882-A,CN,20161226,H04L9/0891,true,false,,ALIBABA GROUP HOLDING LTD,
59439902,CN-107015882-A,CN,20161226,H04L9/16,true,false,,ALIBABA GROUP HOLDING LTD,
59439902,CN-107015882-A,CN,20161226,H04L9/3236,true,true,,ALIBABA GROUP HOLDING LTD,
59439902,CN-107015882-A,CN,20161226,H04L9/3239,true,false,,ALIBABA GROUP HOLDING LTD,
59439902,CN-107015882-A,CN,20161226,H04L9/50,true,false,,ALIBABA GROUP HOLDING LTD,
59439902,CN-107015882-A,CN,20161226,H04L9/50,false,false,,ALIBABA GROUP HOLDING LTD,
59439902,CN-107015882-B,CN,20161226,G06F11/1004,true,false,,,
59439902,CN-107015882-B,CN,20161226,G06F11/1004,true,true,,,
59439902,CN-107015882-B,CN,20161226,G06F11/1004,true,false,,,
59439902,CN-107015882-B,CN,20161226,G06F11/1004,true,true,,,
59439902,CN-107015882-B,CN,20161226,G06F16/9027,true,false,,,
59439902,CN-107015882-B,CN,20161226,G06F21/64,true,false,,,
59439902,CN-107015882-B,CN,20161226,G06F21/64,true,true,,,
59439902,CN-107015882-B,CN,20161226,G06Q20/389,true,false,fintech,,
59439902,CN-107015882-B,CN,20161226,G06Q20/389,true,false,fintech,,
59439902,CN-107015882-B,CN,20161226,G06Q20/389,true,false,fintech,,
59439902,CN-107015882-B,CN,20161226,G06Q20/389,true,false,fintech,,
59439902,CN-107015882-B,CN,20161226,H04L9/0637,true,false,,,
59439902,CN-107015882-B,CN,20161226,H04L9/0643,true,false,,,
59439902,CN-107015882-B,CN,20161226,H04L9/0891,true,false,,,
59439902,CN-107015882-B,CN,20161226,H04L9/16,true,false,,,
59439902,CN-107015882-B,CN,20161226,H04L9/3236,true,true,,,
59439902,CN-107015882-B,CN,20161226,H04L9/3239,true,false,,,
59439902,CN-107015882-B,CN,20161226,H04L9/50,true,false,,,
59439902,CN-107015882-B,CN,20161226,H04L9/50,false,false,,,
59439902,EP-3561674-A1,EP,20171218,G06F11/1004,true,false,,ALIBABA GROUP HOLDING LTD,KY
59439902,EP-3561674-A1,EP,20171218,G06F11/1004,true,false,,ALIBABA GROUP HOLDING LTD,KY
59439902,EP-3561674-A1,EP,20171218,G06F11/1004,true,true,,ALIBABA GROUP HOLDING LTD,KY
59439902,EP-3561674-A1,EP,20171218,G06F11/1004,true,true,,ALIBABA GROUP HOLDING LTD,KY
59439902,EP-3561674-A1,EP,20171218,G06F16/9027,true,false,,ALIBABA GROUP HOLDING LTD,KY
59439902,EP-3561674-A1,EP,20171218,G06F21/64,true,false,,ALIBABA GROUP HOLDING LTD,KY
59439902,EP-3561674-A1,EP,20171218,G06F21/64,true,true,,ALIBABA GROUP HOLDING LTD,KY
59439902,EP-3561674-A1,EP,20171218,G06Q20/389,true,false,fintech,ALIBABA GROUP HOLDING LTD,KY
59439902,EP-3561674-A1,EP,20171218,G06Q20/389,true,false,fintech,ALIBABA GROUP HOLDING LTD,KY
59439902,EP-3561674-A1,EP,20171218,G06Q20/389,true,false,fintech,ALIBABA GROUP HOLDING LTD,KY
59439902,EP-3561674-A1,EP,20171218,G06Q20/389,true,false,fintech,ALIBABA GROUP HOLDING LTD,KY
59439902,EP-3561674-A1,EP,20171218,H04L9/0637,true,false,,ALIBABA GROUP HOLDING LTD,KY
59439902,EP-3561674-A1,EP,20171218,H04L9/0643,true,false,,ALIBABA GROUP HOLDING LTD,KY
59439902,EP-3561674-A1,EP,20171218,H04L9/0891,true,false,,ALIBABA GROUP HOLDING LTD,KY
59439902,EP-3561674-A1,EP,20171218,H04L9/16,true,false,,ALIBABA GROUP HOLDING LTD,KY
59439902,EP-3561674-A1,EP,20171218,H04L9/3236,true,true,,ALIBABA GROUP HOLDING LTD,KY
59439902,EP-3561674-A1,EP,20171218,H04L9/3239,true,false,,ALIBABA GROUP HOLDING LTD,KY
59439902,EP-3561674-A1,EP,20171218,H04L9/50,true,false,,ALIBABA GROUP HOLDING LTD,KY
59439902,EP-3561674-A1,EP,20171218,H04L9/50,false,false,,ALIBABA GROUP HOLDING LTD,KY
59439902,EP-3561674-A4,EP,20171218,G06F11/1004,true,false,,ALIBABA GROUP HOLDING LTD,KY
59439902,EP-3561674-A4,EP,20171218,G06F11/1004,true,true,,ALIBABA GROUP HOLDING LTD,KY
59439902,EP-3561674-A4,EP,20171218,G06F11/1004,true,false,,ALIBABA GROUP HOLDING LTD,KY
59439902,EP-3561674-A4,EP,20171218,G06F11/1004,true,true,,ALIBABA GROUP HOLDING LTD,KY
59439902,EP-3561674-A4,EP,20171218,G06F16/9027,true,false,,ALIBABA GROUP HOLDING LTD,KY
59439902,EP-3561674-A4,EP,20171218,G06F21/64,true,false,,ALIBABA GROUP HOLDING LTD,KY
59439902,EP-3561674-A4,EP,20171218,G06F21/64,true,true,,ALIBABA GROUP HOLDING LTD,KY
59439902,EP-3561674-A4,EP,20171218,G06Q20/389,true,false,fintech,ALIBABA GROUP HOLDING LTD,KY
59439902,EP-3561674-A4,EP,20171218,G06Q20/389,true,false,fintech,ALIBABA GROUP HOLDING LTD,KY
59439902,EP-3561674-A4,EP,20171218,G06Q20/389,true,false,fintech,ALIBABA GROUP HOLDING LTD,KY
59439902,EP-3561674-A4,EP,20171218,G06Q20/389,true,false,fintech,ALIBABA GROUP HOLDING LTD,KY
59439902,EP-3561674-A4,EP,20171218,H04L9/0637,true,false,,ALIBABA GROUP HOLDING LTD,KY
59439902,EP-3561674-A4,EP,20171218,H04L9/0643,true,false,,ALIBABA GROUP HOLDING LTD,KY
59439902,EP-3561674-A4,EP,20171218,H04L9/0891,true,false,,ALIBABA GROUP HOLDING LTD,KY
59439902,EP-3561674-A4,EP,20171218,H04L9/16,true,false,,ALIBABA GROUP HOLDING LTD,KY
59439902,EP-3561674-A4,EP,20171218,H04L9/3236,true,true,,ALIBABA GROUP HOLDING LTD,KY
59439902,EP-3561674-A4,EP,20171218,H04L9/3239,true,false,,ALIBABA GROUP HOLDING LTD,KY
59439902,EP-3561674-A4,EP,20171218,H04L9/50,true,false,,ALIBABA GROUP HOLDING LTD,KY
59439902,EP-3561674-A4,EP,20171218,H04L9/50,false,false,,ALIBABA GROUP HOLDING LTD,KY
59439902,EP-3561674-B1,EP,20171218,G06F11/1004,true,true,,ADVANCED NEW TECHNOLOGIES CO LTD,KY
59439902,EP-3561674-B1,EP,20171218,G06F11/1004,true,false,,ADVANCED NEW TECHNOLOGIES CO LTD,KY
59439902,EP-3561674-B1,EP,20171218,G06F11/1004,true,true,,ADVANCED NEW TECHNOLOGIES CO LTD,KY
59439902,EP-3561674-B1,EP,20171218,G06F11/1004,true,false,,ADVANCED NEW TECHNOLOGIES CO LTD,KY
59439902,EP-3561674-B1,EP,20171218,G06F16/9027,true,false,,ADVANCED NEW TECHNOLOGIES CO LTD,KY
59439902,EP-3561674-B1,EP,20171218,G06F21/64,true,true,,ADVANCED NEW TECHNOLOGIES CO LTD,KY
59439902,EP-3561674-B1,EP,20171218,G06F21/64,true,false,,ADVANCED NEW TECHNOLOGIES CO LTD,KY
59439902,EP-3561674-B1,EP,20171218,G06Q20/389,true,false,fintech,ADVANCED NEW TECHNOLOGIES CO LTD,KY
59439902,EP-3561674-B1,EP,20171218,G06Q20/389,true,false,fintech,ADVANCED NEW TECHNOLOGIES CO LTD,KY
59439902,EP-3561674-B1,EP,20171218,G06Q20/389,true,false,fintech,ADVANCED NEW TECHNOLOGIES CO LTD,KY
59439902,EP-3561674-B1,EP,20171218,G06Q20/389,true,false,fintech,ADVANCED NEW TECHNOLOGIES CO LTD,KY
59439902,EP-3561674-B1,EP,20171218,H04L9/0637,true,false,,ADVANCED NEW TECHNOLOGIES CO LTD,KY
59439902,EP-3561674-B1,EP,20171218,H04L9/0643,true,false,,ADVANCED NEW TECHNOLOGIES CO LTD,KY
59439902,EP-3561674-B1,EP,20171218,H04L9/0891,true,false,,ADVANCED NEW TECHNOLOGIES CO LTD,KY
59439902,EP-3561674-B1,EP,20171218,H04L9/16,true,false,,ADVANCED NEW TECHNOLOGIES CO LTD,KY
59439902,EP-3561674-B1,EP,20171218,H04L9/3236,true,true,,ADVANCED NEW TECHNOLOGIES CO LTD,KY
59439902,EP-3561674-B1,EP,20171218,H04L9/3239,true,false,,ADVANCED NEW TECHNOLOGIES CO LTD,KY
59439902,EP-3561674-B1,EP,20171218,H04L9/50,true,false,,ADVANCED NEW TECHNOLOGIES CO LTD,KY
59439902,EP-3561674-B1,EP,20171218,H04L9/50,false,false,,ADVANCED NEW TECHNOLOGIES CO LTD,KY
59439902,JP-2020515197-A,JP,20171218,G06F11/1004,true,true,,,
59439902,JP-2020515197-A,JP,20171218,G06F11/1004,true,false,,,
59439902,JP-2020515197-A,JP,20171218,G06F11/1004,true,false,,,
59439902,JP-2020515197-A,JP,20171218,G06F11/1004,true,true,,,
59439902,JP-2020515197-A,JP,20171218,G06F16/9027,true,false,,,
59439902,JP-2020515197-A,JP,20171218,G06F21/64,true,false,,,
59439902,JP-2020515197-A,JP,20171218,G06F21/64,true,true,,,
59439902,JP-2020515197-A,JP,20171218,G06Q20/389,true,false,fintech,,
59439902,JP-2020515197-A,JP,20171218,G06Q20/389,true,false,fintech,,
59439902,JP-2020515197-A,JP,20171218,G06Q20/389,true,false,fintech,,
59439902,JP-2020515197-A,JP,20171218,G06Q20/389,true,false,fintech,,
59439902,JP-2020515197-A,JP,20171218,H04L9/0637,true,false,,,
59439902,JP-2020515197-A,JP,20171218,H04L9/0643,true,false,,,
59439902,JP-2020515197-A,JP,20171218,H04L9/0891,true,false,,,
59439902,JP-2020515197-A,JP,20171218,H04L9/16,true,false,,,
59439902,JP-2020515197-A,JP,20171218,H04L9/3236,true,true,,,
59439902,JP-2020515197-A,JP,20171218,H04L9/3239,true,false,,,
59439902,JP-2020515197-A,JP,20171218,H04L9/50,true,false,,,
59439902,JP-2020515197-A,JP,20171218,H04L9/50,false,false,,,
59439902,JP-6804668-B2,JP,20171218,G06F11/1004,true,true,,,
59439902,JP-6804668-B2,JP,20171218,G06F11/1004,true,false,,,
59439902,JP-6804668-B2,JP,20171218,G06F11/1004,true,true,,,
59439902,JP-6804668-B2,JP,20171218,G06F11/1004,true,false,,,
59439902,JP-6804668-B2,JP,20171218,G06F16/9027,true,false,,,
59439902,JP-6804668-B2,JP,20171218,G06F21/64,true,true,,,
59439902,JP-6804668-B2,JP,20171218,G06F21/64,true,false,,,
59439902,JP-6804668-B2,JP,20171218,G06Q20/389,true,false,fintech,,
59439902,JP-6804668-B2,JP,20171218,G06Q20/389,true,false,fintech,,
59439902,JP-6804668-B2,JP,20171218,G06Q20/389,true,false,fintech,,
59439902,JP-6804668-B2,JP,20171218,G06Q20/389,true,false,fintech,,
59439902,JP-6804668-B2,JP,20171218,H04L9/0637,true,false,,,
59439902,JP-6804668-B2,JP,20171218,H04L9/0643,true,false,,,
59439902,JP-6804668-B2,JP,20171218,H04L9/0891,true,false,,,
59439902,JP-6804668-B2,JP,20171218,H04L9/16,true,false,,,
59439902,JP-6804668-B2,JP,20171218,H04L9/3236,true,true,,,
59439902,JP-6804668-B2,JP,20171218,H04L9/3239,true,false,,,
59439902,JP-6804668-B2,JP,20171218,H04L9/50,true,false,,,
59439902,JP-6804668-B2,JP,20171218,H04L9/50,false,false,,,
59439902,KR-102098548-B1,KR,20171218,G06F11/1004,true,true,,,
59439902,KR-102098548-B1,KR,20171218,G06F11/1004,true,false,,,
59439902,KR-102098548-B1,KR,20171218,G06F11/1004,true,false,,,
59439902,KR-102098548-B1,KR,20171218,G06F11/1004,true,true,,,
59439902,KR-102098548-B1,KR,20171218,G06F11/1004,true,true,,,
59439902,KR-102098548-B1,KR,20171218,G06F16/9027,true,false,,,
59439902,KR-102098548-B1,KR,20171218,G06F21/64,true,false,,,
59439902,KR-102098548-B1,KR,20171218,G06F21/64,true,true,,,
59439902,KR-102098548-B1,KR,20171218,G06Q20/389,true,false,fintech,,
59439902,KR-102098548-B1,KR,20171218,G06Q20/389,true,false,fintech,,
59439902,KR-102098548-B1,KR,20171218,G06Q20/389,true,false,fintech,,
59439902,KR-102098548-B1,KR,20171218,G06Q20/389,true,false,fintech,,
59439902,KR-102098548-B1,KR,20171218,G06Q20/389,true,false,fintech,,
59439902,KR-102098548-B1,KR,20171218,H04L9/0637,true,false,,,
59439902,KR-102098548-B1,KR,20171218,H04L9/0643,true,false,,,
59439902,KR-102098548-B1,KR,20171218,H04L9/0891,true,false,,,
59439902,KR-102098548-B1,KR,20171218,H04L9/16,true,false,,,
59439902,KR-102098548-B1,KR,20171218,H04L9/3236,true,true,,,
59439902,KR-102098548-B1,KR,20171218,H04L9/3239,true,false,,,
59439902,KR-102098548-B1,KR,20171218,H04L9/50,true,false,,,
59439902,KR-102098548-B1,KR,20171218,H04L9/50,false,false,,,
59439902,KR-20190099053-A,KR,20171218,G06F11/1004,true,false,,ALIBABA GROUP HOLDING LTD,KY
59439902,KR-20190099053-A,KR,20171218,G06F11/1004,true,false,,ALIBABA GROUP HOLDING LTD,KY
59439902,KR-20190099053-A,KR,20171218,G06F11/1004,true,true,,ALIBABA GROUP HOLDING LTD,KY
59439902,KR-20190099053-A,KR,20171218,G06F11/1004,true,true,,ALIBABA GROUP HOLDING LTD,KY
59439902,KR-20190099053-A,KR,20171218,G06F11/1004,true,true,,ALIBABA GROUP HOLDING LTD,KY
59439902,KR-20190099053-A,KR,20171218,G06F16/9027,true,false,,ALIBABA GROUP HOLDING LTD,KY
59439902,KR-20190099053-A,KR,20171218,G06F21/64,true,false,,ALIBABA GROUP HOLDING LTD,KY
59439902,KR-20190099053-A,KR,20171218,G06F21/64,true,true,,ALIBABA GROUP HOLDING LTD,KY
59439902,KR-20190099053-A,KR,20171218,G06Q20/389,true,false,fintech,ALIBABA GROUP HOLDING LTD,KY
59439902,KR-20190099053-A,KR,20171218,G06Q20/389,true,false,fintech,ALIBABA GROUP HOLDING LTD,KY
59439902,KR-20190099053-A,KR,20171218,G06Q20/389,true,false,fintech,ALIBABA GROUP HOLDING LTD,KY
59439902,KR-20190099053-A,KR,20171218,G06Q20/389,true,false,fintech,ALIBABA GROUP HOLDING LTD,KY
59439902,KR-20190099053-A,KR,20171218,G06Q20/389,true,false,fintech,ALIBABA GROUP HOLDING LTD,KY
59439902,KR-20190099053-A,KR,20171218,H04L9/0637,true,false,,ALIBABA GROUP HOLDING LTD,KY
59439902,KR-20190099053-A,KR,20171218,H04L9/0643,true,false,,ALIBABA GROUP HOLDING LTD,KY
59439902,KR-20190099053-A,KR,20171218,H04L9/0891,true,false,,ALIBABA GROUP HOLDING LTD,KY
59439902,KR-20190099053-A,KR,20171218,H04L9/16,true,false,,ALIBABA GROUP HOLDING LTD,KY
59439902,KR-20190099053-A,KR,20171218,H04L9/3236,true,true,,ALIBABA GROUP HOLDING LTD,KY
59439902,KR-20190099053-A,KR,20171218,H04L9/3239,true,false,,ALIBABA GROUP HOLDING LTD,KY
59439902,KR-20190099053-A,KR,20171218,H04L9/50,true,false,,ALIBABA GROUP HOLDING LTD,KY
59439902,KR-20190099053-A,KR,20171218,H04L9/50,false,false,,ALIBABA GROUP HOLDING LTD,KY
59439902,MY-203979-A,MY,20171218,G06F11/1004,true,false,,ANTCHAIN TECH PTE LTD,SG
59439902,MY-203979-A,MY,20171218,G06F11/1004,true,false,,ANTCHAIN TECH PTE LTD,SG
59439902,MY-203979-A,MY,20171218,G06F11/1004,true,true,,ANTCHAIN TECH PTE LTD,SG
59439902,MY-203979-A,MY,20171218,G06F11/1004,true,true,,ANTCHAIN TECH PTE LTD,SG
59439902,MY-203979-A,MY,20171218,G06F16/9027,true,false,,ANTCHAIN TECH PTE LTD,SG
59439902,MY-203979-A,MY,20171218,G06F21/64,true,false,,ANTCHAIN TECH PTE LTD,SG
59439902,MY-203979-A,MY,20171218,G06F21/64,true,true,,ANTCHAIN TECH PTE LTD,SG
59439902,MY-203979-A,MY,20171218,G06Q20/389,true,false,fintech,ANTCHAIN TECH PTE LTD,SG
59439902,MY-203979-A,MY,20171218,G06Q20/389,true,false,fintech,ANTCHAIN TECH PTE LTD,SG
59439902,MY-203979-A,MY,20171218,G06Q20/389,true,false,fintech,ANTCHAIN TECH PTE LTD,SG
59439902,MY-203979-A,MY,20171218,G06Q20/389,true,false,fintech,ANTCHAIN TECH PTE LTD,SG
59439902,MY-203979-A,MY,20171218,H04L9/0637,true,false,,ANTCHAIN TECH PTE LTD,SG
59439902,MY-203979-A,MY,20171218,H04L9/0643,true,false,,ANTCHAIN TECH PTE LTD,SG
59439902,MY-203979-A,MY,20171218,H04L9/0891,true,false,,ANTCHAIN TECH PTE LTD,SG
59439902,MY-203979-A,MY,20171218,H04L9/16,true,false,,ANTCHAIN TECH PTE LTD,SG
59439902,MY-203979-A,MY,20171218,H04L9/3236,true,true,,ANTCHAIN TECH PTE LTD,SG
59439902,MY-203979-A,MY,20171218,H04L9/3239,true,false,,ANTCHAIN TECH PTE LTD,SG
59439902,MY-203979-A,MY,20171218,H04L9/50,false,false,,ANTCHAIN TECH PTE LTD,SG
59439902,MY-203979-A,MY,20171218,H04L9/50,true,false,,ANTCHAIN TECH PTE LTD,SG
59439902,PH-12019501501-A1,PH,20171218,G06F11/1004,true,true,,ALIBABA GROUP HOLDING LTD,KY
59439902,PH-12019501501-A1,PH,20171218,G06F11/1004,true,false,,ALIBABA GROUP HOLDING LTD,KY
59439902,PH-12019501501-A1,PH,20171218,G06F11/1004,true,true,,ALIBABA GROUP HOLDING LTD,KY
59439902,PH-12019501501-A1,PH,20171218,G06F11/1004,true,false,,ALIBABA GROUP HOLDING LTD,KY
59439902,PH-12019501501-A1,PH,20171218,G06F16/9027,true,false,,ALIBABA GROUP HOLDING LTD,KY
59439902,PH-12019501501-A1,PH,20171218,G06F21/64,true,true,,ALIBABA GROUP HOLDING LTD,KY
59439902,PH-12019501501-A1,PH,20171218,G06F21/64,true,false,,ALIBABA GROUP HOLDING LTD,KY
59439902,PH-12019501501-A1,PH,20171218,G06Q20/389,true,false,fintech,ALIBABA GROUP HOLDING LTD,KY
59439902,PH-12019501501-A1,PH,20171218,G06Q20/389,true,false,fintech,ALIBABA GROUP HOLDING LTD,KY
59439902,PH-12019501501-A1,PH,20171218,G06Q20/389,true,false,fintech,ALIBABA GROUP HOLDING LTD,KY
59439902,PH-12019501501-A1,PH,20171218,G06Q20/389,true,false,fintech,ALIBABA GROUP HOLDING LTD,KY
59439902,PH-12019501501-A1,PH,20171218,H04L9/0637,true,false,,ALIBABA GROUP HOLDING LTD,KY
59439902,PH-12019501501-A1,PH,20171218,H04L9/0643,true,false,,ALIBABA GROUP HOLDING LTD,KY
59439902,PH-12019501501-A1,PH,20171218,H04L9/0891,true,false,,ALIBABA GROUP HOLDING LTD,KY
59439902,PH-12019501501-A1,PH,20171218,H04L9/16,true,false,,ALIBABA GROUP HOLDING LTD,KY
59439902,PH-12019501501-A1,PH,20171218,H04L9/3236,true,true,,ALIBABA GROUP HOLDING LTD,KY
59439902,PH-12019501501-A1,PH,20171218,H04L9/3239,true,false,,ALIBABA GROUP HOLDING LTD,KY
59439902,PH-12019501501-A1,PH,20171218,H04L9/50,true,false,,ALIBABA GROUP HOLDING LTD,KY
59439902,PH-12019501501-A1,PH,20171218,H04L9/50,false,false,,ALIBABA GROUP HOLDING LTD,KY
59439902,PH-12019501501-B1,PH,20171218,G06F11/1004,true,false,,ADVANCED NEW TECHNOLOGIES CO LTD,KY
59439902,PH-12019501501-B1,PH,20171218,G06F11/1004,true,false,,ADVANCED NEW TECHNOLOGIES CO LTD,KY
59439902,PH-12019501501-B1,PH,20171218,G06F11/1004,true,true,,ADVANCED NEW TECHNOLOGIES CO LTD,KY
59439902,PH-12019501501-B1,PH,20171218,G06F11/1004,true,true,,ADVANCED NEW TECHNOLOGIES CO LTD,KY
59439902,PH-12019501501-B1,PH,20171218,G06F16/9027,true,false,,ADVANCED NEW TECHNOLOGIES CO LTD,KY
59439902,PH-12019501501-B1,PH,20171218,G06F21/64,true,false,,ADVANCED NEW TECHNOLOGIES CO LTD,KY
59439902,PH-12019501501-B1,PH,20171218,G06F21/64,true,true,,ADVANCED NEW TECHNOLOGIES CO LTD,KY
59439902,PH-12019501501-B1,PH,20171218,G06Q20/389,true,false,fintech,ADVANCED NEW TECHNOLOGIES CO LTD,KY
59439902,PH-12019501501-B1,PH,20171218,G06Q20/389,true,false,fintech,ADVANCED NEW TECHNOLOGIES CO LTD,KY
59439902,PH-12019501501-B1,PH,20171218,G06Q20/389,true,false,fintech,ADVANCED NEW TECHNOLOGIES CO LTD,KY
59439902,PH-12019501501-B1,PH,20171218,G06Q20/389,true,false,fintech,ADVANCED NEW TECHNOLOGIES CO LTD,KY
59439902,PH-12019501501-B1,PH,20171218,H04L9/0637,true,false,,ADVANCED NEW TECHNOLOGIES CO LTD,KY
59439902,PH-12019501501-B1,PH,20171218,H04L9/0643,true,false,,ADVANCED NEW TECHNOLOGIES CO LTD,KY
59439902,PH-12019501501-B1,PH,20171218,H04L9/0891,true,false,,ADVANCED NEW TECHNOLOGIES CO LTD,KY
59439902,PH-12019501501-B1,PH,20171218,H04L9/16,true,false,,ADVANCED NEW TECHNOLOGIES CO LTD,KY
59439902,PH-12019501501-B1,PH,20171218,H04L9/3236,true,true,,ADVANCED NEW TECHNOLOGIES CO LTD,KY
59439902,PH-12019501501-B1,PH,20171218,H04L9/3239,true,false,,ADVANCED NEW TECHNOLOGIES CO LTD,KY
59439902,PH-12019501501-B1,PH,20171218,H04L9/50,false,false,,ADVANCED NEW TECHNOLOGIES CO LTD,KY
59439902,PH-12019501501-B1,PH,20171218,H04L9/50,true,false,,ADVANCED NEW TECHNOLOGIES CO LTD,KY
59439902,TW-201823988-A,TW,20170918,G06F11/1004,true,false,,ALIBABA GROUP SERVICES LTD,HK
59439902,TW-201823988-A,TW,20170918,G06F11/1004,true,false,,ALIBABA GROUP SERVICES LTD,HK
59439902,TW-201823988-A,TW,20170918,G06F11/1004,true,true,,ALIBABA GROUP SERVICES LTD,HK
59439902,TW-201823988-A,TW,20170918,G06F11/1004,true,true,,ALIBABA GROUP SERVICES LTD,HK
59439902,TW-201823988-A,TW,20170918,G06F16/9027,true,false,,ALIBABA GROUP SERVICES LTD,HK
59439902,TW-201823988-A,TW,20170918,G06F21/64,true,false,,ALIBABA GROUP SERVICES LTD,HK
59439902,TW-201823988-A,TW,20170918,G06F21/64,true,true,,ALIBABA GROUP SERVICES LTD,HK
59439902,TW-201823988-A,TW,20170918,G06Q20/389,true,false,fintech,ALIBABA GROUP SERVICES LTD,HK
59439902,TW-201823988-A,TW,20170918,G06Q20/389,true,false,fintech,ALIBABA GROUP SERVICES LTD,HK
59439902,TW-201823988-A,TW,20170918,G06Q20/389,true,false,fintech,ALIBABA GROUP SERVICES LTD,HK
59439902,TW-201823988-A,TW,20170918,G06Q20/389,true,false,fintech,ALIBABA GROUP SERVICES LTD,HK
59439902,TW-201823988-A,TW,20170918,H04L9/0637,true,false,,ALIBABA GROUP SERVICES LTD,HK
59439902,TW-201823988-A,TW,20170918,H04L9/0643,true,false,,ALIBABA GROUP SERVICES LTD,HK
59439902,TW-201823988-A,TW,20170918,H04L9/0891,true,false,,ALIBABA GROUP SERVICES LTD,HK
59439902,TW-201823988-A,TW,20170918,H04L9/16,true,false,,ALIBABA GROUP SERVICES LTD,HK
59439902,TW-201823988-A,TW,20170918,H04L9/3236,true,true,,ALIBABA GROUP SERVICES LTD,HK
59439902,TW-201823988-A,TW,20170918,H04L9/3239,true,false,,ALIBABA GROUP SERVICES LTD,HK
59439902,TW-201823988-A,TW,20170918,H04L9/50,true,false,,ALIBABA GROUP SERVICES LTD,HK
59439902,TW-201823988-A,TW,20170918,H04L9/50,false,false,,ALIBABA GROUP SERVICES LTD,HK
59439902,TW-I695260-B,TW,20170918,G06F11/1004,true,true,,ALIBABA GROUP SERVICES LTD,HK
59439902,TW-I695260-B,TW,20170918,G06F11/1004,true,true,,ALIBABA GROUP SERVICES LTD,HK
59439902,TW-I695260-B,TW,20170918,G06F11/1004,true,false,,ALIBABA GROUP SERVICES LTD,HK
59439902,TW-I695260-B,TW,20170918,G06F11/1004,true,false,,ALIBABA GROUP SERVICES LTD,HK
59439902,TW-I695260-B,TW,20170918,G06F16/9027,true,false,,ALIBABA GROUP SERVICES LTD,HK
59439902,TW-I695260-B,TW,20170918,G06F21/64,true,true,,ALIBABA GROUP SERVICES LTD,HK
59439902,TW-I695260-B,TW,20170918,G06F21/64,true,false,,ALIBABA GROUP SERVICES LTD,HK
59439902,TW-I695260-B,TW,20170918,G06Q20/389,true,false,fintech,ALIBABA GROUP SERVICES LTD,HK
59439902,TW-I695260-B,TW,20170918,G06Q20/389,true,false,fintech,ALIBABA GROUP SERVICES LTD,HK
59439902,TW-I695260-B,TW,20170918,G06Q20/389,true,false,fintech,ALIBABA GROUP SERVICES LTD,HK
59439902,TW-I695260-B,TW,20170918,G06Q20/389,true,false,fintech,ALIBABA GROUP SERVICES LTD,HK
59439902,TW-I695260-B,TW,20170918,H04L9/0637,true,false,,ALIBABA GROUP SERVICES LTD,HK
59439902,TW-I695260-B,TW,20170918,H04L9/0643,true,false,,ALIBABA GROUP SERVICES LTD,HK
59439902,TW-I695260-B,TW,20170918,H04L9/0891,true,false,,ALIBABA GROUP SERVICES LTD,HK
59439902,TW-I695260-B,TW,20170918,H04L9/16,true,false,,ALIBABA GROUP SERVICES LTD,HK
59439902,TW-I695260-B,TW,20170918,H04L9/3236,true,true,,ALIBABA GROUP SERVICES LTD,HK
59439902,TW-I695260-B,TW,20170918,H04L9/3239,true,false,,ALIBABA GROUP SERVICES LTD,HK
59439902,TW-I695260-B,TW,20170918,H04L9/50,true,false,,ALIBABA GROUP SERVICES LTD,HK
59439902,TW-I695260-B,TW,20170918,H04L9/50,false,false,,ALIBABA GROUP SERVICES LTD,HK
59439902,US-10560267-B2,US,20190614,G06F11/1004,true,false,,ALIBABA GROUP HOLDING LTD,KY
59439902,US-10560267-B2,US,20190614,G06F11/1004,true,true,,ALIBABA GROUP HOLDING LTD,KY
59439902,US-10560267-B2,US,20190614,G06F11/1004,true,false,,ALIBABA GROUP HOLDING LTD,KY
59439902,US-10560267-B2,US,20190614,G06F11/1004,true,true,,ALIBABA GROUP HOLDING LTD,KY
59439902,US-10560267-B2,US,20190614,G06F16/9027,true,false,,ALIBABA GROUP HOLDING LTD,KY
59439902,US-10560267-B2,US,20190614,G06F16/9027,true,false,,ALIBABA GROUP HOLDING LTD,KY
59439902,US-10560267-B2,US,20190614,G06F21/64,true,false,,ALIBABA GROUP HOLDING LTD,KY
59439902,US-10560267-B2,US,20190614,G06F21/64,true,true,,ALIBABA GROUP HOLDING LTD,KY
59439902,US-10560267-B2,US,20190614,G06Q20/389,true,false,fintech,ALIBABA GROUP HOLDING LTD,KY
59439902,US-10560267-B2,US,20190614,G06Q20/389,true,false,fintech,ALIBABA GROUP HOLDING LTD,KY
59439902,US-10560267-B2,US,20190614,G06Q20/389,true,false,fintech,ALIBABA GROUP HOLDING LTD,KY
59439902,US-10560267-B2,US,20190614,G06Q20/389,true,false,fintech,ALIBABA GROUP HOLDING LTD,KY
59439902,US-10560267-B2,US,20190614,H04L2209/38,false,false,,ALIBABA GROUP HOLDING LTD,KY
59439902,US-10560267-B2,US,20190614,H04L9/0637,true,false,,ALIBABA GROUP HOLDING LTD,KY
59439902,US-10560267-B2,US,20190614,H04L9/0637,true,false,,ALIBABA GROUP HOLDING LTD,KY
59439902,US-10560267-B2,US,20190614,H04L9/0643,true,false,,ALIBABA GROUP HOLDING LTD,KY
59439902,US-10560267-B2,US,20190614,H04L9/0643,true,false,,ALIBABA GROUP HOLDING LTD,KY
59439902,US-10560267-B2,US,20190614,H04L9/0891,true,false,,ALIBABA GROUP HOLDING LTD,KY
59439902,US-10560267-B2,US,20190614,H04L9/16,true,false,,ALIBABA GROUP HOLDING LTD,KY
59439902,US-10560267-B2,US,20190614,H04L9/16,true,false,,ALIBABA GROUP HOLDING LTD,KY
59439902,US-10560267-B2,US,20190614,H04L9/3236,true,true,,ALIBABA GROUP HOLDING LTD,KY
59439902,US-10560267-B2,US,20190614,H04L9/3236,true,true,,ALIBABA GROUP HOLDING LTD,KY
59439902,US-10560267-B2,US,20190614,H04L9/3239,true,false,,ALIBABA GROUP HOLDING LTD,KY
59439902,US-10560267-B2,US,20190614,H04L9/50,true,false,,ALIBABA GROUP HOLDING LTD,KY
59439902,US-10560267-B2,US,20190614,H04L9/50,false,false,,ALIBABA GROUP HOLDING LTD,KY
59439902,US-10790981-B2,US,20191022,G06F11/1004,true,true,,ALIBABA GROUP HOLDING LTD,KY
59439902,US-10790981-B2,US,20191022,G06F11/1004,true,false,,ALIBABA GROUP HOLDING LTD,KY
59439902,US-10790981-B2,US,20191022,G06F11/1004,true,false,,ALIBABA GROUP HOLDING LTD,KY
59439902,US-10790981-B2,US,20191022,G06F11/1004,true,true,,ALIBABA GROUP HOLDING LTD,KY
59439902,US-10790981-B2,US,20191022,G06F11/1004,true,false,,ALIBABA GROUP HOLDING LTD,KY
59439902,US-10790981-B2,US,20191022,G06F16/9027,true,false,,ALIBABA GROUP HOLDING LTD,KY
59439902,US-10790981-B2,US,20191022,G06F16/9027,true,false,,ALIBABA GROUP HOLDING LTD,KY
59439902,US-10790981-B2,US,20191022,G06F21/64,true,true,,ALIBABA GROUP HOLDING LTD,KY
59439902,US-10790981-B2,US,20191022,G06F21/64,true,false,,ALIBABA GROUP HOLDING LTD,KY
59439902,US-10790981-B2,US,20191022,G06F21/64,true,false,,ALIBABA GROUP HOLDING LTD,KY
59439902,US-10790981-B2,US,20191022,G06Q20/389,true,false,fintech,ALIBABA GROUP HOLDING LTD,KY
59439902,US-10790981-B2,US,20191022,G06Q20/389,true,false,fintech,ALIBABA GROUP HOLDING LTD,KY
59439902,US-10790981-B2,US,20191022,G06Q20/389,true,false,fintech,ALIBABA GROUP HOLDING LTD,KY
59439902,US-10790981-B2,US,20191022,G06Q20/389,true,false,fintech,ALIBABA GROUP HOLDING LTD,KY
59439902,US-10790981-B2,US,20191022,G06Q20/389,true,false,fintech,ALIBABA GROUP HOLDING LTD,KY
59439902,US-10790981-B2,US,20191022,H04L2209/38,false,false,,ALIBABA GROUP HOLDING LTD,KY
59439902,US-10790981-B2,US,20191022,H04L9/0637,true,false,,ALIBABA GROUP HOLDING LTD,KY
59439902,US-10790981-B2,US,20191022,H04L9/0637,true,false,,ALIBABA GROUP HOLDING LTD,KY
59439902,US-10790981-B2,US,20191022,H04L9/0643,true,false,,ALIBABA GROUP HOLDING LTD,KY
59439902,US-10790981-B2,US,20191022,H04L9/0643,true,false,,ALIBABA GROUP HOLDING LTD,KY
59439902,US-10790981-B2,US,20191022,H04L9/0891,true,false,,ALIBABA GROUP HOLDING LTD,KY
59439902,US-10790981-B2,US,20191022,H04L9/16,true,false,,ALIBABA GROUP HOLDING LTD,KY
59439902,US-10790981-B2,US,20191022,H04L9/16,true,false,,ALIBABA GROUP HOLDING LTD,KY
59439902,US-10790981-B2,US,20191022,H04L9/3236,true,true,,ALIBABA GROUP HOLDING LTD,KY
59439902,US-10790981-B2,US,20191022,H04L9/3236,true,true,,ALIBABA GROUP HOLDING LTD,KY
59439902,US-10790981-B2,US,20191022,H04L9/3239,true,false,,ALIBABA GROUP HOLDING LTD,KY
59439902,US-10790981-B2,US,20191022,H04L9/50,true,false,,ALIBABA GROUP HOLDING LTD,KY
59439902,US-10790981-B2,US,20191022,H04L9/50,false,false,,ALIBABA GROUP HOLDING LTD,KY
59439902,US-2019296916-A1,US,20190614,G06F11/1004,true,false,,ALIBABA GROUP HOLDING LTD,KY
59439902,US-2019296916-A1,US,20190614,G06F11/1004,true,false,,ALIBABA GROUP HOLDING LTD,KY
59439902,US-2019296916-A1,US,20190614,G06F11/1004,true,true,,ALIBABA GROUP HOLDING LTD,KY
59439902,US-2019296916-A1,US,20190614,G06F11/1004,true,true,,ALIBABA GROUP HOLDING LTD,KY
59439902,US-2019296916-A1,US,20190614,G06F16/9027,true,false,,ALIBABA GROUP HOLDING LTD,KY
59439902,US-2019296916-A1,US,20190614,G06F16/9027,true,false,,ALIBABA GROUP HOLDING LTD,KY
59439902,US-2019296916-A1,US,20190614,G06F21/64,true,false,,ALIBABA GROUP HOLDING LTD,KY
59439902,US-2019296916-A1,US,20190614,G06F21/64,true,true,,ALIBABA GROUP HOLDING LTD,KY
59439902,US-2019296916-A1,US,20190614,G06Q20/389,true,false,fintech,ALIBABA GROUP HOLDING LTD,KY
59439902,US-2019296916-A1,US,20190614,G06Q20/389,true,false,fintech,ALIBABA GROUP HOLDING LTD,KY
59439902,US-2019296916-A1,US,20190614,G06Q20/389,true,false,fintech,ALIBABA GROUP HOLDING LTD,KY
59439902,US-2019296916-A1,US,20190614,G06Q20/389,true,false,fintech,ALIBABA GROUP HOLDING LTD,KY
59439902,US-2019296916-A1,US,20190614,H04L2209/38,false,false,,ALIBABA GROUP HOLDING LTD,KY
59439902,US-2019296916-A1,US,20190614,H04L9/0637,true,false,,ALIBABA GROUP HOLDING LTD,KY
59439902,US-2019296916-A1,US,20190614,H04L9/0637,true,false,,ALIBABA GROUP HOLDING LTD,KY
59439902,US-2019296916-A1,US,20190614,H04L9/0643,true,false,,ALIBABA GROUP HOLDING LTD,KY
59439902,US-2019296916-A1,US,20190614,H04L9/0643,true,false,,ALIBABA GROUP HOLDING LTD,KY
59439902,US-2019296916-A1,US,20190614,H04L9/0891,true,false,,ALIBABA GROUP HOLDING LTD,KY
59439902,US-2019296916-A1,US,20190614,H04L9/16,true,false,,ALIBABA GROUP HOLDING LTD,KY
59439902,US-2019296916-A1,US,20190614,H04L9/16,true,false,,ALIBABA GROUP HOLDING LTD,KY
59439902,US-2019296916-A1,US,20190614,H04L9/3236,true,true,,ALIBABA GROUP HOLDING LTD,KY
59439902,US-2019296916-A1,US,20190614,H04L9/3236,true,true,,ALIBABA GROUP HOLDING LTD,KY
59439902,US-2019296916-A1,US,20190614,H04L9/3239,true,false,,ALIBABA GROUP HOLDING LTD,KY
59439902,US-2019296916-A1,US,20190614,H04L9/50,true,false,,ALIBABA GROUP HOLDING LTD,KY
59439902,US-2019296916-A1,US,20190614,H04L9/50,false,false,,ALIBABA GROUP HOLDING LTD,KY
59439902,US-2020052900-A1,US,20191022,G06F11/1004,true,true,,ALIBABA GROUP HOLDING LTD,KY
59439902,US-2020052900-A1,US,20191022,G06F11/1004,true,false,,ALIBABA GROUP HOLDING LTD,KY
59439902,US-2020052900-A1,US,20191022,G06F11/1004,true,false,,ALIBABA GROUP HOLDING LTD,KY
59439902,US-2020052900-A1,US,20191022,G06F11/1004,true,false,,ALIBABA GROUP HOLDING LTD,KY
59439902,US-2020052900-A1,US,20191022,G06F11/1004,true,true,,ALIBABA GROUP HOLDING LTD,KY
59439902,US-2020052900-A1,US,20191022,G06F16/9027,true,false,,ALIBABA GROUP HOLDING LTD,KY
59439902,US-2020052900-A1,US,20191022,G06F16/9027,true,false,,ALIBABA GROUP HOLDING LTD,KY
59439902,US-2020052900-A1,US,20191022,G06F21/64,true,false,,ALIBABA GROUP HOLDING LTD,KY
59439902,US-2020052900-A1,US,20191022,G06F21/64,true,false,,ALIBABA GROUP HOLDING LTD,KY
59439902,US-2020052900-A1,US,20191022,G06F21/64,true,true,,ALIBABA GROUP HOLDING LTD,KY
59439902,US-2020052900-A1,US,20191022,G06Q20/389,true,false,fintech,ALIBABA GROUP HOLDING LTD,KY
59439902,US-2020052900-A1,US,20191022,G06Q20/389,true,false,fintech,ALIBABA GROUP HOLDING LTD,KY
59439902,US-2020052900-A1,US,20191022,G06Q20/389,true,false,fintech,ALIBABA GROUP HOLDING LTD,KY
59439902,US-2020052900-A1,US,20191022,G06Q20/389,true,false,fintech,ALIBABA GROUP HOLDING LTD,KY
59439902,US-2020052900-A1,US,20191022,G06Q20/389,true,false,fintech,ALIBABA GROUP HOLDING LTD,KY
59439902,US-2020052900-A1,US,20191022,H04L2209/38,false,false,,ALIBABA GROUP HOLDING LTD,KY
59439902,US-2020052900-A1,US,20191022,H04L9/0637,true,false,,ALIBABA GROUP HOLDING LTD,KY
59439902,US-2020052900-A1,US,20191022,H04L9/0637,true,false,,ALIBABA GROUP HOLDING LTD,KY
59439902,US-2020052900-A1,US,20191022,H04L9/0643,true,false,,ALIBABA GROUP HOLDING LTD,KY
59439902,US-2020052900-A1,US,20191022,H04L9/0643,true,false,,ALIBABA GROUP HOLDING LTD,KY
59439902,US-2020052900-A1,US,20191022,H04L9/0891,true,false,,ALIBABA GROUP HOLDING LTD,KY
59439902,US-2020052900-A1,US,20191022,H04L9/16,true,false,,ALIBABA GROUP HOLDING LTD,KY
59439902,US-2020052900-A1,US,20191022,H04L9/16,true,false,,ALIBABA GROUP HOLDING LTD,KY
59439902,US-2020052900-A1,US,20191022,H04L9/3236,true,true,,ALIBABA GROUP HOLDING LTD,KY
59439902,US-2020052900-A1,US,20191022,H04L9/3236,true,true,,ALIBABA GROUP HOLDING LTD,KY
59439902,US-2020052900-A1,US,20191022,H04L9/3239,true,false,,ALIBABA GROUP HOLDING LTD,KY
59439902,US-2020052900-A1,US,20191022,H04L9/50,true,false,,ALIBABA GROUP HOLDING LTD,KY
59439902,US-2020052900-A1,US,20191022,H04L9/50,false,false,,ALIBABA GROUP HOLDING LTD,KY
59439902,WO-2018121319-A1,WO,20171218,G06F11/1004,true,false,,ALIBABA GROUP HOLDING LTD | QIU HONGLIN,CN
59439902,WO-2018121319-A1,WO,20171218,G06F11/1004,true,true,,ALIBABA GROUP HOLDING LTD | QIU HONGLIN,CN
59439902,WO-2018121319-A1,WO,20171218,G06F11/1004,true,false,,ALIBABA GROUP HOLDING LTD | QIU HONGLIN,CN
59439902,WO-2018121319-A1,WO,20171218,G06F11/1004,true,true,,ALIBABA GROUP HOLDING LTD | QIU HONGLIN,CN
59439902,WO-2018121319-A1,WO,20171218,G06F16/9027,true,false,,ALIBABA GROUP HOLDING LTD | QIU HONGLIN,CN
59439902,WO-2018121319-A1,WO,20171218,G06F21/64,true,false,,ALIBABA GROUP HOLDING LTD | QIU HONGLIN,CN
59439902,WO-2018121319-A1,WO,20171218,G06F21/64,true,true,,ALIBABA GROUP HOLDING LTD | QIU HONGLIN,CN
59439902,WO-2018121319-A1,WO,20171218,G06Q20/389,true,false,fintech,ALIBABA GROUP HOLDING LTD | QIU HONGLIN,CN
59439902,WO-2018121319-A1,WO,20171218,G06Q20/389,true,false,fintech,ALIBABA GROUP HOLDING LTD | QIU HONGLIN,CN
59439902,WO-2018121319-A1,WO,20171218,G06Q20/389,true,false,fintech,ALIBABA GROUP HOLDING LTD | QIU HONGLIN,CN
59439902,WO-2018121319-A1,WO,20171218,G06Q20/389,true,false,fintech,ALIBABA GROUP HOLDING LTD | QIU HONGLIN,CN
59439902,WO-2018121319-A1,WO,20171218,H04L9/0637,true,false,,ALIBABA GROUP HOLDING LTD | QIU HONGLIN,CN
59439902,WO-2018121319-A1,WO,20171218,H04L9/0643,true,false,,ALIBABA GROUP HOLDING LTD | QIU HONGLIN,CN
59439902,WO-2018121319-A1,WO,20171218,H04L9/0891,true,false,,ALIBABA GROUP HOLDING LTD | QIU HONGLIN,CN
59439902,WO-2018121319-A1,WO,20171218,H04L9/16,true,false,,ALIBABA GROUP HOLDING LTD | QIU HONGLIN,CN
59439902,WO-2018121319-A1,WO,20171218,H04L9/3236,true,true,,ALIBABA GROUP HOLDING LTD | QIU HONGLIN,CN
59439902,WO-2018121319-A1,WO,20171218,H04L9/3239,true,false,,ALIBABA GROUP HOLDING LTD | QIU HONGLIN,CN
59439902,WO-2018121319-A1,WO,20171218,H04L9/50,true,false,,ALIBABA GROUP HOLDING LTD | QIU HONGLIN,CN
59439902,WO-2018121319-A1,WO,20171218,H04L9/50,false,false,,ALIBABA GROUP HOLDING LTD | QIU HONGLIN,CN
59850239,CN-107196892-A,CN,20160315,G06F16/22,true,false,,ALIBABA GROUP HOLDING LTD,
59850239,CN-107196892-A,CN,20160315,G06F16/957,true,false,,ALIBABA GROUP HOLDING LTD,
59850239,CN-107196892-A,CN,20160315,G06F16/957,true,false,,ALIBABA GROUP HOLDING LTD,
59850239,CN-107196892-A,CN,20160315,G06F21/31,true,false,,ALIBABA GROUP HOLDING LTD,
59850239,CN-107196892-A,CN,20160315,G06F21/31,true,false,,ALIBABA GROUP HOLDING LTD,
59850239,CN-107196892-A,CN,20160315,G06F21/41,true,false,,ALIBABA GROUP HOLDING LTD,
59850239,CN-107196892-A,CN,20160315,G06F21/41,true,false,,ALIBABA GROUP HOLDING LTD,
59850239,CN-107196892-A,CN,20160315,G06F21/44,true,false,,ALIBABA GROUP HOLDING LTD,
59850239,CN-107196892-A,CN,20160315,G06F21/44,true,false,,ALIBABA GROUP HOLDING LTD,
59850239,CN-107196892-A,CN,20160315,G06F21/6263,false,false,,ALIBABA GROUP HOLDING LTD,
59850239,CN-107196892-A,CN,20160315,G06Q20/12,true,false,fintech,ALIBABA GROUP HOLDING LTD,
59850239,CN-107196892-A,CN,20160315,G06Q20/12,true,false,fintech,ALIBABA GROUP HOLDING LTD,
59850239,CN-107196892-A,CN,20160315,G06Q20/40,true,false,fintech,ALIBABA GROUP HOLDING LTD,
59850239,CN-107196892-A,CN,20160315,G06Q20/40,true,false,fintech,ALIBABA GROUP HOLDING LTD,
59850239,CN-107196892-A,CN,20160315,G06Q30/0601,true,false,,ALIBABA GROUP HOLDING LTD,
59850239,CN-107196892-A,CN,20160315,G06Q30/0601,true,false,,ALIBABA GROUP HOLDING LTD,
59850239,CN-107196892-A,CN,20160315,G06Q30/0609,true,false,,ALIBABA GROUP HOLDING LTD,
59850239,CN-107196892-A,CN,20160315,G06Q30/0609,true,false,,ALIBABA GROUP HOLDING LTD,
59850239,CN-107196892-A,CN,20160315,G06Q30/0637,true,false,,ALIBABA GROUP HOLDING LTD,
59850239,CN-107196892-A,CN,20160315,G06Q30/0637,true,false,,ALIBABA GROUP HOLDING LTD,
59850239,CN-107196892-A,CN,20160315,H04L2209/76,false,false,,ALIBABA GROUP HOLDING LTD,
59850239,CN-107196892-A,CN,20160315,H04L2209/76,false,false,,ALIBABA GROUP HOLDING LTD,
59850239,CN-107196892-A,CN,20160315,H04L63/0281,true,false,,ALIBABA GROUP HOLDING LTD,
59850239,CN-107196892-A,CN,20160315,H04L63/0807,true,false,,ALIBABA GROUP HOLDING LTD,
59850239,CN-107196892-A,CN,20160315,H04L63/0815,true,true,,ALIBABA GROUP HOLDING LTD,
59850239,CN-107196892-A,CN,20160315,H04L63/0815,true,false,,ALIBABA GROUP HOLDING LTD,
59850239,CN-107196892-A,CN,20160315,H04L63/0815,true,false,,ALIBABA GROUP HOLDING LTD,
59850239,CN-107196892-A,CN,20160315,H04L63/0823,false,false,,ALIBABA GROUP HOLDING LTD,
59850239,CN-107196892-A,CN,20160315,H04L63/0823,false,false,,ALIBABA GROUP HOLDING LTD,
59850239,CN-107196892-A,CN,20160315,H04L63/0853,true,false,,ALIBABA GROUP HOLDING LTD,
59850239,CN-107196892-A,CN,20160315,H04L63/0876,true,true,,ALIBABA GROUP HOLDING LTD,
59850239,CN-107196892-A,CN,20160315,H04L63/0876,true,true,,ALIBABA GROUP HOLDING LTD,
59850239,CN-107196892-A,CN,20160315,H04L63/0876,true,true,,ALIBABA GROUP HOLDING LTD,
59850239,CN-107196892-A,CN,20160315,H04L67/02,false,false,,ALIBABA GROUP HOLDING LTD,
59850239,CN-107196892-A,CN,20160315,H04L67/02,true,false,,ALIBABA GROUP HOLDING LTD,
59850239,CN-107196892-A,CN,20160315,H04L67/02,false,false,,ALIBABA GROUP HOLDING LTD,
59850239,CN-107196892-A,CN,20160315,H04L67/146,true,false,,ALIBABA GROUP HOLDING LTD,
59850239,CN-107196892-A,CN,20160315,H04L9/3213,true,false,,ALIBABA GROUP HOLDING LTD,
59850239,CN-107196892-A,CN,20160315,H04L9/3213,true,false,,ALIBABA GROUP HOLDING LTD,
59850239,CN-107196892-A,CN,20160315,H04L9/3247,true,false,,ALIBABA GROUP HOLDING LTD,
59850239,CN-107196892-B,CN,20160315,G06F16/22,true,false,,,
59850239,CN-107196892-B,CN,20160315,G06F16/957,true,false,,,
59850239,CN-107196892-B,CN,20160315,G06F16/957,true,false,,,
59850239,CN-107196892-B,CN,20160315,G06F21/31,true,false,,,
59850239,CN-107196892-B,CN,20160315,G06F21/31,true,false,,,
59850239,CN-107196892-B,CN,20160315,G06F21/41,true,false,,,
59850239,CN-107196892-B,CN,20160315,G06F21/41,true,false,,,
59850239,CN-107196892-B,CN,20160315,G06F21/44,true,false,,,
59850239,CN-107196892-B,CN,20160315,G06F21/44,true,false,,,
59850239,CN-107196892-B,CN,20160315,G06F21/6263,false,false,,,
59850239,CN-107196892-B,CN,20160315,G06Q20/12,true,false,fintech,,
59850239,CN-107196892-B,CN,20160315,G06Q20/12,true,false,fintech,,
59850239,CN-107196892-B,CN,20160315,G06Q20/40,true,false,fintech,,
59850239,CN-107196892-B,CN,20160315,G06Q20/40,true,false,fintech,,
59850239,CN-107196892-B,CN,20160315,G06Q30/0601,true,false,,,
59850239,CN-107196892-B,CN,20160315,G06Q30/0601,true,false,,,
59850239,CN-107196892-B,CN,20160315,G06Q30/0609,true,false,,,
59850239,CN-107196892-B,CN,20160315,G06Q30/0609,true,false,,,
59850239,CN-107196892-B,CN,20160315,G06Q30/0637,true,false,,,
59850239,CN-107196892-B,CN,20160315,G06Q30/0637,true,false,,,
59850239,CN-107196892-B,CN,20160315,H04L2209/76,false,false,,,
59850239,CN-107196892-B,CN,20160315,H04L2209/76,false,false,,,
59850239,CN-107196892-B,CN,20160315,H04L63/0281,true,false,,,
59850239,CN-107196892-B,CN,20160315,H04L63/0807,true,false,,,
59850239,CN-107196892-B,CN,20160315,H04L63/0815,true,true,,,
59850239,CN-107196892-B,CN,20160315,H04L63/0815,true,false,,,
59850239,CN-107196892-B,CN,20160315,H04L63/0815,true,false,,,
59850239,CN-107196892-B,CN,20160315,H04L63/0823,false,false,,,
59850239,CN-107196892-B,CN,20160315,H04L63/0823,false,false,,,
59850239,CN-107196892-B,CN,20160315,H04L63/0853,true,false,,,
59850239,CN-107196892-B,CN,20160315,H04L63/0876,true,true,,,
59850239,CN-107196892-B,CN,20160315,H04L63/0876,true,true,,,
59850239,CN-107196892-B,CN,20160315,H04L63/0876,true,true,,,
59850239,CN-107196892-B,CN,20160315,H04L67/02,false,false,,,
59850239,CN-107196892-B,CN,20160315,H04L67/02,true,false,,,
59850239,CN-107196892-B,CN,20160315,H04L67/02,false,false,,,
59850239,CN-107196892-B,CN,20160315,H04L67/146,true,false,,,
59850239,CN-107196892-B,CN,20160315,H04L9/3213,true,false,,,
59850239,CN-107196892-B,CN,20160315,H04L9/3213,true,false,,,
59850239,CN-107196892-B,CN,20160315,H04L9/3247,true,false,,,
59850239,EP-3432541-A1,EP,20170302,G06F16/22,true,false,,ALIBABA GROUP HOLDING LTD,KY
59850239,EP-3432541-A1,EP,20170302,G06F16/957,true,false,,ALIBABA GROUP HOLDING LTD,KY
59850239,EP-3432541-A1,EP,20170302,G06F16/957,true,false,,ALIBABA GROUP HOLDING LTD,KY
59850239,EP-3432541-A1,EP,20170302,G06F21/31,true,false,,ALIBABA GROUP HOLDING LTD,KY
59850239,EP-3432541-A1,EP,20170302,G06F21/31,true,false,,ALIBABA GROUP HOLDING LTD,KY
59850239,EP-3432541-A1,EP,20170302,G06F21/41,true,false,,ALIBABA GROUP HOLDING LTD,KY
59850239,EP-3432541-A1,EP,20170302,G06F21/41,true,false,,ALIBABA GROUP HOLDING LTD,KY
59850239,EP-3432541-A1,EP,20170302,G06F21/44,true,false,,ALIBABA GROUP HOLDING LTD,KY
59850239,EP-3432541-A1,EP,20170302,G06F21/44,true,false,,ALIBABA GROUP HOLDING LTD,KY
59850239,EP-3432541-A1,EP,20170302,G06F21/6263,false,false,,ALIBABA GROUP HOLDING LTD,KY
59850239,EP-3432541-A1,EP,20170302,G06Q20/12,true,false,fintech,ALIBABA GROUP HOLDING LTD,KY
59850239,EP-3432541-A1,EP,20170302,G06Q20/12,true,false,fintech,ALIBABA GROUP HOLDING LTD,KY
59850239,EP-3432541-A1,EP,20170302,G06Q20/40,true,false,fintech,ALIBABA GROUP HOLDING LTD,KY
59850239,EP-3432541-A1,EP,20170302,G06Q20/40,true,false,fintech,ALIBABA GROUP HOLDING LTD,KY
59850239,EP-3432541-A1,EP,20170302,G06Q30/0601,true,false,,ALIBABA GROUP HOLDING LTD,KY
59850239,EP-3432541-A1,EP,20170302,G06Q30/0601,true,false,,ALIBABA GROUP HOLDING LTD,KY
59850239,EP-3432541-A1,EP,20170302,G06Q30/0609,true,false,,ALIBABA GROUP HOLDING LTD,KY
59850239,EP-3432541-A1,EP,20170302,G06Q30/0609,true,false,,ALIBABA GROUP HOLDING LTD,KY
59850239,EP-3432541-A1,EP,20170302,G06Q30/0637,true,false,,ALIBABA GROUP HOLDING LTD,KY
59850239,EP-3432541-A1,EP,20170302,G06Q30/0637,true,false,,ALIBABA GROUP HOLDING LTD,KY
59850239,EP-3432541-A1,EP,20170302,H04L2209/76,false,false,,ALIBABA GROUP HOLDING LTD,KY
59850239,EP-3432541-A1,EP,20170302,H04L2209/76,false,false,,ALIBABA GROUP HOLDING LTD,KY
59850239,EP-3432541-A1,EP,20170302,H04L63/0281,true,false,,ALIBABA GROUP HOLDING LTD,KY
59850239,EP-3432541-A1,EP,20170302,H04L63/0807,true,false,,ALIBABA GROUP HOLDING LTD,KY
59850239,EP-3432541-A1,EP,20170302,H04L63/0815,true,true,,ALIBABA GROUP HOLDING LTD,KY
59850239,EP-3432541-A1,EP,20170302,H04L63/0815,true,false,,ALIBABA GROUP HOLDING LTD,KY
59850239,EP-3432541-A1,EP,20170302,H04L63/0815,true,false,,ALIBABA GROUP HOLDING LTD,KY
59850239,EP-3432541-A1,EP,20170302,H04L63/0823,false,false,,ALIBABA GROUP HOLDING LTD,KY
59850239,EP-3432541-A1,EP,20170302,H04L63/0823,false,false,,ALIBABA GROUP HOLDING LTD,KY
59850239,EP-3432541-A1,EP,20170302,H04L63/0853,true,false,,ALIBABA GROUP HOLDING LTD,KY
59850239,EP-3432541-A1,EP,20170302,H04L63/0876,true,true,,ALIBABA GROUP HOLDING LTD,KY
59850239,EP-3432541-A1,EP,20170302,H04L63/0876,true,true,,ALIBABA GROUP HOLDING LTD,KY
59850239,EP-3432541-A1,EP,20170302,H04L63/0876,true,true,,ALIBABA GROUP HOLDING LTD,KY
59850239,EP-3432541-A1,EP,20170302,H04L67/02,false,false,,ALIBABA GROUP HOLDING LTD,KY
59850239,EP-3432541-A1,EP,20170302,H04L67/02,true,false,,ALIBABA GROUP HOLDING LTD,KY
59850239,EP-3432541-A1,EP,20170302,H04L67/02,false,false,,ALIBABA GROUP HOLDING LTD,KY
59850239,EP-3432541-A1,EP,20170302,H04L67/146,true,false,,ALIBABA GROUP HOLDING LTD,KY
59850239,EP-3432541-A1,EP,20170302,H04L9/3213,true,false,,ALIBABA GROUP HOLDING LTD,KY
59850239,EP-3432541-A1,EP,20170302,H04L9/3213,true,false,,ALIBABA GROUP HOLDING LTD,KY
59850239,EP-3432541-A1,EP,20170302,H04L9/3247,true,false,,ALIBABA GROUP HOLDING LTD,KY
59850239,EP-3432541-A4,EP,20170302,G06F16/22,true,false,,ALIBABA GROUP HOLDING LTD,KY
59850239,EP-3432541-A4,EP,20170302,G06F16/957,true,false,,ALIBABA GROUP HOLDING LTD,KY
59850239,EP-3432541-A4,EP,20170302,G06F16/957,true,false,,ALIBABA GROUP HOLDING LTD,KY
59850239,EP-3432541-A4,EP,20170302,G06F21/31,true,false,,ALIBABA GROUP HOLDING LTD,KY
59850239,EP-3432541-A4,EP,20170302,G06F21/31,true,false,,ALIBABA GROUP HOLDING LTD,KY
59850239,EP-3432541-A4,EP,20170302,G06F21/41,true,false,,ALIBABA GROUP HOLDING LTD,KY
59850239,EP-3432541-A4,EP,20170302,G06F21/41,true,false,,ALIBABA GROUP HOLDING LTD,KY
59850239,EP-3432541-A4,EP,20170302,G06F21/44,true,false,,ALIBABA GROUP HOLDING LTD,KY
59850239,EP-3432541-A4,EP,20170302,G06F21/44,true,false,,ALIBABA GROUP HOLDING LTD,KY
59850239,EP-3432541-A4,EP,20170302,G06F21/6263,false,false,,ALIBABA GROUP HOLDING LTD,KY
59850239,EP-3432541-A4,EP,20170302,G06Q20/12,true,false,fintech,ALIBABA GROUP HOLDING LTD,KY
59850239,EP-3432541-A4,EP,20170302,G06Q20/12,true,false,fintech,ALIBABA GROUP HOLDING LTD,KY
59850239,EP-3432541-A4,EP,20170302,G06Q20/40,true,false,fintech,ALIBABA GROUP HOLDING LTD,KY
59850239,EP-3432541-A4,EP,20170302,G06Q20/40,true,false,fintech,ALIBABA GROUP HOLDING LTD,KY
59850239,EP-3432541-A4,EP,20170302,G06Q30/0601,true,false,,ALIBABA GROUP HOLDING LTD,KY
59850239,EP-3432541-A4,EP,20170302,G06Q30/0601,true,false,,ALIBABA GROUP HOLDING LTD,KY
59850239,EP-3432541-A4,EP,20170302,G06Q30/0609,true,false,,ALIBABA GROUP HOLDING LTD,KY
59850239,EP-3432541-A4,EP,20170302,G06Q30/0609,true,false,,ALIBABA GROUP HOLDING LTD,KY
59850239,EP-3432541-A4,EP,20170302,G06Q30/0637,true,false,,ALIBABA GROUP HOLDING LTD,KY
59850239,EP-3432541-A4,EP,20170302,G06Q30/0637,true,false,,ALIBABA GROUP HOLDING LTD,KY
59850239,EP-3432541-A4,EP,20170302,H04L2209/76,false,false,,ALIBABA GROUP HOLDING LTD,KY
59850239,EP-3432541-A4,EP,20170302,H04L2209/76,false,false,,ALIBABA GROUP HOLDING LTD,KY
59850239,EP-3432541-A4,EP,20170302,H04L63/0281,true,false,,ALIBABA GROUP HOLDING LTD,KY
59850239,EP-3432541-A4,EP,20170302,H04L63/0807,true,false,,ALIBABA GROUP HOLDING LTD,KY
59850239,EP-3432541-A4,EP,20170302,H04L63/0815,true,false,,ALIBABA GROUP HOLDING LTD,KY
59850239,EP-3432541-A4,EP,20170302,H04L63/0815,true,true,,ALIBABA GROUP HOLDING LTD,KY
59850239,EP-3432541-A4,EP,20170302,H04L63/0815,true,false,,ALIBABA GROUP HOLDING LTD,KY
59850239,EP-3432541-A4,EP,20170302,H04L63/0823,false,false,,ALIBABA GROUP HOLDING LTD,KY
59850239,EP-3432541-A4,EP,20170302,H04L63/0823,false,false,,ALIBABA GROUP HOLDING LTD,KY
59850239,EP-3432541-A4,EP,20170302,H04L63/0853,true,false,,ALIBABA GROUP HOLDING LTD,KY
59850239,EP-3432541-A4,EP,20170302,H04L63/0876,true,true,,ALIBABA GROUP HOLDING LTD,KY
59850239,EP-3432541-A4,EP,20170302,H04L63/0876,true,true,,ALIBABA GROUP HOLDING LTD,KY
59850239,EP-3432541-A4,EP,20170302,H04L63/0876,true,true,,ALIBABA GROUP HOLDING LTD,KY
59850239,EP-3432541-A4,EP,20170302,H04L67/02,true,false,,ALIBABA GROUP HOLDING LTD,KY
59850239,EP-3432541-A4,EP,20170302,H04L67/02,false,false,,ALIBABA GROUP HOLDING LTD,KY
59850239,EP-3432541-A4,EP,20170302,H04L67/02,false,false,,ALIBABA GROUP HOLDING LTD,KY
59850239,EP-3432541-A4,EP,20170302,H04L67/146,true,false,,ALIBABA GROUP HOLDING LTD,KY
59850239,EP-3432541-A4,EP,20170302,H04L9/3213,true,false,,ALIBABA GROUP HOLDING LTD,KY
59850239,EP-3432541-A4,EP,20170302,H04L9/3213,true,false,,ALIBABA GROUP HOLDING LTD,KY
59850239,EP-3432541-A4,EP,20170302,H04L9/3247,true,false,,ALIBABA GROUP HOLDING LTD,KY
59850239,EP-3432541-B1,EP,20170302,G06F16/22,true,false,,ADVANCED NEW TECHNOLOGIES CO LTD,KY
59850239,EP-3432541-B1,EP,20170302,G06F16/957,true,false,,ADVANCED NEW TECHNOLOGIES CO LTD,KY
59850239,EP-3432541-B1,EP,20170302,G06F16/957,true,false,,ADVANCED NEW TECHNOLOGIES CO LTD,KY
59850239,EP-3432541-B1,EP,20170302,G06F21/31,true,false,,ADVANCED NEW TECHNOLOGIES CO LTD,KY
59850239,EP-3432541-B1,EP,20170302,G06F21/31,true,false,,ADVANCED NEW TECHNOLOGIES CO LTD,KY
59850239,EP-3432541-B1,EP,20170302,G06F21/41,true,false,,ADVANCED NEW TECHNOLOGIES CO LTD,KY
59850239,EP-3432541-B1,EP,20170302,G06F21/41,true,false,,ADVANCED NEW TECHNOLOGIES CO LTD,KY
59850239,EP-3432541-B1,EP,20170302,G06F21/44,true,false,,ADVANCED NEW TECHNOLOGIES CO LTD,KY
59850239,EP-3432541-B1,EP,20170302,G06F21/44,true,false,,ADVANCED NEW TECHNOLOGIES CO LTD,KY
59850239,EP-3432541-B1,EP,20170302,G06F21/6263,false,false,,ADVANCED NEW TECHNOLOGIES CO LTD,KY
59850239,EP-3432541-B1,EP,20170302,G06Q20/12,true,false,fintech,ADVANCED NEW TECHNOLOGIES CO LTD,KY
59850239,EP-3432541-B1,EP,20170302,G06Q20/12,true,false,fintech,ADVANCED NEW TECHNOLOGIES CO LTD,KY
59850239,EP-3432541-B1,EP,20170302,G06Q20/40,true,false,fintech,ADVANCED NEW TECHNOLOGIES CO LTD,KY
59850239,EP-3432541-B1,EP,20170302,G06Q20/40,true,false,fintech,ADVANCED NEW TECHNOLOGIES CO LTD,KY
59850239,EP-3432541-B1,EP,20170302,G06Q30/0601,true,false,,ADVANCED NEW TECHNOLOGIES CO LTD,KY
59850239,EP-3432541-B1,EP,20170302,G06Q30/0601,true,false,,ADVANCED NEW TECHNOLOGIES CO LTD,KY
59850239,EP-3432541-B1,EP,20170302,G06Q30/0609,true,false,,ADVANCED NEW TECHNOLOGIES CO LTD,KY
59850239,EP-3432541-B1,EP,20170302,G06Q30/0609,true,false,,ADVANCED NEW TECHNOLOGIES CO LTD,KY
59850239,EP-3432541-B1,EP,20170302,G06Q30/0637,true,false,,ADVANCED NEW TECHNOLOGIES CO LTD,KY
59850239,EP-3432541-B1,EP,20170302,G06Q30/0637,true,false,,ADVANCED NEW TECHNOLOGIES CO LTD,KY
59850239,EP-3432541-B1,EP,20170302,H04L2209/76,false,false,,ADVANCED NEW TECHNOLOGIES CO LTD,KY
59850239,EP-3432541-B1,EP,20170302,H04L2209/76,false,false,,ADVANCED NEW TECHNOLOGIES CO LTD,KY
59850239,EP-3432541-B1,EP,20170302,H04L63/0281,true,false,,ADVANCED NEW TECHNOLOGIES CO LTD,KY
59850239,EP-3432541-B1,EP,20170302,H04L63/0807,true,false,,ADVANCED NEW TECHNOLOGIES CO LTD,KY
59850239,EP-3432541-B1,EP,20170302,H04L63/0815,true,false,,ADVANCED NEW TECHNOLOGIES CO LTD,KY
59850239,EP-3432541-B1,EP,20170302,H04L63/0815,true,false,,ADVANCED NEW TECHNOLOGIES CO LTD,KY
59850239,EP-3432541-B1,EP,20170302,H04L63/0815,true,true,,ADVANCED NEW TECHNOLOGIES CO LTD,KY
59850239,EP-3432541-B1,EP,20170302,H04L63/0823,false,false,,ADVANCED NEW TECHNOLOGIES CO LTD,KY
59850239,EP-3432541-B1,EP,20170302,H04L63/0823,false,false,,ADVANCED NEW TECHNOLOGIES CO LTD,KY
59850239,EP-3432541-B1,EP,20170302,H04L63/0853,true,false,,ADVANCED NEW TECHNOLOGIES CO LTD,KY
59850239,EP-3432541-B1,EP,20170302,H04L63/0876,true,true,,ADVANCED NEW TECHNOLOGIES CO LTD,KY
59850239,EP-3432541-B1,EP,20170302,H04L63/0876,true,true,,ADVANCED NEW TECHNOLOGIES CO LTD,KY
59850239,EP-3432541-B1,EP,20170302,H04L63/0876,true,true,,ADVANCED NEW TECHNOLOGIES CO LTD,KY
59850239,EP-3432541-B1,EP,20170302,H04L67/02,false,false,,ADVANCED NEW TECHNOLOGIES CO LTD,KY
59850239,EP-3432541-B1,EP,20170302,H04L67/02,false,false,,ADVANCED NEW TECHNOLOGIES CO LTD,KY
59850239,EP-3432541-B1,EP,20170302,H04L67/02,true,false,,ADVANCED NEW TECHNOLOGIES CO LTD,KY
59850239,EP-3432541-B1,EP,20170302,H04L67/146,true,false,,ADVANCED NEW TECHNOLOGIES CO LTD,KY
59850239,EP-3432541-B1,EP,20170302,H04L9/3213,true,false,,ADVANCED NEW TECHNOLOGIES CO LTD,KY
59850239,EP-3432541-B1,EP,20170302,H04L9/3213,true,false,,ADVANCED NEW TECHNOLOGIES CO LTD,KY
59850239,EP-3432541-B1,EP,20170302,H04L9/3247,true,false,,ADVANCED NEW TECHNOLOGIES CO LTD,KY
59850239,JP-2019515368-A,JP,20170302,G06F16/22,true,false,,,
59850239,JP-2019515368-A,JP,20170302,G06F16/957,true,false,,,
59850239,JP-2019515368-A,JP,20170302,G06F16/957,true,false,,,
59850239,JP-2019515368-A,JP,20170302,G06F21/31,true,false,,,
59850239,JP-2019515368-A,JP,20170302,G06F21/31,true,false,,,
59850239,JP-2019515368-A,JP,20170302,G06F21/41,true,false,,,
59850239,JP-2019515368-A,JP,20170302,G06F21/41,true,false,,,
59850239,JP-2019515368-A,JP,20170302,G06F21/44,true,false,,,
59850239,JP-2019515368-A,JP,20170302,G06F21/44,true,false,,,
59850239,JP-2019515368-A,JP,20170302,G06F21/6263,false,false,,,
59850239,JP-2019515368-A,JP,20170302,G06Q20/12,true,false,fintech,,
59850239,JP-2019515368-A,JP,20170302,G06Q20/12,true,false,fintech,,
59850239,JP-2019515368-A,JP,20170302,G06Q20/40,true,false,fintech,,
59850239,JP-2019515368-A,JP,20170302,G06Q20/40,true,false,fintech,,
59850239,JP-2019515368-A,JP,20170302,G06Q30/0601,true,false,,,
59850239,JP-2019515368-A,JP,20170302,G06Q30/0601,true,false,,,
59850239,JP-2019515368-A,JP,20170302,G06Q30/0609,true,false,,,
59850239,JP-2019515368-A,JP,20170302,G06Q30/0609,true,false,,,
59850239,JP-2019515368-A,JP,20170302,G06Q30/0637,true,false,,,
59850239,JP-2019515368-A,JP,20170302,G06Q30/0637,true,false,,,
59850239,JP-2019515368-A,JP,20170302,H04L2209/76,false,false,,,
59850239,JP-2019515368-A,JP,20170302,H04L2209/76,false,false,,,
59850239,JP-2019515368-A,JP,20170302,H04L63/0281,true,false,,,
59850239,JP-2019515368-A,JP,20170302,H04L63/0807,true,false,,,
59850239,JP-2019515368-A,JP,20170302,H04L63/0815,true,false,,,
59850239,JP-2019515368-A,JP,20170302,H04L63/0815,true,true,,,
59850239,JP-2019515368-A,JP,20170302,H04L63/0815,true,false,,,
59850239,JP-2019515368-A,JP,20170302,H04L63/0823,false,false,,,
59850239,JP-2019515368-A,JP,20170302,H04L63/0823,false,false,,,
59850239,JP-2019515368-A,JP,20170302,H04L63/0853,true,false,,,
59850239,JP-2019515368-A,JP,20170302,H04L63/0876,true,true,,,
59850239,JP-2019515368-A,JP,20170302,H04L63/0876,true,true,,,
59850239,JP-2019515368-A,JP,20170302,H04L63/0876,true,true,,,
59850239,JP-2019515368-A,JP,20170302,H04L67/02,true,false,,,
59850239,JP-2019515368-A,JP,20170302,H04L67/02,false,false,,,
59850239,JP-2019515368-A,JP,20170302,H04L67/02,false,false,,,
59850239,JP-2019515368-A,JP,20170302,H04L67/146,true,false,,,
59850239,JP-2019515368-A,JP,20170302,H04L9/3213,true,false,,,
59850239,JP-2019515368-A,JP,20170302,H04L9/3213,true,false,,,
59850239,JP-2019515368-A,JP,20170302,H04L9/3247,true,false,,,
59850239,JP-6749409-B2,JP,20170302,G06F16/22,true,false,,,
59850239,JP-6749409-B2,JP,20170302,G06F16/957,true,false,,,
59850239,JP-6749409-B2,JP,20170302,G06F16/957,true,false,,,
59850239,JP-6749409-B2,JP,20170302,G06F21/31,true,false,,,
59850239,JP-6749409-B2,JP,20170302,G06F21/31,true,false,,,
59850239,JP-6749409-B2,JP,20170302,G06F21/41,true,false,,,
59850239,JP-6749409-B2,JP,20170302,G06F21/41,true,false,,,
59850239,JP-6749409-B2,JP,20170302,G06F21/44,true,false,,,
59850239,JP-6749409-B2,JP,20170302,G06F21/44,true,false,,,
59850239,JP-6749409-B2,JP,20170302,G06F21/6263,false,false,,,
59850239,JP-6749409-B2,JP,20170302,G06Q20/12,true,false,fintech,,
59850239,JP-6749409-B2,JP,20170302,G06Q20/12,true,false,fintech,,
59850239,JP-6749409-B2,JP,20170302,G06Q20/40,true,false,fintech,,
59850239,JP-6749409-B2,JP,20170302,G06Q20/40,true,false,fintech,,
59850239,JP-6749409-B2,JP,20170302,G06Q30/0601,true,false,,,
59850239,JP-6749409-B2,JP,20170302,G06Q30/0601,true,false,,,
59850239,JP-6749409-B2,JP,20170302,G06Q30/0609,true,false,,,
59850239,JP-6749409-B2,JP,20170302,G06Q30/0609,true,false,,,
59850239,JP-6749409-B2,JP,20170302,G06Q30/0637,true,false,,,
59850239,JP-6749409-B2,JP,20170302,G06Q30/0637,true,false,,,
59850239,JP-6749409-B2,JP,20170302,H04L2209/76,false,false,,,
59850239,JP-6749409-B2,JP,20170302,H04L2209/76,false,false,,,
59850239,JP-6749409-B2,JP,20170302,H04L63/0281,true,false,,,
59850239,JP-6749409-B2,JP,20170302,H04L63/0807,true,false,,,
59850239,JP-6749409-B2,JP,20170302,H04L63/0815,true,true,,,
59850239,JP-6749409-B2,JP,20170302,H04L63/0815,true,false,,,
59850239,JP-6749409-B2,JP,20170302,H04L63/0815,true,false,,,
59850239,JP-6749409-B2,JP,20170302,H04L63/0823,false,false,,,
59850239,JP-6749409-B2,JP,20170302,H04L63/0823,false,false,,,
59850239,JP-6749409-B2,JP,20170302,H04L63/0853,true,false,,,
59850239,JP-6749409-B2,JP,20170302,H04L63/0876,true,true,,,
59850239,JP-6749409-B2,JP,20170302,H04L63/0876,true,true,,,
59850239,JP-6749409-B2,JP,20170302,H04L63/0876,true,true,,,
59850239,JP-6749409-B2,JP,20170302,H04L67/02,true,false,,,
59850239,JP-6749409-B2,JP,20170302,H04L67/02,false,false,,,
59850239,JP-6749409-B2,JP,20170302,H04L67/02,false,false,,,
59850239,JP-6749409-B2,JP,20170302,H04L67/146,true,false,,,
59850239,JP-6749409-B2,JP,20170302,H04L9/3213,true,false,,,
59850239,JP-6749409-B2,JP,20170302,H04L9/3213,true,false,,,
59850239,JP-6749409-B2,JP,20170302,H04L9/3247,true,false,,,
59850239,KR-102148590-B1,KR,20170302,G06F16/22,true,false,,,
59850239,KR-102148590-B1,KR,20170302,G06F16/957,true,false,,,
59850239,KR-102148590-B1,KR,20170302,G06F16/957,true,false,,,
59850239,KR-102148590-B1,KR,20170302,G06F21/31,true,false,,,
59850239,KR-102148590-B1,KR,20170302,G06F21/31,true,false,,,
59850239,KR-102148590-B1,KR,20170302,G06F21/41,true,false,,,
59850239,KR-102148590-B1,KR,20170302,G06F21/41,true,false,,,
59850239,KR-102148590-B1,KR,20170302,G06F21/44,true,false,,,
59850239,KR-102148590-B1,KR,20170302,G06F21/44,true,false,,,
59850239,KR-102148590-B1,KR,20170302,G06F21/6263,false,false,,,
59850239,KR-102148590-B1,KR,20170302,G06Q20/12,true,false,fintech,,
59850239,KR-102148590-B1,KR,20170302,G06Q20/12,true,false,fintech,,
59850239,KR-102148590-B1,KR,20170302,G06Q20/40,true,false,fintech,,
59850239,KR-102148590-B1,KR,20170302,G06Q20/40,true,false,fintech,,
59850239,KR-102148590-B1,KR,20170302,G06Q30/0601,true,false,,,
59850239,KR-102148590-B1,KR,20170302,G06Q30/0601,true,false,,,
59850239,KR-102148590-B1,KR,20170302,G06Q30/0609,true,false,,,
59850239,KR-102148590-B1,KR,20170302,G06Q30/0609,true,false,,,
59850239,KR-102148590-B1,KR,20170302,G06Q30/0637,true,false,,,
59850239,KR-102148590-B1,KR,20170302,G06Q30/0637,true,false,,,
59850239,KR-102148590-B1,KR,20170302,H04L2209/76,false,false,,,
59850239,KR-102148590-B1,KR,20170302,H04L2209/76,false,false,,,
59850239,KR-102148590-B1,KR,20170302,H04L63/0281,true,false,,,
59850239,KR-102148590-B1,KR,20170302,H04L63/0281,true,false,,,
59850239,KR-102148590-B1,KR,20170302,H04L63/0807,true,false,,,
59850239,KR-102148590-B1,KR,20170302,H04L63/0815,true,false,,,
59850239,KR-102148590-B1,KR,20170302,H04L63/0815,true,true,,,
59850239,KR-102148590-B1,KR,20170302,H04L63/0815,true,false,,,
59850239,KR-102148590-B1,KR,20170302,H04L63/0823,false,false,,,
59850239,KR-102148590-B1,KR,20170302,H04L63/0823,false,false,,,
59850239,KR-102148590-B1,KR,20170302,H04L63/0853,true,false,,,
59850239,KR-102148590-B1,KR,20170302,H04L63/0876,true,true,,,
59850239,KR-102148590-B1,KR,20170302,H04L63/0876,true,true,,,
59850239,KR-102148590-B1,KR,20170302,H04L63/0876,true,true,,,
59850239,KR-102148590-B1,KR,20170302,H04L63/0876,true,true,,,
59850239,KR-102148590-B1,KR,20170302,H04L67/02,false,false,,,
59850239,KR-102148590-B1,KR,20170302,H04L67/02,true,false,,,
59850239,KR-102148590-B1,KR,20170302,H04L67/02,false,false,,,
59850239,KR-102148590-B1,KR,20170302,H04L67/02,true,false,,,
59850239,KR-102148590-B1,KR,20170302,H04L67/146,true,false,,,
59850239,KR-102148590-B1,KR,20170302,H04L67/146,true,false,,,
59850239,KR-102148590-B1,KR,20170302,H04L9/3213,true,false,,,
59850239,KR-102148590-B1,KR,20170302,H04L9/3213,true,false,,,
59850239,KR-102148590-B1,KR,20170302,H04L9/3247,true,false,,,
59850239,KR-20180123112-A,KR,20170302,G06F16/22,true,false,,ALIBABA GROUP HOLDING LTD,KY
59850239,KR-20180123112-A,KR,20170302,G06F16/957,true,false,,ALIBABA GROUP HOLDING LTD,KY
59850239,KR-20180123112-A,KR,20170302,G06F16/957,true,false,,ALIBABA GROUP HOLDING LTD,KY
59850239,KR-20180123112-A,KR,20170302,G06F21/31,true,false,,ALIBABA GROUP HOLDING LTD,KY
59850239,KR-20180123112-A,KR,20170302,G06F21/31,true,false,,ALIBABA GROUP HOLDING LTD,KY
59850239,KR-20180123112-A,KR,20170302,G06F21/41,true,false,,ALIBABA GROUP HOLDING LTD,KY
59850239,KR-20180123112-A,KR,20170302,G06F21/41,true,false,,ALIBABA GROUP HOLDING LTD,KY
59850239,KR-20180123112-A,KR,20170302,G06F21/44,true,false,,ALIBABA GROUP HOLDING LTD,KY
59850239,KR-20180123112-A,KR,20170302,G06F21/44,true,false,,ALIBABA GROUP HOLDING LTD,KY
59850239,KR-20180123112-A,KR,20170302,G06F21/6263,false,false,,ALIBABA GROUP HOLDING LTD,KY
59850239,KR-20180123112-A,KR,20170302,G06Q20/12,true,false,fintech,ALIBABA GROUP HOLDING LTD,KY
59850239,KR-20180123112-A,KR,20170302,G06Q20/12,true,false,fintech,ALIBABA GROUP HOLDING LTD,KY
59850239,KR-20180123112-A,KR,20170302,G06Q20/40,true,false,fintech,ALIBABA GROUP HOLDING LTD,KY
59850239,KR-20180123112-A,KR,20170302,G06Q20/40,true,false,fintech,ALIBABA GROUP HOLDING LTD,KY
59850239,KR-20180123112-A,KR,20170302,G06Q30/0601,true,false,,ALIBABA GROUP HOLDING LTD,KY
59850239,KR-20180123112-A,KR,20170302,G06Q30/0601,true,false,,ALIBABA GROUP HOLDING LTD,KY
59850239,KR-20180123112-A,KR,20170302,G06Q30/0609,true,false,,ALIBABA GROUP HOLDING LTD,KY
59850239,KR-20180123112-A,KR,20170302,G06Q30/0609,true,false,,ALIBABA GROUP HOLDING LTD,KY
59850239,KR-20180123112-A,KR,20170302,G06Q30/0637,true,false,,ALIBABA GROUP HOLDING LTD,KY
59850239,KR-20180123112-A,KR,20170302,G06Q30/0637,true,false,,ALIBABA GROUP HOLDING LTD,KY
59850239,KR-20180123112-A,KR,20170302,H04L2209/76,false,false,,ALIBABA GROUP HOLDING LTD,KY
59850239,KR-20180123112-A,KR,20170302,H04L2209/76,false,false,,ALIBABA GROUP HOLDING LTD,KY
59850239,KR-20180123112-A,KR,20170302,H04L63/0281,true,false,,ALIBABA GROUP HOLDING LTD,KY
59850239,KR-20180123112-A,KR,20170302,H04L63/0281,true,false,,ALIBABA GROUP HOLDING LTD,KY
59850239,KR-20180123112-A,KR,20170302,H04L63/0807,true,false,,ALIBABA GROUP HOLDING LTD,KY
59850239,KR-20180123112-A,KR,20170302,H04L63/0815,true,true,,ALIBABA GROUP HOLDING LTD,KY
59850239,KR-20180123112-A,KR,20170302,H04L63/0815,true,false,,ALIBABA GROUP HOLDING LTD,KY
59850239,KR-20180123112-A,KR,20170302,H04L63/0815,true,false,,ALIBABA GROUP HOLDING LTD,KY
59850239,KR-20180123112-A,KR,20170302,H04L63/0823,false,false,,ALIBABA GROUP HOLDING LTD,KY
59850239,KR-20180123112-A,KR,20170302,H04L63/0823,false,false,,ALIBABA GROUP HOLDING LTD,KY
59850239,KR-20180123112-A,KR,20170302,H04L63/0853,true,false,,ALIBABA GROUP HOLDING LTD,KY
59850239,KR-20180123112-A,KR,20170302,H04L63/0876,true,true,,ALIBABA GROUP HOLDING LTD,KY
59850239,KR-20180123112-A,KR,20170302,H04L63/0876,true,true,,ALIBABA GROUP HOLDING LTD,KY
59850239,KR-20180123112-A,KR,20170302,H04L63/0876,true,true,,ALIBABA GROUP HOLDING LTD,KY
59850239,KR-20180123112-A,KR,20170302,H04L63/0876,true,true,,ALIBABA GROUP HOLDING LTD,KY
59850239,KR-20180123112-A,KR,20170302,H04L67/02,false,false,,ALIBABA GROUP HOLDING LTD,KY
59850239,KR-20180123112-A,KR,20170302,H04L67/02,true,false,,ALIBABA GROUP HOLDING LTD,KY
59850239,KR-20180123112-A,KR,20170302,H04L67/02,true,false,,ALIBABA GROUP HOLDING LTD,KY
59850239,KR-20180123112-A,KR,20170302,H04L67/02,false,false,,ALIBABA GROUP HOLDING LTD,KY
59850239,KR-20180123112-A,KR,20170302,H04L67/146,true,false,,ALIBABA GROUP HOLDING LTD,KY
59850239,KR-20180123112-A,KR,20170302,H04L67/146,true,false,,ALIBABA GROUP HOLDING LTD,KY
59850239,KR-20180123112-A,KR,20170302,H04L9/3213,true,false,,ALIBABA GROUP HOLDING LTD,KY
59850239,KR-20180123112-A,KR,20170302,H04L9/3213,true,false,,ALIBABA GROUP HOLDING LTD,KY
59850239,KR-20180123112-A,KR,20170302,H04L9/3247,true,false,,ALIBABA GROUP HOLDING LTD,KY
59850239,MY-189956-A,MY,20170302,G06F16/22,true,false,,ADVANCED NEW TECHNOLOGIES CO LTD,KY
59850239,MY-189956-A,MY,20170302,G06F16/957,true,false,,ADVANCED NEW TECHNOLOGIES CO LTD,KY
59850239,MY-189956-A,MY,20170302,G06F16/957,true,false,,ADVANCED NEW TECHNOLOGIES CO LTD,KY
59850239,MY-189956-A,MY,20170302,G06F21/31,true,false,,ADVANCED NEW TECHNOLOGIES CO LTD,KY
59850239,MY-189956-A,MY,20170302,G06F21/31,true,false,,ADVANCED NEW TECHNOLOGIES CO LTD,KY
59850239,MY-189956-A,MY,20170302,G06F21/41,true,false,,ADVANCED NEW TECHNOLOGIES CO LTD,KY
59850239,MY-189956-A,MY,20170302,G06F21/41,true,false,,ADVANCED NEW TECHNOLOGIES CO LTD,KY
59850239,MY-189956-A,MY,20170302,G06F21/44,true,false,,ADVANCED NEW TECHNOLOGIES CO LTD,KY
59850239,MY-189956-A,MY,20170302,G06F21/44,true,false,,ADVANCED NEW TECHNOLOGIES CO LTD,KY
59850239,MY-189956-A,MY,20170302,G06F21/6263,false,false,,ADVANCED NEW TECHNOLOGIES CO LTD,KY
59850239,MY-189956-A,MY,20170302,G06Q20/12,true,false,fintech,ADVANCED NEW TECHNOLOGIES CO LTD,KY
59850239,MY-189956-A,MY,20170302,G06Q20/12,true,false,fintech,ADVANCED NEW TECHNOLOGIES CO LTD,KY
59850239,MY-189956-A,MY,20170302,G06Q20/40,true,false,fintech,ADVANCED NEW TECHNOLOGIES CO LTD,KY
59850239,MY-189956-A,MY,20170302,G06Q20/40,true,false,fintech,ADVANCED NEW TECHNOLOGIES CO LTD,KY
59850239,MY-189956-A,MY,20170302,G06Q30/0601,true,false,,ADVANCED NEW TECHNOLOGIES CO LTD,KY
59850239,MY-189956-A,MY,20170302,G06Q30/0601,true,false,,ADVANCED NEW TECHNOLOGIES CO LTD,KY
59850239,MY-189956-A,MY,20170302,G06Q30/0609,true,false,,ADVANCED NEW TECHNOLOGIES CO LTD,KY
59850239,MY-189956-A,MY,20170302,G06Q30/0609,true,false,,ADVANCED NEW TECHNOLOGIES CO LTD,KY
59850239,MY-189956-A,MY,20170302,G06Q30/0637,true,false,,ADVANCED NEW TECHNOLOGIES CO LTD,KY
59850239,MY-189956-A,MY,20170302,G06Q30/0637,true,false,,ADVANCED NEW TECHNOLOGIES CO LTD,KY
59850239,MY-189956-A,MY,20170302,H04L2209/76,false,false,,ADVANCED NEW TECHNOLOGIES CO LTD,KY
59850239,MY-189956-A,MY,20170302,H04L2209/76,false,false,,ADVANCED NEW TECHNOLOGIES CO LTD,KY
59850239,MY-189956-A,MY,20170302,H04L63/0281,true,false,,ADVANCED NEW TECHNOLOGIES CO LTD,KY
59850239,MY-189956-A,MY,20170302,H04L63/0807,true,false,,ADVANCED NEW TECHNOLOGIES CO LTD,KY
59850239,MY-189956-A,MY,20170302,H04L63/0815,true,true,,ADVANCED NEW TECHNOLOGIES CO LTD,KY
59850239,MY-189956-A,MY,20170302,H04L63/0815,true,false,,ADVANCED NEW TECHNOLOGIES CO LTD,KY
59850239,MY-189956-A,MY,20170302,H04L63/0815,true,false,,ADVANCED NEW TECHNOLOGIES CO LTD,KY
59850239,MY-189956-A,MY,20170302,H04L63/0823,false,false,,ADVANCED NEW TECHNOLOGIES CO LTD,KY
59850239,MY-189956-A,MY,20170302,H04L63/0823,false,false,,ADVANCED NEW TECHNOLOGIES CO LTD,KY
59850239,MY-189956-A,MY,20170302,H04L63/0853,true,false,,ADVANCED NEW TECHNOLOGIES CO LTD,KY
59850239,MY-189956-A,MY,20170302,H04L63/0876,true,true,,ADVANCED NEW TECHNOLOGIES CO LTD,KY
59850239,MY-189956-A,MY,20170302,H04L63/0876,true,true,,ADVANCED NEW TECHNOLOGIES CO LTD,KY
59850239,MY-189956-A,MY,20170302,H04L63/0876,true,true,,ADVANCED NEW TECHNOLOGIES CO LTD,KY
59850239,MY-189956-A,MY,20170302,H04L67/02,true,false,,ADVANCED NEW TECHNOLOGIES CO LTD,KY
59850239,MY-189956-A,MY,20170302,H04L67/02,false,false,,ADVANCED NEW TECHNOLOGIES CO LTD,KY
59850239,MY-189956-A,MY,20170302,H04L67/02,false,false,,ADVANCED NEW TECHNOLOGIES CO LTD,KY
59850239,MY-189956-A,MY,20170302,H04L67/146,true,false,,ADVANCED NEW TECHNOLOGIES CO LTD,KY
59850239,MY-189956-A,MY,20170302,H04L9/3213,true,false,,ADVANCED NEW TECHNOLOGIES CO LTD,KY
59850239,MY-189956-A,MY,20170302,H04L9/3213,true,false,,ADVANCED NEW TECHNOLOGIES CO LTD,KY
59850239,MY-189956-A,MY,20170302,H04L9/3247,true,false,,ADVANCED NEW TECHNOLOGIES CO LTD,KY
59850239,PH-12018502007-A1,PH,20180919,G06F16/22,true,false,,ADVANCED NEW TECHNOLOGIES CO LTD,KY
59850239,PH-12018502007-A1,PH,20180919,G06F16/957,true,false,,ADVANCED NEW TECHNOLOGIES CO LTD,KY
59850239,PH-12018502007-A1,PH,20180919,G06F16/957,true,false,,ADVANCED NEW TECHNOLOGIES CO LTD,KY
59850239,PH-12018502007-A1,PH,20180919,G06F21/31,true,false,,ADVANCED NEW TECHNOLOGIES CO LTD,KY
59850239,PH-12018502007-A1,PH,20180919,G06F21/31,true,false,,ADVANCED NEW TECHNOLOGIES CO LTD,KY
59850239,PH-12018502007-A1,PH,20180919,G06F21/41,true,false,,ADVANCED NEW TECHNOLOGIES CO LTD,KY
59850239,PH-12018502007-A1,PH,20180919,G06F21/41,true,false,,ADVANCED NEW TECHNOLOGIES CO LTD,KY
59850239,PH-12018502007-A1,PH,20180919,G06F21/44,true,false,,ADVANCED NEW TECHNOLOGIES CO LTD,KY
59850239,PH-12018502007-A1,PH,20180919,G06F21/44,true,false,,ADVANCED NEW TECHNOLOGIES CO LTD,KY
59850239,PH-12018502007-A1,PH,20180919,G06F21/6263,false,false,,ADVANCED NEW TECHNOLOGIES CO LTD,KY
59850239,PH-12018502007-A1,PH,20180919,G06Q20/12,true,false,fintech,ADVANCED NEW TECHNOLOGIES CO LTD,KY
59850239,PH-12018502007-A1,PH,20180919,G06Q20/12,true,false,fintech,ADVANCED NEW TECHNOLOGIES CO LTD,KY
59850239,PH-12018502007-A1,PH,20180919,G06Q20/40,true,false,fintech,ADVANCED NEW TECHNOLOGIES CO LTD,KY
59850239,PH-12018502007-A1,PH,20180919,G06Q20/40,true,false,fintech,ADVANCED NEW TECHNOLOGIES CO LTD,KY
59850239,PH-12018502007-A1,PH,20180919,G06Q30/0601,true,false,,ADVANCED NEW TECHNOLOGIES CO LTD,KY
59850239,PH-12018502007-A1,PH,20180919,G06Q30/0601,true,false,,ADVANCED NEW TECHNOLOGIES CO LTD,KY
59850239,PH-12018502007-A1,PH,20180919,G06Q30/0609,true,false,,ADVANCED NEW TECHNOLOGIES CO LTD,KY
59850239,PH-12018502007-A1,PH,20180919,G06Q30/0609,true,false,,ADVANCED NEW TECHNOLOGIES CO LTD,KY
59850239,PH-12018502007-A1,PH,20180919,G06Q30/0637,true,false,,ADVANCED NEW TECHNOLOGIES CO LTD,KY
59850239,PH-12018502007-A1,PH,20180919,G06Q30/0637,true,false,,ADVANCED NEW TECHNOLOGIES CO LTD,KY
59850239,PH-12018502007-A1,PH,20180919,H04L2209/76,false,false,,ADVANCED NEW TECHNOLOGIES CO LTD,KY
59850239,PH-12018502007-A1,PH,20180919,H04L2209/76,false,false,,ADVANCED NEW TECHNOLOGIES CO LTD,KY
59850239,PH-12018502007-A1,PH,20180919,H04L63/0281,true,false,,ADVANCED NEW TECHNOLOGIES CO LTD,KY
59850239,PH-12018502007-A1,PH,20180919,H04L63/0807,true,false,,ADVANCED NEW TECHNOLOGIES CO LTD,KY
59850239,PH-12018502007-A1,PH,20180919,H04L63/0815,true,true,,ADVANCED NEW TECHNOLOGIES CO LTD,KY
59850239,PH-12018502007-A1,PH,20180919,H04L63/0815,true,false,,ADVANCED NEW TECHNOLOGIES CO LTD,KY
59850239,PH-12018502007-A1,PH,20180919,H04L63/0815,true,false,,ADVANCED NEW TECHNOLOGIES CO LTD,KY
59850239,PH-12018502007-A1,PH,20180919,H04L63/0823,false,false,,ADVANCED NEW TECHNOLOGIES CO LTD,KY
59850239,PH-12018502007-A1,PH,20180919,H04L63/0823,false,false,,ADVANCED NEW TECHNOLOGIES CO LTD,KY
59850239,PH-12018502007-A1,PH,20180919,H04L63/0853,true,false,,ADVANCED NEW TECHNOLOGIES CO LTD,KY
59850239,PH-12018502007-A1,PH,20180919,H04L63/0876,true,true,,ADVANCED NEW TECHNOLOGIES CO LTD,KY
59850239,PH-12018502007-A1,PH,20180919,H04L63/0876,true,true,,ADVANCED NEW TECHNOLOGIES CO LTD,KY
59850239,PH-12018502007-A1,PH,20180919,H04L63/0876,true,true,,ADVANCED NEW TECHNOLOGIES CO LTD,KY
59850239,PH-12018502007-A1,PH,20180919,H04L67/02,true,false,,ADVANCED NEW TECHNOLOGIES CO LTD,KY
59850239,PH-12018502007-A1,PH,20180919,H04L67/02,false,false,,ADVANCED NEW TECHNOLOGIES CO LTD,KY
59850239,PH-12018502007-A1,PH,20180919,H04L67/02,false,false,,ADVANCED NEW TECHNOLOGIES CO LTD,KY
59850239,PH-12018502007-A1,PH,20180919,H04L67/146,true,false,,ADVANCED NEW TECHNOLOGIES CO LTD,KY
59850239,PH-12018502007-A1,PH,20180919,H04L9/3213,true,false,,ADVANCED NEW TECHNOLOGIES CO LTD,KY
59850239,PH-12018502007-A1,PH,20180919,H04L9/3213,true,false,,ADVANCED NEW TECHNOLOGIES CO LTD,KY
59850239,PH-12018502007-A1,PH,20180919,H04L9/3247,true,false,,ADVANCED NEW TECHNOLOGIES CO LTD,KY
59850239,SG-11201807845Q-A,SG,20170302,G06F16/22,true,false,,ALIBABA GROUP HOLDING LTD,
59850239,SG-11201807845Q-A,SG,20170302,G06F16/957,true,false,,ALIBABA GROUP HOLDING LTD,
59850239,SG-11201807845Q-A,SG,20170302,G06F16/957,true,false,,ALIBABA GROUP HOLDING LTD,
59850239,SG-11201807845Q-A,SG,20170302,G06F21/31,true,false,,ALIBABA GROUP HOLDING LTD,
59850239,SG-11201807845Q-A,SG,20170302,G06F21/31,true,false,,ALIBABA GROUP HOLDING LTD,
59850239,SG-11201807845Q-A,SG,20170302,G06F21/41,true,false,,ALIBABA GROUP HOLDING LTD,
59850239,SG-11201807845Q-A,SG,20170302,G06F21/41,true,false,,ALIBABA GROUP HOLDING LTD,
59850239,SG-11201807845Q-A,SG,20170302,G06F21/44,true,false,,ALIBABA GROUP HOLDING LTD,
59850239,SG-11201807845Q-A,SG,20170302,G06F21/44,true,false,,ALIBABA GROUP HOLDING LTD,
59850239,SG-11201807845Q-A,SG,20170302,G06F21/6263,false,false,,ALIBABA GROUP HOLDING LTD,
59850239,SG-11201807845Q-A,SG,20170302,G06Q20/12,true,false,fintech,ALIBABA GROUP HOLDING LTD,
59850239,SG-11201807845Q-A,SG,20170302,G06Q20/12,true,false,fintech,ALIBABA GROUP HOLDING LTD,
59850239,SG-11201807845Q-A,SG,20170302,G06Q20/40,true,false,fintech,ALIBABA GROUP HOLDING LTD,
59850239,SG-11201807845Q-A,SG,20170302,G06Q20/40,true,false,fintech,ALIBABA GROUP HOLDING LTD,
59850239,SG-11201807845Q-A,SG,20170302,G06Q30/0601,true,false,,ALIBABA GROUP HOLDING LTD,
59850239,SG-11201807845Q-A,SG,20170302,G06Q30/0601,true,false,,ALIBABA GROUP HOLDING LTD,
59850239,SG-11201807845Q-A,SG,20170302,G06Q30/0609,true,false,,ALIBABA GROUP HOLDING LTD,
59850239,SG-11201807845Q-A,SG,20170302,G06Q30/0609,true,false,,ALIBABA GROUP HOLDING LTD,
59850239,SG-11201807845Q-A,SG,20170302,G06Q30/0637,true,false,,ALIBABA GROUP HOLDING LTD,
59850239,SG-11201807845Q-A,SG,20170302,G06Q30/0637,true,false,,ALIBABA GROUP HOLDING LTD,
59850239,SG-11201807845Q-A,SG,20170302,H04L2209/76,false,false,,ALIBABA GROUP HOLDING LTD,
59850239,SG-11201807845Q-A,SG,20170302,H04L2209/76,false,false,,ALIBABA GROUP HOLDING LTD,
59850239,SG-11201807845Q-A,SG,20170302,H04L63/0281,true,false,,ALIBABA GROUP HOLDING LTD,
59850239,SG-11201807845Q-A,SG,20170302,H04L63/0807,true,false,,ALIBABA GROUP HOLDING LTD,
59850239,SG-11201807845Q-A,SG,20170302,H04L63/0815,true,true,,ALIBABA GROUP HOLDING LTD,
59850239,SG-11201807845Q-A,SG,20170302,H04L63/0815,true,false,,ALIBABA GROUP HOLDING LTD,
59850239,SG-11201807845Q-A,SG,20170302,H04L63/0815,true,false,,ALIBABA GROUP HOLDING LTD,
59850239,SG-11201807845Q-A,SG,20170302,H04L63/0823,false,false,,ALIBABA GROUP HOLDING LTD,
59850239,SG-11201807845Q-A,SG,20170302,H04L63/0823,false,false,,ALIBABA GROUP HOLDING LTD,
59850239,SG-11201807845Q-A,SG,20170302,H04L63/0853,true,false,,ALIBABA GROUP HOLDING LTD,
59850239,SG-11201807845Q-A,SG,20170302,H04L63/0876,true,true,,ALIBABA GROUP HOLDING LTD,
59850239,SG-11201807845Q-A,SG,20170302,H04L63/0876,true,true,,ALIBABA GROUP HOLDING LTD,
59850239,SG-11201807845Q-A,SG,20170302,H04L63/0876,true,true,,ALIBABA GROUP HOLDING LTD,
59850239,SG-11201807845Q-A,SG,20170302,H04L67/02,true,false,,ALIBABA GROUP HOLDING LTD,
59850239,SG-11201807845Q-A,SG,20170302,H04L67/02,false,false,,ALIBABA GROUP HOLDING LTD,
59850239,SG-11201807845Q-A,SG,20170302,H04L67/02,false,false,,ALIBABA GROUP HOLDING LTD,
59850239,SG-11201807845Q-A,SG,20170302,H04L67/146,true,false,,ALIBABA GROUP HOLDING LTD,
59850239,SG-11201807845Q-A,SG,20170302,H04L9/3213,true,false,,ALIBABA GROUP HOLDING LTD,
59850239,SG-11201807845Q-A,SG,20170302,H04L9/3213,true,false,,ALIBABA GROUP HOLDING LTD,
59850239,SG-11201807845Q-A,SG,20170302,H04L9/3247,true,false,,ALIBABA GROUP HOLDING LTD,
59850239,TW-201734834-A,TW,20170118,G06F16/22,true,false,,ALIBABA GROUP SERVICES LTD,HK
59850239,TW-201734834-A,TW,20170118,G06F16/957,true,false,,ALIBABA GROUP SERVICES LTD,HK
59850239,TW-201734834-A,TW,20170118,G06F16/957,true,false,,ALIBABA GROUP SERVICES LTD,HK
59850239,TW-201734834-A,TW,20170118,G06F21/31,true,false,,ALIBABA GROUP SERVICES LTD,HK
59850239,TW-201734834-A,TW,20170118,G06F21/31,true,false,,ALIBABA GROUP SERVICES LTD,HK
59850239,TW-201734834-A,TW,20170118,G06F21/41,true,false,,ALIBABA GROUP SERVICES LTD,HK
59850239,TW-201734834-A,TW,20170118,G06F21/41,true,false,,ALIBABA GROUP SERVICES LTD,HK
59850239,TW-201734834-A,TW,20170118,G06F21/44,true,false,,ALIBABA GROUP SERVICES LTD,HK
59850239,TW-201734834-A,TW,20170118,G06F21/44,true,false,,ALIBABA GROUP SERVICES LTD,HK
59850239,TW-201734834-A,TW,20170118,G06F21/6263,false,false,,ALIBABA GROUP SERVICES LTD,HK
59850239,TW-201734834-A,TW,20170118,G06Q20/12,true,false,fintech,ALIBABA GROUP SERVICES LTD,HK
59850239,TW-201734834-A,TW,20170118,G06Q20/12,true,false,fintech,ALIBABA GROUP SERVICES LTD,HK
59850239,TW-201734834-A,TW,20170118,G06Q20/40,true,false,fintech,ALIBABA GROUP SERVICES LTD,HK
59850239,TW-201734834-A,TW,20170118,G06Q20/40,true,false,fintech,ALIBABA GROUP SERVICES LTD,HK
59850239,TW-201734834-A,TW,20170118,G06Q30/0601,true,false,,ALIBABA GROUP SERVICES LTD,HK
59850239,TW-201734834-A,TW,20170118,G06Q30/0601,true,false,,ALIBABA GROUP SERVICES LTD,HK
59850239,TW-201734834-A,TW,20170118,G06Q30/0609,true,false,,ALIBABA GROUP SERVICES LTD,HK
59850239,TW-201734834-A,TW,20170118,G06Q30/0609,true,false,,ALIBABA GROUP SERVICES LTD,HK
59850239,TW-201734834-A,TW,20170118,G06Q30/0637,true,false,,ALIBABA GROUP SERVICES LTD,HK
59850239,TW-201734834-A,TW,20170118,G06Q30/0637,true,false,,ALIBABA GROUP SERVICES LTD,HK
59850239,TW-201734834-A,TW,20170118,H04L2209/76,false,false,,ALIBABA GROUP SERVICES LTD,HK
59850239,TW-201734834-A,TW,20170118,H04L2209/76,false,false,,ALIBABA GROUP SERVICES LTD,HK
59850239,TW-201734834-A,TW,20170118,H04L63/0281,true,false,,ALIBABA GROUP SERVICES LTD,HK
59850239,TW-201734834-A,TW,20170118,H04L63/0807,true,false,,ALIBABA GROUP SERVICES LTD,HK
59850239,TW-201734834-A,TW,20170118,H04L63/0815,true,false,,ALIBABA GROUP SERVICES LTD,HK
59850239,TW-201734834-A,TW,20170118,H04L63/0815,true,true,,ALIBABA GROUP SERVICES LTD,HK
59850239,TW-201734834-A,TW,20170118,H04L63/0815,true,false,,ALIBABA GROUP SERVICES LTD,HK
59850239,TW-201734834-A,TW,20170118,H04L63/0823,false,false,,ALIBABA GROUP SERVICES LTD,HK
59850239,TW-201734834-A,TW,20170118,H04L63/0823,false,false,,ALIBABA GROUP SERVICES LTD,HK
59850239,TW-201734834-A,TW,20170118,H04L63/0853,true,false,,ALIBABA GROUP SERVICES LTD,HK
59850239,TW-201734834-A,TW,20170118,H04L63/0876,true,true,,ALIBABA GROUP SERVICES LTD,HK
59850239,TW-201734834-A,TW,20170118,H04L63/0876,true,true,,ALIBABA GROUP SERVICES LTD,HK
59850239,TW-201734834-A,TW,20170118,H04L63/0876,true,true,,ALIBABA GROUP SERVICES LTD,HK
59850239,TW-201734834-A,TW,20170118,H04L67/02,true,false,,ALIBABA GROUP SERVICES LTD,HK
59850239,TW-201734834-A,TW,20170118,H04L67/02,false,false,,ALIBABA GROUP SERVICES LTD,HK
59850239,TW-201734834-A,TW,20170118,H04L67/02,false,false,,ALIBABA GROUP SERVICES LTD,HK
59850239,TW-201734834-A,TW,20170118,H04L67/146,true,false,,ALIBABA GROUP SERVICES LTD,HK
59850239,TW-201734834-A,TW,20170118,H04L9/3213,true,false,,ALIBABA GROUP SERVICES LTD,HK
59850239,TW-201734834-A,TW,20170118,H04L9/3213,true,false,,ALIBABA GROUP SERVICES LTD,HK
59850239,TW-201734834-A,TW,20170118,H04L9/3247,true,false,,ALIBABA GROUP SERVICES LTD,HK
59850239,TW-I671644-B,TW,20170118,G06F16/22,true,false,,ALIBABA GROUP SERVICES LTD,HK
59850239,TW-I671644-B,TW,20170118,G06F16/957,true,false,,ALIBABA GROUP SERVICES LTD,HK
59850239,TW-I671644-B,TW,20170118,G06F16/957,true,false,,ALIBABA GROUP SERVICES LTD,HK
59850239,TW-I671644-B,TW,20170118,G06F21/31,true,false,,ALIBABA GROUP SERVICES LTD,HK
59850239,TW-I671644-B,TW,20170118,G06F21/31,true,false,,ALIBABA GROUP SERVICES LTD,HK
59850239,TW-I671644-B,TW,20170118,G06F21/41,true,false,,ALIBABA GROUP SERVICES LTD,HK
59850239,TW-I671644-B,TW,20170118,G06F21/41,true,false,,ALIBABA GROUP SERVICES LTD,HK
59850239,TW-I671644-B,TW,20170118,G06F21/44,true,false,,ALIBABA GROUP SERVICES LTD,HK
59850239,TW-I671644-B,TW,20170118,G06F21/44,true,false,,ALIBABA GROUP SERVICES LTD,HK
59850239,TW-I671644-B,TW,20170118,G06F21/6263,false,false,,ALIBABA GROUP SERVICES LTD,HK
59850239,TW-I671644-B,TW,20170118,G06Q20/12,true,false,fintech,ALIBABA GROUP SERVICES LTD,HK
59850239,TW-I671644-B,TW,20170118,G06Q20/12,true,false,fintech,ALIBABA GROUP SERVICES LTD,HK
59850239,TW-I671644-B,TW,20170118,G06Q20/40,true,false,fintech,ALIBABA GROUP SERVICES LTD,HK
59850239,TW-I671644-B,TW,20170118,G06Q20/40,true,false,fintech,ALIBABA GROUP SERVICES LTD,HK
59850239,TW-I671644-B,TW,20170118,G06Q30/0601,true,false,,ALIBABA GROUP SERVICES LTD,HK
59850239,TW-I671644-B,TW,20170118,G06Q30/0601,true,false,,ALIBABA GROUP SERVICES LTD,HK
59850239,TW-I671644-B,TW,20170118,G06Q30/0609,true,false,,ALIBABA GROUP SERVICES LTD,HK
59850239,TW-I671644-B,TW,20170118,G06Q30/0609,true,false,,ALIBABA GROUP SERVICES LTD,HK
59850239,TW-I671644-B,TW,20170118,G06Q30/0637,true,false,,ALIBABA GROUP SERVICES LTD,HK
59850239,TW-I671644-B,TW,20170118,G06Q30/0637,true,false,,ALIBABA GROUP SERVICES LTD,HK
59850239,TW-I671644-B,TW,20170118,H04L2209/76,false,false,,ALIBABA GROUP SERVICES LTD,HK
59850239,TW-I671644-B,TW,20170118,H04L2209/76,false,false,,ALIBABA GROUP SERVICES LTD,HK
59850239,TW-I671644-B,TW,20170118,H04L63/0281,true,false,,ALIBABA GROUP SERVICES LTD,HK
59850239,TW-I671644-B,TW,20170118,H04L63/0807,true,false,,ALIBABA GROUP SERVICES LTD,HK
59850239,TW-I671644-B,TW,20170118,H04L63/0815,true,true,,ALIBABA GROUP SERVICES LTD,HK
59850239,TW-I671644-B,TW,20170118,H04L63/0815,true,false,,ALIBABA GROUP SERVICES LTD,HK
59850239,TW-I671644-B,TW,20170118,H04L63/0815,true,false,,ALIBABA GROUP SERVICES LTD,HK
59850239,TW-I671644-B,TW,20170118,H04L63/0823,false,false,,ALIBABA GROUP SERVICES LTD,HK
59850239,TW-I671644-B,TW,20170118,H04L63/0823,false,false,,ALIBABA GROUP SERVICES LTD,HK
59850239,TW-I671644-B,TW,20170118,H04L63/0853,true,false,,ALIBABA GROUP SERVICES LTD,HK
59850239,TW-I671644-B,TW,20170118,H04L63/0876,true,true,,ALIBABA GROUP SERVICES LTD,HK
59850239,TW-I671644-B,TW,20170118,H04L63/0876,true,true,,ALIBABA GROUP SERVICES LTD,HK
59850239,TW-I671644-B,TW,20170118,H04L63/0876,true,true,,ALIBABA GROUP SERVICES LTD,HK
59850239,TW-I671644-B,TW,20170118,H04L67/02,true,false,,ALIBABA GROUP SERVICES LTD,HK
59850239,TW-I671644-B,TW,20170118,H04L67/02,false,false,,ALIBABA GROUP SERVICES LTD,HK
59850239,TW-I671644-B,TW,20170118,H04L67/02,false,false,,ALIBABA GROUP SERVICES LTD,HK
59850239,TW-I671644-B,TW,20170118,H04L67/146,true,false,,ALIBABA GROUP SERVICES LTD,HK
59850239,TW-I671644-B,TW,20170118,H04L9/3213,true,false,,ALIBABA GROUP SERVICES LTD,HK
59850239,TW-I671644-B,TW,20170118,H04L9/3213,true,false,,ALIBABA GROUP SERVICES LTD,HK
59850239,TW-I671644-B,TW,20170118,H04L9/3247,true,false,,ALIBABA GROUP SERVICES LTD,HK
59850239,US-10721231-B2,US,20180911,G06F16/22,true,false,,ALIBABA GROUP HOLDING LTD,KY
59850239,US-10721231-B2,US,20180911,G06F16/22,true,false,,ALIBABA GROUP HOLDING LTD,KY
59850239,US-10721231-B2,US,20180911,G06F16/957,true,false,,ALIBABA GROUP HOLDING LTD,KY
59850239,US-10721231-B2,US,20180911,G06F16/957,true,false,,ALIBABA GROUP HOLDING LTD,KY
59850239,US-10721231-B2,US,20180911,G06F16/957,true,false,,ALIBABA GROUP HOLDING LTD,KY
59850239,US-10721231-B2,US,20180911,G06F21/31,true,false,,ALIBABA GROUP HOLDING LTD,KY
59850239,US-10721231-B2,US,20180911,G06F21/31,true,false,,ALIBABA GROUP HOLDING LTD,KY
59850239,US-10721231-B2,US,20180911,G06F21/31,true,false,,ALIBABA GROUP HOLDING LTD,KY
59850239,US-10721231-B2,US,20180911,G06F21/41,true,false,,ALIBABA GROUP HOLDING LTD,KY
59850239,US-10721231-B2,US,20180911,G06F21/41,true,false,,ALIBABA GROUP HOLDING LTD,KY
59850239,US-10721231-B2,US,20180911,G06F21/41,true,false,,ALIBABA GROUP HOLDING LTD,KY
59850239,US-10721231-B2,US,20180911,G06F21/44,true,false,,ALIBABA GROUP HOLDING LTD,KY
59850239,US-10721231-B2,US,20180911,G06F21/44,true,false,,ALIBABA GROUP HOLDING LTD,KY
59850239,US-10721231-B2,US,20180911,G06F21/44,true,false,,ALIBABA GROUP HOLDING LTD,KY
59850239,US-10721231-B2,US,20180911,G06F21/6263,false,false,,ALIBABA GROUP HOLDING LTD,KY
59850239,US-10721231-B2,US,20180911,G06F21/6263,false,false,,ALIBABA GROUP HOLDING LTD,KY
59850239,US-10721231-B2,US,20180911,G06Q20/12,true,false,fintech,ALIBABA GROUP HOLDING LTD,KY
59850239,US-10721231-B2,US,20180911,G06Q20/12,true,false,fintech,ALIBABA GROUP HOLDING LTD,KY
59850239,US-10721231-B2,US,20180911,G06Q20/12,true,false,fintech,ALIBABA GROUP HOLDING LTD,KY
59850239,US-10721231-B2,US,20180911,G06Q20/40,true,false,fintech,ALIBABA GROUP HOLDING LTD,KY
59850239,US-10721231-B2,US,20180911,G06Q20/40,true,false,fintech,ALIBABA GROUP HOLDING LTD,KY
59850239,US-10721231-B2,US,20180911,G06Q20/40,true,false,fintech,ALIBABA GROUP HOLDING LTD,KY
59850239,US-10721231-B2,US,20180911,G06Q30/0601,true,false,,ALIBABA GROUP HOLDING LTD,KY
59850239,US-10721231-B2,US,20180911,G06Q30/0601,true,false,,ALIBABA GROUP HOLDING LTD,KY
59850239,US-10721231-B2,US,20180911,G06Q30/0601,true,false,,ALIBABA GROUP HOLDING LTD,KY
59850239,US-10721231-B2,US,20180911,G06Q30/0609,true,false,,ALIBABA GROUP HOLDING LTD,KY
59850239,US-10721231-B2,US,20180911,G06Q30/0609,true,false,,ALIBABA GROUP HOLDING LTD,KY
59850239,US-10721231-B2,US,20180911,G06Q30/0609,true,false,,ALIBABA GROUP HOLDING LTD,KY
59850239,US-10721231-B2,US,20180911,G06Q30/0637,true,false,,ALIBABA GROUP HOLDING LTD,KY
59850239,US-10721231-B2,US,20180911,G06Q30/0637,true,false,,ALIBABA GROUP HOLDING LTD,KY
59850239,US-10721231-B2,US,20180911,G06Q30/0637,true,false,,ALIBABA GROUP HOLDING LTD,KY
59850239,US-10721231-B2,US,20180911,H04L2209/76,false,false,,ALIBABA GROUP HOLDING LTD,KY
59850239,US-10721231-B2,US,20180911,H04L2209/76,false,false,,ALIBABA GROUP HOLDING LTD,KY
59850239,US-10721231-B2,US,20180911,H04L2209/76,false,false,,ALIBABA GROUP HOLDING LTD,KY
59850239,US-10721231-B2,US,20180911,H04L63/0281,true,false,,ALIBABA GROUP HOLDING LTD,KY
59850239,US-10721231-B2,US,20180911,H04L63/0807,true,false,,ALIBABA GROUP HOLDING LTD,KY
59850239,US-10721231-B2,US,20180911,H04L63/0815,true,false,,ALIBABA GROUP HOLDING LTD,KY
59850239,US-10721231-B2,US,20180911,H04L63/0815,true,true,,ALIBABA GROUP HOLDING LTD,KY
59850239,US-10721231-B2,US,20180911,H04L63/0815,true,false,,ALIBABA GROUP HOLDING LTD,KY
59850239,US-10721231-B2,US,20180911,H04L63/0815,true,false,,ALIBABA GROUP HOLDING LTD,KY
59850239,US-10721231-B2,US,20180911,H04L63/0823,false,false,,ALIBABA GROUP HOLDING LTD,KY
59850239,US-10721231-B2,US,20180911,H04L63/0823,false,false,,ALIBABA GROUP HOLDING LTD,KY
59850239,US-10721231-B2,US,20180911,H04L63/0823,false,false,,ALIBABA GROUP HOLDING LTD,KY
59850239,US-10721231-B2,US,20180911,H04L63/0853,true,false,,ALIBABA GROUP HOLDING LTD,KY
59850239,US-10721231-B2,US,20180911,H04L63/0853,true,false,,ALIBABA GROUP HOLDING LTD,KY
59850239,US-10721231-B2,US,20180911,H04L63/0876,true,true,,ALIBABA GROUP HOLDING LTD,KY
59850239,US-10721231-B2,US,20180911,H04L63/0876,true,true,,ALIBABA GROUP HOLDING LTD,KY
59850239,US-10721231-B2,US,20180911,H04L63/0876,true,true,,ALIBABA GROUP HOLDING LTD,KY
59850239,US-10721231-B2,US,20180911,H04L63/0876,true,true,,ALIBABA GROUP HOLDING LTD,KY
59850239,US-10721231-B2,US,20180911,H04L67/02,true,false,,ALIBABA GROUP HOLDING LTD,KY
59850239,US-10721231-B2,US,20180911,H04L67/02,false,false,,ALIBABA GROUP HOLDING LTD,KY
59850239,US-10721231-B2,US,20180911,H04L67/02,false,false,,ALIBABA GROUP HOLDING LTD,KY
59850239,US-10721231-B2,US,20180911,H04L67/02,false,false,,ALIBABA GROUP HOLDING LTD,KY
59850239,US-10721231-B2,US,20180911,H04L67/146,true,false,,ALIBABA GROUP HOLDING LTD,KY
59850239,US-10721231-B2,US,20180911,H04L9/3213,true,false,,ALIBABA GROUP HOLDING LTD,KY
59850239,US-10721231-B2,US,20180911,H04L9/3213,true,false,,ALIBABA GROUP HOLDING LTD,KY
59850239,US-10721231-B2,US,20180911,H04L9/3213,true,false,,ALIBABA GROUP HOLDING LTD,KY
59850239,US-10721231-B2,US,20180911,H04L9/3247,true,false,,ALIBABA GROUP HOLDING LTD,KY
59850239,US-10868813-B2,US,20200610,G06F16/22,true,false,,ADVANCED NEW TECHNOLOGIES CO LTD,KY
59850239,US-10868813-B2,US,20200610,G06F16/22,true,false,,ADVANCED NEW TECHNOLOGIES CO LTD,KY
59850239,US-10868813-B2,US,20200610,G06F16/957,true,false,,ADVANCED NEW TECHNOLOGIES CO LTD,KY
59850239,US-10868813-B2,US,20200610,G06F16/957,true,false,,ADVANCED NEW TECHNOLOGIES CO LTD,KY
59850239,US-10868813-B2,US,20200610,G06F16/957,true,false,,ADVANCED NEW TECHNOLOGIES CO LTD,KY
59850239,US-10868813-B2,US,20200610,G06F21/31,true,false,,ADVANCED NEW TECHNOLOGIES CO LTD,KY
59850239,US-10868813-B2,US,20200610,G06F21/31,true,false,,ADVANCED NEW TECHNOLOGIES CO LTD,KY
59850239,US-10868813-B2,US,20200610,G06F21/31,true,false,,ADVANCED NEW TECHNOLOGIES CO LTD,KY
59850239,US-10868813-B2,US,20200610,G06F21/41,true,false,,ADVANCED NEW TECHNOLOGIES CO LTD,KY
59850239,US-10868813-B2,US,20200610,G06F21/41,true,false,,ADVANCED NEW TECHNOLOGIES CO LTD,KY
59850239,US-10868813-B2,US,20200610,G06F21/41,true,false,,ADVANCED NEW TECHNOLOGIES CO LTD,KY
59850239,US-10868813-B2,US,20200610,G06F21/44,true,false,,ADVANCED NEW TECHNOLOGIES CO LTD,KY
59850239,US-10868813-B2,US,20200610,G06F21/44,true,false,,ADVANCED NEW TECHNOLOGIES CO LTD,KY
59850239,US-10868813-B2,US,20200610,G06F21/44,true,false,,ADVANCED NEW TECHNOLOGIES CO LTD,KY
59850239,US-10868813-B2,US,20200610,G06F21/6263,false,false,,ADVANCED NEW TECHNOLOGIES CO LTD,KY
59850239,US-10868813-B2,US,20200610,G06F21/6263,false,false,,ADVANCED NEW TECHNOLOGIES CO LTD,KY
59850239,US-10868813-B2,US,20200610,G06Q20/12,true,false,fintech,ADVANCED NEW TECHNOLOGIES CO LTD,KY
59850239,US-10868813-B2,US,20200610,G06Q20/12,true,false,fintech,ADVANCED NEW TECHNOLOGIES CO LTD,KY
59850239,US-10868813-B2,US,20200610,G06Q20/12,true,false,fintech,ADVANCED NEW TECHNOLOGIES CO LTD,KY
59850239,US-10868813-B2,US,20200610,G06Q20/40,true,false,fintech,ADVANCED NEW TECHNOLOGIES CO LTD,KY
59850239,US-10868813-B2,US,20200610,G06Q20/40,true,false,fintech,ADVANCED NEW TECHNOLOGIES CO LTD,KY
59850239,US-10868813-B2,US,20200610,G06Q20/40,true,false,fintech,ADVANCED NEW TECHNOLOGIES CO LTD,KY
59850239,US-10868813-B2,US,20200610,G06Q30/0601,true,false,,ADVANCED NEW TECHNOLOGIES CO LTD,KY
59850239,US-10868813-B2,US,20200610,G06Q30/0601,true,false,,ADVANCED NEW TECHNOLOGIES CO LTD,KY
59850239,US-10868813-B2,US,20200610,G06Q30/0601,true,false,,ADVANCED NEW TECHNOLOGIES CO LTD,KY
59850239,US-10868813-B2,US,20200610,G06Q30/0609,true,false,,ADVANCED NEW TECHNOLOGIES CO LTD,KY
59850239,US-10868813-B2,US,20200610,G06Q30/0609,true,false,,ADVANCED NEW TECHNOLOGIES CO LTD,KY
59850239,US-10868813-B2,US,20200610,G06Q30/0609,true,false,,ADVANCED NEW TECHNOLOGIES CO LTD,KY
59850239,US-10868813-B2,US,20200610,G06Q30/0637,true,false,,ADVANCED NEW TECHNOLOGIES CO LTD,KY
59850239,US-10868813-B2,US,20200610,G06Q30/0637,true,false,,ADVANCED NEW TECHNOLOGIES CO LTD,KY
59850239,US-10868813-B2,US,20200610,G06Q30/0637,true,false,,ADVANCED NEW TECHNOLOGIES CO LTD,KY
59850239,US-10868813-B2,US,20200610,H04L2209/76,false,false,,ADVANCED NEW TECHNOLOGIES CO LTD,KY
59850239,US-10868813-B2,US,20200610,H04L2209/76,false,false,,ADVANCED NEW TECHNOLOGIES CO LTD,KY
59850239,US-10868813-B2,US,20200610,H04L2209/76,false,false,,ADVANCED NEW TECHNOLOGIES CO LTD,KY
59850239,US-10868813-B2,US,20200610,H04L63/0281,true,false,,ADVANCED NEW TECHNOLOGIES CO LTD,KY
59850239,US-10868813-B2,US,20200610,H04L63/0807,true,false,,ADVANCED NEW TECHNOLOGIES CO LTD,KY
59850239,US-10868813-B2,US,20200610,H04L63/0815,true,false,,ADVANCED NEW TECHNOLOGIES CO LTD,KY
59850239,US-10868813-B2,US,20200610,H04L63/0815,true,true,,ADVANCED NEW TECHNOLOGIES CO LTD,KY
59850239,US-10868813-B2,US,20200610,H04L63/0815,true,false,,ADVANCED NEW TECHNOLOGIES CO LTD,KY
59850239,US-10868813-B2,US,20200610,H04L63/0815,true,false,,ADVANCED NEW TECHNOLOGIES CO LTD,KY
59850239,US-10868813-B2,US,20200610,H04L63/0823,false,false,,ADVANCED NEW TECHNOLOGIES CO LTD,KY
59850239,US-10868813-B2,US,20200610,H04L63/0823,false,false,,ADVANCED NEW TECHNOLOGIES CO LTD,KY
59850239,US-10868813-B2,US,20200610,H04L63/0823,false,false,,ADVANCED NEW TECHNOLOGIES CO LTD,KY
59850239,US-10868813-B2,US,20200610,H04L63/0853,true,false,,ADVANCED NEW TECHNOLOGIES CO LTD,KY
59850239,US-10868813-B2,US,20200610,H04L63/0853,true,false,,ADVANCED NEW TECHNOLOGIES CO LTD,KY
59850239,US-10868813-B2,US,20200610,H04L63/0876,true,true,,ADVANCED NEW TECHNOLOGIES CO LTD,KY
59850239,US-10868813-B2,US,20200610,H04L63/0876,true,true,,ADVANCED NEW TECHNOLOGIES CO LTD,KY
59850239,US-10868813-B2,US,20200610,H04L63/0876,true,true,,ADVANCED NEW TECHNOLOGIES CO LTD,KY
59850239,US-10868813-B2,US,20200610,H04L63/0876,true,true,,ADVANCED NEW TECHNOLOGIES CO LTD,KY
59850239,US-10868813-B2,US,20200610,H04L67/02,false,false,,ADVANCED NEW TECHNOLOGIES CO LTD,KY
59850239,US-10868813-B2,US,20200610,H04L67/02,true,false,,ADVANCED NEW TECHNOLOGIES CO LTD,KY
59850239,US-10868813-B2,US,20200610,H04L67/02,false,false,,ADVANCED NEW TECHNOLOGIES CO LTD,KY
59850239,US-10868813-B2,US,20200610,H04L67/02,false,false,,ADVANCED NEW TECHNOLOGIES CO LTD,KY
59850239,US-10868813-B2,US,20200610,H04L67/146,true,false,,ADVANCED NEW TECHNOLOGIES CO LTD,KY
59850239,US-10868813-B2,US,20200610,H04L9/3213,true,false,,ADVANCED NEW TECHNOLOGIES CO LTD,KY
59850239,US-10868813-B2,US,20200610,H04L9/3213,true,false,,ADVANCED NEW TECHNOLOGIES CO LTD,KY
59850239,US-10868813-B2,US,20200610,H04L9/3213,true,false,,ADVANCED NEW TECHNOLOGIES CO LTD,KY
59850239,US-10868813-B2,US,20200610,H04L9/3247,true,false,,ADVANCED NEW TECHNOLOGIES CO LTD,KY
59850239,US-2018375863-A1,US,20180911,G06F16/22,true,false,,ALIBABA GROUP HOLDING LTD,KY
59850239,US-2018375863-A1,US,20180911,G06F16/957,true,false,,ALIBABA GROUP HOLDING LTD,KY
59850239,US-2018375863-A1,US,20180911,G06F16/957,true,false,,ALIBABA GROUP HOLDING LTD,KY
59850239,US-2018375863-A1,US,20180911,G06F17/30312,true,false,,ALIBABA GROUP HOLDING LTD,KY
59850239,US-2018375863-A1,US,20180911,G06F21/31,true,false,,ALIBABA GROUP HOLDING LTD,KY
59850239,US-2018375863-A1,US,20180911,G06F21/31,true,false,,ALIBABA GROUP HOLDING LTD,KY
59850239,US-2018375863-A1,US,20180911,G06F21/41,true,false,,ALIBABA GROUP HOLDING LTD,KY
59850239,US-2018375863-A1,US,20180911,G06F21/41,true,false,,ALIBABA GROUP HOLDING LTD,KY
59850239,US-2018375863-A1,US,20180911,G06F21/44,true,false,,ALIBABA GROUP HOLDING LTD,KY
59850239,US-2018375863-A1,US,20180911,G06F21/44,true,false,,ALIBABA GROUP HOLDING LTD,KY
59850239,US-2018375863-A1,US,20180911,G06F21/6263,false,false,,ALIBABA GROUP HOLDING LTD,KY
59850239,US-2018375863-A1,US,20180911,G06Q20/12,true,false,fintech,ALIBABA GROUP HOLDING LTD,KY
59850239,US-2018375863-A1,US,20180911,G06Q20/12,true,false,fintech,ALIBABA GROUP HOLDING LTD,KY
59850239,US-2018375863-A1,US,20180911,G06Q20/40,true,false,fintech,ALIBABA GROUP HOLDING LTD,KY
59850239,US-2018375863-A1,US,20180911,G06Q20/40,true,false,fintech,ALIBABA GROUP HOLDING LTD,KY
59850239,US-2018375863-A1,US,20180911,G06Q30/0601,true,false,,ALIBABA GROUP HOLDING LTD,KY
59850239,US-2018375863-A1,US,20180911,G06Q30/0601,true,false,,ALIBABA GROUP HOLDING LTD,KY
59850239,US-2018375863-A1,US,20180911,G06Q30/0609,true,false,,ALIBABA GROUP HOLDING LTD,KY
59850239,US-2018375863-A1,US,20180911,G06Q30/0609,true,false,,ALIBABA GROUP HOLDING LTD,KY
59850239,US-2018375863-A1,US,20180911,G06Q30/0609,true,false,,ALIBABA GROUP HOLDING LTD,KY
59850239,US-2018375863-A1,US,20180911,G06Q30/0637,true,false,,ALIBABA GROUP HOLDING LTD,KY
59850239,US-2018375863-A1,US,20180911,G06Q30/0637,true,false,,ALIBABA GROUP HOLDING LTD,KY
59850239,US-2018375863-A1,US,20180911,H04L2209/76,false,false,,ALIBABA GROUP HOLDING LTD,KY
59850239,US-2018375863-A1,US,20180911,H04L2209/76,false,false,,ALIBABA GROUP HOLDING LTD,KY
59850239,US-2018375863-A1,US,20180911,H04L63/0281,true,false,,ALIBABA GROUP HOLDING LTD,KY
59850239,US-2018375863-A1,US,20180911,H04L63/0807,true,false,,ALIBABA GROUP HOLDING LTD,KY
59850239,US-2018375863-A1,US,20180911,H04L63/0815,true,true,,ALIBABA GROUP HOLDING LTD,KY
59850239,US-2018375863-A1,US,20180911,H04L63/0815,true,false,,ALIBABA GROUP HOLDING LTD,KY
59850239,US-2018375863-A1,US,20180911,H04L63/0815,true,false,,ALIBABA GROUP HOLDING LTD,KY
59850239,US-2018375863-A1,US,20180911,H04L63/0823,false,false,,ALIBABA GROUP HOLDING LTD,KY
59850239,US-2018375863-A1,US,20180911,H04L63/0823,false,false,,ALIBABA GROUP HOLDING LTD,KY
59850239,US-2018375863-A1,US,20180911,H04L63/0853,true,false,,ALIBABA GROUP HOLDING LTD,KY
59850239,US-2018375863-A1,US,20180911,H04L63/0853,true,false,,ALIBABA GROUP HOLDING LTD,KY
59850239,US-2018375863-A1,US,20180911,H04L63/0876,true,true,,ALIBABA GROUP HOLDING LTD,KY
59850239,US-2018375863-A1,US,20180911,H04L63/0876,true,true,,ALIBABA GROUP HOLDING LTD,KY
59850239,US-2018375863-A1,US,20180911,H04L63/0876,true,true,,ALIBABA GROUP HOLDING LTD,KY
59850239,US-2018375863-A1,US,20180911,H04L63/0876,true,true,,ALIBABA GROUP HOLDING LTD,KY
59850239,US-2018375863-A1,US,20180911,H04L67/02,true,false,,ALIBABA GROUP HOLDING LTD,KY
59850239,US-2018375863-A1,US,20180911,H04L67/02,false,false,,ALIBABA GROUP HOLDING LTD,KY
59850239,US-2018375863-A1,US,20180911,H04L67/02,false,false,,ALIBABA GROUP HOLDING LTD,KY
59850239,US-2018375863-A1,US,20180911,H04L67/146,true,false,,ALIBABA GROUP HOLDING LTD,KY
59850239,US-2018375863-A1,US,20180911,H04L9/3213,true,false,,ALIBABA GROUP HOLDING LTD,KY
59850239,US-2018375863-A1,US,20180911,H04L9/3213,true,false,,ALIBABA GROUP HOLDING LTD,KY
59850239,US-2018375863-A1,US,20180911,H04L9/3247,true,false,,ALIBABA GROUP HOLDING LTD,KY
59850239,US-2020304501-A1,US,20200610,G06F16/22,true,false,,ALIBABA GROUP HOLDING LTD,KY
59850239,US-2020304501-A1,US,20200610,G06F16/22,true,false,,ALIBABA GROUP HOLDING LTD,KY
59850239,US-2020304501-A1,US,20200610,G06F16/957,true,false,,ALIBABA GROUP HOLDING LTD,KY
59850239,US-2020304501-A1,US,20200610,G06F16/957,true,false,,ALIBABA GROUP HOLDING LTD,KY
59850239,US-2020304501-A1,US,20200610,G06F16/957,true,false,,ALIBABA GROUP HOLDING LTD,KY
59850239,US-2020304501-A1,US,20200610,G06F21/31,true,false,,ALIBABA GROUP HOLDING LTD,KY
59850239,US-2020304501-A1,US,20200610,G06F21/31,true,false,,ALIBABA GROUP HOLDING LTD,KY
59850239,US-2020304501-A1,US,20200610,G06F21/31,true,false,,ALIBABA GROUP HOLDING LTD,KY
59850239,US-2020304501-A1,US,20200610,G06F21/41,true,false,,ALIBABA GROUP HOLDING LTD,KY
59850239,US-2020304501-A1,US,20200610,G06F21/41,true,false,,ALIBABA GROUP HOLDING LTD,KY
59850239,US-2020304501-A1,US,20200610,G06F21/41,true,false,,ALIBABA GROUP HOLDING LTD,KY
59850239,US-2020304501-A1,US,20200610,G06F21/44,true,false,,ALIBABA GROUP HOLDING LTD,KY
59850239,US-2020304501-A1,US,20200610,G06F21/44,true,false,,ALIBABA GROUP HOLDING LTD,KY
59850239,US-2020304501-A1,US,20200610,G06F21/44,true,false,,ALIBABA GROUP HOLDING LTD,KY
59850239,US-2020304501-A1,US,20200610,G06F21/6263,false,false,,ALIBABA GROUP HOLDING LTD,KY
59850239,US-2020304501-A1,US,20200610,G06F21/6263,false,false,,ALIBABA GROUP HOLDING LTD,KY
59850239,US-2020304501-A1,US,20200610,G06Q20/12,true,false,fintech,ALIBABA GROUP HOLDING LTD,KY
59850239,US-2020304501-A1,US,20200610,G06Q20/12,true,false,fintech,ALIBABA GROUP HOLDING LTD,KY
59850239,US-2020304501-A1,US,20200610,G06Q20/12,true,false,fintech,ALIBABA GROUP HOLDING LTD,KY
59850239,US-2020304501-A1,US,20200610,G06Q20/40,true,false,fintech,ALIBABA GROUP HOLDING LTD,KY
59850239,US-2020304501-A1,US,20200610,G06Q20/40,true,false,fintech,ALIBABA GROUP HOLDING LTD,KY
59850239,US-2020304501-A1,US,20200610,G06Q20/40,true,false,fintech,ALIBABA GROUP HOLDING LTD,KY
59850239,US-2020304501-A1,US,20200610,G06Q30/0601,true,false,,ALIBABA GROUP HOLDING LTD,KY
59850239,US-2020304501-A1,US,20200610,G06Q30/0601,true,false,,ALIBABA GROUP HOLDING LTD,KY
59850239,US-2020304501-A1,US,20200610,G06Q30/0601,true,false,,ALIBABA GROUP HOLDING LTD,KY
59850239,US-2020304501-A1,US,20200610,G06Q30/0609,true,false,,ALIBABA GROUP HOLDING LTD,KY
59850239,US-2020304501-A1,US,20200610,G06Q30/0609,true,false,,ALIBABA GROUP HOLDING LTD,KY
59850239,US-2020304501-A1,US,20200610,G06Q30/0609,true,false,,ALIBABA GROUP HOLDING LTD,KY
59850239,US-2020304501-A1,US,20200610,G06Q30/0637,true,false,,ALIBABA GROUP HOLDING LTD,KY
59850239,US-2020304501-A1,US,20200610,G06Q30/0637,true,false,,ALIBABA GROUP HOLDING LTD,KY
59850239,US-2020304501-A1,US,20200610,G06Q30/0637,true,false,,ALIBABA GROUP HOLDING LTD,KY
59850239,US-2020304501-A1,US,20200610,H04L2209/76,false,false,,ALIBABA GROUP HOLDING LTD,KY
59850239,US-2020304501-A1,US,20200610,H04L2209/76,false,false,,ALIBABA GROUP HOLDING LTD,KY
59850239,US-2020304501-A1,US,20200610,H04L2209/76,false,false,,ALIBABA GROUP HOLDING LTD,KY
59850239,US-2020304501-A1,US,20200610,H04L63/0281,true,false,,ALIBABA GROUP HOLDING LTD,KY
59850239,US-2020304501-A1,US,20200610,H04L63/0807,true,false,,ALIBABA GROUP HOLDING LTD,KY
59850239,US-2020304501-A1,US,20200610,H04L63/0815,true,false,,ALIBABA GROUP HOLDING LTD,KY
59850239,US-2020304501-A1,US,20200610,H04L63/0815,true,false,,ALIBABA GROUP HOLDING LTD,KY
59850239,US-2020304501-A1,US,20200610,H04L63/0815,true,true,,ALIBABA GROUP HOLDING LTD,KY
59850239,US-2020304501-A1,US,20200610,H04L63/0815,true,false,,ALIBABA GROUP HOLDING LTD,KY
59850239,US-2020304501-A1,US,20200610,H04L63/0823,false,false,,ALIBABA GROUP HOLDING LTD,KY
59850239,US-2020304501-A1,US,20200610,H04L63/0823,false,false,,ALIBABA GROUP HOLDING LTD,KY
59850239,US-2020304501-A1,US,20200610,H04L63/0853,true,false,,ALIBABA GROUP HOLDING LTD,KY
59850239,US-2020304501-A1,US,20200610,H04L63/0853,true,false,,ALIBABA GROUP HOLDING LTD,KY
59850239,US-2020304501-A1,US,20200610,H04L63/0876,true,true,,ALIBABA GROUP HOLDING LTD,KY
59850239,US-2020304501-A1,US,20200610,H04L63/0876,true,true,,ALIBABA GROUP HOLDING LTD,KY
59850239,US-2020304501-A1,US,20200610,H04L63/0876,true,true,,ALIBABA GROUP HOLDING LTD,KY
59850239,US-2020304501-A1,US,20200610,H04L63/0876,true,true,,ALIBABA GROUP HOLDING LTD,KY
59850239,US-2020304501-A1,US,20200610,H04L67/02,true,false,,ALIBABA GROUP HOLDING LTD,KY
59850239,US-2020304501-A1,US,20200610,H04L67/02,false,false,,ALIBABA GROUP HOLDING LTD,KY
59850239,US-2020304501-A1,US,20200610,H04L67/02,false,false,,ALIBABA GROUP HOLDING LTD,KY
59850239,US-2020304501-A1,US,20200610,H04L67/146,true,false,,ALIBABA GROUP HOLDING LTD,KY
59850239,US-2020304501-A1,US,20200610,H04L9/3213,true,false,,ALIBABA GROUP HOLDING LTD,KY
59850239,US-2020304501-A1,US,20200610,H04L9/3213,true,false,,ALIBABA GROUP HOLDING LTD,KY
59850239,US-2020304501-A1,US,20200610,H04L9/3213,true,false,,ALIBABA GROUP HOLDING LTD,KY
59850239,US-2020304501-A1,US,20200610,H04L9/3247,true,false,,ALIBABA GROUP HOLDING LTD,KY
59850239,WO-2017157177-A1,WO,20170302,G06F16/22,true,false,,ALIBABA GROUP HOLDING LTD | FAN XIAOFENG,CN
59850239,WO-2017157177-A1,WO,20170302,G06F16/957,true,false,,ALIBABA GROUP HOLDING LTD | FAN XIAOFENG,CN
59850239,WO-2017157177-A1,WO,20170302,G06F16/957,true,false,,ALIBABA GROUP HOLDING LTD | FAN XIAOFENG,CN
59850239,WO-2017157177-A1,WO,20170302,G06F21/31,true,false,,ALIBABA GROUP HOLDING LTD | FAN XIAOFENG,CN
59850239,WO-2017157177-A1,WO,20170302,G06F21/31,true,false,,ALIBABA GROUP HOLDING LTD | FAN XIAOFENG,CN
59850239,WO-2017157177-A1,WO,20170302,G06F21/41,true,false,,ALIBABA GROUP HOLDING LTD | FAN XIAOFENG,CN
59850239,WO-2017157177-A1,WO,20170302,G06F21/41,true,false,,ALIBABA GROUP HOLDING LTD | FAN XIAOFENG,CN
59850239,WO-2017157177-A1,WO,20170302,G06F21/44,true,false,,ALIBABA GROUP HOLDING LTD | FAN XIAOFENG,CN
59850239,WO-2017157177-A1,WO,20170302,G06F21/44,true,false,,ALIBABA GROUP HOLDING LTD | FAN XIAOFENG,CN
59850239,WO-2017157177-A1,WO,20170302,G06F21/6263,false,false,,ALIBABA GROUP HOLDING LTD | FAN XIAOFENG,CN
59850239,WO-2017157177-A1,WO,20170302,G06Q20/12,true,false,fintech,ALIBABA GROUP HOLDING LTD | FAN XIAOFENG,CN
59850239,WO-2017157177-A1,WO,20170302,G06Q20/12,true,false,fintech,ALIBABA GROUP HOLDING LTD | FAN XIAOFENG,CN
59850239,WO-2017157177-A1,WO,20170302,G06Q20/40,true,false,fintech,ALIBABA GROUP HOLDING LTD | FAN XIAOFENG,CN
59850239,WO-2017157177-A1,WO,20170302,G06Q20/40,true,false,fintech,ALIBABA GROUP HOLDING LTD | FAN XIAOFENG,CN
59850239,WO-2017157177-A1,WO,20170302,G06Q30/0601,true,false,,ALIBABA GROUP HOLDING LTD | FAN XIAOFENG,CN
59850239,WO-2017157177-A1,WO,20170302,G06Q30/0601,true,false,,ALIBABA GROUP HOLDING LTD | FAN XIAOFENG,CN
59850239,WO-2017157177-A1,WO,20170302,G06Q30/0609,true,false,,ALIBABA GROUP HOLDING LTD | FAN XIAOFENG,CN
59850239,WO-2017157177-A1,WO,20170302,G06Q30/0609,true,false,,ALIBABA GROUP HOLDING LTD | FAN XIAOFENG,CN
59850239,WO-2017157177-A1,WO,20170302,G06Q30/0637,true,false,,ALIBABA GROUP HOLDING LTD | FAN XIAOFENG,CN
59850239,WO-2017157177-A1,WO,20170302,G06Q30/0637,true,false,,ALIBABA GROUP HOLDING LTD | FAN XIAOFENG,CN
59850239,WO-2017157177-A1,WO,20170302,H04L2209/76,false,false,,ALIBABA GROUP HOLDING LTD | FAN XIAOFENG,CN
59850239,WO-2017157177-A1,WO,20170302,H04L2209/76,false,false,,ALIBABA GROUP HOLDING LTD | FAN XIAOFENG,CN
59850239,WO-2017157177-A1,WO,20170302,H04L63/0281,true,false,,ALIBABA GROUP HOLDING LTD | FAN XIAOFENG,CN
59850239,WO-2017157177-A1,WO,20170302,H04L63/0807,true,false,,ALIBABA GROUP HOLDING LTD | FAN XIAOFENG,CN
59850239,WO-2017157177-A1,WO,20170302,H04L63/0815,true,true,,ALIBABA GROUP HOLDING LTD | FAN XIAOFENG,CN
59850239,WO-2017157177-A1,WO,20170302,H04L63/0815,true,false,,ALIBABA GROUP HOLDING LTD | FAN XIAOFENG,CN
59850239,WO-2017157177-A1,WO,20170302,H04L63/0815,true,false,,ALIBABA GROUP HOLDING LTD | FAN XIAOFENG,CN
59850239,WO-2017157177-A1,WO,20170302,H04L63/0823,false,false,,ALIBABA GROUP HOLDING LTD | FAN XIAOFENG,CN
59850239,WO-2017157177-A1,WO,20170302,H04L63/0823,false,false,,ALIBABA GROUP HOLDING LTD | FAN XIAOFENG,CN
59850239,WO-2017157177-A1,WO,20170302,H04L63/0853,true,false,,ALIBABA GROUP HOLDING LTD | FAN XIAOFENG,CN
59850239,WO-2017157177-A1,WO,20170302,H04L63/0876,true,true,,ALIBABA GROUP HOLDING LTD | FAN XIAOFENG,CN
59850239,WO-2017157177-A1,WO,20170302,H04L63/0876,true,true,,ALIBABA GROUP HOLDING LTD | FAN XIAOFENG,CN
59850239,WO-2017157177-A1,WO,20170302,H04L63/0876,true,true,,ALIBABA GROUP HOLDING LTD | FAN XIAOFENG,CN
59850239,WO-2017157177-A1,WO,20170302,H04L67/02,false,false,,ALIBABA GROUP HOLDING LTD | FAN XIAOFENG,CN
59850239,WO-2017157177-A1,WO,20170302,H04L67/02,true,false,,ALIBABA GROUP HOLDING LTD | FAN XIAOFENG,CN
59850239,WO-2017157177-A1,WO,20170302,H04L67/02,false,false,,ALIBABA GROUP HOLDING LTD | FAN XIAOFENG,CN
59850239,WO-2017157177-A1,WO,20170302,H04L67/146,true,false,,ALIBABA GROUP HOLDING LTD | FAN XIAOFENG,CN
59850239,WO-2017157177-A1,WO,20170302,H04L9/3213,true,false,,ALIBABA GROUP HOLDING LTD | FAN XIAOFENG,CN
59850239,WO-2017157177-A1,WO,20170302,H04L9/3213,true,false,,ALIBABA GROUP HOLDING LTD | FAN XIAOFENG,CN
59850239,WO-2017157177-A1,WO,20170302,H04L9/3247,true,false,,ALIBABA GROUP HOLDING LTD | FAN XIAOFENG,CN
59887351,AU-2017429564-A1,AU,20170829,G06F21/32,true,false,,HOME CONTROL SINGAPORE PTE LTD,SG
59887351,AU-2017429564-A1,AU,20170829,G06F21/32,true,true,,HOME CONTROL SINGAPORE PTE LTD,SG
59887351,AU-2017429564-A1,AU,20170829,G06F3/021,true,true,,HOME CONTROL SINGAPORE PTE LTD,SG
59887351,AU-2017429564-A1,AU,20170829,G06F3/021,true,true,,HOME CONTROL SINGAPORE PTE LTD,SG
59887351,AU-2017429564-A1,AU,20170829,G06F3/021,true,false,,HOME CONTROL SINGAPORE PTE LTD,SG
59887351,AU-2017429564-A1,AU,20170829,G06F3/0234,true,false,,HOME CONTROL SINGAPORE PTE LTD,SG
59887351,AU-2017429564-A1,AU,20170829,G06F3/0234,true,false,,HOME CONTROL SINGAPORE PTE LTD,SG
59887351,AU-2017429564-A1,AU,20170829,G06V40/1335,true,false,ai,HOME CONTROL SINGAPORE PTE LTD,SG
59887351,AU-2017429564-A1,AU,20170829,G06V40/1353,true,false,ai,HOME CONTROL SINGAPORE PTE LTD,SG
59887351,AU-2017429564-A1,AU,20170829,G06V40/1371,true,false,ai,HOME CONTROL SINGAPORE PTE LTD,SG
59887351,AU-2017429564-A1,AU,20170829,G06V40/50,true,false,ai,HOME CONTROL SINGAPORE PTE LTD,SG
59887351,AU-2017429564-A1,AU,20170829,H04N21/41265,true,false,,HOME CONTROL SINGAPORE PTE LTD,SG
59887351,AU-2017429564-A1,AU,20170829,H04N21/41265,true,false,,HOME CONTROL SINGAPORE PTE LTD,SG
59887351,AU-2017429564-A1,AU,20170829,H04N21/41265,true,false,,HOME CONTROL SINGAPORE PTE LTD,SG
59887351,AU-2017429564-A1,AU,20170829,H04N21/42222,true,false,,HOME CONTROL SINGAPORE PTE LTD,SG
59887351,AU-2017429564-A1,AU,20170829,H04N21/42222,true,false,,HOME CONTROL SINGAPORE PTE LTD,SG
59887351,AU-2017429564-A1,AU,20170829,H04N21/42224,false,false,,HOME CONTROL SINGAPORE PTE LTD,SG
59887351,AU-2017429564-A1,AU,20170829,H04N21/42224,true,false,,HOME CONTROL SINGAPORE PTE LTD,SG
59887351,AU-2017429564-A1,AU,20170829,H04N21/4415,true,false,,HOME CONTROL SINGAPORE PTE LTD,SG
59887351,AU-2017429564-A1,AU,20170829,H04N21/4415,true,false,,HOME CONTROL SINGAPORE PTE LTD,SG
59887351,AU-2017429564-A1,AU,20170829,H04N21/4415,true,false,,HOME CONTROL SINGAPORE PTE LTD,SG
59887351,AU-2017429564-A1,AU,20170829,H04N21/4532,true,false,,HOME CONTROL SINGAPORE PTE LTD,SG
59887351,AU-2017429564-A1,AU,20170829,H04N21/4532,true,false,,HOME CONTROL SINGAPORE PTE LTD,SG
59887351,AU-2017429564-A1,AU,20170829,H04N21/4753,true,false,,HOME CONTROL SINGAPORE PTE LTD,SG
59887351,AU-2017429564-A1,AU,20170829,H04N21/4753,true,false,,HOME CONTROL SINGAPORE PTE LTD,SG
59887351,AU-2017429564-A1,AU,20170829,H04N21/812,true,false,,HOME CONTROL SINGAPORE PTE LTD,SG
59887351,AU-2017429564-A1,AU,20170829,H04N21/812,true,false,,HOME CONTROL SINGAPORE PTE LTD,SG
59887351,AU-2017429564-B2,AU,20170829,G06F21/32,true,true,,HOME CONTROL SINGAPORE PTE LTD,SG
59887351,AU-2017429564-B2,AU,20170829,G06F21/32,true,false,,HOME CONTROL SINGAPORE PTE LTD,SG
59887351,AU-2017429564-B2,AU,20170829,G06F3/021,true,true,,HOME CONTROL SINGAPORE PTE LTD,SG
59887351,AU-2017429564-B2,AU,20170829,G06F3/021,true,true,,HOME CONTROL SINGAPORE PTE LTD,SG
59887351,AU-2017429564-B2,AU,20170829,G06F3/021,true,false,,HOME CONTROL SINGAPORE PTE LTD,SG
59887351,AU-2017429564-B2,AU,20170829,G06F3/0234,true,false,,HOME CONTROL SINGAPORE PTE LTD,SG
59887351,AU-2017429564-B2,AU,20170829,G06F3/0234,true,false,,HOME CONTROL SINGAPORE PTE LTD,SG
59887351,AU-2017429564-B2,AU,20170829,G06V40/1335,true,false,ai,HOME CONTROL SINGAPORE PTE LTD,SG
59887351,AU-2017429564-B2,AU,20170829,G06V40/1353,true,false,ai,HOME CONTROL SINGAPORE PTE LTD,SG
59887351,AU-2017429564-B2,AU,20170829,G06V40/1371,true,false,ai,HOME CONTROL SINGAPORE PTE LTD,SG
59887351,AU-2017429564-B2,AU,20170829,G06V40/50,true,false,ai,HOME CONTROL SINGAPORE PTE LTD,SG
59887351,AU-2017429564-B2,AU,20170829,H04N21/41265,true,false,,HOME CONTROL SINGAPORE PTE LTD,SG
59887351,AU-2017429564-B2,AU,20170829,H04N21/41265,true,false,,HOME CONTROL SINGAPORE PTE LTD,SG
59887351,AU-2017429564-B2,AU,20170829,H04N21/41265,true,false,,HOME CONTROL SINGAPORE PTE LTD,SG
59887351,AU-2017429564-B2,AU,20170829,H04N21/42222,true,false,,HOME CONTROL SINGAPORE PTE LTD,SG
59887351,AU-2017429564-B2,AU,20170829,H04N21/42222,true,false,,HOME CONTROL SINGAPORE PTE LTD,SG
59887351,AU-2017429564-B2,AU,20170829,H04N21/42224,false,false,,HOME CONTROL SINGAPORE PTE LTD,SG
59887351,AU-2017429564-B2,AU,20170829,H04N21/42224,true,false,,HOME CONTROL SINGAPORE PTE LTD,SG
59887351,AU-2017429564-B2,AU,20170829,H04N21/4415,true,false,,HOME CONTROL SINGAPORE PTE LTD,SG
59887351,AU-2017429564-B2,AU,20170829,H04N21/4415,true,false,,HOME CONTROL SINGAPORE PTE LTD,SG
59887351,AU-2017429564-B2,AU,20170829,H04N21/4415,true,false,,HOME CONTROL SINGAPORE PTE LTD,SG
59887351,AU-2017429564-B2,AU,20170829,H04N21/4532,true,false,,HOME CONTROL SINGAPORE PTE LTD,SG
59887351,AU-2017429564-B2,AU,20170829,H04N21/4532,true,false,,HOME CONTROL SINGAPORE PTE LTD,SG
59887351,AU-2017429564-B2,AU,20170829,H04N21/4753,true,false,,HOME CONTROL SINGAPORE PTE LTD,SG
59887351,AU-2017429564-B2,AU,20170829,H04N21/4753,true,false,,HOME CONTROL SINGAPORE PTE LTD,SG
59887351,AU-2017429564-B2,AU,20170829,H04N21/812,true,false,,HOME CONTROL SINGAPORE PTE LTD,SG
59887351,AU-2017429564-B2,AU,20170829,H04N21/812,true,false,,HOME CONTROL SINGAPORE PTE LTD,SG
59887351,AU-2018324282-A1,AU,20180828,G06F21/32,true,false,,HOME CONTROL SINGAPORE PTE LTD,SG
59887351,AU-2018324282-A1,AU,20180828,G06F21/32,true,true,,HOME CONTROL SINGAPORE PTE LTD,SG
59887351,AU-2018324282-A1,AU,20180828,G06F3/021,true,true,,HOME CONTROL SINGAPORE PTE LTD,SG
59887351,AU-2018324282-A1,AU,20180828,G06F3/021,true,true,,HOME CONTROL SINGAPORE PTE LTD,SG
59887351,AU-2018324282-A1,AU,20180828,G06F3/021,true,false,,HOME CONTROL SINGAPORE PTE LTD,SG
59887351,AU-2018324282-A1,AU,20180828,G06F3/0234,true,false,,HOME CONTROL SINGAPORE PTE LTD,SG
59887351,AU-2018324282-A1,AU,20180828,G06F3/0234,true,false,,HOME CONTROL SINGAPORE PTE LTD,SG
59887351,AU-2018324282-A1,AU,20180828,G06V40/1335,true,false,ai,HOME CONTROL SINGAPORE PTE LTD,SG
59887351,AU-2018324282-A1,AU,20180828,G06V40/1353,true,false,ai,HOME CONTROL SINGAPORE PTE LTD,SG
59887351,AU-2018324282-A1,AU,20180828,G06V40/1371,true,false,ai,HOME CONTROL SINGAPORE PTE LTD,SG
59887351,AU-2018324282-A1,AU,20180828,G06V40/50,true,false,ai,HOME CONTROL SINGAPORE PTE LTD,SG
59887351,AU-2018324282-A1,AU,20180828,H04N21/41265,true,false,,HOME CONTROL SINGAPORE PTE LTD,SG
59887351,AU-2018324282-A1,AU,20180828,H04N21/41265,true,false,,HOME CONTROL SINGAPORE PTE LTD,SG
59887351,AU-2018324282-A1,AU,20180828,H04N21/41265,true,false,,HOME CONTROL SINGAPORE PTE LTD,SG
59887351,AU-2018324282-A1,AU,20180828,H04N21/42222,true,false,,HOME CONTROL SINGAPORE PTE LTD,SG
59887351,AU-2018324282-A1,AU,20180828,H04N21/42222,true,false,,HOME CONTROL SINGAPORE PTE LTD,SG
59887351,AU-2018324282-A1,AU,20180828,H04N21/42224,false,false,,HOME CONTROL SINGAPORE PTE LTD,SG
59887351,AU-2018324282-A1,AU,20180828,H04N21/42224,true,false,,HOME CONTROL SINGAPORE PTE LTD,SG
59887351,AU-2018324282-A1,AU,20180828,H04N21/4415,true,false,,HOME CONTROL SINGAPORE PTE LTD,SG
59887351,AU-2018324282-A1,AU,20180828,H04N21/4415,true,false,,HOME CONTROL SINGAPORE PTE LTD,SG
59887351,AU-2018324282-A1,AU,20180828,H04N21/4415,true,false,,HOME CONTROL SINGAPORE PTE LTD,SG
59887351,AU-2018324282-A1,AU,20180828,H04N21/4532,true,false,,HOME CONTROL SINGAPORE PTE LTD,SG
59887351,AU-2018324282-A1,AU,20180828,H04N21/4532,true,false,,HOME CONTROL SINGAPORE PTE LTD,SG
59887351,AU-2018324282-A1,AU,20180828,H04N21/4753,true,false,,HOME CONTROL SINGAPORE PTE LTD,SG
59887351,AU-2018324282-A1,AU,20180828,H04N21/4753,true,false,,HOME CONTROL SINGAPORE PTE LTD,SG
59887351,AU-2018324282-A1,AU,20180828,H04N21/812,true,false,,HOME CONTROL SINGAPORE PTE LTD,SG
59887351,AU-2018324282-A1,AU,20180828,H04N21/812,true,false,,HOME CONTROL SINGAPORE PTE LTD,SG
59887351,AU-2018324282-B2,AU,20180828,G06F21/32,true,true,,HOME CONTROL SINGAPORE PTE LTD,SG
59887351,AU-2018324282-B2,AU,20180828,G06F21/32,true,false,,HOME CONTROL SINGAPORE PTE LTD,SG
59887351,AU-2018324282-B2,AU,20180828,G06F3/021,true,true,,HOME CONTROL SINGAPORE PTE LTD,SG
59887351,AU-2018324282-B2,AU,20180828,G06F3/021,true,true,,HOME CONTROL SINGAPORE PTE LTD,SG
59887351,AU-2018324282-B2,AU,20180828,G06F3/021,true,false,,HOME CONTROL SINGAPORE PTE LTD,SG
59887351,AU-2018324282-B2,AU,20180828,G06F3/0234,true,false,,HOME CONTROL SINGAPORE PTE LTD,SG
59887351,AU-2018324282-B2,AU,20180828,G06F3/0234,true,false,,HOME CONTROL SINGAPORE PTE LTD,SG
59887351,AU-2018324282-B2,AU,20180828,G06V40/1335,true,false,ai,HOME CONTROL SINGAPORE PTE LTD,SG
59887351,AU-2018324282-B2,AU,20180828,G06V40/1353,true,false,ai,HOME CONTROL SINGAPORE PTE LTD,SG
59887351,AU-2018324282-B2,AU,20180828,G06V40/1371,true,false,ai,HOME CONTROL SINGAPORE PTE LTD,SG
59887351,AU-2018324282-B2,AU,20180828,G06V40/50,true,false,ai,HOME CONTROL SINGAPORE PTE LTD,SG
59887351,AU-2018324282-B2,AU,20180828,H04N21/41265,true,false,,HOME CONTROL SINGAPORE PTE LTD,SG
59887351,AU-2018324282-B2,AU,20180828,H04N21/41265,true,false,,HOME CONTROL SINGAPORE PTE LTD,SG
59887351,AU-2018324282-B2,AU,20180828,H04N21/41265,true,false,,HOME CONTROL SINGAPORE PTE LTD,SG
59887351,AU-2018324282-B2,AU,20180828,H04N21/42222,true,false,,HOME CONTROL SINGAPORE PTE LTD,SG
59887351,AU-2018324282-B2,AU,20180828,H04N21/42222,true,false,,HOME CONTROL SINGAPORE PTE LTD,SG
59887351,AU-2018324282-B2,AU,20180828,H04N21/42224,false,false,,HOME CONTROL SINGAPORE PTE LTD,SG
59887351,AU-2018324282-B2,AU,20180828,H04N21/42224,true,false,,HOME CONTROL SINGAPORE PTE LTD,SG
59887351,AU-2018324282-B2,AU,20180828,H04N21/4415,true,false,,HOME CONTROL SINGAPORE PTE LTD,SG
59887351,AU-2018324282-B2,AU,20180828,H04N21/4415,true,false,,HOME CONTROL SINGAPORE PTE LTD,SG
59887351,AU-2018324282-B2,AU,20180828,H04N21/4415,true,false,,HOME CONTROL SINGAPORE PTE LTD,SG
59887351,AU-2018324282-B2,AU,20180828,H04N21/4532,true,false,,HOME CONTROL SINGAPORE PTE LTD,SG
59887351,AU-2018324282-B2,AU,20180828,H04N21/4532,true,false,,HOME CONTROL SINGAPORE PTE LTD,SG
59887351,AU-2018324282-B2,AU,20180828,H04N21/4753,true,false,,HOME CONTROL SINGAPORE PTE LTD,SG
59887351,AU-2018324282-B2,AU,20180828,H04N21/4753,true,false,,HOME CONTROL SINGAPORE PTE LTD,SG
59887351,AU-2018324282-B2,AU,20180828,H04N21/812,true,false,,HOME CONTROL SINGAPORE PTE LTD,SG
59887351,AU-2018324282-B2,AU,20180828,H04N21/812,true,false,,HOME CONTROL SINGAPORE PTE LTD,SG
59887351,BR-112020003905-A2,BR,20180828,G06F21/32,true,true,,HOME CONTROL SINGAPORE PTE LTD,SG
59887351,BR-112020003905-A2,BR,20180828,G06F21/32,true,false,,HOME CONTROL SINGAPORE PTE LTD,SG
59887351,BR-112020003905-A2,BR,20180828,G06F3/021,true,true,,HOME CONTROL SINGAPORE PTE LTD,SG
59887351,BR-112020003905-A2,BR,20180828,G06F3/021,true,false,,HOME CONTROL SINGAPORE PTE LTD,SG
59887351,BR-112020003905-A2,BR,20180828,G06F3/021,true,true,,HOME CONTROL SINGAPORE PTE LTD,SG
59887351,BR-112020003905-A2,BR,20180828,G06F3/0234,true,false,,HOME CONTROL SINGAPORE PTE LTD,SG
59887351,BR-112020003905-A2,BR,20180828,G06F3/0234,true,false,,HOME CONTROL SINGAPORE PTE LTD,SG
59887351,BR-112020003905-A2,BR,20180828,G06V40/1335,true,false,ai,HOME CONTROL SINGAPORE PTE LTD,SG
59887351,BR-112020003905-A2,BR,20180828,G06V40/1353,true,false,ai,HOME CONTROL SINGAPORE PTE LTD,SG
59887351,BR-112020003905-A2,BR,20180828,G06V40/1371,true,false,ai,HOME CONTROL SINGAPORE PTE LTD,SG
59887351,BR-112020003905-A2,BR,20180828,G06V40/50,true,false,ai,HOME CONTROL SINGAPORE PTE LTD,SG
59887351,BR-112020003905-A2,BR,20180828,H04N21/41265,true,false,,HOME CONTROL SINGAPORE PTE LTD,SG
59887351,BR-112020003905-A2,BR,20180828,H04N21/41265,true,false,,HOME CONTROL SINGAPORE PTE LTD,SG
59887351,BR-112020003905-A2,BR,20180828,H04N21/41265,true,false,,HOME CONTROL SINGAPORE PTE LTD,SG
59887351,BR-112020003905-A2,BR,20180828,H04N21/42222,true,false,,HOME CONTROL SINGAPORE PTE LTD,SG
59887351,BR-112020003905-A2,BR,20180828,H04N21/42222,true,false,,HOME CONTROL SINGAPORE PTE LTD,SG
59887351,BR-112020003905-A2,BR,20180828,H04N21/42224,true,false,,HOME CONTROL SINGAPORE PTE LTD,SG
59887351,BR-112020003905-A2,BR,20180828,H04N21/42224,false,false,,HOME CONTROL SINGAPORE PTE LTD,SG
59887351,BR-112020003905-A2,BR,20180828,H04N21/4415,true,false,,HOME CONTROL SINGAPORE PTE LTD,SG
59887351,BR-112020003905-A2,BR,20180828,H04N21/4415,true,false,,HOME CONTROL SINGAPORE PTE LTD,SG
59887351,BR-112020003905-A2,BR,20180828,H04N21/4415,true,false,,HOME CONTROL SINGAPORE PTE LTD,SG
59887351,BR-112020003905-A2,BR,20180828,H04N21/4532,true,false,,HOME CONTROL SINGAPORE PTE LTD,SG
59887351,BR-112020003905-A2,BR,20180828,H04N21/4532,true,false,,HOME CONTROL SINGAPORE PTE LTD,SG
59887351,BR-112020003905-A2,BR,20180828,H04N21/4753,true,false,,HOME CONTROL SINGAPORE PTE LTD,SG
59887351,BR-112020003905-A2,BR,20180828,H04N21/4753,true,false,,HOME CONTROL SINGAPORE PTE LTD,SG
59887351,BR-112020003905-A2,BR,20180828,H04N21/812,true,false,,HOME CONTROL SINGAPORE PTE LTD,SG
59887351,BR-112020003905-A2,BR,20180828,H04N21/812,true,false,,HOME CONTROL SINGAPORE PTE LTD,SG
59887351,BR-112020004179-A2,BR,20170829,G06F21/32,true,true,,HOME CONTROL SINGAPORE PTE LTD,SG
59887351,BR-112020004179-A2,BR,20170829,G06F21/32,true,false,,HOME CONTROL SINGAPORE PTE LTD,SG
59887351,BR-112020004179-A2,BR,20170829,G06F3/021,true,true,,HOME CONTROL SINGAPORE PTE LTD,SG
59887351,BR-112020004179-A2,BR,20170829,G06F3/021,true,false,,HOME CONTROL SINGAPORE PTE LTD,SG
59887351,BR-112020004179-A2,BR,20170829,G06F3/021,true,true,,HOME CONTROL SINGAPORE PTE LTD,SG
59887351,BR-112020004179-A2,BR,20170829,G06F3/0234,true,false,,HOME CONTROL SINGAPORE PTE LTD,SG
59887351,BR-112020004179-A2,BR,20170829,G06F3/0234,true,false,,HOME CONTROL SINGAPORE PTE LTD,SG
59887351,BR-112020004179-A2,BR,20170829,G06V40/1335,true,false,ai,HOME CONTROL SINGAPORE PTE LTD,SG
59887351,BR-112020004179-A2,BR,20170829,G06V40/1353,true,false,ai,HOME CONTROL SINGAPORE PTE LTD,SG
59887351,BR-112020004179-A2,BR,20170829,G06V40/1371,true,false,ai,HOME CONTROL SINGAPORE PTE LTD,SG
59887351,BR-112020004179-A2,BR,20170829,G06V40/50,true,false,ai,HOME CONTROL SINGAPORE PTE LTD,SG
59887351,BR-112020004179-A2,BR,20170829,H04N21/41265,true,false,,HOME CONTROL SINGAPORE PTE LTD,SG
59887351,BR-112020004179-A2,BR,20170829,H04N21/41265,true,false,,HOME CONTROL SINGAPORE PTE LTD,SG
59887351,BR-112020004179-A2,BR,20170829,H04N21/41265,true,false,,HOME CONTROL SINGAPORE PTE LTD,SG
59887351,BR-112020004179-A2,BR,20170829,H04N21/42222,true,false,,HOME CONTROL SINGAPORE PTE LTD,SG
59887351,BR-112020004179-A2,BR,20170829,H04N21/42222,true,false,,HOME CONTROL SINGAPORE PTE LTD,SG
59887351,BR-112020004179-A2,BR,20170829,H04N21/42224,true,false,,HOME CONTROL SINGAPORE PTE LTD,SG
59887351,BR-112020004179-A2,BR,20170829,H04N21/42224,false,false,,HOME CONTROL SINGAPORE PTE LTD,SG
59887351,BR-112020004179-A2,BR,20170829,H04N21/4415,true,false,,HOME CONTROL SINGAPORE PTE LTD,SG
59887351,BR-112020004179-A2,BR,20170829,H04N21/4415,true,false,,HOME CONTROL SINGAPORE PTE LTD,SG
59887351,BR-112020004179-A2,BR,20170829,H04N21/4415,true,false,,HOME CONTROL SINGAPORE PTE LTD,SG
59887351,BR-112020004179-A2,BR,20170829,H04N21/4532,true,false,,HOME CONTROL SINGAPORE PTE LTD,SG
59887351,BR-112020004179-A2,BR,20170829,H04N21/4532,true,false,,HOME CONTROL SINGAPORE PTE LTD,SG
59887351,BR-112020004179-A2,BR,20170829,H04N21/4753,true,false,,HOME CONTROL SINGAPORE PTE LTD,SG
59887351,BR-112020004179-A2,BR,20170829,H04N21/4753,true,false,,HOME CONTROL SINGAPORE PTE LTD,SG
59887351,BR-112020004179-A2,BR,20170829,H04N21/812,true,false,,HOME CONTROL SINGAPORE PTE LTD,SG
59887351,BR-112020004179-A2,BR,20170829,H04N21/812,true,false,,HOME CONTROL SINGAPORE PTE LTD,SG
59887351,CN-111065988-A,CN,20180828,G06F21/32,true,false,,HOME CONTROL SINGAPORE PTE LTD,
59887351,CN-111065988-A,CN,20180828,G06F21/32,true,true,,HOME CONTROL SINGAPORE PTE LTD,
59887351,CN-111065988-A,CN,20180828,G06F3/021,true,true,,HOME CONTROL SINGAPORE PTE LTD,
59887351,CN-111065988-A,CN,20180828,G06F3/021,true,true,,HOME CONTROL SINGAPORE PTE LTD,
59887351,CN-111065988-A,CN,20180828,G06F3/021,true,false,,HOME CONTROL SINGAPORE PTE LTD,
59887351,CN-111065988-A,CN,20180828,G06F3/0234,true,false,,HOME CONTROL SINGAPORE PTE LTD,
59887351,CN-111065988-A,CN,20180828,G06F3/0234,true,false,,HOME CONTROL SINGAPORE PTE LTD,
59887351,CN-111065988-A,CN,20180828,G06V40/1335,true,false,ai,HOME CONTROL SINGAPORE PTE LTD,
59887351,CN-111065988-A,CN,20180828,G06V40/1353,true,false,ai,HOME CONTROL SINGAPORE PTE LTD,
59887351,CN-111065988-A,CN,20180828,G06V40/1371,true,false,ai,HOME CONTROL SINGAPORE PTE LTD,
59887351,CN-111065988-A,CN,20180828,G06V40/50,true,false,ai,HOME CONTROL SINGAPORE PTE LTD,
59887351,CN-111065988-A,CN,20180828,H04N21/41265,true,false,,HOME CONTROL SINGAPORE PTE LTD,
59887351,CN-111065988-A,CN,20180828,H04N21/41265,true,false,,HOME CONTROL SINGAPORE PTE LTD,
59887351,CN-111065988-A,CN,20180828,H04N21/41265,true,false,,HOME CONTROL SINGAPORE PTE LTD,
59887351,CN-111065988-A,CN,20180828,H04N21/42222,true,false,,HOME CONTROL SINGAPORE PTE LTD,
59887351,CN-111065988-A,CN,20180828,H04N21/42222,true,false,,HOME CONTROL SINGAPORE PTE LTD,
59887351,CN-111065988-A,CN,20180828,H04N21/42224,false,false,,HOME CONTROL SINGAPORE PTE LTD,
59887351,CN-111065988-A,CN,20180828,H04N21/42224,true,false,,HOME CONTROL SINGAPORE PTE LTD,
59887351,CN-111065988-A,CN,20180828,H04N21/4415,true,false,,HOME CONTROL SINGAPORE PTE LTD,
59887351,CN-111065988-A,CN,20180828,H04N21/4415,true,false,,HOME CONTROL SINGAPORE PTE LTD,
59887351,CN-111065988-A,CN,20180828,H04N21/4415,true,false,,HOME CONTROL SINGAPORE PTE LTD,
59887351,CN-111065988-A,CN,20180828,H04N21/4532,true,false,,HOME CONTROL SINGAPORE PTE LTD,
59887351,CN-111065988-A,CN,20180828,H04N21/4532,true,false,,HOME CONTROL SINGAPORE PTE LTD,
59887351,CN-111065988-A,CN,20180828,H04N21/4753,true,false,,HOME CONTROL SINGAPORE PTE LTD,
59887351,CN-111065988-A,CN,20180828,H04N21/4753,true,false,,HOME CONTROL SINGAPORE PTE LTD,
59887351,CN-111065988-A,CN,20180828,H04N21/812,true,false,,HOME CONTROL SINGAPORE PTE LTD,
59887351,CN-111065988-A,CN,20180828,H04N21/812,true,false,,HOME CONTROL SINGAPORE PTE LTD,
59887351,CN-111065988-B,CN,20180828,G06F21/32,true,true,,,
59887351,CN-111065988-B,CN,20180828,G06F21/32,true,false,,,
59887351,CN-111065988-B,CN,20180828,G06F3/021,true,true,,,
59887351,CN-111065988-B,CN,20180828,G06F3/021,true,true,,,
59887351,CN-111065988-B,CN,20180828,G06F3/021,true,false,,,
59887351,CN-111065988-B,CN,20180828,G06F3/0234,true,false,,,
59887351,CN-111065988-B,CN,20180828,G06F3/0234,true,false,,,
59887351,CN-111065988-B,CN,20180828,G06V40/1335,true,false,ai,,
59887351,CN-111065988-B,CN,20180828,G06V40/1353,true,false,ai,,
59887351,CN-111065988-B,CN,20180828,G06V40/1371,true,false,ai,,
59887351,CN-111065988-B,CN,20180828,G06V40/50,true,false,ai,,
59887351,CN-111065988-B,CN,20180828,H04N21/41265,true,false,,,
59887351,CN-111065988-B,CN,20180828,H04N21/41265,true,false,,,
59887351,CN-111065988-B,CN,20180828,H04N21/41265,true,false,,,
59887351,CN-111065988-B,CN,20180828,H04N21/42222,true,false,,,
59887351,CN-111065988-B,CN,20180828,H04N21/42222,true,false,,,
59887351,CN-111065988-B,CN,20180828,H04N21/42224,false,false,,,
59887351,CN-111065988-B,CN,20180828,H04N21/42224,true,false,,,
59887351,CN-111065988-B,CN,20180828,H04N21/4415,true,false,,,
59887351,CN-111065988-B,CN,20180828,H04N21/4415,true,false,,,
59887351,CN-111065988-B,CN,20180828,H04N21/4415,true,false,,,
59887351,CN-111065988-B,CN,20180828,H04N21/4532,true,false,,,
59887351,CN-111065988-B,CN,20180828,H04N21/4532,true,false,,,
59887351,CN-111065988-B,CN,20180828,H04N21/4753,true,false,,,
59887351,CN-111065988-B,CN,20180828,H04N21/4753,true,false,,,
59887351,CN-111065988-B,CN,20180828,H04N21/812,true,false,,,
59887351,CN-111065988-B,CN,20180828,H04N21/812,true,false,,,
59887351,CN-111295633-A,CN,20170829,G06F21/32,true,true,,HOME CONTROL SINGAPORE PTE LTD,
59887351,CN-111295633-A,CN,20170829,G06F21/32,true,false,,HOME CONTROL SINGAPORE PTE LTD,
59887351,CN-111295633-A,CN,20170829,G06F3/021,true,true,,HOME CONTROL SINGAPORE PTE LTD,
59887351,CN-111295633-A,CN,20170829,G06F3/021,true,false,,HOME CONTROL SINGAPORE PTE LTD,
59887351,CN-111295633-A,CN,20170829,G06F3/021,true,true,,HOME CONTROL SINGAPORE PTE LTD,
59887351,CN-111295633-A,CN,20170829,G06F3/0234,true,false,,HOME CONTROL SINGAPORE PTE LTD,
59887351,CN-111295633-A,CN,20170829,G06F3/0234,true,false,,HOME CONTROL SINGAPORE PTE LTD,
59887351,CN-111295633-A,CN,20170829,G06V40/1335,true,false,ai,HOME CONTROL SINGAPORE PTE LTD,
59887351,CN-111295633-A,CN,20170829,G06V40/1353,true,false,ai,HOME CONTROL SINGAPORE PTE LTD,
59887351,CN-111295633-A,CN,20170829,G06V40/1371,true,false,ai,HOME CONTROL SINGAPORE PTE LTD,
59887351,CN-111295633-A,CN,20170829,G06V40/50,true,false,ai,HOME CONTROL SINGAPORE PTE LTD,
59887351,CN-111295633-A,CN,20170829,H04N21/41265,true,false,,HOME CONTROL SINGAPORE PTE LTD,
59887351,CN-111295633-A,CN,20170829,H04N21/41265,true,false,,HOME CONTROL SINGAPORE PTE LTD,
59887351,CN-111295633-A,CN,20170829,H04N21/41265,true,false,,HOME CONTROL SINGAPORE PTE LTD,
59887351,CN-111295633-A,CN,20170829,H04N21/42222,true,false,,HOME CONTROL SINGAPORE PTE LTD,
59887351,CN-111295633-A,CN,20170829,H04N21/42222,true,false,,HOME CONTROL SINGAPORE PTE LTD,
59887351,CN-111295633-A,CN,20170829,H04N21/42224,true,false,,HOME CONTROL SINGAPORE PTE LTD,
59887351,CN-111295633-A,CN,20170829,H04N21/42224,false,false,,HOME CONTROL SINGAPORE PTE LTD,
59887351,CN-111295633-A,CN,20170829,H04N21/4415,true,false,,HOME CONTROL SINGAPORE PTE LTD,
59887351,CN-111295633-A,CN,20170829,H04N21/4415,true,false,,HOME CONTROL SINGAPORE PTE LTD,
59887351,CN-111295633-A,CN,20170829,H04N21/4415,true,false,,HOME CONTROL SINGAPORE PTE LTD,
59887351,CN-111295633-A,CN,20170829,H04N21/4532,true,false,,HOME CONTROL SINGAPORE PTE LTD,
59887351,CN-111295633-A,CN,20170829,H04N21/4532,true,false,,HOME CONTROL SINGAPORE PTE LTD,
59887351,CN-111295633-A,CN,20170829,H04N21/4753,true,false,,HOME CONTROL SINGAPORE PTE LTD,
59887351,CN-111295633-A,CN,20170829,H04N21/4753,true,false,,HOME CONTROL SINGAPORE PTE LTD,
59887351,CN-111295633-A,CN,20170829,H04N21/812,true,false,,HOME CONTROL SINGAPORE PTE LTD,
59887351,CN-111295633-A,CN,20170829,H04N21/812,true,false,,HOME CONTROL SINGAPORE PTE LTD,
59887351,CN-111295633-B,CN,20170829,G06F21/32,true,true,,,
59887351,CN-111295633-B,CN,20170829,G06F21/32,true,false,,,
59887351,CN-111295633-B,CN,20170829,G06F3/021,true,true,,,
59887351,CN-111295633-B,CN,20170829,G06F3/021,true,true,,,
59887351,CN-111295633-B,CN,20170829,G06F3/021,true,false,,,
59887351,CN-111295633-B,CN,20170829,G06F3/0234,true,false,,,
59887351,CN-111295633-B,CN,20170829,G06F3/0234,true,false,,,
59887351,CN-111295633-B,CN,20170829,G06V40/1335,true,false,ai,,
59887351,CN-111295633-B,CN,20170829,G06V40/1353,true,false,ai,,
59887351,CN-111295633-B,CN,20170829,G06V40/1371,true,false,ai,,
59887351,CN-111295633-B,CN,20170829,G06V40/50,true,false,ai,,
59887351,CN-111295633-B,CN,20170829,H04N21/41265,true,false,,,
59887351,CN-111295633-B,CN,20170829,H04N21/41265,true,false,,,
59887351,CN-111295633-B,CN,20170829,H04N21/41265,true,false,,,
59887351,CN-111295633-B,CN,20170829,H04N21/42222,true,false,,,
59887351,CN-111295633-B,CN,20170829,H04N21/42222,true,false,,,
59887351,CN-111295633-B,CN,20170829,H04N21/42224,false,false,,,
59887351,CN-111295633-B,CN,20170829,H04N21/42224,true,false,,,
59887351,CN-111295633-B,CN,20170829,H04N21/4415,true,false,,,
59887351,CN-111295633-B,CN,20170829,H04N21/4415,true,false,,,
59887351,CN-111295633-B,CN,20170829,H04N21/4415,true,false,,,
59887351,CN-111295633-B,CN,20170829,H04N21/4532,true,false,,,
59887351,CN-111295633-B,CN,20170829,H04N21/4532,true,false,,,
59887351,CN-111295633-B,CN,20170829,H04N21/4753,true,false,,,
59887351,CN-111295633-B,CN,20170829,H04N21/4753,true,false,,,
59887351,CN-111295633-B,CN,20170829,H04N21/812,true,false,,,
59887351,CN-111295633-B,CN,20170829,H04N21/812,true,false,,,
59887351,EP-3676690-A1,EP,20170829,G06F21/32,true,true,,HOME CONTROL SINGAPORE PTE LTD,SG
59887351,EP-3676690-A1,EP,20170829,G06F21/32,true,false,,HOME CONTROL SINGAPORE PTE LTD,SG
59887351,EP-3676690-A1,EP,20170829,G06F3/021,true,true,,HOME CONTROL SINGAPORE PTE LTD,SG
59887351,EP-3676690-A1,EP,20170829,G06F3/021,true,false,,HOME CONTROL SINGAPORE PTE LTD,SG
59887351,EP-3676690-A1,EP,20170829,G06F3/021,true,true,,HOME CONTROL SINGAPORE PTE LTD,SG
59887351,EP-3676690-A1,EP,20170829,G06F3/0234,true,false,,HOME CONTROL SINGAPORE PTE LTD,SG
59887351,EP-3676690-A1,EP,20170829,G06F3/0234,true,false,,HOME CONTROL SINGAPORE PTE LTD,SG
59887351,EP-3676690-A1,EP,20170829,G06V40/1335,true,false,ai,HOME CONTROL SINGAPORE PTE LTD,SG
59887351,EP-3676690-A1,EP,20170829,G06V40/1353,true,false,ai,HOME CONTROL SINGAPORE PTE LTD,SG
59887351,EP-3676690-A1,EP,20170829,G06V40/1371,true,false,ai,HOME CONTROL SINGAPORE PTE LTD,SG
59887351,EP-3676690-A1,EP,20170829,G06V40/50,true,false,ai,HOME CONTROL SINGAPORE PTE LTD,SG
59887351,EP-3676690-A1,EP,20170829,H04N21/41265,true,false,,HOME CONTROL SINGAPORE PTE LTD,SG
59887351,EP-3676690-A1,EP,20170829,H04N21/41265,true,false,,HOME CONTROL SINGAPORE PTE LTD,SG
59887351,EP-3676690-A1,EP,20170829,H04N21/41265,true,false,,HOME CONTROL SINGAPORE PTE LTD,SG
59887351,EP-3676690-A1,EP,20170829,H04N21/42222,true,false,,HOME CONTROL SINGAPORE PTE LTD,SG
59887351,EP-3676690-A1,EP,20170829,H04N21/42222,true,false,,HOME CONTROL SINGAPORE PTE LTD,SG
59887351,EP-3676690-A1,EP,20170829,H04N21/42224,true,false,,HOME CONTROL SINGAPORE PTE LTD,SG
59887351,EP-3676690-A1,EP,20170829,H04N21/42224,false,false,,HOME CONTROL SINGAPORE PTE LTD,SG
59887351,EP-3676690-A1,EP,20170829,H04N21/4415,true,false,,HOME CONTROL SINGAPORE PTE LTD,SG
59887351,EP-3676690-A1,EP,20170829,H04N21/4415,true,false,,HOME CONTROL SINGAPORE PTE LTD,SG
59887351,EP-3676690-A1,EP,20170829,H04N21/4415,true,false,,HOME CONTROL SINGAPORE PTE LTD,SG
59887351,EP-3676690-A1,EP,20170829,H04N21/4532,true,false,,HOME CONTROL SINGAPORE PTE LTD,SG
59887351,EP-3676690-A1,EP,20170829,H04N21/4532,true,false,,HOME CONTROL SINGAPORE PTE LTD,SG
59887351,EP-3676690-A1,EP,20170829,H04N21/4753,true,false,,HOME CONTROL SINGAPORE PTE LTD,SG
59887351,EP-3676690-A1,EP,20170829,H04N21/4753,true,false,,HOME CONTROL SINGAPORE PTE LTD,SG
59887351,EP-3676690-A1,EP,20170829,H04N21/812,true,false,,HOME CONTROL SINGAPORE PTE LTD,SG
59887351,EP-3676690-A1,EP,20170829,H04N21/812,true,false,,HOME CONTROL SINGAPORE PTE LTD,SG
59887351,EP-3676691-A1,EP,20180828,G06F21/32,true,true,,HOME CONTROL SINGAPORE PTE LTD,SG
59887351,EP-3676691-A1,EP,20180828,G06F21/32,true,false,,HOME CONTROL SINGAPORE PTE LTD,SG
59887351,EP-3676691-A1,EP,20180828,G06F3/021,true,true,,HOME CONTROL SINGAPORE PTE LTD,SG
59887351,EP-3676691-A1,EP,20180828,G06F3/021,true,false,,HOME CONTROL SINGAPORE PTE LTD,SG
59887351,EP-3676691-A1,EP,20180828,G06F3/021,true,true,,HOME CONTROL SINGAPORE PTE LTD,SG
59887351,EP-3676691-A1,EP,20180828,G06F3/0234,true,false,,HOME CONTROL SINGAPORE PTE LTD,SG
59887351,EP-3676691-A1,EP,20180828,G06F3/0234,true,false,,HOME CONTROL SINGAPORE PTE LTD,SG
59887351,EP-3676691-A1,EP,20180828,G06V40/1335,true,false,ai,HOME CONTROL SINGAPORE PTE LTD,SG
59887351,EP-3676691-A1,EP,20180828,G06V40/1353,true,false,ai,HOME CONTROL SINGAPORE PTE LTD,SG
59887351,EP-3676691-A1,EP,20180828,G06V40/1371,true,false,ai,HOME CONTROL SINGAPORE PTE LTD,SG
59887351,EP-3676691-A1,EP,20180828,G06V40/50,true,false,ai,HOME CONTROL SINGAPORE PTE LTD,SG
59887351,EP-3676691-A1,EP,20180828,H04N21/41265,true,false,,HOME CONTROL SINGAPORE PTE LTD,SG
59887351,EP-3676691-A1,EP,20180828,H04N21/41265,true,false,,HOME CONTROL SINGAPORE PTE LTD,SG
59887351,EP-3676691-A1,EP,20180828,H04N21/41265,true,false,,HOME CONTROL SINGAPORE PTE LTD,SG
59887351,EP-3676691-A1,EP,20180828,H04N21/42222,true,false,,HOME CONTROL SINGAPORE PTE LTD,SG
59887351,EP-3676691-A1,EP,20180828,H04N21/42222,true,false,,HOME CONTROL SINGAPORE PTE LTD,SG
59887351,EP-3676691-A1,EP,20180828,H04N21/42224,true,false,,HOME CONTROL SINGAPORE PTE LTD,SG
59887351,EP-3676691-A1,EP,20180828,H04N21/42224,false,false,,HOME CONTROL SINGAPORE PTE LTD,SG
59887351,EP-3676691-A1,EP,20180828,H04N21/4415,true,false,,HOME CONTROL SINGAPORE PTE LTD,SG
59887351,EP-3676691-A1,EP,20180828,H04N21/4415,true,false,,HOME CONTROL SINGAPORE PTE LTD,SG
59887351,EP-3676691-A1,EP,20180828,H04N21/4415,true,false,,HOME CONTROL SINGAPORE PTE LTD,SG
59887351,EP-3676691-A1,EP,20180828,H04N21/4532,true,false,,HOME CONTROL SINGAPORE PTE LTD,SG
59887351,EP-3676691-A1,EP,20180828,H04N21/4532,true,false,,HOME CONTROL SINGAPORE PTE LTD,SG
59887351,EP-3676691-A1,EP,20180828,H04N21/4753,true,false,,HOME CONTROL SINGAPORE PTE LTD,SG
59887351,EP-3676691-A1,EP,20180828,H04N21/4753,true,false,,HOME CONTROL SINGAPORE PTE LTD,SG
59887351,EP-3676691-A1,EP,20180828,H04N21/812,true,false,,HOME CONTROL SINGAPORE PTE LTD,SG
59887351,EP-3676691-A1,EP,20180828,H04N21/812,true,false,,HOME CONTROL SINGAPORE PTE LTD,SG
59887351,JP-2020532905-A,JP,20180828,G06F21/32,true,true,,,
59887351,JP-2020532905-A,JP,20180828,G06F21/32,true,false,,,
59887351,JP-2020532905-A,JP,20180828,G06F3/021,true,true,,,
59887351,JP-2020532905-A,JP,20180828,G06F3/021,true,false,,,
59887351,JP-2020532905-A,JP,20180828,G06F3/021,true,true,,,
59887351,JP-2020532905-A,JP,20180828,G06F3/0234,true,false,,,
59887351,JP-2020532905-A,JP,20180828,G06F3/0234,true,false,,,
59887351,JP-2020532905-A,JP,20180828,G06V40/1335,true,false,ai,,
59887351,JP-2020532905-A,JP,20180828,G06V40/1353,true,false,ai,,
59887351,JP-2020532905-A,JP,20180828,G06V40/1371,true,false,ai,,
59887351,JP-2020532905-A,JP,20180828,G06V40/50,true,false,ai,,
59887351,JP-2020532905-A,JP,20180828,H04N21/41265,true,false,,,
59887351,JP-2020532905-A,JP,20180828,H04N21/41265,true,false,,,
59887351,JP-2020532905-A,JP,20180828,H04N21/41265,true,false,,,
59887351,JP-2020532905-A,JP,20180828,H04N21/42222,true,false,,,
59887351,JP-2020532905-A,JP,20180828,H04N21/42222,true,false,,,
59887351,JP-2020532905-A,JP,20180828,H04N21/42224,true,false,,,
59887351,JP-2020532905-A,JP,20180828,H04N21/42224,false,false,,,
59887351,JP-2020532905-A,JP,20180828,H04N21/4415,true,false,,,
59887351,JP-2020532905-A,JP,20180828,H04N21/4415,true,false,,,
59887351,JP-2020532905-A,JP,20180828,H04N21/4415,true,false,,,
59887351,JP-2020532905-A,JP,20180828,H04N21/4532,true,false,,,
59887351,JP-2020532905-A,JP,20180828,H04N21/4532,true,false,,,
59887351,JP-2020532905-A,JP,20180828,H04N21/4753,true,false,,,
59887351,JP-2020532905-A,JP,20180828,H04N21/4753,true,false,,,
59887351,JP-2020532905-A,JP,20180828,H04N21/812,true,false,,,
59887351,JP-2020532905-A,JP,20180828,H04N21/812,true,false,,,
59887351,JP-2020537774-A,JP,20170829,G06F21/32,true,true,,,
59887351,JP-2020537774-A,JP,20170829,G06F21/32,true,false,,,
59887351,JP-2020537774-A,JP,20170829,G06F3/021,true,true,,,
59887351,JP-2020537774-A,JP,20170829,G06F3/021,true,false,,,
59887351,JP-2020537774-A,JP,20170829,G06F3/021,true,true,,,
59887351,JP-2020537774-A,JP,20170829,G06F3/0234,true,false,,,
59887351,JP-2020537774-A,JP,20170829,G06F3/0234,true,false,,,
59887351,JP-2020537774-A,JP,20170829,G06V40/1335,true,false,ai,,
59887351,JP-2020537774-A,JP,20170829,G06V40/1353,true,false,ai,,
59887351,JP-2020537774-A,JP,20170829,G06V40/1371,true,false,ai,,
59887351,JP-2020537774-A,JP,20170829,G06V40/50,true,false,ai,,
59887351,JP-2020537774-A,JP,20170829,H04N21/41265,true,false,,,
59887351,JP-2020537774-A,JP,20170829,H04N21/41265,true,false,,,
59887351,JP-2020537774-A,JP,20170829,H04N21/41265,true,false,,,
59887351,JP-2020537774-A,JP,20170829,H04N21/42222,true,false,,,
59887351,JP-2020537774-A,JP,20170829,H04N21/42222,true,false,,,
59887351,JP-2020537774-A,JP,20170829,H04N21/42224,true,false,,,
59887351,JP-2020537774-A,JP,20170829,H04N21/42224,false,false,,,
59887351,JP-2020537774-A,JP,20170829,H04N21/4415,true,false,,,
59887351,JP-2020537774-A,JP,20170829,H04N21/4415,true,false,,,
59887351,JP-2020537774-A,JP,20170829,H04N21/4415,true,false,,,
59887351,JP-2020537774-A,JP,20170829,H04N21/4532,true,false,,,
59887351,JP-2020537774-A,JP,20170829,H04N21/4532,true,false,,,
59887351,JP-2020537774-A,JP,20170829,H04N21/4753,true,false,,,
59887351,JP-2020537774-A,JP,20170829,H04N21/4753,true,false,,,
59887351,JP-2020537774-A,JP,20170829,H04N21/812,true,false,,,
59887351,JP-2020537774-A,JP,20170829,H04N21/812,true,false,,,
59887351,JP-7064578-B2,JP,20170829,G06F21/32,true,true,,,
59887351,JP-7064578-B2,JP,20170829,G06F21/32,true,false,,,
59887351,JP-7064578-B2,JP,20170829,G06F3/021,true,true,,,
59887351,JP-7064578-B2,JP,20170829,G06F3/021,true,true,,,
59887351,JP-7064578-B2,JP,20170829,G06F3/021,true,false,,,
59887351,JP-7064578-B2,JP,20170829,G06F3/0234,true,false,,,
59887351,JP-7064578-B2,JP,20170829,G06F3/0234,true,false,,,
59887351,JP-7064578-B2,JP,20170829,G06V40/1335,true,false,ai,,
59887351,JP-7064578-B2,JP,20170829,G06V40/1353,true,false,ai,,
59887351,JP-7064578-B2,JP,20170829,G06V40/1371,true,false,ai,,
59887351,JP-7064578-B2,JP,20170829,G06V40/50,true,false,ai,,
59887351,JP-7064578-B2,JP,20170829,H04N21/41265,true,false,,,
59887351,JP-7064578-B2,JP,20170829,H04N21/41265,true,false,,,
59887351,JP-7064578-B2,JP,20170829,H04N21/41265,true,false,,,
59887351,JP-7064578-B2,JP,20170829,H04N21/42222,true,false,,,
59887351,JP-7064578-B2,JP,20170829,H04N21/42222,true,false,,,
59887351,JP-7064578-B2,JP,20170829,H04N21/42224,true,false,,,
59887351,JP-7064578-B2,JP,20170829,H04N21/42224,false,false,,,
59887351,JP-7064578-B2,JP,20170829,H04N21/4415,true,false,,,
59887351,JP-7064578-B2,JP,20170829,H04N21/4415,true,false,,,
59887351,JP-7064578-B2,JP,20170829,H04N21/4415,true,false,,,
59887351,JP-7064578-B2,JP,20170829,H04N21/4532,true,false,,,
59887351,JP-7064578-B2,JP,20170829,H04N21/4532,true,false,,,
59887351,JP-7064578-B2,JP,20170829,H04N21/4753,true,false,,,
59887351,JP-7064578-B2,JP,20170829,H04N21/4753,true,false,,,
59887351,JP-7064578-B2,JP,20170829,H04N21/812,true,false,,,
59887351,JP-7064578-B2,JP,20170829,H04N21/812,true,false,,,
59887351,JP-7281449-B2,JP,20180828,G06F21/32,true,false,,,
59887351,JP-7281449-B2,JP,20180828,G06F21/32,true,true,,,
59887351,JP-7281449-B2,JP,20180828,G06F3/021,true,true,,,
59887351,JP-7281449-B2,JP,20180828,G06F3/021,true,true,,,
59887351,JP-7281449-B2,JP,20180828,G06F3/021,true,false,,,
59887351,JP-7281449-B2,JP,20180828,G06F3/0234,true,false,,,
59887351,JP-7281449-B2,JP,20180828,G06F3/0234,true,false,,,
59887351,JP-7281449-B2,JP,20180828,G06V40/1335,true,false,ai,,
59887351,JP-7281449-B2,JP,20180828,G06V40/1353,true,false,ai,,
59887351,JP-7281449-B2,JP,20180828,G06V40/1371,true,false,ai,,
59887351,JP-7281449-B2,JP,20180828,G06V40/50,true,false,ai,,
59887351,JP-7281449-B2,JP,20180828,H04N21/41265,true,false,,,
59887351,JP-7281449-B2,JP,20180828,H04N21/41265,true,false,,,
59887351,JP-7281449-B2,JP,20180828,H04N21/41265,true,false,,,
59887351,JP-7281449-B2,JP,20180828,H04N21/42222,true,false,,,
59887351,JP-7281449-B2,JP,20180828,H04N21/42222,true,false,,,
59887351,JP-7281449-B2,JP,20180828,H04N21/42224,false,false,,,
59887351,JP-7281449-B2,JP,20180828,H04N21/42224,true,false,,,
59887351,JP-7281449-B2,JP,20180828,H04N21/4415,true,false,,,
59887351,JP-7281449-B2,JP,20180828,H04N21/4415,true,false,,,
59887351,JP-7281449-B2,JP,20180828,H04N21/4415,true,false,,,
59887351,JP-7281449-B2,JP,20180828,H04N21/4532,true,false,,,
59887351,JP-7281449-B2,JP,20180828,H04N21/4532,true,false,,,
59887351,JP-7281449-B2,JP,20180828,H04N21/4753,true,false,,,
59887351,JP-7281449-B2,JP,20180828,H04N21/4753,true,false,,,
59887351,JP-7281449-B2,JP,20180828,H04N21/812,true,false,,,
59887351,JP-7281449-B2,JP,20180828,H04N21/812,true,false,,,
59887351,KR-102382470-B1,KR,20170829,G06F21/32,true,false,,,
59887351,KR-102382470-B1,KR,20170829,G06F21/32,true,true,,,
59887351,KR-102382470-B1,KR,20170829,G06F21/32,true,false,,,
59887351,KR-102382470-B1,KR,20170829,G06F3/021,true,true,,,
59887351,KR-102382470-B1,KR,20170829,G06F3/021,true,false,,,
59887351,KR-102382470-B1,KR,20170829,G06F3/021,true,true,,,
59887351,KR-102382470-B1,KR,20170829,G06F3/021,true,true,,,
59887351,KR-102382470-B1,KR,20170829,G06F3/0234,true,false,,,
59887351,KR-102382470-B1,KR,20170829,G06F3/0234,true,false,,,
59887351,KR-102382470-B1,KR,20170829,G06F3/0234,true,false,,,
59887351,KR-102382470-B1,KR,20170829,G06V40/1335,true,false,ai,,
59887351,KR-102382470-B1,KR,20170829,G06V40/1353,true,false,ai,,
59887351,KR-102382470-B1,KR,20170829,G06V40/1371,true,false,ai,,
59887351,KR-102382470-B1,KR,20170829,G06V40/50,true,false,ai,,
59887351,KR-102382470-B1,KR,20170829,H04N21/4126,true,false,,,
59887351,KR-102382470-B1,KR,20170829,H04N21/41265,true,false,,,
59887351,KR-102382470-B1,KR,20170829,H04N21/41265,true,false,,,
59887351,KR-102382470-B1,KR,20170829,H04N21/41265,true,false,,,
59887351,KR-102382470-B1,KR,20170829,H04N21/41265,true,false,,,
59887351,KR-102382470-B1,KR,20170829,H04N21/42222,true,false,,,
59887351,KR-102382470-B1,KR,20170829,H04N21/42222,true,false,,,
59887351,KR-102382470-B1,KR,20170829,H04N21/42222,true,false,,,
59887351,KR-102382470-B1,KR,20170829,H04N21/42224,true,false,,,
59887351,KR-102382470-B1,KR,20170829,H04N21/42224,false,false,,,
59887351,KR-102382470-B1,KR,20170829,H04N21/42224,true,false,,,
59887351,KR-102382470-B1,KR,20170829,H04N21/4415,true,false,,,
59887351,KR-102382470-B1,KR,20170829,H04N21/4415,true,false,,,
59887351,KR-102382470-B1,KR,20170829,H04N21/4415,true,false,,,
59887351,KR-102382470-B1,KR,20170829,H04N21/4415,true,false,,,
59887351,KR-102382470-B1,KR,20170829,H04N21/4532,true,false,,,
59887351,KR-102382470-B1,KR,20170829,H04N21/4532,true,false,,,
59887351,KR-102382470-B1,KR,20170829,H04N21/4753,true,false,,,
59887351,KR-102382470-B1,KR,20170829,H04N21/4753,true,false,,,
59887351,KR-102382470-B1,KR,20170829,H04N21/812,true,false,,,
59887351,KR-102382470-B1,KR,20170829,H04N21/812,true,false,,,
59887351,KR-102599447-B1,KR,20180828,G06F21/32,true,true,,,
59887351,KR-102599447-B1,KR,20180828,G06F21/32,true,true,,,
59887351,KR-102599447-B1,KR,20180828,G06F21/32,true,false,,,
59887351,KR-102599447-B1,KR,20180828,G06F3/021,true,false,,,
59887351,KR-102599447-B1,KR,20180828,G06F3/021,true,true,,,
59887351,KR-102599447-B1,KR,20180828,G06F3/021,true,true,,,
59887351,KR-102599447-B1,KR,20180828,G06F3/021,true,false,,,
59887351,KR-102599447-B1,KR,20180828,G06F3/0234,true,false,,,
59887351,KR-102599447-B1,KR,20180828,G06F3/0234,true,false,,,
59887351,KR-102599447-B1,KR,20180828,G06V40/1335,true,false,ai,,
59887351,KR-102599447-B1,KR,20180828,G06V40/1353,true,false,ai,,
59887351,KR-102599447-B1,KR,20180828,G06V40/1371,true,false,ai,,
59887351,KR-102599447-B1,KR,20180828,G06V40/50,true,false,ai,,
59887351,KR-102599447-B1,KR,20180828,H04N21/4126,true,false,,,
59887351,KR-102599447-B1,KR,20180828,H04N21/41265,true,false,,,
59887351,KR-102599447-B1,KR,20180828,H04N21/41265,true,false,,,
59887351,KR-102599447-B1,KR,20180828,H04N21/41265,true,false,,,
59887351,KR-102599447-B1,KR,20180828,H04N21/41265,true,false,,,
59887351,KR-102599447-B1,KR,20180828,H04N21/42222,true,false,,,
59887351,KR-102599447-B1,KR,20180828,H04N21/42222,true,false,,,
59887351,KR-102599447-B1,KR,20180828,H04N21/42224,false,false,,,
59887351,KR-102599447-B1,KR,20180828,H04N21/42224,true,false,,,
59887351,KR-102599447-B1,KR,20180828,H04N21/4415,true,false,,,
59887351,KR-102599447-B1,KR,20180828,H04N21/4415,true,false,,,
59887351,KR-102599447-B1,KR,20180828,H04N21/4415,true,false,,,
59887351,KR-102599447-B1,KR,20180828,H04N21/4532,true,false,,,
59887351,KR-102599447-B1,KR,20180828,H04N21/4532,true,false,,,
59887351,KR-102599447-B1,KR,20180828,H04N21/4753,true,false,,,
59887351,KR-102599447-B1,KR,20180828,H04N21/4753,true,false,,,
59887351,KR-102599447-B1,KR,20180828,H04N21/812,true,false,,,
59887351,KR-102599447-B1,KR,20180828,H04N21/812,true,false,,,
59887351,KR-20200044929-A,KR,20170829,G06F21/32,true,false,,HOME CONTROL SINGAPORE PTE LTD,SG
59887351,KR-20200044929-A,KR,20170829,G06F21/32,true,false,,HOME CONTROL SINGAPORE PTE LTD,SG
59887351,KR-20200044929-A,KR,20170829,G06F21/32,true,true,,HOME CONTROL SINGAPORE PTE LTD,SG
59887351,KR-20200044929-A,KR,20170829,G06F3/021,true,true,,HOME CONTROL SINGAPORE PTE LTD,SG
59887351,KR-20200044929-A,KR,20170829,G06F3/021,true,true,,HOME CONTROL SINGAPORE PTE LTD,SG
59887351,KR-20200044929-A,KR,20170829,G06F3/021,true,true,,HOME CONTROL SINGAPORE PTE LTD,SG
59887351,KR-20200044929-A,KR,20170829,G06F3/021,true,false,,HOME CONTROL SINGAPORE PTE LTD,SG
59887351,KR-20200044929-A,KR,20170829,G06F3/0234,true,false,,HOME CONTROL SINGAPORE PTE LTD,SG
59887351,KR-20200044929-A,KR,20170829,G06F3/0234,true,false,,HOME CONTROL SINGAPORE PTE LTD,SG
59887351,KR-20200044929-A,KR,20170829,G06F3/0234,true,false,,HOME CONTROL SINGAPORE PTE LTD,SG
59887351,KR-20200044929-A,KR,20170829,G06V40/1335,true,false,ai,HOME CONTROL SINGAPORE PTE LTD,SG
59887351,KR-20200044929-A,KR,20170829,G06V40/1353,true,false,ai,HOME CONTROL SINGAPORE PTE LTD,SG
59887351,KR-20200044929-A,KR,20170829,G06V40/1371,true,false,ai,HOME CONTROL SINGAPORE PTE LTD,SG
59887351,KR-20200044929-A,KR,20170829,G06V40/50,true,false,ai,HOME CONTROL SINGAPORE PTE LTD,SG
59887351,KR-20200044929-A,KR,20170829,H04N21/4126,true,false,,HOME CONTROL SINGAPORE PTE LTD,SG
59887351,KR-20200044929-A,KR,20170829,H04N21/41265,true,false,,HOME CONTROL SINGAPORE PTE LTD,SG
59887351,KR-20200044929-A,KR,20170829,H04N21/41265,true,false,,HOME CONTROL SINGAPORE PTE LTD,SG
59887351,KR-20200044929-A,KR,20170829,H04N21/41265,true,false,,HOME CONTROL SINGAPORE PTE LTD,SG
59887351,KR-20200044929-A,KR,20170829,H04N21/42207,true,false,,HOME CONTROL SINGAPORE PTE LTD,SG
59887351,KR-20200044929-A,KR,20170829,H04N21/42222,true,false,,HOME CONTROL SINGAPORE PTE LTD,SG
59887351,KR-20200044929-A,KR,20170829,H04N21/42222,true,false,,HOME CONTROL SINGAPORE PTE LTD,SG
59887351,KR-20200044929-A,KR,20170829,H04N21/42222,true,false,,HOME CONTROL SINGAPORE PTE LTD,SG
59887351,KR-20200044929-A,KR,20170829,H04N21/42224,false,false,,HOME CONTROL SINGAPORE PTE LTD,SG
59887351,KR-20200044929-A,KR,20170829,H04N21/42224,true,false,,HOME CONTROL SINGAPORE PTE LTD,SG
59887351,KR-20200044929-A,KR,20170829,H04N21/42224,true,false,,HOME CONTROL SINGAPORE PTE LTD,SG
59887351,KR-20200044929-A,KR,20170829,H04N21/4415,true,false,,HOME CONTROL SINGAPORE PTE LTD,SG
59887351,KR-20200044929-A,KR,20170829,H04N21/4415,true,false,,HOME CONTROL SINGAPORE PTE LTD,SG
59887351,KR-20200044929-A,KR,20170829,H04N21/4415,true,false,,HOME CONTROL SINGAPORE PTE LTD,SG
59887351,KR-20200044929-A,KR,20170829,H04N21/4415,true,false,,HOME CONTROL SINGAPORE PTE LTD,SG
59887351,KR-20200044929-A,KR,20170829,H04N21/4532,true,false,,HOME CONTROL SINGAPORE PTE LTD,SG
59887351,KR-20200044929-A,KR,20170829,H04N21/4532,true,false,,HOME CONTROL SINGAPORE PTE LTD,SG
59887351,KR-20200044929-A,KR,20170829,H04N21/4753,true,false,,HOME CONTROL SINGAPORE PTE LTD,SG
59887351,KR-20200044929-A,KR,20170829,H04N21/4753,true,false,,HOME CONTROL SINGAPORE PTE LTD,SG
59887351,KR-20200044929-A,KR,20170829,H04N21/812,true,false,,HOME CONTROL SINGAPORE PTE LTD,SG
59887351,KR-20200044929-A,KR,20170829,H04N21/812,true,false,,HOME CONTROL SINGAPORE PTE LTD,SG
59887351,KR-20200046086-A,KR,20180828,G06F21/32,true,false,,HOME CONTROL SINGAPORE PTE LTD,SG
59887351,KR-20200046086-A,KR,20180828,G06F21/32,true,true,,HOME CONTROL SINGAPORE PTE LTD,SG
59887351,KR-20200046086-A,KR,20180828,G06F21/32,true,true,,HOME CONTROL SINGAPORE PTE LTD,SG
59887351,KR-20200046086-A,KR,20180828,G06F3/021,true,true,,HOME CONTROL SINGAPORE PTE LTD,SG
59887351,KR-20200046086-A,KR,20180828,G06F3/021,true,false,,HOME CONTROL SINGAPORE PTE LTD,SG
59887351,KR-20200046086-A,KR,20180828,G06F3/021,true,true,,HOME CONTROL SINGAPORE PTE LTD,SG
59887351,KR-20200046086-A,KR,20180828,G06F3/021,true,false,,HOME CONTROL SINGAPORE PTE LTD,SG
59887351,KR-20200046086-A,KR,20180828,G06F3/0234,true,false,,HOME CONTROL SINGAPORE PTE LTD,SG
59887351,KR-20200046086-A,KR,20180828,G06F3/0234,true,false,,HOME CONTROL SINGAPORE PTE LTD,SG
59887351,KR-20200046086-A,KR,20180828,G06V40/1335,true,false,ai,HOME CONTROL SINGAPORE PTE LTD,SG
59887351,KR-20200046086-A,KR,20180828,G06V40/1353,true,false,ai,HOME CONTROL SINGAPORE PTE LTD,SG
59887351,KR-20200046086-A,KR,20180828,G06V40/1371,true,false,ai,HOME CONTROL SINGAPORE PTE LTD,SG
59887351,KR-20200046086-A,KR,20180828,G06V40/50,true,false,ai,HOME CONTROL SINGAPORE PTE LTD,SG
59887351,KR-20200046086-A,KR,20180828,H04N21/4126,true,false,,HOME CONTROL SINGAPORE PTE LTD,SG
59887351,KR-20200046086-A,KR,20180828,H04N21/41265,true,false,,HOME CONTROL SINGAPORE PTE LTD,SG
59887351,KR-20200046086-A,KR,20180828,H04N21/41265,true,false,,HOME CONTROL SINGAPORE PTE LTD,SG
59887351,KR-20200046086-A,KR,20180828,H04N21/41265,true,false,,HOME CONTROL SINGAPORE PTE LTD,SG
59887351,KR-20200046086-A,KR,20180828,H04N21/42207,true,false,,HOME CONTROL SINGAPORE PTE LTD,SG
59887351,KR-20200046086-A,KR,20180828,H04N21/42222,true,false,,HOME CONTROL SINGAPORE PTE LTD,SG
59887351,KR-20200046086-A,KR,20180828,H04N21/42222,true,false,,HOME CONTROL SINGAPORE PTE LTD,SG
59887351,KR-20200046086-A,KR,20180828,H04N21/42224,false,false,,HOME CONTROL SINGAPORE PTE LTD,SG
59887351,KR-20200046086-A,KR,20180828,H04N21/42224,true,false,,HOME CONTROL SINGAPORE PTE LTD,SG
59887351,KR-20200046086-A,KR,20180828,H04N21/4415,true,false,,HOME CONTROL SINGAPORE PTE LTD,SG
59887351,KR-20200046086-A,KR,20180828,H04N21/4415,true,false,,HOME CONTROL SINGAPORE PTE LTD,SG
59887351,KR-20200046086-A,KR,20180828,H04N21/4415,true,false,,HOME CONTROL SINGAPORE PTE LTD,SG
59887351,KR-20200046086-A,KR,20180828,H04N21/4532,true,false,,HOME CONTROL SINGAPORE PTE LTD,SG
59887351,KR-20200046086-A,KR,20180828,H04N21/4532,true,false,,HOME CONTROL SINGAPORE PTE LTD,SG
59887351,KR-20200046086-A,KR,20180828,H04N21/4753,true,false,,HOME CONTROL SINGAPORE PTE LTD,SG
59887351,KR-20200046086-A,KR,20180828,H04N21/4753,true,false,,HOME CONTROL SINGAPORE PTE LTD,SG
59887351,KR-20200046086-A,KR,20180828,H04N21/812,true,false,,HOME CONTROL SINGAPORE PTE LTD,SG
59887351,KR-20200046086-A,KR,20180828,H04N21/812,true,false,,HOME CONTROL SINGAPORE PTE LTD,SG
59887351,TW-201921275-A,TW,20180823,G06F21/32,true,false,,HOME CONTROL SINGAPORE PTE LTD,SG
59887351,TW-201921275-A,TW,20180823,G06F21/32,true,true,,HOME CONTROL SINGAPORE PTE LTD,SG
59887351,TW-201921275-A,TW,20180823,G06F3/021,true,true,,HOME CONTROL SINGAPORE PTE LTD,SG
59887351,TW-201921275-A,TW,20180823,G06F3/021,true,true,,HOME CONTROL SINGAPORE PTE LTD,SG
59887351,TW-201921275-A,TW,20180823,G06F3/021,true,false,,HOME CONTROL SINGAPORE PTE LTD,SG
59887351,TW-201921275-A,TW,20180823,G06F3/0234,true,false,,HOME CONTROL SINGAPORE PTE LTD,SG
59887351,TW-201921275-A,TW,20180823,G06F3/0234,true,false,,HOME CONTROL SINGAPORE PTE LTD,SG
59887351,TW-201921275-A,TW,20180823,G06V40/1335,true,false,ai,HOME CONTROL SINGAPORE PTE LTD,SG
59887351,TW-201921275-A,TW,20180823,G06V40/1353,true,false,ai,HOME CONTROL SINGAPORE PTE LTD,SG
59887351,TW-201921275-A,TW,20180823,G06V40/1371,true,false,ai,HOME CONTROL SINGAPORE PTE LTD,SG
59887351,TW-201921275-A,TW,20180823,G06V40/50,true,false,ai,HOME CONTROL SINGAPORE PTE LTD,SG
59887351,TW-201921275-A,TW,20180823,H04N21/41265,true,false,,HOME CONTROL SINGAPORE PTE LTD,SG
59887351,TW-201921275-A,TW,20180823,H04N21/41265,true,false,,HOME CONTROL SINGAPORE PTE LTD,SG
59887351,TW-201921275-A,TW,20180823,H04N21/41265,true,false,,HOME CONTROL SINGAPORE PTE LTD,SG
59887351,TW-201921275-A,TW,20180823,H04N21/42222,true,false,,HOME CONTROL SINGAPORE PTE LTD,SG
59887351,TW-201921275-A,TW,20180823,H04N21/42222,true,false,,HOME CONTROL SINGAPORE PTE LTD,SG
59887351,TW-201921275-A,TW,20180823,H04N21/42224,false,false,,HOME CONTROL SINGAPORE PTE LTD,SG
59887351,TW-201921275-A,TW,20180823,H04N21/42224,true,false,,HOME CONTROL SINGAPORE PTE LTD,SG
59887351,TW-201921275-A,TW,20180823,H04N21/4415,true,false,,HOME CONTROL SINGAPORE PTE LTD,SG
59887351,TW-201921275-A,TW,20180823,H04N21/4415,true,false,,HOME CONTROL SINGAPORE PTE LTD,SG
59887351,TW-201921275-A,TW,20180823,H04N21/4415,true,false,,HOME CONTROL SINGAPORE PTE LTD,SG
59887351,TW-201921275-A,TW,20180823,H04N21/4532,true,false,,HOME CONTROL SINGAPORE PTE LTD,SG
59887351,TW-201921275-A,TW,20180823,H04N21/4532,true,false,,HOME CONTROL SINGAPORE PTE LTD,SG
59887351,TW-201921275-A,TW,20180823,H04N21/4753,true,false,,HOME CONTROL SINGAPORE PTE LTD,SG
59887351,TW-201921275-A,TW,20180823,H04N21/4753,true,false,,HOME CONTROL SINGAPORE PTE LTD,SG
59887351,TW-201921275-A,TW,20180823,H04N21/812,true,false,,HOME CONTROL SINGAPORE PTE LTD,SG
59887351,TW-201921275-A,TW,20180823,H04N21/812,true,false,,HOME CONTROL SINGAPORE PTE LTD,SG
59887351,TW-201921278-A,TW,20180829,G06F21/32,true,false,,HOME CONTROL SINGAPORE PTE LTD,SG
59887351,TW-201921278-A,TW,20180829,G06F21/32,true,true,,HOME CONTROL SINGAPORE PTE LTD,SG
59887351,TW-201921278-A,TW,20180829,G06F3/021,true,true,,HOME CONTROL SINGAPORE PTE LTD,SG
59887351,TW-201921278-A,TW,20180829,G06F3/021,true,true,,HOME CONTROL SINGAPORE PTE LTD,SG
59887351,TW-201921278-A,TW,20180829,G06F3/021,true,false,,HOME CONTROL SINGAPORE PTE LTD,SG
59887351,TW-201921278-A,TW,20180829,G06F3/0234,true,false,,HOME CONTROL SINGAPORE PTE LTD,SG
59887351,TW-201921278-A,TW,20180829,G06F3/0234,true,false,,HOME CONTROL SINGAPORE PTE LTD,SG
59887351,TW-201921278-A,TW,20180829,G06V40/1335,true,false,ai,HOME CONTROL SINGAPORE PTE LTD,SG
59887351,TW-201921278-A,TW,20180829,G06V40/1353,true,false,ai,HOME CONTROL SINGAPORE PTE LTD,SG
59887351,TW-201921278-A,TW,20180829,G06V40/1371,true,false,ai,HOME CONTROL SINGAPORE PTE LTD,SG
59887351,TW-201921278-A,TW,20180829,G06V40/50,true,false,ai,HOME CONTROL SINGAPORE PTE LTD,SG
59887351,TW-201921278-A,TW,20180829,H04N21/41265,true,false,,HOME CONTROL SINGAPORE PTE LTD,SG
59887351,TW-201921278-A,TW,20180829,H04N21/41265,true,false,,HOME CONTROL SINGAPORE PTE LTD,SG
59887351,TW-201921278-A,TW,20180829,H04N21/41265,true,false,,HOME CONTROL SINGAPORE PTE LTD,SG
59887351,TW-201921278-A,TW,20180829,H04N21/42222,true,false,,HOME CONTROL SINGAPORE PTE LTD,SG
59887351,TW-201921278-A,TW,20180829,H04N21/42222,true,false,,HOME CONTROL SINGAPORE PTE LTD,SG
59887351,TW-201921278-A,TW,20180829,H04N21/42224,false,false,,HOME CONTROL SINGAPORE PTE LTD,SG
59887351,TW-201921278-A,TW,20180829,H04N21/42224,true,false,,HOME CONTROL SINGAPORE PTE LTD,SG
59887351,TW-201921278-A,TW,20180829,H04N21/4415,true,false,,HOME CONTROL SINGAPORE PTE LTD,SG
59887351,TW-201921278-A,TW,20180829,H04N21/4415,true,false,,HOME CONTROL SINGAPORE PTE LTD,SG
59887351,TW-201921278-A,TW,20180829,H04N21/4415,true,false,,HOME CONTROL SINGAPORE PTE LTD,SG
59887351,TW-201921278-A,TW,20180829,H04N21/4532,true,false,,HOME CONTROL SINGAPORE PTE LTD,SG
59887351,TW-201921278-A,TW,20180829,H04N21/4532,true,false,,HOME CONTROL SINGAPORE PTE LTD,SG
59887351,TW-201921278-A,TW,20180829,H04N21/4753,true,false,,HOME CONTROL SINGAPORE PTE LTD,SG
59887351,TW-201921278-A,TW,20180829,H04N21/4753,true,false,,HOME CONTROL SINGAPORE PTE LTD,SG
59887351,TW-201921278-A,TW,20180829,H04N21/812,true,false,,HOME CONTROL SINGAPORE PTE LTD,SG
59887351,TW-201921278-A,TW,20180829,H04N21/812,true,false,,HOME CONTROL SINGAPORE PTE LTD,SG
59887351,TW-I784043-B,TW,20180823,G06F21/32,true,true,,HOME CONTROL SINGAPORE PTE LTD,SG
59887351,TW-I784043-B,TW,20180823,G06F21/32,true,false,,HOME CONTROL SINGAPORE PTE LTD,SG
59887351,TW-I784043-B,TW,20180823,G06F3/021,true,false,,HOME CONTROL SINGAPORE PTE LTD,SG
59887351,TW-I784043-B,TW,20180823,G06F3/021,true,true,,HOME CONTROL SINGAPORE PTE LTD,SG
59887351,TW-I784043-B,TW,20180823,G06F3/021,true,true,,HOME CONTROL SINGAPORE PTE LTD,SG
59887351,TW-I784043-B,TW,20180823,G06F3/0234,true,false,,HOME CONTROL SINGAPORE PTE LTD,SG
59887351,TW-I784043-B,TW,20180823,G06F3/0234,true,false,,HOME CONTROL SINGAPORE PTE LTD,SG
59887351,TW-I784043-B,TW,20180823,G06V40/1335,true,false,ai,HOME CONTROL SINGAPORE PTE LTD,SG
59887351,TW-I784043-B,TW,20180823,G06V40/1353,true,false,ai,HOME CONTROL SINGAPORE PTE LTD,SG
59887351,TW-I784043-B,TW,20180823,G06V40/1371,true,false,ai,HOME CONTROL SINGAPORE PTE LTD,SG
59887351,TW-I784043-B,TW,20180823,G06V40/50,true,false,ai,HOME CONTROL SINGAPORE PTE LTD,SG
59887351,TW-I784043-B,TW,20180823,H04N21/41265,true,false,,HOME CONTROL SINGAPORE PTE LTD,SG
59887351,TW-I784043-B,TW,20180823,H04N21/41265,true,false,,HOME CONTROL SINGAPORE PTE LTD,SG
59887351,TW-I784043-B,TW,20180823,H04N21/41265,true,false,,HOME CONTROL SINGAPORE PTE LTD,SG
59887351,TW-I784043-B,TW,20180823,H04N21/42222,true,false,,HOME CONTROL SINGAPORE PTE LTD,SG
59887351,TW-I784043-B,TW,20180823,H04N21/42222,true,false,,HOME CONTROL SINGAPORE PTE LTD,SG
59887351,TW-I784043-B,TW,20180823,H04N21/42224,false,false,,HOME CONTROL SINGAPORE PTE LTD,SG
59887351,TW-I784043-B,TW,20180823,H04N21/42224,true,false,,HOME CONTROL SINGAPORE PTE LTD,SG
59887351,TW-I784043-B,TW,20180823,H04N21/4415,true,false,,HOME CONTROL SINGAPORE PTE LTD,SG
59887351,TW-I784043-B,TW,20180823,H04N21/4415,true,false,,HOME CONTROL SINGAPORE PTE LTD,SG
59887351,TW-I784043-B,TW,20180823,H04N21/4415,true,false,,HOME CONTROL SINGAPORE PTE LTD,SG
59887351,TW-I784043-B,TW,20180823,H04N21/4532,true,false,,HOME CONTROL SINGAPORE PTE LTD,SG
59887351,TW-I784043-B,TW,20180823,H04N21/4532,true,false,,HOME CONTROL SINGAPORE PTE LTD,SG
59887351,TW-I784043-B,TW,20180823,H04N21/4753,true,false,,HOME CONTROL SINGAPORE PTE LTD,SG
59887351,TW-I784043-B,TW,20180823,H04N21/4753,true,false,,HOME CONTROL SINGAPORE PTE LTD,SG
59887351,TW-I784043-B,TW,20180823,H04N21/812,true,false,,HOME CONTROL SINGAPORE PTE LTD,SG
59887351,TW-I784043-B,TW,20180823,H04N21/812,true,false,,HOME CONTROL SINGAPORE PTE LTD,SG
59887351,TW-I814737-B,TW,20180829,G06F21/32,true,true,,HOME CONTROL SINGAPORE PTE LTD,SG
59887351,TW-I814737-B,TW,20180829,G06F21/32,true,false,,HOME CONTROL SINGAPORE PTE LTD,SG
59887351,TW-I814737-B,TW,20180829,G06F3/021,true,true,,HOME CONTROL SINGAPORE PTE LTD,SG
59887351,TW-I814737-B,TW,20180829,G06F3/021,true,true,,HOME CONTROL SINGAPORE PTE LTD,SG
59887351,TW-I814737-B,TW,20180829,G06F3/021,true,false,,HOME CONTROL SINGAPORE PTE LTD,SG
59887351,TW-I814737-B,TW,20180829,G06F3/0234,true,false,,HOME CONTROL SINGAPORE PTE LTD,SG
59887351,TW-I814737-B,TW,20180829,G06F3/0234,true,false,,HOME CONTROL SINGAPORE PTE LTD,SG
59887351,TW-I814737-B,TW,20180829,G06V40/1335,true,false,ai,HOME CONTROL SINGAPORE PTE LTD,SG
59887351,TW-I814737-B,TW,20180829,G06V40/1353,true,false,ai,HOME CONTROL SINGAPORE PTE LTD,SG
59887351,TW-I814737-B,TW,20180829,G06V40/1371,true,false,ai,HOME CONTROL SINGAPORE PTE LTD,SG
59887351,TW-I814737-B,TW,20180829,G06V40/50,true,false,ai,HOME CONTROL SINGAPORE PTE LTD,SG
59887351,TW-I814737-B,TW,20180829,H04N21/41265,true,false,,HOME CONTROL SINGAPORE PTE LTD,SG
59887351,TW-I814737-B,TW,20180829,H04N21/41265,true,false,,HOME CONTROL SINGAPORE PTE LTD,SG
59887351,TW-I814737-B,TW,20180829,H04N21/41265,true,false,,HOME CONTROL SINGAPORE PTE LTD,SG
59887351,TW-I814737-B,TW,20180829,H04N21/42222,true,false,,HOME CONTROL SINGAPORE PTE LTD,SG
59887351,TW-I814737-B,TW,20180829,H04N21/42222,true,false,,HOME CONTROL SINGAPORE PTE LTD,SG
59887351,TW-I814737-B,TW,20180829,H04N21/42224,false,false,,HOME CONTROL SINGAPORE PTE LTD,SG
59887351,TW-I814737-B,TW,20180829,H04N21/42224,true,false,,HOME CONTROL SINGAPORE PTE LTD,SG
59887351,TW-I814737-B,TW,20180829,H04N21/4415,true,false,,HOME CONTROL SINGAPORE PTE LTD,SG
59887351,TW-I814737-B,TW,20180829,H04N21/4415,true,false,,HOME CONTROL SINGAPORE PTE LTD,SG
59887351,TW-I814737-B,TW,20180829,H04N21/4415,true,false,,HOME CONTROL SINGAPORE PTE LTD,SG
59887351,TW-I814737-B,TW,20180829,H04N21/4532,true,false,,HOME CONTROL SINGAPORE PTE LTD,SG
59887351,TW-I814737-B,TW,20180829,H04N21/4532,true,false,,HOME CONTROL SINGAPORE PTE LTD,SG
59887351,TW-I814737-B,TW,20180829,H04N21/4753,true,false,,HOME CONTROL SINGAPORE PTE LTD,SG
59887351,TW-I814737-B,TW,20180829,H04N21/4753,true,false,,HOME CONTROL SINGAPORE PTE LTD,SG
59887351,TW-I814737-B,TW,20180829,H04N21/812,true,false,,HOME CONTROL SINGAPORE PTE LTD,SG
59887351,TW-I814737-B,TW,20180829,H04N21/812,true,false,,HOME CONTROL SINGAPORE PTE LTD,SG
59887351,US-11803250-B2,US,20180828,G06F21/32,true,true,,HOME CONTROL SINGAPORE PTE LTD,SG
59887351,US-11803250-B2,US,20180828,G06F21/32,true,false,,HOME CONTROL SINGAPORE PTE LTD,SG
59887351,US-11803250-B2,US,20180828,G06F3/021,true,true,,HOME CONTROL SINGAPORE PTE LTD,SG
59887351,US-11803250-B2,US,20180828,G06F3/021,true,true,,HOME CONTROL SINGAPORE PTE LTD,SG
59887351,US-11803250-B2,US,20180828,G06F3/021,true,true,,HOME CONTROL SINGAPORE PTE LTD,SG
59887351,US-11803250-B2,US,20180828,G06F3/021,true,false,,HOME CONTROL SINGAPORE PTE LTD,SG
59887351,US-11803250-B2,US,20180828,G06F3/0234,true,false,,HOME CONTROL SINGAPORE PTE LTD,SG
59887351,US-11803250-B2,US,20180828,G06F3/0234,true,false,,HOME CONTROL SINGAPORE PTE LTD,SG
59887351,US-11803250-B2,US,20180828,G06V40/1335,true,false,ai,HOME CONTROL SINGAPORE PTE LTD,SG
59887351,US-11803250-B2,US,20180828,G06V40/1335,true,false,ai,HOME CONTROL SINGAPORE PTE LTD,SG
59887351,US-11803250-B2,US,20180828,G06V40/1353,true,false,ai,HOME CONTROL SINGAPORE PTE LTD,SG
59887351,US-11803250-B2,US,20180828,G06V40/1353,true,false,ai,HOME CONTROL SINGAPORE PTE LTD,SG
59887351,US-11803250-B2,US,20180828,G06V40/1371,true,false,ai,HOME CONTROL SINGAPORE PTE LTD,SG
59887351,US-11803250-B2,US,20180828,G06V40/1371,true,false,ai,HOME CONTROL SINGAPORE PTE LTD,SG
59887351,US-11803250-B2,US,20180828,G06V40/50,true,false,ai,HOME CONTROL SINGAPORE PTE LTD,SG
59887351,US-11803250-B2,US,20180828,G06V40/50,true,false,ai,HOME CONTROL SINGAPORE PTE LTD,SG
59887351,US-11803250-B2,US,20180828,H04N21/41265,true,false,,HOME CONTROL SINGAPORE PTE LTD,SG
59887351,US-11803250-B2,US,20180828,H04N21/41265,true,false,,HOME CONTROL SINGAPORE PTE LTD,SG
59887351,US-11803250-B2,US,20180828,H04N21/41265,true,false,,HOME CONTROL SINGAPORE PTE LTD,SG
59887351,US-11803250-B2,US,20180828,H04N21/41265,true,false,,HOME CONTROL SINGAPORE PTE LTD,SG
59887351,US-11803250-B2,US,20180828,H04N21/42222,true,false,,HOME CONTROL SINGAPORE PTE LTD,SG
59887351,US-11803250-B2,US,20180828,H04N21/42222,true,false,,HOME CONTROL SINGAPORE PTE LTD,SG
59887351,US-11803250-B2,US,20180828,H04N21/42224,false,false,,HOME CONTROL SINGAPORE PTE LTD,SG
59887351,US-11803250-B2,US,20180828,H04N21/42224,true,false,,HOME CONTROL SINGAPORE PTE LTD,SG
59887351,US-11803250-B2,US,20180828,H04N21/4415,true,false,,HOME CONTROL SINGAPORE PTE LTD,SG
59887351,US-11803250-B2,US,20180828,H04N21/4415,true,false,,HOME CONTROL SINGAPORE PTE LTD,SG
59887351,US-11803250-B2,US,20180828,H04N21/4415,true,false,,HOME CONTROL SINGAPORE PTE LTD,SG
59887351,US-11803250-B2,US,20180828,H04N21/4415,true,false,,HOME CONTROL SINGAPORE PTE LTD,SG
59887351,US-11803250-B2,US,20180828,H04N21/4532,true,false,,HOME CONTROL SINGAPORE PTE LTD,SG
59887351,US-11803250-B2,US,20180828,H04N21/4532,true,false,,HOME CONTROL SINGAPORE PTE LTD,SG
59887351,US-11803250-B2,US,20180828,H04N21/4532,true,false,,HOME CONTROL SINGAPORE PTE LTD,SG
59887351,US-11803250-B2,US,20180828,H04N21/4753,true,false,,HOME CONTROL SINGAPORE PTE LTD,SG
59887351,US-11803250-B2,US,20180828,H04N21/4753,true,false,,HOME CONTROL SINGAPORE PTE LTD,SG
59887351,US-11803250-B2,US,20180828,H04N21/4753,true,false,,HOME CONTROL SINGAPORE PTE LTD,SG
59887351,US-11803250-B2,US,20180828,H04N21/812,true,false,,HOME CONTROL SINGAPORE PTE LTD,SG
59887351,US-11803250-B2,US,20180828,H04N21/812,true,false,,HOME CONTROL SINGAPORE PTE LTD,SG
59887351,US-11803250-B2,US,20180828,H04N21/812,true,false,,HOME CONTROL SINGAPORE PTE LTD,SG
59887351,US-12182339-B2,US,20170829,G06F21/32,true,false,,HOME CONTROL SINGAPORE PTE LTD,SG
59887351,US-12182339-B2,US,20170829,G06F21/32,true,true,,HOME CONTROL SINGAPORE PTE LTD,SG
59887351,US-12182339-B2,US,20170829,G06F3/021,true,false,,HOME CONTROL SINGAPORE PTE LTD,SG
59887351,US-12182339-B2,US,20170829,G06F3/021,true,true,,HOME CONTROL SINGAPORE PTE LTD,SG
59887351,US-12182339-B2,US,20170829,G06F3/021,true,true,,HOME CONTROL SINGAPORE PTE LTD,SG
59887351,US-12182339-B2,US,20170829,G06F3/021,true,true,,HOME CONTROL SINGAPORE PTE LTD,SG
59887351,US-12182339-B2,US,20170829,G06F3/0234,true,false,,HOME CONTROL SINGAPORE PTE LTD,SG
59887351,US-12182339-B2,US,20170829,G06F3/0234,true,false,,HOME CONTROL SINGAPORE PTE LTD,SG
59887351,US-12182339-B2,US,20170829,G06V40/1335,true,false,ai,HOME CONTROL SINGAPORE PTE LTD,SG
59887351,US-12182339-B2,US,20170829,G06V40/1335,true,false,ai,HOME CONTROL SINGAPORE PTE LTD,SG
59887351,US-12182339-B2,US,20170829,G06V40/1353,true,false,ai,HOME CONTROL SINGAPORE PTE LTD,SG
59887351,US-12182339-B2,US,20170829,G06V40/1353,true,false,ai,HOME CONTROL SINGAPORE PTE LTD,SG
59887351,US-12182339-B2,US,20170829,G06V40/1371,true,false,ai,HOME CONTROL SINGAPORE PTE LTD,SG
59887351,US-12182339-B2,US,20170829,G06V40/1371,true,false,ai,HOME CONTROL SINGAPORE PTE LTD,SG
59887351,US-12182339-B2,US,20170829,G06V40/50,true,false,ai,HOME CONTROL SINGAPORE PTE LTD,SG
59887351,US-12182339-B2,US,20170829,G06V40/50,true,false,ai,HOME CONTROL SINGAPORE PTE LTD,SG
59887351,US-12182339-B2,US,20170829,H04N21/41265,true,false,,HOME CONTROL SINGAPORE PTE LTD,SG
59887351,US-12182339-B2,US,20170829,H04N21/41265,true,false,,HOME CONTROL SINGAPORE PTE LTD,SG
59887351,US-12182339-B2,US,20170829,H04N21/41265,true,false,,HOME CONTROL SINGAPORE PTE LTD,SG
59887351,US-12182339-B2,US,20170829,H04N21/41265,true,false,,HOME CONTROL SINGAPORE PTE LTD,SG
59887351,US-12182339-B2,US,20170829,H04N21/42222,true,false,,HOME CONTROL SINGAPORE PTE LTD,SG
59887351,US-12182339-B2,US,20170829,H04N21/42222,true,false,,HOME CONTROL SINGAPORE PTE LTD,SG
59887351,US-12182339-B2,US,20170829,H04N21/42224,true,false,,HOME CONTROL SINGAPORE PTE LTD,SG
59887351,US-12182339-B2,US,20170829,H04N21/42224,false,false,,HOME CONTROL SINGAPORE PTE LTD,SG
59887351,US-12182339-B2,US,20170829,H04N21/4415,true,false,,HOME CONTROL SINGAPORE PTE LTD,SG
59887351,US-12182339-B2,US,20170829,H04N21/4415,true,false,,HOME CONTROL SINGAPORE PTE LTD,SG
59887351,US-12182339-B2,US,20170829,H04N21/4415,true,false,,HOME CONTROL SINGAPORE PTE LTD,SG
59887351,US-12182339-B2,US,20170829,H04N21/4415,true,false,,HOME CONTROL SINGAPORE PTE LTD,SG
59887351,US-12182339-B2,US,20170829,H04N21/4532,true,false,,HOME CONTROL SINGAPORE PTE LTD,SG
59887351,US-12182339-B2,US,20170829,H04N21/4532,true,false,,HOME CONTROL SINGAPORE PTE LTD,SG
59887351,US-12182339-B2,US,20170829,H04N21/4532,true,false,,HOME CONTROL SINGAPORE PTE LTD,SG
59887351,US-12182339-B2,US,20170829,H04N21/4753,true,false,,HOME CONTROL SINGAPORE PTE LTD,SG
59887351,US-12182339-B2,US,20170829,H04N21/4753,true,false,,HOME CONTROL SINGAPORE PTE LTD,SG
59887351,US-12182339-B2,US,20170829,H04N21/4753,true,false,,HOME CONTROL SINGAPORE PTE LTD,SG
59887351,US-12182339-B2,US,20170829,H04N21/812,true,false,,HOME CONTROL SINGAPORE PTE LTD,SG
59887351,US-12182339-B2,US,20170829,H04N21/812,true,false,,HOME CONTROL SINGAPORE PTE LTD,SG
59887351,US-12182339-B2,US,20170829,H04N21/812,true,false,,HOME CONTROL SINGAPORE PTE LTD,SG
59887351,US-2020245014-A1,US,20170829,G06F21/32,true,true,,HOME CONTROL SINGAPORE PTE LTD,SG
59887351,US-2020245014-A1,US,20170829,G06F21/32,true,false,,HOME CONTROL SINGAPORE PTE LTD,SG
59887351,US-2020245014-A1,US,20170829,G06F3/021,true,true,,HOME CONTROL SINGAPORE PTE LTD,SG
59887351,US-2020245014-A1,US,20170829,G06F3/021,true,false,,HOME CONTROL SINGAPORE PTE LTD,SG
59887351,US-2020245014-A1,US,20170829,G06F3/021,true,true,,HOME CONTROL SINGAPORE PTE LTD,SG
59887351,US-2020245014-A1,US,20170829,G06F3/0234,true,false,,HOME CONTROL SINGAPORE PTE LTD,SG
59887351,US-2020245014-A1,US,20170829,G06F3/0234,true,false,,HOME CONTROL SINGAPORE PTE LTD,SG
59887351,US-2020245014-A1,US,20170829,G06K9/00013,true,false,,HOME CONTROL SINGAPORE PTE LTD,SG
59887351,US-2020245014-A1,US,20170829,G06V40/1335,true,false,ai,HOME CONTROL SINGAPORE PTE LTD,SG
59887351,US-2020245014-A1,US,20170829,G06V40/1353,true,false,ai,HOME CONTROL SINGAPORE PTE LTD,SG
59887351,US-2020245014-A1,US,20170829,G06V40/1371,true,false,ai,HOME CONTROL SINGAPORE PTE LTD,SG
59887351,US-2020245014-A1,US,20170829,G06V40/50,true,false,ai,HOME CONTROL SINGAPORE PTE LTD,SG
59887351,US-2020245014-A1,US,20170829,H04N21/4126,true,true,,HOME CONTROL SINGAPORE PTE LTD,SG
59887351,US-2020245014-A1,US,20170829,H04N21/41265,true,false,,HOME CONTROL SINGAPORE PTE LTD,SG
59887351,US-2020245014-A1,US,20170829,H04N21/41265,true,false,,HOME CONTROL SINGAPORE PTE LTD,SG
59887351,US-2020245014-A1,US,20170829,H04N21/41265,true,false,,HOME CONTROL SINGAPORE PTE LTD,SG
59887351,US-2020245014-A1,US,20170829,H04N21/42222,true,false,,HOME CONTROL SINGAPORE PTE LTD,SG
59887351,US-2020245014-A1,US,20170829,H04N21/42222,true,false,,HOME CONTROL SINGAPORE PTE LTD,SG
59887351,US-2020245014-A1,US,20170829,H04N21/42224,true,false,,HOME CONTROL SINGAPORE PTE LTD,SG
59887351,US-2020245014-A1,US,20170829,H04N21/42224,false,false,,HOME CONTROL SINGAPORE PTE LTD,SG
59887351,US-2020245014-A1,US,20170829,H04N21/4415,true,false,,HOME CONTROL SINGAPORE PTE LTD,SG
59887351,US-2020245014-A1,US,20170829,H04N21/4415,true,false,,HOME CONTROL SINGAPORE PTE LTD,SG
59887351,US-2020245014-A1,US,20170829,H04N21/4415,true,false,,HOME CONTROL SINGAPORE PTE LTD,SG
59887351,US-2020245014-A1,US,20170829,H04N21/4415,true,false,,HOME CONTROL SINGAPORE PTE LTD,SG
59887351,US-2020245014-A1,US,20170829,H04N21/4532,true,false,,HOME CONTROL SINGAPORE PTE LTD,SG
59887351,US-2020245014-A1,US,20170829,H04N21/4532,true,false,,HOME CONTROL SINGAPORE PTE LTD,SG
59887351,US-2020245014-A1,US,20170829,H04N21/4532,true,false,,HOME CONTROL SINGAPORE PTE LTD,SG
59887351,US-2020245014-A1,US,20170829,H04N21/4753,true,false,,HOME CONTROL SINGAPORE PTE LTD,SG
59887351,US-2020245014-A1,US,20170829,H04N21/4753,true,false,,HOME CONTROL SINGAPORE PTE LTD,SG
59887351,US-2020245014-A1,US,20170829,H04N21/812,true,false,,HOME CONTROL SINGAPORE PTE LTD,SG
59887351,US-2020245014-A1,US,20170829,H04N21/812,true,false,,HOME CONTROL SINGAPORE PTE LTD,SG
59887351,US-2020245014-A1,US,20170829,H04N21/812,true,false,,HOME CONTROL SINGAPORE PTE LTD,SG
59887351,US-2020257877-A1,US,20180828,G06F21/32,true,true,,HOME CONTROL SINGAPORE PTE LTD,SG
59887351,US-2020257877-A1,US,20180828,G06F21/32,true,false,,HOME CONTROL SINGAPORE PTE LTD,SG
59887351,US-2020257877-A1,US,20180828,G06F3/021,true,true,,HOME CONTROL SINGAPORE PTE LTD,SG
59887351,US-2020257877-A1,US,20180828,G06F3/021,true,false,,HOME CONTROL SINGAPORE PTE LTD,SG
59887351,US-2020257877-A1,US,20180828,G06F3/021,true,true,,HOME CONTROL SINGAPORE PTE LTD,SG
59887351,US-2020257877-A1,US,20180828,G06F3/0234,true,false,,HOME CONTROL SINGAPORE PTE LTD,SG
59887351,US-2020257877-A1,US,20180828,G06F3/0234,true,false,,HOME CONTROL SINGAPORE PTE LTD,SG
59887351,US-2020257877-A1,US,20180828,G06K9/00026,true,true,,HOME CONTROL SINGAPORE PTE LTD,SG
59887351,US-2020257877-A1,US,20180828,G06K9/00073,true,false,,HOME CONTROL SINGAPORE PTE LTD,SG
59887351,US-2020257877-A1,US,20180828,G06K9/00093,true,false,,HOME CONTROL SINGAPORE PTE LTD,SG
59887351,US-2020257877-A1,US,20180828,G06K9/00926,true,false,,HOME CONTROL SINGAPORE PTE LTD,SG
59887351,US-2020257877-A1,US,20180828,G06V40/1335,true,false,ai,HOME CONTROL SINGAPORE PTE LTD,SG
59887351,US-2020257877-A1,US,20180828,G06V40/1353,true,false,ai,HOME CONTROL SINGAPORE PTE LTD,SG
59887351,US-2020257877-A1,US,20180828,G06V40/1371,true,false,ai,HOME CONTROL SINGAPORE PTE LTD,SG
59887351,US-2020257877-A1,US,20180828,G06V40/50,true,false,ai,HOME CONTROL SINGAPORE PTE LTD,SG
59887351,US-2020257877-A1,US,20180828,H04N21/41265,true,false,,HOME CONTROL SINGAPORE PTE LTD,SG
59887351,US-2020257877-A1,US,20180828,H04N21/41265,true,false,,HOME CONTROL SINGAPORE PTE LTD,SG
59887351,US-2020257877-A1,US,20180828,H04N21/41265,true,false,,HOME CONTROL SINGAPORE PTE LTD,SG
59887351,US-2020257877-A1,US,20180828,H04N21/42222,true,false,,HOME CONTROL SINGAPORE PTE LTD,SG
59887351,US-2020257877-A1,US,20180828,H04N21/42222,true,false,,HOME CONTROL SINGAPORE PTE LTD,SG
59887351,US-2020257877-A1,US,20180828,H04N21/42224,true,false,,HOME CONTROL SINGAPORE PTE LTD,SG
59887351,US-2020257877-A1,US,20180828,H04N21/42224,false,false,,HOME CONTROL SINGAPORE PTE LTD,SG
59887351,US-2020257877-A1,US,20180828,H04N21/4415,true,false,,HOME CONTROL SINGAPORE PTE LTD,SG
59887351,US-2020257877-A1,US,20180828,H04N21/4415,true,false,,HOME CONTROL SINGAPORE PTE LTD,SG
59887351,US-2020257877-A1,US,20180828,H04N21/4415,true,false,,HOME CONTROL SINGAPORE PTE LTD,SG
59887351,US-2020257877-A1,US,20180828,H04N21/4415,true,false,,HOME CONTROL SINGAPORE PTE LTD,SG
59887351,US-2020257877-A1,US,20180828,H04N21/4532,true,false,,HOME CONTROL SINGAPORE PTE LTD,SG
59887351,US-2020257877-A1,US,20180828,H04N21/4532,true,false,,HOME CONTROL SINGAPORE PTE LTD,SG
59887351,US-2020257877-A1,US,20180828,H04N21/4532,true,false,,HOME CONTROL SINGAPORE PTE LTD,SG
59887351,US-2020257877-A1,US,20180828,H04N21/4753,true,false,,HOME CONTROL SINGAPORE PTE LTD,SG
59887351,US-2020257877-A1,US,20180828,H04N21/4753,true,false,,HOME CONTROL SINGAPORE PTE LTD,SG
59887351,US-2020257877-A1,US,20180828,H04N21/4753,true,false,,HOME CONTROL SINGAPORE PTE LTD,SG
59887351,US-2020257877-A1,US,20180828,H04N21/812,true,false,,HOME CONTROL SINGAPORE PTE LTD,SG
59887351,US-2020257877-A1,US,20180828,H04N21/812,true,false,,HOME CONTROL SINGAPORE PTE LTD,SG
59887351,WO-2019045639-A1,WO,20170829,G06F21/32,true,false,,HOME CONTROL SINGAPORE PTE LTD,SG
59887351,WO-2019045639-A1,WO,20170829,G06F21/32,true,true,,HOME CONTROL SINGAPORE PTE LTD,SG
59887351,WO-2019045639-A1,WO,20170829,G06F3/021,true,true,,HOME CONTROL SINGAPORE PTE LTD,SG
59887351,WO-2019045639-A1,WO,20170829,G06F3/021,true,true,,HOME CONTROL SINGAPORE PTE LTD,SG
59887351,WO-2019045639-A1,WO,20170829,G06F3/021,true,false,,HOME CONTROL SINGAPORE PTE LTD,SG
59887351,WO-2019045639-A1,WO,20170829,G06F3/0234,true,false,,HOME CONTROL SINGAPORE PTE LTD,SG
59887351,WO-2019045639-A1,WO,20170829,G06F3/0234,true,false,,HOME CONTROL SINGAPORE PTE LTD,SG
59887351,WO-2019045639-A1,WO,20170829,G06V40/1335,true,false,ai,HOME CONTROL SINGAPORE PTE LTD,SG
59887351,WO-2019045639-A1,WO,20170829,G06V40/1353,true,false,ai,HOME CONTROL SINGAPORE PTE LTD,SG
59887351,WO-2019045639-A1,WO,20170829,G06V40/1371,true,false,ai,HOME CONTROL SINGAPORE PTE LTD,SG
59887351,WO-2019045639-A1,WO,20170829,G06V40/50,true,false,ai,HOME CONTROL SINGAPORE PTE LTD,SG
59887351,WO-2019045639-A1,WO,20170829,H04N21/41265,true,false,,HOME CONTROL SINGAPORE PTE LTD,SG
59887351,WO-2019045639-A1,WO,20170829,H04N21/41265,true,false,,HOME CONTROL SINGAPORE PTE LTD,SG
59887351,WO-2019045639-A1,WO,20170829,H04N21/41265,true,false,,HOME CONTROL SINGAPORE PTE LTD,SG
59887351,WO-2019045639-A1,WO,20170829,H04N21/42222,true,false,,HOME CONTROL SINGAPORE PTE LTD,SG
59887351,WO-2019045639-A1,WO,20170829,H04N21/42222,true,false,,HOME CONTROL SINGAPORE PTE LTD,SG
59887351,WO-2019045639-A1,WO,20170829,H04N21/42224,false,false,,HOME CONTROL SINGAPORE PTE LTD,SG
59887351,WO-2019045639-A1,WO,20170829,H04N21/42224,true,false,,HOME CONTROL SINGAPORE PTE LTD,SG
59887351,WO-2019045639-A1,WO,20170829,H04N21/4415,true,false,,HOME CONTROL SINGAPORE PTE LTD,SG
59887351,WO-2019045639-A1,WO,20170829,H04N21/4415,true,false,,HOME CONTROL SINGAPORE PTE LTD,SG
59887351,WO-2019045639-A1,WO,20170829,H04N21/4415,true,false,,HOME CONTROL SINGAPORE PTE LTD,SG
59887351,WO-2019045639-A1,WO,20170829,H04N21/4532,true,false,,HOME CONTROL SINGAPORE PTE LTD,SG
59887351,WO-2019045639-A1,WO,20170829,H04N21/4532,true,false,,HOME CONTROL SINGAPORE PTE LTD,SG
59887351,WO-2019045639-A1,WO,20170829,H04N21/4753,true,false,,HOME CONTROL SINGAPORE PTE LTD,SG
59887351,WO-2019045639-A1,WO,20170829,H04N21/4753,true,false,,HOME CONTROL SINGAPORE PTE LTD,SG
59887351,WO-2019045639-A1,WO,20170829,H04N21/812,true,false,,HOME CONTROL SINGAPORE PTE LTD,SG
59887351,WO-2019045639-A1,WO,20170829,H04N21/812,true,false,,HOME CONTROL SINGAPORE PTE LTD,SG
59887351,WO-2019045644-A1,WO,20180828,G06F21/32,true,false,,HOME CONTROL SINGAPORE PTE LTD,SG
59887351,WO-2019045644-A1,WO,20180828,G06F21/32,true,true,,HOME CONTROL SINGAPORE PTE LTD,SG
59887351,WO-2019045644-A1,WO,20180828,G06F3/021,true,true,,HOME CONTROL SINGAPORE PTE LTD,SG
59887351,WO-2019045644-A1,WO,20180828,G06F3/021,true,true,,HOME CONTROL SINGAPORE PTE LTD,SG
59887351,WO-2019045644-A1,WO,20180828,G06F3/021,true,false,,HOME CONTROL SINGAPORE PTE LTD,SG
59887351,WO-2019045644-A1,WO,20180828,G06F3/0234,true,false,,HOME CONTROL SINGAPORE PTE LTD,SG
59887351,WO-2019045644-A1,WO,20180828,G06F3/0234,true,false,,HOME CONTROL SINGAPORE PTE LTD,SG
59887351,WO-2019045644-A1,WO,20180828,G06V40/1335,true,false,ai,HOME CONTROL SINGAPORE PTE LTD,SG
59887351,WO-2019045644-A1,WO,20180828,G06V40/1353,true,false,ai,HOME CONTROL SINGAPORE PTE LTD,SG
59887351,WO-2019045644-A1,WO,20180828,G06V40/1371,true,false,ai,HOME CONTROL SINGAPORE PTE LTD,SG
59887351,WO-2019045644-A1,WO,20180828,G06V40/50,true,false,ai,HOME CONTROL SINGAPORE PTE LTD,SG
59887351,WO-2019045644-A1,WO,20180828,H04N21/41265,true,false,,HOME CONTROL SINGAPORE PTE LTD,SG
59887351,WO-2019045644-A1,WO,20180828,H04N21/41265,true,false,,HOME CONTROL SINGAPORE PTE LTD,SG
59887351,WO-2019045644-A1,WO,20180828,H04N21/41265,true,false,,HOME CONTROL SINGAPORE PTE LTD,SG
59887351,WO-2019045644-A1,WO,20180828,H04N21/42222,true,false,,HOME CONTROL SINGAPORE PTE LTD,SG
59887351,WO-2019045644-A1,WO,20180828,H04N21/42222,true,false,,HOME CONTROL SINGAPORE PTE LTD,SG
59887351,WO-2019045644-A1,WO,20180828,H04N21/42224,false,false,,HOME CONTROL SINGAPORE PTE LTD,SG
59887351,WO-2019045644-A1,WO,20180828,H04N21/42224,true,false,,HOME CONTROL SINGAPORE PTE LTD,SG
59887351,WO-2019045644-A1,WO,20180828,H04N21/4415,true,false,,HOME CONTROL SINGAPORE PTE LTD,SG
59887351,WO-2019045644-A1,WO,20180828,H04N21/4415,true,false,,HOME CONTROL SINGAPORE PTE LTD,SG
59887351,WO-2019045644-A1,WO,20180828,H04N21/4415,true,false,,HOME CONTROL SINGAPORE PTE LTD,SG
59887351,WO-2019045644-A1,WO,20180828,H04N21/4532,true,false,,HOME CONTROL SINGAPORE PTE LTD,SG
59887351,WO-2019045644-A1,WO,20180828,H04N21/4532,true,false,,HOME CONTROL SINGAPORE PTE LTD,SG
59887351,WO-2019045644-A1,WO,20180828,H04N21/4753,true,false,,HOME CONTROL SINGAPORE PTE LTD,SG
59887351,WO-2019045644-A1,WO,20180828,H04N21/4753,true,false,,HOME CONTROL SINGAPORE PTE LTD,SG
59887351,WO-2019045644-A1,WO,20180828,H04N21/812,true,false,,HOME CONTROL SINGAPORE PTE LTD,SG
59887351,WO-2019045644-A1,WO,20180828,H04N21/812,true,false,,HOME CONTROL SINGAPORE PTE LTD,SG
60186027,CN-109686381-A,CN,20181015,G06N20/00,true,false,ai,NXP BV,
60186027,CN-109686381-A,CN,20181015,G06N3/044,true,false,ai,NXP BV,
60186027,CN-109686381-A,CN,20181015,G06N3/0442,true,false,ai,NXP BV,
60186027,CN-109686381-A,CN,20181015,G06N3/045,true,false,ai,NXP BV,
60186027,CN-109686381-A,CN,20181015,G06N3/0464,true,false,ai,NXP BV,
60186027,CN-109686381-A,CN,20181015,G06N3/08,true,false,ai,NXP BV,
60186027,CN-109686381-A,CN,20181015,G06N3/08,true,false,ai,NXP BV,
60186027,CN-109686381-A,CN,20181015,G06N3/09,true,false,ai,NXP BV,
60186027,CN-109686381-A,CN,20181015,G10L2021/02082,false,false,ai,NXP BV,
60186027,CN-109686381-A,CN,20181015,G10L2021/02082,false,false,ai,NXP BV,
60186027,CN-109686381-A,CN,20181015,G10L2021/02087,false,false,ai,NXP BV,
60186027,CN-109686381-A,CN,20181015,G10L2021/02166,false,false,ai,NXP BV,
60186027,CN-109686381-A,CN,20181015,G10L2021/02166,false,false,ai,NXP BV,
60186027,CN-109686381-A,CN,20181015,G10L21/02,true,true,ai,NXP BV,
60186027,CN-109686381-A,CN,20181015,G10L21/02,true,false,ai,NXP BV,
60186027,CN-109686381-A,CN,20181015,G10L21/0216,true,true,ai,NXP BV,
60186027,CN-109686381-A,CN,20181015,G10L21/0216,true,true,ai,NXP BV,
60186027,CN-109686381-A,CN,20181015,G10L21/0264,true,false,ai,NXP BV,
60186027,CN-109686381-A,CN,20181015,G10L21/0264,true,false,ai,NXP BV,
60186027,CN-109686381-A,CN,20181015,G10L25/30,false,false,ai,NXP BV,
60186027,CN-109686381-A,CN,20181015,G10L25/30,true,false,ai,NXP BV,
60186027,CN-109686381-A,CN,20181015,G10L25/30,false,false,ai,NXP BV,
60186027,CN-109686381-A,CN,20181015,H04R2499/11,false,false,,NXP BV,
60186027,CN-109686381-A,CN,20181015,H04R3/005,true,false,,NXP BV,
60186027,CN-109686381-A,CN,20181015,H04R3/005,true,false,,NXP BV,
60186027,CN-109686381-A,CN,20181015,H04R3/02,true,false,,NXP BV,
60186027,CN-109686381-B,CN,20181015,G06N20/00,true,false,ai,,
60186027,CN-109686381-B,CN,20181015,G06N3/044,true,false,ai,,
60186027,CN-109686381-B,CN,20181015,G06N3/0442,true,false,ai,,
60186027,CN-109686381-B,CN,20181015,G06N3/045,true,false,ai,,
60186027,CN-109686381-B,CN,20181015,G06N3/0464,true,false,ai,,
60186027,CN-109686381-B,CN,20181015,G06N3/08,true,false,ai,,
60186027,CN-109686381-B,CN,20181015,G06N3/08,true,false,ai,,
60186027,CN-109686381-B,CN,20181015,G06N3/09,true,false,ai,,
60186027,CN-109686381-B,CN,20181015,G10L2021/02082,false,false,ai,,
60186027,CN-109686381-B,CN,20181015,G10L2021/02082,false,false,ai,,
60186027,CN-109686381-B,CN,20181015,G10L2021/02087,false,false,ai,,
60186027,CN-109686381-B,CN,20181015,G10L2021/02166,false,false,ai,,
60186027,CN-109686381-B,CN,20181015,G10L2021/02166,false,false,ai,,
60186027,CN-109686381-B,CN,20181015,G10L21/02,true,true,ai,,
60186027,CN-109686381-B,CN,20181015,G10L21/02,true,false,ai,,
60186027,CN-109686381-B,CN,20181015,G10L21/0216,true,true,ai,,
60186027,CN-109686381-B,CN,20181015,G10L21/0216,true,true,ai,,
60186027,CN-109686381-B,CN,20181015,G10L21/0264,true,false,ai,,
60186027,CN-109686381-B,CN,20181015,G10L21/0264,true,false,ai,,
60186027,CN-109686381-B,CN,20181015,G10L25/30,true,false,ai,,
60186027,CN-109686381-B,CN,20181015,G10L25/30,false,false,ai,,
60186027,CN-109686381-B,CN,20181015,G10L25/30,false,false,ai,,
60186027,CN-109686381-B,CN,20181015,H04R2499/11,false,false,,,
60186027,CN-109686381-B,CN,20181015,H04R3/005,true,false,,,
60186027,CN-109686381-B,CN,20181015,H04R3/005,true,false,,,
60186027,CN-109686381-B,CN,20181015,H04R3/02,true,false,,,
60186027,CN-117831559-A,CN,20181015,G06N20/00,true,false,ai,GOODIX TECH HONG KONG CO LTD,
60186027,CN-117831559-A,CN,20181015,G06N3/044,true,false,ai,GOODIX TECH HONG KONG CO LTD,
60186027,CN-117831559-A,CN,20181015,G06N3/0442,true,false,ai,GOODIX TECH HONG KONG CO LTD,
60186027,CN-117831559-A,CN,20181015,G06N3/045,true,false,ai,GOODIX TECH HONG KONG CO LTD,
60186027,CN-117831559-A,CN,20181015,G06N3/0464,true,false,ai,GOODIX TECH HONG KONG CO LTD,
60186027,CN-117831559-A,CN,20181015,G06N3/08,true,false,ai,GOODIX TECH HONG KONG CO LTD,
60186027,CN-117831559-A,CN,20181015,G06N3/08,true,false,ai,GOODIX TECH HONG KONG CO LTD,
60186027,CN-117831559-A,CN,20181015,G06N3/09,true,false,ai,GOODIX TECH HONG KONG CO LTD,
60186027,CN-117831559-A,CN,20181015,G10L2021/02082,false,false,ai,GOODIX TECH HONG KONG CO LTD,
60186027,CN-117831559-A,CN,20181015,G10L2021/02082,false,false,ai,GOODIX TECH HONG KONG CO LTD,
60186027,CN-117831559-A,CN,20181015,G10L2021/02087,false,false,ai,GOODIX TECH HONG KONG CO LTD,
60186027,CN-117831559-A,CN,20181015,G10L2021/02166,false,false,ai,GOODIX TECH HONG KONG CO LTD,
60186027,CN-117831559-A,CN,20181015,G10L2021/02166,false,false,ai,GOODIX TECH HONG KONG CO LTD,
60186027,CN-117831559-A,CN,20181015,G10L21/02,true,true,ai,GOODIX TECH HONG KONG CO LTD,
60186027,CN-117831559-A,CN,20181015,G10L21/02,true,false,ai,GOODIX TECH HONG KONG CO LTD,
60186027,CN-117831559-A,CN,20181015,G10L21/0216,true,true,ai,GOODIX TECH HONG KONG CO LTD,
60186027,CN-117831559-A,CN,20181015,G10L21/0216,true,true,ai,GOODIX TECH HONG KONG CO LTD,
60186027,CN-117831559-A,CN,20181015,G10L21/0264,true,false,ai,GOODIX TECH HONG KONG CO LTD,
60186027,CN-117831559-A,CN,20181015,G10L21/0264,true,false,ai,GOODIX TECH HONG KONG CO LTD,
60186027,CN-117831559-A,CN,20181015,G10L25/30,true,false,ai,GOODIX TECH HONG KONG CO LTD,
60186027,CN-117831559-A,CN,20181015,G10L25/30,false,false,ai,GOODIX TECH HONG KONG CO LTD,
60186027,CN-117831559-A,CN,20181015,G10L25/30,false,false,ai,GOODIX TECH HONG KONG CO LTD,
60186027,CN-117831559-A,CN,20181015,H04R2499/11,false,false,,GOODIX TECH HONG KONG CO LTD,
60186027,CN-117831559-A,CN,20181015,H04R3/005,true,false,,GOODIX TECH HONG KONG CO LTD,
60186027,CN-117831559-A,CN,20181015,H04R3/005,true,false,,GOODIX TECH HONG KONG CO LTD,
60186027,CN-117831559-A,CN,20181015,H04R3/02,true,false,,GOODIX TECH HONG KONG CO LTD,
60186027,EP-3474280-A1,EP,20171019,G06N20/00,true,false,ai,NXP BV,NL
60186027,EP-3474280-A1,EP,20171019,G06N3/044,true,false,ai,NXP BV,NL
60186027,EP-3474280-A1,EP,20171019,G06N3/0442,true,false,ai,NXP BV,NL
60186027,EP-3474280-A1,EP,20171019,G06N3/045,true,false,ai,NXP BV,NL
60186027,EP-3474280-A1,EP,20171019,G06N3/0464,true,false,ai,NXP BV,NL
60186027,EP-3474280-A1,EP,20171019,G06N3/08,true,false,ai,NXP BV,NL
60186027,EP-3474280-A1,EP,20171019,G06N3/08,true,false,ai,NXP BV,NL
60186027,EP-3474280-A1,EP,20171019,G06N3/09,true,false,ai,NXP BV,NL
60186027,EP-3474280-A1,EP,20171019,G10L2021/02082,false,false,ai,NXP BV,NL
60186027,EP-3474280-A1,EP,20171019,G10L2021/02082,false,false,ai,NXP BV,NL
60186027,EP-3474280-A1,EP,20171019,G10L2021/02087,false,false,ai,NXP BV,NL
60186027,EP-3474280-A1,EP,20171019,G10L2021/02166,false,false,ai,NXP BV,NL
60186027,EP-3474280-A1,EP,20171019,G10L2021/02166,false,false,ai,NXP BV,NL
60186027,EP-3474280-A1,EP,20171019,G10L21/02,true,true,ai,NXP BV,NL
60186027,EP-3474280-A1,EP,20171019,G10L21/02,true,false,ai,NXP BV,NL
60186027,EP-3474280-A1,EP,20171019,G10L21/0216,true,true,ai,NXP BV,NL
60186027,EP-3474280-A1,EP,20171019,G10L21/0216,true,true,ai,NXP BV,NL
60186027,EP-3474280-A1,EP,20171019,G10L21/0264,true,false,ai,NXP BV,NL
60186027,EP-3474280-A1,EP,20171019,G10L21/0264,true,false,ai,NXP BV,NL
60186027,EP-3474280-A1,EP,20171019,G10L25/30,false,false,ai,NXP BV,NL
60186027,EP-3474280-A1,EP,20171019,G10L25/30,true,false,ai,NXP BV,NL
60186027,EP-3474280-A1,EP,20171019,G10L25/30,false,false,ai,NXP BV,NL
60186027,EP-3474280-A1,EP,20171019,H04R2499/11,false,false,,NXP BV,NL
60186027,EP-3474280-A1,EP,20171019,H04R3/005,true,false,,NXP BV,NL
60186027,EP-3474280-A1,EP,20171019,H04R3/005,true,false,,NXP BV,NL
60186027,EP-3474280-A1,EP,20171019,H04R3/02,true,false,,NXP BV,NL
60186027,EP-3474280-B1,EP,20171019,G06N20/00,true,false,ai,GOODIX TECH HK COMPANY LIMITED,CN
60186027,EP-3474280-B1,EP,20171019,G06N3/044,true,false,ai,GOODIX TECH HK COMPANY LIMITED,CN
60186027,EP-3474280-B1,EP,20171019,G06N3/0442,true,false,ai,GOODIX TECH HK COMPANY LIMITED,CN
60186027,EP-3474280-B1,EP,20171019,G06N3/045,true,false,ai,GOODIX TECH HK COMPANY LIMITED,CN
60186027,EP-3474280-B1,EP,20171019,G06N3/0464,true,false,ai,GOODIX TECH HK COMPANY LIMITED,CN
60186027,EP-3474280-B1,EP,20171019,G06N3/08,true,false,ai,GOODIX TECH HK COMPANY LIMITED,CN
60186027,EP-3474280-B1,EP,20171019,G06N3/08,true,false,ai,GOODIX TECH HK COMPANY LIMITED,CN
60186027,EP-3474280-B1,EP,20171019,G06N3/09,true,false,ai,GOODIX TECH HK COMPANY LIMITED,CN
60186027,EP-3474280-B1,EP,20171019,G10L2021/02082,false,false,ai,GOODIX TECH HK COMPANY LIMITED,CN
60186027,EP-3474280-B1,EP,20171019,G10L2021/02082,false,false,ai,GOODIX TECH HK COMPANY LIMITED,CN
60186027,EP-3474280-B1,EP,20171019,G10L2021/02087,false,false,ai,GOODIX TECH HK COMPANY LIMITED,CN
60186027,EP-3474280-B1,EP,20171019,G10L2021/02166,false,false,ai,GOODIX TECH HK COMPANY LIMITED,CN
60186027,EP-3474280-B1,EP,20171019,G10L2021/02166,false,false,ai,GOODIX TECH HK COMPANY LIMITED,CN
60186027,EP-3474280-B1,EP,20171019,G10L21/02,true,true,ai,GOODIX TECH HK COMPANY LIMITED,CN
60186027,EP-3474280-B1,EP,20171019,G10L21/02,true,false,ai,GOODIX TECH HK COMPANY LIMITED,CN
60186027,EP-3474280-B1,EP,20171019,G10L21/0216,true,true,ai,GOODIX TECH HK COMPANY LIMITED,CN
60186027,EP-3474280-B1,EP,20171019,G10L21/0216,true,true,ai,GOODIX TECH HK COMPANY LIMITED,CN
60186027,EP-3474280-B1,EP,20171019,G10L21/0264,true,false,ai,GOODIX TECH HK COMPANY LIMITED,CN
60186027,EP-3474280-B1,EP,20171019,G10L21/0264,true,false,ai,GOODIX TECH HK COMPANY LIMITED,CN
60186027,EP-3474280-B1,EP,20171019,G10L25/30,true,false,ai,GOODIX TECH HK COMPANY LIMITED,CN
60186027,EP-3474280-B1,EP,20171019,G10L25/30,false,false,ai,GOODIX TECH HK COMPANY LIMITED,CN
60186027,EP-3474280-B1,EP,20171019,G10L25/30,false,false,ai,GOODIX TECH HK COMPANY LIMITED,CN
60186027,EP-3474280-B1,EP,20171019,H04R2499/11,false,false,,GOODIX TECH HK COMPANY LIMITED,CN
60186027,EP-3474280-B1,EP,20171019,H04R3/005,true,false,,GOODIX TECH HK COMPANY LIMITED,CN
60186027,EP-3474280-B1,EP,20171019,H04R3/005,true,false,,GOODIX TECH HK COMPANY LIMITED,CN
60186027,EP-3474280-B1,EP,20171019,H04R3/02,true,false,,GOODIX TECH HK COMPANY LIMITED,CN
60186027,US-11315587-B2,US,20180927,G06N20/00,true,false,ai,GOODIX TECH HK COMPANY LIMITED,HK
60186027,US-11315587-B2,US,20180927,G06N20/00,true,false,ai,GOODIX TECH HK COMPANY LIMITED,HK
60186027,US-11315587-B2,US,20180927,G06N3/044,true,false,ai,GOODIX TECH HK COMPANY LIMITED,HK
60186027,US-11315587-B2,US,20180927,G06N3/0442,true,false,ai,GOODIX TECH HK COMPANY LIMITED,HK
60186027,US-11315587-B2,US,20180927,G06N3/0445,true,false,ai,GOODIX TECH HK COMPANY LIMITED,HK
60186027,US-11315587-B2,US,20180927,G06N3/045,true,false,ai,GOODIX TECH HK COMPANY LIMITED,HK
60186027,US-11315587-B2,US,20180927,G06N3/0454,true,false,ai,GOODIX TECH HK COMPANY LIMITED,HK
60186027,US-11315587-B2,US,20180927,G06N3/0464,true,false,ai,GOODIX TECH HK COMPANY LIMITED,HK
60186027,US-11315587-B2,US,20180927,G06N3/08,true,false,ai,GOODIX TECH HK COMPANY LIMITED,HK
60186027,US-11315587-B2,US,20180927,G06N3/08,true,false,ai,GOODIX TECH HK COMPANY LIMITED,HK
60186027,US-11315587-B2,US,20180927,G06N3/08,true,false,ai,GOODIX TECH HK COMPANY LIMITED,HK
60186027,US-11315587-B2,US,20180927,G06N3/09,true,false,ai,GOODIX TECH HK COMPANY LIMITED,HK
60186027,US-11315587-B2,US,20180927,G10L2021/02082,false,false,ai,GOODIX TECH HK COMPANY LIMITED,HK
60186027,US-11315587-B2,US,20180927,G10L2021/02082,false,false,ai,GOODIX TECH HK COMPANY LIMITED,HK
60186027,US-11315587-B2,US,20180927,G10L2021/02082,false,false,ai,GOODIX TECH HK COMPANY LIMITED,HK
60186027,US-11315587-B2,US,20180927,G10L2021/02087,false,false,ai,GOODIX TECH HK COMPANY LIMITED,HK
60186027,US-11315587-B2,US,20180927,G10L2021/02087,false,false,ai,GOODIX TECH HK COMPANY LIMITED,HK
60186027,US-11315587-B2,US,20180927,G10L2021/02166,false,false,ai,GOODIX TECH HK COMPANY LIMITED,HK
60186027,US-11315587-B2,US,20180927,G10L2021/02166,false,false,ai,GOODIX TECH HK COMPANY LIMITED,HK
60186027,US-11315587-B2,US,20180927,G10L2021/02166,false,false,ai,GOODIX TECH HK COMPANY LIMITED,HK
60186027,US-11315587-B2,US,20180927,G10L21/02,true,true,ai,GOODIX TECH HK COMPANY LIMITED,HK
60186027,US-11315587-B2,US,20180927,G10L21/02,true,false,ai,GOODIX TECH HK COMPANY LIMITED,HK
60186027,US-11315587-B2,US,20180927,G10L21/02,true,false,ai,GOODIX TECH HK COMPANY LIMITED,HK
60186027,US-11315587-B2,US,20180927,G10L21/0216,true,true,ai,GOODIX TECH HK COMPANY LIMITED,HK
60186027,US-11315587-B2,US,20180927,G10L21/0216,true,true,ai,GOODIX TECH HK COMPANY LIMITED,HK
60186027,US-11315587-B2,US,20180927,G10L21/0216,true,true,ai,GOODIX TECH HK COMPANY LIMITED,HK
60186027,US-11315587-B2,US,20180927,G10L21/0264,true,false,ai,GOODIX TECH HK COMPANY LIMITED,HK
60186027,US-11315587-B2,US,20180927,G10L21/0264,true,false,ai,GOODIX TECH HK COMPANY LIMITED,HK
60186027,US-11315587-B2,US,20180927,G10L21/0264,true,false,ai,GOODIX TECH HK COMPANY LIMITED,HK
60186027,US-11315587-B2,US,20180927,G10L25/30,true,false,ai,GOODIX TECH HK COMPANY LIMITED,HK
60186027,US-11315587-B2,US,20180927,G10L25/30,false,false,ai,GOODIX TECH HK COMPANY LIMITED,HK
60186027,US-11315587-B2,US,20180927,G10L25/30,false,false,ai,GOODIX TECH HK COMPANY LIMITED,HK
60186027,US-11315587-B2,US,20180927,G10L25/30,false,false,ai,GOODIX TECH HK COMPANY LIMITED,HK
60186027,US-11315587-B2,US,20180927,H04R2499/11,false,false,,GOODIX TECH HK COMPANY LIMITED,HK
60186027,US-11315587-B2,US,20180927,H04R3/005,true,false,,GOODIX TECH HK COMPANY LIMITED,HK
60186027,US-11315587-B2,US,20180927,H04R3/005,true,false,,GOODIX TECH HK COMPANY LIMITED,HK
60186027,US-11315587-B2,US,20180927,H04R3/005,true,false,,GOODIX TECH HK COMPANY LIMITED,HK
60186027,US-11315587-B2,US,20180927,H04R3/02,true,false,,GOODIX TECH HK COMPANY LIMITED,HK
60186027,US-2019122685-A1,US,20180927,G06F15/18,true,false,,NXP BV,NL
60186027,US-2019122685-A1,US,20180927,G06N20/00,true,false,ai,NXP BV,NL
60186027,US-2019122685-A1,US,20180927,G06N3/044,true,false,ai,NXP BV,NL
60186027,US-2019122685-A1,US,20180927,G06N3/0442,true,false,ai,NXP BV,NL
60186027,US-2019122685-A1,US,20180927,G06N3/045,true,false,ai,NXP BV,NL
60186027,US-2019122685-A1,US,20180927,G06N3/0464,true,false,ai,NXP BV,NL
60186027,US-2019122685-A1,US,20180927,G06N3/08,true,false,ai,NXP BV,NL
60186027,US-2019122685-A1,US,20180927,G06N3/08,true,false,ai,NXP BV,NL
60186027,US-2019122685-A1,US,20180927,G06N3/09,true,false,ai,NXP BV,NL
60186027,US-2019122685-A1,US,20180927,G10L2021/02082,false,false,ai,NXP BV,NL
60186027,US-2019122685-A1,US,20180927,G10L2021/02082,false,false,ai,NXP BV,NL
60186027,US-2019122685-A1,US,20180927,G10L2021/02082,false,false,ai,NXP BV,NL
60186027,US-2019122685-A1,US,20180927,G10L2021/02087,false,false,ai,NXP BV,NL
60186027,US-2019122685-A1,US,20180927,G10L2021/02166,false,false,ai,NXP BV,NL
60186027,US-2019122685-A1,US,20180927,G10L2021/02166,false,false,ai,NXP BV,NL
60186027,US-2019122685-A1,US,20180927,G10L21/02,true,true,ai,NXP BV,NL
60186027,US-2019122685-A1,US,20180927,G10L21/02,true,false,ai,NXP BV,NL
60186027,US-2019122685-A1,US,20180927,G10L21/0216,true,true,ai,NXP BV,NL
60186027,US-2019122685-A1,US,20180927,G10L21/0216,true,true,ai,NXP BV,NL
60186027,US-2019122685-A1,US,20180927,G10L21/0216,true,true,ai,NXP BV,NL
60186027,US-2019122685-A1,US,20180927,G10L21/0264,true,false,ai,NXP BV,NL
60186027,US-2019122685-A1,US,20180927,G10L21/0264,true,false,ai,NXP BV,NL
60186027,US-2019122685-A1,US,20180927,G10L21/0264,true,false,ai,NXP BV,NL
60186027,US-2019122685-A1,US,20180927,G10L25/30,false,false,ai,NXP BV,NL
60186027,US-2019122685-A1,US,20180927,G10L25/30,true,false,ai,NXP BV,NL
60186027,US-2019122685-A1,US,20180927,G10L25/30,false,false,ai,NXP BV,NL
60186027,US-2019122685-A1,US,20180927,H04R2499/11,false,false,,NXP BV,NL
60186027,US-2019122685-A1,US,20180927,H04R3/005,true,false,,NXP BV,NL
60186027,US-2019122685-A1,US,20180927,H04R3/005,true,false,,NXP BV,NL
60186027,US-2019122685-A1,US,20180927,H04R3/02,true,false,,NXP BV,NL
60266184,CN-107370778-A,CN,20160511,G06F15/16,true,false,,ALIBABA GROUP HOLDING LTD,
60266184,CN-107370778-A,CN,20160511,G06F16/00,true,false,,ALIBABA GROUP HOLDING LTD,
60266184,CN-107370778-A,CN,20160511,G06F16/00,true,false,,ALIBABA GROUP HOLDING LTD,
60266184,CN-107370778-A,CN,20160511,G06F16/9566,true,false,,ALIBABA GROUP HOLDING LTD,
60266184,CN-107370778-A,CN,20160511,G06F16/972,true,true,,ALIBABA GROUP HOLDING LTD,
60266184,CN-107370778-A,CN,20160511,G06F40/134,true,true,ai,ALIBABA GROUP HOLDING LTD,
60266184,CN-107370778-A,CN,20160511,G06F8/60,true,false,,ALIBABA GROUP HOLDING LTD,
60266184,CN-107370778-A,CN,20160511,G06F9/445,true,false,,ALIBABA GROUP HOLDING LTD,
60266184,CN-107370778-A,CN,20160511,G06F9/44505,true,false,,ALIBABA GROUP HOLDING LTD,
60266184,CN-107370778-A,CN,20160511,G06F9/4843,true,true,,ALIBABA GROUP HOLDING LTD,
60266184,CN-107370778-A,CN,20160511,H04L67/02,true,true,,ALIBABA GROUP HOLDING LTD,
60266184,CN-107370778-B,CN,20160511,G06F15/16,true,false,,,
60266184,CN-107370778-B,CN,20160511,G06F16/00,true,false,,,
60266184,CN-107370778-B,CN,20160511,G06F16/00,true,false,,,
60266184,CN-107370778-B,CN,20160511,G06F16/9566,true,false,,,
60266184,CN-107370778-B,CN,20160511,G06F16/972,true,true,,,
60266184,CN-107370778-B,CN,20160511,G06F40/134,true,true,ai,,
60266184,CN-107370778-B,CN,20160511,G06F8/60,true,false,,,
60266184,CN-107370778-B,CN,20160511,G06F9/445,true,false,,,
60266184,CN-107370778-B,CN,20160511,G06F9/44505,true,false,,,
60266184,CN-107370778-B,CN,20160511,G06F9/4843,true,true,,,
60266184,CN-107370778-B,CN,20160511,H04L67/02,true,true,,,
60266184,CN-111835864-A,CN,20160511,G06F15/16,true,false,,INNOVATIVE AND ADVANCE TECH CO LTD,
60266184,CN-111835864-A,CN,20160511,G06F16/00,true,false,,INNOVATIVE AND ADVANCE TECH CO LTD,
60266184,CN-111835864-A,CN,20160511,G06F16/00,true,false,,INNOVATIVE AND ADVANCE TECH CO LTD,
60266184,CN-111835864-A,CN,20160511,G06F16/9566,true,false,,INNOVATIVE AND ADVANCE TECH CO LTD,
60266184,CN-111835864-A,CN,20160511,G06F16/972,true,true,,INNOVATIVE AND ADVANCE TECH CO LTD,
60266184,CN-111835864-A,CN,20160511,G06F40/134,true,true,ai,INNOVATIVE AND ADVANCE TECH CO LTD,
60266184,CN-111835864-A,CN,20160511,G06F8/60,true,false,,INNOVATIVE AND ADVANCE TECH CO LTD,
60266184,CN-111835864-A,CN,20160511,G06F9/445,true,false,,INNOVATIVE AND ADVANCE TECH CO LTD,
60266184,CN-111835864-A,CN,20160511,G06F9/44505,true,false,,INNOVATIVE AND ADVANCE TECH CO LTD,
60266184,CN-111835864-A,CN,20160511,G06F9/4843,true,true,,INNOVATIVE AND ADVANCE TECH CO LTD,
60266184,CN-111835864-A,CN,20160511,H04L67/02,true,true,,INNOVATIVE AND ADVANCE TECH CO LTD,
60266184,CN-111835864-B,CN,20160511,G06F15/16,true,false,,,
60266184,CN-111835864-B,CN,20160511,G06F16/00,true,false,,,
60266184,CN-111835864-B,CN,20160511,G06F16/00,true,false,,,
60266184,CN-111835864-B,CN,20160511,G06F16/9566,true,false,,,
60266184,CN-111835864-B,CN,20160511,G06F16/972,true,true,,,
60266184,CN-111835864-B,CN,20160511,G06F40/134,true,true,ai,,
60266184,CN-111835864-B,CN,20160511,G06F8/60,true,false,,,
60266184,CN-111835864-B,CN,20160511,G06F9/445,true,false,,,
60266184,CN-111835864-B,CN,20160511,G06F9/44505,true,false,,,
60266184,CN-111835864-B,CN,20160511,G06F9/4843,true,true,,,
60266184,CN-111835864-B,CN,20160511,H04L67/02,true,true,,,
60266184,EP-3457301-A1,EP,20170504,G06F15/16,true,false,,ALIBABA GROUP HOLDING LTD,KY
60266184,EP-3457301-A1,EP,20170504,G06F16/00,true,false,,ALIBABA GROUP HOLDING LTD,KY
60266184,EP-3457301-A1,EP,20170504,G06F16/00,true,false,,ALIBABA GROUP HOLDING LTD,KY
60266184,EP-3457301-A1,EP,20170504,G06F16/9566,true,false,,ALIBABA GROUP HOLDING LTD,KY
60266184,EP-3457301-A1,EP,20170504,G06F16/972,true,true,,ALIBABA GROUP HOLDING LTD,KY
60266184,EP-3457301-A1,EP,20170504,G06F40/134,true,true,ai,ALIBABA GROUP HOLDING LTD,KY
60266184,EP-3457301-A1,EP,20170504,G06F8/60,true,false,,ALIBABA GROUP HOLDING LTD,KY
60266184,EP-3457301-A1,EP,20170504,G06F9/445,true,false,,ALIBABA GROUP HOLDING LTD,KY
60266184,EP-3457301-A1,EP,20170504,G06F9/44505,true,false,,ALIBABA GROUP HOLDING LTD,KY
60266184,EP-3457301-A1,EP,20170504,G06F9/4843,true,true,,ALIBABA GROUP HOLDING LTD,KY
60266184,EP-3457301-A1,EP,20170504,H04L67/02,true,true,,ALIBABA GROUP HOLDING LTD,KY
60266184,EP-3457301-A4,EP,20170504,G06F15/16,true,false,,ALIBABA GROUP HOLDING LTD,KY
60266184,EP-3457301-A4,EP,20170504,G06F16/00,true,false,,ALIBABA GROUP HOLDING LTD,KY
60266184,EP-3457301-A4,EP,20170504,G06F16/00,true,false,,ALIBABA GROUP HOLDING LTD,KY
60266184,EP-3457301-A4,EP,20170504,G06F16/9566,true,false,,ALIBABA GROUP HOLDING LTD,KY
60266184,EP-3457301-A4,EP,20170504,G06F16/972,true,true,,ALIBABA GROUP HOLDING LTD,KY
60266184,EP-3457301-A4,EP,20170504,G06F40/134,true,true,ai,ALIBABA GROUP HOLDING LTD,KY
60266184,EP-3457301-A4,EP,20170504,G06F8/60,true,false,,ALIBABA GROUP HOLDING LTD,KY
60266184,EP-3457301-A4,EP,20170504,G06F9/445,true,false,,ALIBABA GROUP HOLDING LTD,KY
60266184,EP-3457301-A4,EP,20170504,G06F9/44505,true,false,,ALIBABA GROUP HOLDING LTD,KY
60266184,EP-3457301-A4,EP,20170504,G06F9/4843,true,true,,ALIBABA GROUP HOLDING LTD,KY
60266184,EP-3457301-A4,EP,20170504,H04L67/02,true,true,,ALIBABA GROUP HOLDING LTD,KY
60266184,JP-2019519036-A,JP,20170504,G06F15/16,true,false,,,
60266184,JP-2019519036-A,JP,20170504,G06F16/00,true,false,,,
60266184,JP-2019519036-A,JP,20170504,G06F16/00,true,false,,,
60266184,JP-2019519036-A,JP,20170504,G06F16/9566,true,false,,,
60266184,JP-2019519036-A,JP,20170504,G06F16/972,true,true,,,
60266184,JP-2019519036-A,JP,20170504,G06F40/134,true,true,ai,,
60266184,JP-2019519036-A,JP,20170504,G06F8/60,true,false,,,
60266184,JP-2019519036-A,JP,20170504,G06F9/445,true,false,,,
60266184,JP-2019519036-A,JP,20170504,G06F9/44505,true,false,,,
60266184,JP-2019519036-A,JP,20170504,G06F9/4843,true,true,,,
60266184,JP-2019519036-A,JP,20170504,H04L67/02,true,true,,,
60266184,JP-6932142-B2,JP,20170504,G06F15/16,true,false,,,
60266184,JP-6932142-B2,JP,20170504,G06F16/00,true,false,,,
60266184,JP-6932142-B2,JP,20170504,G06F16/00,true,false,,,
60266184,JP-6932142-B2,JP,20170504,G06F16/9566,true,false,,,
60266184,JP-6932142-B2,JP,20170504,G06F16/972,true,true,,,
60266184,JP-6932142-B2,JP,20170504,G06F40/134,true,true,ai,,
60266184,JP-6932142-B2,JP,20170504,G06F8/60,true,false,,,
60266184,JP-6932142-B2,JP,20170504,G06F9/445,true,false,,,
60266184,JP-6932142-B2,JP,20170504,G06F9/44505,true,false,,,
60266184,JP-6932142-B2,JP,20170504,G06F9/4843,true,true,,,
60266184,JP-6932142-B2,JP,20170504,H04L67/02,true,true,,,
60266184,KR-102297817-B1,KR,20170504,G06F15/16,true,false,,,
60266184,KR-102297817-B1,KR,20170504,G06F15/16,true,false,,,
60266184,KR-102297817-B1,KR,20170504,G06F16/00,true,false,,,
60266184,KR-102297817-B1,KR,20170504,G06F16/00,true,false,,,
60266184,KR-102297817-B1,KR,20170504,G06F16/9566,true,false,,,
60266184,KR-102297817-B1,KR,20170504,G06F16/972,true,true,,,
60266184,KR-102297817-B1,KR,20170504,G06F40/134,true,true,ai,,
60266184,KR-102297817-B1,KR,20170504,G06F8/60,true,false,,,
60266184,KR-102297817-B1,KR,20170504,G06F8/60,true,false,,,
60266184,KR-102297817-B1,KR,20170504,G06F9/445,true,false,,,
60266184,KR-102297817-B1,KR,20170504,G06F9/445,true,false,,,
60266184,KR-102297817-B1,KR,20170504,G06F9/44505,true,false,,,
60266184,KR-102297817-B1,KR,20170504,G06F9/4843,true,true,,,
60266184,KR-102297817-B1,KR,20170504,G06F9/4843,true,true,,,
60266184,KR-102297817-B1,KR,20170504,H04L67/02,true,true,,,
60266184,KR-20190008267-A,KR,20170504,G06F15/16,true,false,,ALIBABA GROUP HOLDING LTD,KY
60266184,KR-20190008267-A,KR,20170504,G06F15/16,true,false,,ALIBABA GROUP HOLDING LTD,KY
60266184,KR-20190008267-A,KR,20170504,G06F16/00,true,false,,ALIBABA GROUP HOLDING LTD,KY
60266184,KR-20190008267-A,KR,20170504,G06F16/00,true,false,,ALIBABA GROUP HOLDING LTD,KY
60266184,KR-20190008267-A,KR,20170504,G06F16/9566,true,false,,ALIBABA GROUP HOLDING LTD,KY
60266184,KR-20190008267-A,KR,20170504,G06F16/972,true,true,,ALIBABA GROUP HOLDING LTD,KY
60266184,KR-20190008267-A,KR,20170504,G06F40/134,true,true,ai,ALIBABA GROUP HOLDING LTD,KY
60266184,KR-20190008267-A,KR,20170504,G06F8/60,true,false,,ALIBABA GROUP HOLDING LTD,KY
60266184,KR-20190008267-A,KR,20170504,G06F8/60,true,false,,ALIBABA GROUP HOLDING LTD,KY
60266184,KR-20190008267-A,KR,20170504,G06F9/445,true,false,,ALIBABA GROUP HOLDING LTD,KY
60266184,KR-20190008267-A,KR,20170504,G06F9/445,true,false,,ALIBABA GROUP HOLDING LTD,KY
60266184,KR-20190008267-A,KR,20170504,G06F9/44505,true,false,,ALIBABA GROUP HOLDING LTD,KY
60266184,KR-20190008267-A,KR,20170504,G06F9/4843,true,true,,ALIBABA GROUP HOLDING LTD,KY
60266184,KR-20190008267-A,KR,20170504,G06F9/4843,true,true,,ALIBABA GROUP HOLDING LTD,KY
60266184,KR-20190008267-A,KR,20170504,H04L67/02,true,true,,ALIBABA GROUP HOLDING LTD,KY
60266184,MY-190566-A,MY,20170504,G06F15/16,true,false,,ADVANCED NEW TECHNOLOGIES CO LTD,KY
60266184,MY-190566-A,MY,20170504,G06F16/00,true,false,,ADVANCED NEW TECHNOLOGIES CO LTD,KY
60266184,MY-190566-A,MY,20170504,G06F16/00,true,false,,ADVANCED NEW TECHNOLOGIES CO LTD,KY
60266184,MY-190566-A,MY,20170504,G06F16/9566,true,false,,ADVANCED NEW TECHNOLOGIES CO LTD,KY
60266184,MY-190566-A,MY,20170504,G06F16/972,true,true,,ADVANCED NEW TECHNOLOGIES CO LTD,KY
60266184,MY-190566-A,MY,20170504,G06F40/134,true,true,ai,ADVANCED NEW TECHNOLOGIES CO LTD,KY
60266184,MY-190566-A,MY,20170504,G06F8/60,true,false,,ADVANCED NEW TECHNOLOGIES CO LTD,KY
60266184,MY-190566-A,MY,20170504,G06F9/445,true,false,,ADVANCED NEW TECHNOLOGIES CO LTD,KY
60266184,MY-190566-A,MY,20170504,G06F9/44505,true,false,,ADVANCED NEW TECHNOLOGIES CO LTD,KY
60266184,MY-190566-A,MY,20170504,G06F9/4843,true,true,,ADVANCED NEW TECHNOLOGIES CO LTD,KY
60266184,MY-190566-A,MY,20170504,H04L67/02,true,true,,ADVANCED NEW TECHNOLOGIES CO LTD,KY
60266184,PH-12018502358-A1,PH,20181108,G06F15/16,true,false,,ALIBABA GROUP HOLDING LTD,KY
60266184,PH-12018502358-A1,PH,20181108,G06F16/00,true,false,,ALIBABA GROUP HOLDING LTD,KY
60266184,PH-12018502358-A1,PH,20181108,G06F16/00,true,false,,ALIBABA GROUP HOLDING LTD,KY
60266184,PH-12018502358-A1,PH,20181108,G06F16/9566,true,false,,ALIBABA GROUP HOLDING LTD,KY
60266184,PH-12018502358-A1,PH,20181108,G06F16/972,true,true,,ALIBABA GROUP HOLDING LTD,KY
60266184,PH-12018502358-A1,PH,20181108,G06F40/134,true,true,ai,ALIBABA GROUP HOLDING LTD,KY
60266184,PH-12018502358-A1,PH,20181108,G06F8/60,true,false,,ALIBABA GROUP HOLDING LTD,KY
60266184,PH-12018502358-A1,PH,20181108,G06F9/445,true,false,,ALIBABA GROUP HOLDING LTD,KY
60266184,PH-12018502358-A1,PH,20181108,G06F9/44505,true,false,,ALIBABA GROUP HOLDING LTD,KY
60266184,PH-12018502358-A1,PH,20181108,G06F9/4843,true,true,,ALIBABA GROUP HOLDING LTD,KY
60266184,PH-12018502358-A1,PH,20181108,H04L67/02,true,true,,ALIBABA GROUP HOLDING LTD,KY
60266184,SG-10202108617X-A,SG,20170504,G06F15/16,true,false,,ADVANCED NEW TECHNOLOGIES CO LTD,KY
60266184,SG-10202108617X-A,SG,20170504,G06F16/00,true,false,,ADVANCED NEW TECHNOLOGIES CO LTD,KY
60266184,SG-10202108617X-A,SG,20170504,G06F16/00,true,false,,ADVANCED NEW TECHNOLOGIES CO LTD,KY
60266184,SG-10202108617X-A,SG,20170504,G06F16/9566,true,false,,ADVANCED NEW TECHNOLOGIES CO LTD,KY
60266184,SG-10202108617X-A,SG,20170504,G06F16/972,true,true,,ADVANCED NEW TECHNOLOGIES CO LTD,KY
60266184,SG-10202108617X-A,SG,20170504,G06F40/134,true,true,ai,ADVANCED NEW TECHNOLOGIES CO LTD,KY
60266184,SG-10202108617X-A,SG,20170504,G06F8/60,true,false,,ADVANCED NEW TECHNOLOGIES CO LTD,KY
60266184,SG-10202108617X-A,SG,20170504,G06F9/445,true,false,,ADVANCED NEW TECHNOLOGIES CO LTD,KY
60266184,SG-10202108617X-A,SG,20170504,G06F9/44505,true,false,,ADVANCED NEW TECHNOLOGIES CO LTD,KY
60266184,SG-10202108617X-A,SG,20170504,G06F9/4843,true,true,,ADVANCED NEW TECHNOLOGIES CO LTD,KY
60266184,SG-10202108617X-A,SG,20170504,H04L67/02,true,true,,ADVANCED NEW TECHNOLOGIES CO LTD,KY
60266184,SG-11201809338U-A,SG,20170504,G06F15/16,true,false,,ALIBABA GROUP HOLDING LTD,
60266184,SG-11201809338U-A,SG,20170504,G06F16/00,true,false,,ALIBABA GROUP HOLDING LTD,
60266184,SG-11201809338U-A,SG,20170504,G06F16/00,true,false,,ALIBABA GROUP HOLDING LTD,
60266184,SG-11201809338U-A,SG,20170504,G06F16/9566,true,false,,ALIBABA GROUP HOLDING LTD,
60266184,SG-11201809338U-A,SG,20170504,G06F16/972,true,true,,ALIBABA GROUP HOLDING LTD,
60266184,SG-11201809338U-A,SG,20170504,G06F40/134,true,true,ai,ALIBABA GROUP HOLDING LTD,
60266184,SG-11201809338U-A,SG,20170504,G06F8/60,true,false,,ALIBABA GROUP HOLDING LTD,
60266184,SG-11201809338U-A,SG,20170504,G06F9/445,true,false,,ALIBABA GROUP HOLDING LTD,
60266184,SG-11201809338U-A,SG,20170504,G06F9/44505,true,false,,ALIBABA GROUP HOLDING LTD,
60266184,SG-11201809338U-A,SG,20170504,G06F9/4843,true,true,,ALIBABA GROUP HOLDING LTD,
60266184,SG-11201809338U-A,SG,20170504,H04L67/02,true,true,,ALIBABA GROUP HOLDING LTD,
60266184,TW-201740268-A,TW,20170315,G06F15/16,true,false,,ALIBABA GROUP SERVICES LTD,HK
60266184,TW-201740268-A,TW,20170315,G06F16/00,true,false,,ALIBABA GROUP SERVICES LTD,HK
60266184,TW-201740268-A,TW,20170315,G06F16/00,true,false,,ALIBABA GROUP SERVICES LTD,HK
60266184,TW-201740268-A,TW,20170315,G06F16/9566,true,false,,ALIBABA GROUP SERVICES LTD,HK
60266184,TW-201740268-A,TW,20170315,G06F16/972,true,true,,ALIBABA GROUP SERVICES LTD,HK
60266184,TW-201740268-A,TW,20170315,G06F40/134,true,true,ai,ALIBABA GROUP SERVICES LTD,HK
60266184,TW-201740268-A,TW,20170315,G06F8/60,true,false,,ALIBABA GROUP SERVICES LTD,HK
60266184,TW-201740268-A,TW,20170315,G06F9/445,true,false,,ALIBABA GROUP SERVICES LTD,HK
60266184,TW-201740268-A,TW,20170315,G06F9/44505,true,false,,ALIBABA GROUP SERVICES LTD,HK
60266184,TW-201740268-A,TW,20170315,G06F9/4843,true,true,,ALIBABA GROUP SERVICES LTD,HK
60266184,TW-201740268-A,TW,20170315,H04L67/02,true,true,,ALIBABA GROUP SERVICES LTD,HK
60266184,TW-I664575-B,TW,20170315,G06F15/16,true,false,,ALIBABA GROUP SERVICES LTD,HK
60266184,TW-I664575-B,TW,20170315,G06F16/00,true,false,,ALIBABA GROUP SERVICES LTD,HK
60266184,TW-I664575-B,TW,20170315,G06F16/00,true,false,,ALIBABA GROUP SERVICES LTD,HK
60266184,TW-I664575-B,TW,20170315,G06F16/9566,true,false,,ALIBABA GROUP SERVICES LTD,HK
60266184,TW-I664575-B,TW,20170315,G06F16/972,true,true,,ALIBABA GROUP SERVICES LTD,HK
60266184,TW-I664575-B,TW,20170315,G06F40/134,true,true,ai,ALIBABA GROUP SERVICES LTD,HK
60266184,TW-I664575-B,TW,20170315,G06F8/60,true,false,,ALIBABA GROUP SERVICES LTD,HK
60266184,TW-I664575-B,TW,20170315,G06F9/445,true,false,,ALIBABA GROUP SERVICES LTD,HK
60266184,TW-I664575-B,TW,20170315,G06F9/44505,true,false,,ALIBABA GROUP SERVICES LTD,HK
60266184,TW-I664575-B,TW,20170315,G06F9/4843,true,true,,ALIBABA GROUP SERVICES LTD,HK
60266184,TW-I664575-B,TW,20170315,H04L67/02,true,true,,ALIBABA GROUP SERVICES LTD,HK
60266184,US-11170068-B2,US,20181109,G06F15/16,true,false,,ADVANCED NEW TECHNOLOGIES CO LTD,KY
60266184,US-11170068-B2,US,20181109,G06F16/00,true,false,,ADVANCED NEW TECHNOLOGIES CO LTD,KY
60266184,US-11170068-B2,US,20181109,G06F16/00,true,false,,ADVANCED NEW TECHNOLOGIES CO LTD,KY
60266184,US-11170068-B2,US,20181109,G06F16/00,true,false,,ADVANCED NEW TECHNOLOGIES CO LTD,KY
60266184,US-11170068-B2,US,20181109,G06F16/9566,true,false,,ADVANCED NEW TECHNOLOGIES CO LTD,KY
60266184,US-11170068-B2,US,20181109,G06F16/9566,true,false,,ADVANCED NEW TECHNOLOGIES CO LTD,KY
60266184,US-11170068-B2,US,20181109,G06F16/972,true,true,,ADVANCED NEW TECHNOLOGIES CO LTD,KY
60266184,US-11170068-B2,US,20181109,G06F16/972,true,true,,ADVANCED NEW TECHNOLOGIES CO LTD,KY
60266184,US-11170068-B2,US,20181109,G06F40/134,true,true,ai,ADVANCED NEW TECHNOLOGIES CO LTD,KY
60266184,US-11170068-B2,US,20181109,G06F8/60,true,false,,ADVANCED NEW TECHNOLOGIES CO LTD,KY
60266184,US-11170068-B2,US,20181109,G06F9/445,true,false,,ADVANCED NEW TECHNOLOGIES CO LTD,KY
60266184,US-11170068-B2,US,20181109,G06F9/44505,true,false,,ADVANCED NEW TECHNOLOGIES CO LTD,KY
60266184,US-11170068-B2,US,20181109,G06F9/4843,true,true,,ADVANCED NEW TECHNOLOGIES CO LTD,KY
60266184,US-11170068-B2,US,20181109,H04L67/02,true,true,,ADVANCED NEW TECHNOLOGIES CO LTD,KY
60266184,US-11210365-B2,US,20191220,G06F15/16,true,false,,ADVANCED NEW TECHNOLOGIES CO LTD,KY
60266184,US-11210365-B2,US,20191220,G06F16/00,true,false,,ADVANCED NEW TECHNOLOGIES CO LTD,KY
60266184,US-11210365-B2,US,20191220,G06F16/00,true,false,,ADVANCED NEW TECHNOLOGIES CO LTD,KY
60266184,US-11210365-B2,US,20191220,G06F16/00,true,false,,ADVANCED NEW TECHNOLOGIES CO LTD,KY
60266184,US-11210365-B2,US,20191220,G06F16/9566,true,false,,ADVANCED NEW TECHNOLOGIES CO LTD,KY
60266184,US-11210365-B2,US,20191220,G06F16/9566,true,false,,ADVANCED NEW TECHNOLOGIES CO LTD,KY
60266184,US-11210365-B2,US,20191220,G06F16/972,true,true,,ADVANCED NEW TECHNOLOGIES CO LTD,KY
60266184,US-11210365-B2,US,20191220,G06F16/972,true,true,,ADVANCED NEW TECHNOLOGIES CO LTD,KY
60266184,US-11210365-B2,US,20191220,G06F40/134,true,true,ai,ADVANCED NEW TECHNOLOGIES CO LTD,KY
60266184,US-11210365-B2,US,20191220,G06F8/60,true,false,,ADVANCED NEW TECHNOLOGIES CO LTD,KY
60266184,US-11210365-B2,US,20191220,G06F9/445,true,false,,ADVANCED NEW TECHNOLOGIES CO LTD,KY
60266184,US-11210365-B2,US,20191220,G06F9/44505,true,false,,ADVANCED NEW TECHNOLOGIES CO LTD,KY
60266184,US-11210365-B2,US,20191220,G06F9/4843,true,true,,ADVANCED NEW TECHNOLOGIES CO LTD,KY
60266184,US-11210365-B2,US,20191220,H04L67/02,true,true,,ADVANCED NEW TECHNOLOGIES CO LTD,KY
60266184,US-2019095541-A1,US,20181109,G06F15/16,true,false,,ALIBABA GROUP HOLDING LTD,KY
60266184,US-2019095541-A1,US,20181109,G06F16/00,true,false,,ALIBABA GROUP HOLDING LTD,KY
60266184,US-2019095541-A1,US,20181109,G06F16/00,true,false,,ALIBABA GROUP HOLDING LTD,KY
60266184,US-2019095541-A1,US,20181109,G06F16/9566,true,false,,ALIBABA GROUP HOLDING LTD,KY
60266184,US-2019095541-A1,US,20181109,G06F16/972,true,true,,ALIBABA GROUP HOLDING LTD,KY
60266184,US-2019095541-A1,US,20181109,G06F17/30887,true,false,,ALIBABA GROUP HOLDING LTD,KY
60266184,US-2019095541-A1,US,20181109,G06F17/30893,true,true,,ALIBABA GROUP HOLDING LTD,KY
60266184,US-2019095541-A1,US,20181109,G06F40/134,true,true,ai,ALIBABA GROUP HOLDING LTD,KY
60266184,US-2019095541-A1,US,20181109,G06F8/60,true,false,,ALIBABA GROUP HOLDING LTD,KY
60266184,US-2019095541-A1,US,20181109,G06F9/445,true,false,,ALIBABA GROUP HOLDING LTD,KY
60266184,US-2019095541-A1,US,20181109,G06F9/44505,true,false,,ALIBABA GROUP HOLDING LTD,KY
60266184,US-2019095541-A1,US,20181109,G06F9/4843,true,true,,ALIBABA GROUP HOLDING LTD,KY
60266184,US-2019095541-A1,US,20181109,H04L67/02,true,true,,ALIBABA GROUP HOLDING LTD,KY
60266184,US-2020125624-A1,US,20191220,G06F15/16,true,false,,ALIBABA GROUP HOLDING LTD,KY
60266184,US-2020125624-A1,US,20191220,G06F16/00,true,false,,ALIBABA GROUP HOLDING LTD,KY
60266184,US-2020125624-A1,US,20191220,G06F16/00,true,false,,ALIBABA GROUP HOLDING LTD,KY
60266184,US-2020125624-A1,US,20191220,G06F16/00,true,false,,ALIBABA GROUP HOLDING LTD,KY
60266184,US-2020125624-A1,US,20191220,G06F16/9566,true,false,,ALIBABA GROUP HOLDING LTD,KY
60266184,US-2020125624-A1,US,20191220,G06F16/9566,true,false,,ALIBABA GROUP HOLDING LTD,KY
60266184,US-2020125624-A1,US,20191220,G06F16/972,true,true,,ALIBABA GROUP HOLDING LTD,KY
60266184,US-2020125624-A1,US,20191220,G06F16/972,true,true,,ALIBABA GROUP HOLDING LTD,KY
60266184,US-2020125624-A1,US,20191220,G06F40/134,true,true,ai,ALIBABA GROUP HOLDING LTD,KY
60266184,US-2020125624-A1,US,20191220,G06F8/60,true,false,,ALIBABA GROUP HOLDING LTD,KY
60266184,US-2020125624-A1,US,20191220,G06F9/445,true,false,,ALIBABA GROUP HOLDING LTD,KY
60266184,US-2020125624-A1,US,20191220,G06F9/44505,true,false,,ALIBABA GROUP HOLDING LTD,KY
60266184,US-2020125624-A1,US,20191220,G06F9/4843,true,true,,ALIBABA GROUP HOLDING LTD,KY
60266184,US-2020125624-A1,US,20191220,H04L67/02,true,true,,ALIBABA GROUP HOLDING LTD,KY
60266184,WO-2017193864-A1,WO,20170504,G06F15/16,true,false,,ALIBABA GROUP HOLDING LTD | SHAO MINGBO,CN
60266184,WO-2017193864-A1,WO,20170504,G06F16/00,true,false,,ALIBABA GROUP HOLDING LTD | SHAO MINGBO,CN
60266184,WO-2017193864-A1,WO,20170504,G06F16/00,true,false,,ALIBABA GROUP HOLDING LTD | SHAO MINGBO,CN
60266184,WO-2017193864-A1,WO,20170504,G06F16/9566,true,false,,ALIBABA GROUP HOLDING LTD | SHAO MINGBO,CN
60266184,WO-2017193864-A1,WO,20170504,G06F16/972,true,true,,ALIBABA GROUP HOLDING LTD | SHAO MINGBO,CN
60266184,WO-2017193864-A1,WO,20170504,G06F40/134,true,true,ai,ALIBABA GROUP HOLDING LTD | SHAO MINGBO,CN
60266184,WO-2017193864-A1,WO,20170504,G06F8/60,true,false,,ALIBABA GROUP HOLDING LTD | SHAO MINGBO,CN
60266184,WO-2017193864-A1,WO,20170504,G06F9/445,true,false,,ALIBABA GROUP HOLDING LTD | SHAO MINGBO,CN
60266184,WO-2017193864-A1,WO,20170504,G06F9/44505,true,false,,ALIBABA GROUP HOLDING LTD | SHAO MINGBO,CN
60266184,WO-2017193864-A1,WO,20170504,G06F9/4843,true,true,,ALIBABA GROUP HOLDING LTD | SHAO MINGBO,CN
60266184,WO-2017193864-A1,WO,20170504,H04L67/02,true,true,,ALIBABA GROUP HOLDING LTD | SHAO MINGBO,CN
60483772,US-2017352037-A1,US,20160603,G06Q20/40145,true,true,fintech,TOP VICTORY INVEST LTD,HK
60483772,US-2017352037-A1,US,20160603,G06Q20/40145,true,true,fintech,TOP VICTORY INVEST LTD,HK
60483772,US-2017352037-A1,US,20160603,G06Q20/40145,true,true,fintech,TOP VICTORY INVEST LTD,HK
60483772,US-2017352037-A1,US,20160603,G06Q20/405,true,false,fintech,TOP VICTORY INVEST LTD,HK
60483772,US-2017352037-A1,US,20160603,G06Q20/405,true,false,fintech,TOP VICTORY INVEST LTD,HK
60483772,US-2017352037-A1,US,20160603,G08B25/12,true,false,,TOP VICTORY INVEST LTD,HK
60483772,US-2017352037-A1,US,20160603,G08B25/12,true,false,,TOP VICTORY INVEST LTD,HK
60483772,US-2017352037-A1,US,20160603,H04N5/225,true,false,,TOP VICTORY INVEST LTD,HK
60551970,CN-107456322-A,CN,20170906,A61B5/202,false,false,biomed,HUANG QITING,
60551970,CN-107456322-A,CN,20170906,A61B5/207,false,false,biomed,HUANG QITING,
60551970,CN-107456322-A,CN,20170906,A61B5/6808,true,true,biomed,HUANG QITING,
60551970,CN-107456322-A,CN,20170906,A61F13/42,true,true,biomed,HUANG QITING,
60551970,CN-107456322-A,CN,20170906,A61F13/42,true,false,biomed,HUANG QITING,
60551970,CN-107456322-A,CN,20170906,A61F13/42,true,false,biomed,HUANG QITING,
60551970,CN-107456322-A,CN,20170906,A61F13/49406,true,true,biomed,HUANG QITING,
60551970,CN-107456322-A,CN,20170906,A61F2013/424,false,false,biomed,HUANG QITING,
60551970,CN-107456322-A,CN,20170906,A61F2013/424,false,false,biomed,HUANG QITING,
60551970,CN-107456322-A,CN,20170906,A61F2013/424,false,false,biomed,HUANG QITING,
60551970,US-2019069845-A1,US,20170930,A61B5/202,false,false,biomed,WONG KEI TING,HK
60551970,US-2019069845-A1,US,20170930,A61B5/207,false,false,biomed,WONG KEI TING,HK
60551970,US-2019069845-A1,US,20170930,A61B5/207,false,false,biomed,WONG KEI TING,HK
60551970,US-2019069845-A1,US,20170930,A61B5/6808,true,true,biomed,WONG KEI TING,HK
60551970,US-2019069845-A1,US,20170930,A61B5/6808,true,true,biomed,WONG KEI TING,HK
60551970,US-2019069845-A1,US,20170930,A61F13/42,true,false,biomed,WONG KEI TING,HK
60551970,US-2019069845-A1,US,20170930,A61F13/42,true,true,biomed,WONG KEI TING,HK
60551970,US-2019069845-A1,US,20170930,A61F13/42,true,false,biomed,WONG KEI TING,HK
60551970,US-2019069845-A1,US,20170930,A61F13/42,true,false,biomed,WONG KEI TING,HK
60551970,US-2019069845-A1,US,20170930,A61F13/49406,true,true,biomed,WONG KEI TING,HK
60551970,US-2019069845-A1,US,20170930,A61F2013/424,false,false,biomed,WONG KEI TING,HK
60551970,US-2019069845-A1,US,20170930,A61F2013/424,false,false,biomed,WONG KEI TING,HK
60551970,US-2019069845-A1,US,20170930,A61F2013/424,false,false,biomed,WONG KEI TING,HK
60551970,WO-2019047263-A1,WO,20170915,A61B5/202,false,false,biomed,WONG KEI TING,CN
60551970,WO-2019047263-A1,WO,20170915,A61B5/207,false,false,biomed,WONG KEI TING,CN
60551970,WO-2019047263-A1,WO,20170915,A61B5/6808,true,true,biomed,WONG KEI TING,CN
60551970,WO-2019047263-A1,WO,20170915,A61F13/42,true,true,biomed,WONG KEI TING,CN
60551970,WO-2019047263-A1,WO,20170915,A61F13/42,true,false,biomed,WONG KEI TING,CN
60551970,WO-2019047263-A1,WO,20170915,A61F13/42,true,false,biomed,WONG KEI TING,CN
60551970,WO-2019047263-A1,WO,20170915,A61F13/49406,true,true,biomed,WONG KEI TING,CN
60551970,WO-2019047263-A1,WO,20170915,A61F2013/424,false,false,biomed,WONG KEI TING,CN
60551970,WO-2019047263-A1,WO,20170915,A61F2013/424,false,false,biomed,WONG KEI TING,CN
60551970,WO-2019047263-A1,WO,20170915,A61F2013/424,false,false,biomed,WONG KEI TING,CN
61108393,CN-107645533-A,CN,20160831,G06F21/316,true,false,,ALIBABA GROUP HOLDING LTD,
61108393,CN-107645533-A,CN,20160831,G06F21/316,true,false,,ALIBABA GROUP HOLDING LTD,
61108393,CN-107645533-A,CN,20160831,G06F21/552,true,false,,ALIBABA GROUP HOLDING LTD,
61108393,CN-107645533-A,CN,20160831,G06F21/552,true,false,,ALIBABA GROUP HOLDING LTD,
61108393,CN-107645533-A,CN,20160831,G06F21/554,true,false,,ALIBABA GROUP HOLDING LTD,
61108393,CN-107645533-A,CN,20160831,G06F21/554,true,false,,ALIBABA GROUP HOLDING LTD,
61108393,CN-107645533-A,CN,20160831,G06F21/57,true,true,,ALIBABA GROUP HOLDING LTD,
61108393,CN-107645533-A,CN,20160831,G06F21/57,true,true,,ALIBABA GROUP HOLDING LTD,
61108393,CN-107645533-A,CN,20160831,G06F21/57,true,true,,ALIBABA GROUP HOLDING LTD,
61108393,CN-107645533-A,CN,20160831,G06F2221/034,false,false,,ALIBABA GROUP HOLDING LTD,
61108393,CN-107645533-A,CN,20160831,G06F2221/034,false,false,,ALIBABA GROUP HOLDING LTD,
61108393,CN-107645533-A,CN,20160831,G06F2221/034,false,false,,ALIBABA GROUP HOLDING LTD,
61108393,CN-107645533-A,CN,20160831,G06F2221/2115,false,false,,ALIBABA GROUP HOLDING LTD,
61108393,CN-107645533-A,CN,20160831,G06F2221/2115,false,false,,ALIBABA GROUP HOLDING LTD,
61108393,CN-107645533-A,CN,20160831,G06Q20/4016,true,false,fintech,ALIBABA GROUP HOLDING LTD,
61108393,CN-107645533-A,CN,20160831,G06Q20/4016,true,false,fintech,ALIBABA GROUP HOLDING LTD,
61108393,CN-107645533-A,CN,20160831,H04L63/1425,true,false,,ALIBABA GROUP HOLDING LTD,
61108393,CN-107645533-A,CN,20160831,H04L63/1425,true,false,,ALIBABA GROUP HOLDING LTD,
61108393,EP-3507963-A1,EP,20170831,G06F21/316,true,false,,ALIBABA GROUP HOLDING LTD,KY
61108393,EP-3507963-A1,EP,20170831,G06F21/316,true,false,,ALIBABA GROUP HOLDING LTD,KY
61108393,EP-3507963-A1,EP,20170831,G06F21/552,true,false,,ALIBABA GROUP HOLDING LTD,KY
61108393,EP-3507963-A1,EP,20170831,G06F21/552,true,false,,ALIBABA GROUP HOLDING LTD,KY
61108393,EP-3507963-A1,EP,20170831,G06F21/554,true,false,,ALIBABA GROUP HOLDING LTD,KY
61108393,EP-3507963-A1,EP,20170831,G06F21/554,true,false,,ALIBABA GROUP HOLDING LTD,KY
61108393,EP-3507963-A1,EP,20170831,G06F21/57,true,true,,ALIBABA GROUP HOLDING LTD,KY
61108393,EP-3507963-A1,EP,20170831,G06F21/57,true,true,,ALIBABA GROUP HOLDING LTD,KY
61108393,EP-3507963-A1,EP,20170831,G06F21/57,true,true,,ALIBABA GROUP HOLDING LTD,KY
61108393,EP-3507963-A1,EP,20170831,G06F2221/034,false,false,,ALIBABA GROUP HOLDING LTD,KY
61108393,EP-3507963-A1,EP,20170831,G06F2221/034,false,false,,ALIBABA GROUP HOLDING LTD,KY
61108393,EP-3507963-A1,EP,20170831,G06F2221/034,false,false,,ALIBABA GROUP HOLDING LTD,KY
61108393,EP-3507963-A1,EP,20170831,G06F2221/2115,false,false,,ALIBABA GROUP HOLDING LTD,KY
61108393,EP-3507963-A1,EP,20170831,G06F2221/2115,false,false,,ALIBABA GROUP HOLDING LTD,KY
61108393,EP-3507963-A1,EP,20170831,G06Q20/4016,true,false,fintech,ALIBABA GROUP HOLDING LTD,KY
61108393,EP-3507963-A1,EP,20170831,G06Q20/4016,true,false,fintech,ALIBABA GROUP HOLDING LTD,KY
61108393,EP-3507963-A1,EP,20170831,H04L63/1425,true,false,,ALIBABA GROUP HOLDING LTD,KY
61108393,EP-3507963-A1,EP,20170831,H04L63/1425,true,false,,ALIBABA GROUP HOLDING LTD,KY
61108393,EP-3507963-A4,EP,20170831,G06F21/316,true,false,,ALIBABA GROUP HOLDING LTD,KY
61108393,EP-3507963-A4,EP,20170831,G06F21/316,true,false,,ALIBABA GROUP HOLDING LTD,KY
61108393,EP-3507963-A4,EP,20170831,G06F21/552,true,false,,ALIBABA GROUP HOLDING LTD,KY
61108393,EP-3507963-A4,EP,20170831,G06F21/552,true,false,,ALIBABA GROUP HOLDING LTD,KY
61108393,EP-3507963-A4,EP,20170831,G06F21/554,true,false,,ALIBABA GROUP HOLDING LTD,KY
61108393,EP-3507963-A4,EP,20170831,G06F21/554,true,false,,ALIBABA GROUP HOLDING LTD,KY
61108393,EP-3507963-A4,EP,20170831,G06F21/57,true,true,,ALIBABA GROUP HOLDING LTD,KY
61108393,EP-3507963-A4,EP,20170831,G06F21/57,true,true,,ALIBABA GROUP HOLDING LTD,KY
61108393,EP-3507963-A4,EP,20170831,G06F21/57,true,true,,ALIBABA GROUP HOLDING LTD,KY
61108393,EP-3507963-A4,EP,20170831,G06F2221/034,false,false,,ALIBABA GROUP HOLDING LTD,KY
61108393,EP-3507963-A4,EP,20170831,G06F2221/034,false,false,,ALIBABA GROUP HOLDING LTD,KY
61108393,EP-3507963-A4,EP,20170831,G06F2221/034,false,false,,ALIBABA GROUP HOLDING LTD,KY
61108393,EP-3507963-A4,EP,20170831,G06F2221/2115,false,false,,ALIBABA GROUP HOLDING LTD,KY
61108393,EP-3507963-A4,EP,20170831,G06F2221/2115,false,false,,ALIBABA GROUP HOLDING LTD,KY
61108393,EP-3507963-A4,EP,20170831,G06Q20/4016,true,false,fintech,ALIBABA GROUP HOLDING LTD,KY
61108393,EP-3507963-A4,EP,20170831,G06Q20/4016,true,false,fintech,ALIBABA GROUP HOLDING LTD,KY
61108393,EP-3507963-A4,EP,20170831,H04L63/1425,true,false,,ALIBABA GROUP HOLDING LTD,KY
61108393,EP-3507963-A4,EP,20170831,H04L63/1425,true,false,,ALIBABA GROUP HOLDING LTD,KY
61108393,EP-3507963-B1,EP,20170831,G06F21/316,true,false,,ADVANCED NEW TECHNOLOGIES CO LTD,KY
61108393,EP-3507963-B1,EP,20170831,G06F21/316,true,false,,ADVANCED NEW TECHNOLOGIES CO LTD,KY
61108393,EP-3507963-B1,EP,20170831,G06F21/552,true,false,,ADVANCED NEW TECHNOLOGIES CO LTD,KY
61108393,EP-3507963-B1,EP,20170831,G06F21/552,true,false,,ADVANCED NEW TECHNOLOGIES CO LTD,KY
61108393,EP-3507963-B1,EP,20170831,G06F21/554,true,false,,ADVANCED NEW TECHNOLOGIES CO LTD,KY
61108393,EP-3507963-B1,EP,20170831,G06F21/554,true,false,,ADVANCED NEW TECHNOLOGIES CO LTD,KY
61108393,EP-3507963-B1,EP,20170831,G06F21/57,true,true,,ADVANCED NEW TECHNOLOGIES CO LTD,KY
61108393,EP-3507963-B1,EP,20170831,G06F21/57,true,true,,ADVANCED NEW TECHNOLOGIES CO LTD,KY
61108393,EP-3507963-B1,EP,20170831,G06F21/57,true,true,,ADVANCED NEW TECHNOLOGIES CO LTD,KY
61108393,EP-3507963-B1,EP,20170831,G06F2221/034,false,false,,ADVANCED NEW TECHNOLOGIES CO LTD,KY
61108393,EP-3507963-B1,EP,20170831,G06F2221/034,false,false,,ADVANCED NEW TECHNOLOGIES CO LTD,KY
61108393,EP-3507963-B1,EP,20170831,G06F2221/034,false,false,,ADVANCED NEW TECHNOLOGIES CO LTD,KY
61108393,EP-3507963-B1,EP,20170831,G06F2221/2115,false,false,,ADVANCED NEW TECHNOLOGIES CO LTD,KY
61108393,EP-3507963-B1,EP,20170831,G06F2221/2115,false,false,,ADVANCED NEW TECHNOLOGIES CO LTD,KY
61108393,EP-3507963-B1,EP,20170831,G06Q20/4016,true,false,fintech,ADVANCED NEW TECHNOLOGIES CO LTD,KY
61108393,EP-3507963-B1,EP,20170831,G06Q20/4016,true,false,fintech,ADVANCED NEW TECHNOLOGIES CO LTD,KY
61108393,EP-3507963-B1,EP,20170831,H04L63/1425,true,false,,ADVANCED NEW TECHNOLOGIES CO LTD,KY
61108393,EP-3507963-B1,EP,20170831,H04L63/1425,true,false,,ADVANCED NEW TECHNOLOGIES CO LTD,KY
61108393,JP-2019533851-A,JP,20170831,G06F21/316,true,false,,,
61108393,JP-2019533851-A,JP,20170831,G06F21/316,true,false,,,
61108393,JP-2019533851-A,JP,20170831,G06F21/552,true,false,,,
61108393,JP-2019533851-A,JP,20170831,G06F21/552,true,false,,,
61108393,JP-2019533851-A,JP,20170831,G06F21/554,true,false,,,
61108393,JP-2019533851-A,JP,20170831,G06F21/554,true,false,,,
61108393,JP-2019533851-A,JP,20170831,G06F21/57,true,true,,,
61108393,JP-2019533851-A,JP,20170831,G06F21/57,true,true,,,
61108393,JP-2019533851-A,JP,20170831,G06F21/57,true,true,,,
61108393,JP-2019533851-A,JP,20170831,G06F2221/034,false,false,,,
61108393,JP-2019533851-A,JP,20170831,G06F2221/034,false,false,,,
61108393,JP-2019533851-A,JP,20170831,G06F2221/034,false,false,,,
61108393,JP-2019533851-A,JP,20170831,G06F2221/2115,false,false,,,
61108393,JP-2019533851-A,JP,20170831,G06F2221/2115,false,false,,,
61108393,JP-2019533851-A,JP,20170831,G06Q20/4016,true,false,fintech,,
61108393,JP-2019533851-A,JP,20170831,G06Q20/4016,true,false,fintech,,
61108393,JP-2019533851-A,JP,20170831,H04L63/1425,true,false,,,
61108393,JP-2019533851-A,JP,20170831,H04L63/1425,true,false,,,
61108393,JP-6788104-B2,JP,20170831,G06F21/316,true,false,,,
61108393,JP-6788104-B2,JP,20170831,G06F21/316,true,false,,,
61108393,JP-6788104-B2,JP,20170831,G06F21/552,true,false,,,
61108393,JP-6788104-B2,JP,20170831,G06F21/552,true,false,,,
61108393,JP-6788104-B2,JP,20170831,G06F21/554,true,false,,,
61108393,JP-6788104-B2,JP,20170831,G06F21/554,true,false,,,
61108393,JP-6788104-B2,JP,20170831,G06F21/57,true,true,,,
61108393,JP-6788104-B2,JP,20170831,G06F21/57,true,true,,,
61108393,JP-6788104-B2,JP,20170831,G06F21/57,true,true,,,
61108393,JP-6788104-B2,JP,20170831,G06F2221/034,false,false,,,
61108393,JP-6788104-B2,JP,20170831,G06F2221/034,false,false,,,
61108393,JP-6788104-B2,JP,20170831,G06F2221/034,false,false,,,
61108393,JP-6788104-B2,JP,20170831,G06F2221/2115,false,false,,,
61108393,JP-6788104-B2,JP,20170831,G06F2221/2115,false,false,,,
61108393,JP-6788104-B2,JP,20170831,G06Q20/4016,true,false,fintech,,
61108393,JP-6788104-B2,JP,20170831,G06Q20/4016,true,false,fintech,,
61108393,JP-6788104-B2,JP,20170831,H04L63/1425,true,false,,,
61108393,JP-6788104-B2,JP,20170831,H04L63/1425,true,false,,,
61108393,KR-102233078-B1,KR,20170831,G06F21/316,true,false,,,
61108393,KR-102233078-B1,KR,20170831,G06F21/316,true,false,,,
61108393,KR-102233078-B1,KR,20170831,G06F21/552,true,false,,,
61108393,KR-102233078-B1,KR,20170831,G06F21/552,true,false,,,
61108393,KR-102233078-B1,KR,20170831,G06F21/554,true,false,,,
61108393,KR-102233078-B1,KR,20170831,G06F21/554,true,false,,,
61108393,KR-102233078-B1,KR,20170831,G06F21/57,true,true,,,
61108393,KR-102233078-B1,KR,20170831,G06F21/57,true,true,,,
61108393,KR-102233078-B1,KR,20170831,G06F21/57,true,true,,,
61108393,KR-102233078-B1,KR,20170831,G06F21/57,true,true,,,
61108393,KR-102233078-B1,KR,20170831,G06F2221/034,false,false,,,
61108393,KR-102233078-B1,KR,20170831,G06F2221/034,false,false,,,
61108393,KR-102233078-B1,KR,20170831,G06F2221/034,false,false,,,
61108393,KR-102233078-B1,KR,20170831,G06F2221/034,false,false,,,
61108393,KR-102233078-B1,KR,20170831,G06F2221/2115,false,false,,,
61108393,KR-102233078-B1,KR,20170831,G06F2221/2115,false,false,,,
61108393,KR-102233078-B1,KR,20170831,G06Q20/4016,true,false,fintech,,
61108393,KR-102233078-B1,KR,20170831,G06Q20/4016,true,false,fintech,,
61108393,KR-102233078-B1,KR,20170831,H04L63/1425,true,false,,,
61108393,KR-102233078-B1,KR,20170831,H04L63/1425,true,false,,,
61108393,KR-20190042080-A,KR,20170831,G06F21/316,true,false,,ALIBABA GROUP HOLDING LTD,KY
61108393,KR-20190042080-A,KR,20170831,G06F21/316,true,false,,ALIBABA GROUP HOLDING LTD,KY
61108393,KR-20190042080-A,KR,20170831,G06F21/552,true,false,,ALIBABA GROUP HOLDING LTD,KY
61108393,KR-20190042080-A,KR,20170831,G06F21/552,true,false,,ALIBABA GROUP HOLDING LTD,KY
61108393,KR-20190042080-A,KR,20170831,G06F21/554,true,false,,ALIBABA GROUP HOLDING LTD,KY
61108393,KR-20190042080-A,KR,20170831,G06F21/554,true,false,,ALIBABA GROUP HOLDING LTD,KY
61108393,KR-20190042080-A,KR,20170831,G06F21/57,true,true,,ALIBABA GROUP HOLDING LTD,KY
61108393,KR-20190042080-A,KR,20170831,G06F21/57,true,true,,ALIBABA GROUP HOLDING LTD,KY
61108393,KR-20190042080-A,KR,20170831,G06F21/57,true,true,,ALIBABA GROUP HOLDING LTD,KY
61108393,KR-20190042080-A,KR,20170831,G06F21/57,true,true,,ALIBABA GROUP HOLDING LTD,KY
61108393,KR-20190042080-A,KR,20170831,G06F2221/034,false,false,,ALIBABA GROUP HOLDING LTD,KY
61108393,KR-20190042080-A,KR,20170831,G06F2221/034,false,false,,ALIBABA GROUP HOLDING LTD,KY
61108393,KR-20190042080-A,KR,20170831,G06F2221/034,false,false,,ALIBABA GROUP HOLDING LTD,KY
61108393,KR-20190042080-A,KR,20170831,G06F2221/034,false,false,,ALIBABA GROUP HOLDING LTD,KY
61108393,KR-20190042080-A,KR,20170831,G06F2221/2115,false,false,,ALIBABA GROUP HOLDING LTD,KY
61108393,KR-20190042080-A,KR,20170831,G06F2221/2115,false,false,,ALIBABA GROUP HOLDING LTD,KY
61108393,KR-20190042080-A,KR,20170831,G06Q20/4016,true,false,fintech,ALIBABA GROUP HOLDING LTD,KY
61108393,KR-20190042080-A,KR,20170831,G06Q20/4016,true,false,fintech,ALIBABA GROUP HOLDING LTD,KY
61108393,KR-20190042080-A,KR,20170831,H04L63/1425,true,false,,ALIBABA GROUP HOLDING LTD,KY
61108393,KR-20190042080-A,KR,20170831,H04L63/1425,true,false,,ALIBABA GROUP HOLDING LTD,KY
61108393,MY-194851-A,MY,20170831,G06F21/316,true,false,,ADVANCED NEW TECHNOLOGIES CO LTD,KY
61108393,MY-194851-A,MY,20170831,G06F21/316,true,false,,ADVANCED NEW TECHNOLOGIES CO LTD,KY
61108393,MY-194851-A,MY,20170831,G06F21/552,true,false,,ADVANCED NEW TECHNOLOGIES CO LTD,KY
61108393,MY-194851-A,MY,20170831,G06F21/552,true,false,,ADVANCED NEW TECHNOLOGIES CO LTD,KY
61108393,MY-194851-A,MY,20170831,G06F21/554,true,false,,ADVANCED NEW TECHNOLOGIES CO LTD,KY
61108393,MY-194851-A,MY,20170831,G06F21/554,true,false,,ADVANCED NEW TECHNOLOGIES CO LTD,KY
61108393,MY-194851-A,MY,20170831,G06F21/57,true,true,,ADVANCED NEW TECHNOLOGIES CO LTD,KY
61108393,MY-194851-A,MY,20170831,G06F21/57,true,true,,ADVANCED NEW TECHNOLOGIES CO LTD,KY
61108393,MY-194851-A,MY,20170831,G06F21/57,true,true,,ADVANCED NEW TECHNOLOGIES CO LTD,KY
61108393,MY-194851-A,MY,20170831,G06F2221/034,false,false,,ADVANCED NEW TECHNOLOGIES CO LTD,KY
61108393,MY-194851-A,MY,20170831,G06F2221/034,false,false,,ADVANCED NEW TECHNOLOGIES CO LTD,KY
61108393,MY-194851-A,MY,20170831,G06F2221/034,false,false,,ADVANCED NEW TECHNOLOGIES CO LTD,KY
61108393,MY-194851-A,MY,20170831,G06F2221/2115,false,false,,ADVANCED NEW TECHNOLOGIES CO LTD,KY
61108393,MY-194851-A,MY,20170831,G06F2221/2115,false,false,,ADVANCED NEW TECHNOLOGIES CO LTD,KY
61108393,MY-194851-A,MY,20170831,G06Q20/4016,true,false,fintech,ADVANCED NEW TECHNOLOGIES CO LTD,KY
61108393,MY-194851-A,MY,20170831,G06Q20/4016,true,false,fintech,ADVANCED NEW TECHNOLOGIES CO LTD,KY
61108393,MY-194851-A,MY,20170831,H04L63/1425,true,false,,ADVANCED NEW TECHNOLOGIES CO LTD,KY
61108393,MY-194851-A,MY,20170831,H04L63/1425,true,false,,ADVANCED NEW TECHNOLOGIES CO LTD,KY
61108393,PH-12019500450-A1,PH,20190228,G06F21/316,true,false,,ALIBABA GROUP HOLDING LTD,US
61108393,PH-12019500450-A1,PH,20190228,G06F21/316,true,false,,ALIBABA GROUP HOLDING LTD,US
61108393,PH-12019500450-A1,PH,20190228,G06F21/552,true,false,,ALIBABA GROUP HOLDING LTD,US
61108393,PH-12019500450-A1,PH,20190228,G06F21/552,true,false,,ALIBABA GROUP HOLDING LTD,US
61108393,PH-12019500450-A1,PH,20190228,G06F21/554,true,false,,ALIBABA GROUP HOLDING LTD,US
61108393,PH-12019500450-A1,PH,20190228,G06F21/554,true,false,,ALIBABA GROUP HOLDING LTD,US
61108393,PH-12019500450-A1,PH,20190228,G06F21/57,true,true,,ALIBABA GROUP HOLDING LTD,US
61108393,PH-12019500450-A1,PH,20190228,G06F21/57,true,true,,ALIBABA GROUP HOLDING LTD,US
61108393,PH-12019500450-A1,PH,20190228,G06F21/57,true,true,,ALIBABA GROUP HOLDING LTD,US
61108393,PH-12019500450-A1,PH,20190228,G06F2221/034,false,false,,ALIBABA GROUP HOLDING LTD,US
61108393,PH-12019500450-A1,PH,20190228,G06F2221/034,false,false,,ALIBABA GROUP HOLDING LTD,US
61108393,PH-12019500450-A1,PH,20190228,G06F2221/034,false,false,,ALIBABA GROUP HOLDING LTD,US
61108393,PH-12019500450-A1,PH,20190228,G06F2221/2115,false,false,,ALIBABA GROUP HOLDING LTD,US
61108393,PH-12019500450-A1,PH,20190228,G06F2221/2115,false,false,,ALIBABA GROUP HOLDING LTD,US
61108393,PH-12019500450-A1,PH,20190228,G06Q20/4016,true,false,fintech,ALIBABA GROUP HOLDING LTD,US
61108393,PH-12019500450-A1,PH,20190228,G06Q20/4016,true,false,fintech,ALIBABA GROUP HOLDING LTD,US
61108393,PH-12019500450-A1,PH,20190228,H04L63/1425,true,false,,ALIBABA GROUP HOLDING LTD,US
61108393,PH-12019500450-A1,PH,20190228,H04L63/1425,true,false,,ALIBABA GROUP HOLDING LTD,US
61108393,SG-11201901595P-A,SG,20170831,G06F21/316,true,false,,ALIBABA GROUP HOLDING LTD,
61108393,SG-11201901595P-A,SG,20170831,G06F21/316,true,false,,ALIBABA GROUP HOLDING LTD,
61108393,SG-11201901595P-A,SG,20170831,G06F21/552,true,false,,ALIBABA GROUP HOLDING LTD,
61108393,SG-11201901595P-A,SG,20170831,G06F21/552,true,false,,ALIBABA GROUP HOLDING LTD,
61108393,SG-11201901595P-A,SG,20170831,G06F21/554,true,false,,ALIBABA GROUP HOLDING LTD,
61108393,SG-11201901595P-A,SG,20170831,G06F21/554,true,false,,ALIBABA GROUP HOLDING LTD,
61108393,SG-11201901595P-A,SG,20170831,G06F21/57,true,true,,ALIBABA GROUP HOLDING LTD,
61108393,SG-11201901595P-A,SG,20170831,G06F21/57,true,true,,ALIBABA GROUP HOLDING LTD,
61108393,SG-11201901595P-A,SG,20170831,G06F21/57,true,true,,ALIBABA GROUP HOLDING LTD,
61108393,SG-11201901595P-A,SG,20170831,G06F2221/034,false,false,,ALIBABA GROUP HOLDING LTD,
61108393,SG-11201901595P-A,SG,20170831,G06F2221/034,false,false,,ALIBABA GROUP HOLDING LTD,
61108393,SG-11201901595P-A,SG,20170831,G06F2221/034,false,false,,ALIBABA GROUP HOLDING LTD,
61108393,SG-11201901595P-A,SG,20170831,G06F2221/2115,false,false,,ALIBABA GROUP HOLDING LTD,
61108393,SG-11201901595P-A,SG,20170831,G06F2221/2115,false,false,,ALIBABA GROUP HOLDING LTD,
61108393,SG-11201901595P-A,SG,20170831,G06Q20/4016,true,false,fintech,ALIBABA GROUP HOLDING LTD,
61108393,SG-11201901595P-A,SG,20170831,G06Q20/4016,true,false,fintech,ALIBABA GROUP HOLDING LTD,
61108393,SG-11201901595P-A,SG,20170831,H04L63/1425,true,false,,ALIBABA GROUP HOLDING LTD,
61108393,SG-11201901595P-A,SG,20170831,H04L63/1425,true,false,,ALIBABA GROUP HOLDING LTD,
61108393,TW-201812668-A,TW,20170515,G06F21/316,true,false,,ALIBABA GROUP SERVICES LTD,HK
61108393,TW-201812668-A,TW,20170515,G06F21/316,true,false,,ALIBABA GROUP SERVICES LTD,HK
61108393,TW-201812668-A,TW,20170515,G06F21/552,true,false,,ALIBABA GROUP SERVICES LTD,HK
61108393,TW-201812668-A,TW,20170515,G06F21/552,true,false,,ALIBABA GROUP SERVICES LTD,HK
61108393,TW-201812668-A,TW,20170515,G06F21/554,true,false,,ALIBABA GROUP SERVICES LTD,HK
61108393,TW-201812668-A,TW,20170515,G06F21/554,true,false,,ALIBABA GROUP SERVICES LTD,HK
61108393,TW-201812668-A,TW,20170515,G06F21/57,true,true,,ALIBABA GROUP SERVICES LTD,HK
61108393,TW-201812668-A,TW,20170515,G06F21/57,true,true,,ALIBABA GROUP SERVICES LTD,HK
61108393,TW-201812668-A,TW,20170515,G06F21/57,true,true,,ALIBABA GROUP SERVICES LTD,HK
61108393,TW-201812668-A,TW,20170515,G06F2221/034,false,false,,ALIBABA GROUP SERVICES LTD,HK
61108393,TW-201812668-A,TW,20170515,G06F2221/034,false,false,,ALIBABA GROUP SERVICES LTD,HK
61108393,TW-201812668-A,TW,20170515,G06F2221/034,false,false,,ALIBABA GROUP SERVICES LTD,HK
61108393,TW-201812668-A,TW,20170515,G06F2221/2115,false,false,,ALIBABA GROUP SERVICES LTD,HK
61108393,TW-201812668-A,TW,20170515,G06F2221/2115,false,false,,ALIBABA GROUP SERVICES LTD,HK
61108393,TW-201812668-A,TW,20170515,G06Q20/4016,true,false,fintech,ALIBABA GROUP SERVICES LTD,HK
61108393,TW-201812668-A,TW,20170515,G06Q20/4016,true,false,fintech,ALIBABA GROUP SERVICES LTD,HK
61108393,TW-201812668-A,TW,20170515,H04L63/1425,true,false,,ALIBABA GROUP SERVICES LTD,HK
61108393,TW-201812668-A,TW,20170515,H04L63/1425,true,false,,ALIBABA GROUP SERVICES LTD,HK
61108393,TW-I676913-B,TW,20170515,G06F21/316,true,false,,ALIBABA GROUP SERVICES LTD,HK
61108393,TW-I676913-B,TW,20170515,G06F21/316,true,false,,ALIBABA GROUP SERVICES LTD,HK
61108393,TW-I676913-B,TW,20170515,G06F21/552,true,false,,ALIBABA GROUP SERVICES LTD,HK
61108393,TW-I676913-B,TW,20170515,G06F21/552,true,false,,ALIBABA GROUP SERVICES LTD,HK
61108393,TW-I676913-B,TW,20170515,G06F21/554,true,false,,ALIBABA GROUP SERVICES LTD,HK
61108393,TW-I676913-B,TW,20170515,G06F21/554,true,false,,ALIBABA GROUP SERVICES LTD,HK
61108393,TW-I676913-B,TW,20170515,G06F21/57,true,true,,ALIBABA GROUP SERVICES LTD,HK
61108393,TW-I676913-B,TW,20170515,G06F21/57,true,true,,ALIBABA GROUP SERVICES LTD,HK
61108393,TW-I676913-B,TW,20170515,G06F21/57,true,true,,ALIBABA GROUP SERVICES LTD,HK
61108393,TW-I676913-B,TW,20170515,G06F2221/034,false,false,,ALIBABA GROUP SERVICES LTD,HK
61108393,TW-I676913-B,TW,20170515,G06F2221/034,false,false,,ALIBABA GROUP SERVICES LTD,HK
61108393,TW-I676913-B,TW,20170515,G06F2221/034,false,false,,ALIBABA GROUP SERVICES LTD,HK
61108393,TW-I676913-B,TW,20170515,G06F2221/2115,false,false,,ALIBABA GROUP SERVICES LTD,HK
61108393,TW-I676913-B,TW,20170515,G06F2221/2115,false,false,,ALIBABA GROUP SERVICES LTD,HK
61108393,TW-I676913-B,TW,20170515,G06Q20/4016,true,false,fintech,ALIBABA GROUP SERVICES LTD,HK
61108393,TW-I676913-B,TW,20170515,G06Q20/4016,true,false,fintech,ALIBABA GROUP SERVICES LTD,HK
61108393,TW-I676913-B,TW,20170515,H04L63/1425,true,false,,ALIBABA GROUP SERVICES LTD,HK
61108393,TW-I676913-B,TW,20170515,H04L63/1425,true,false,,ALIBABA GROUP SERVICES LTD,HK
61108393,US-10417426-B2,US,20170830,G06F21/316,true,false,,ALIBABA GROUP HOLDING LTD,KY
61108393,US-10417426-B2,US,20170830,G06F21/316,true,false,,ALIBABA GROUP HOLDING LTD,KY
61108393,US-10417426-B2,US,20170830,G06F21/552,true,false,,ALIBABA GROUP HOLDING LTD,KY
61108393,US-10417426-B2,US,20170830,G06F21/552,true,false,,ALIBABA GROUP HOLDING LTD,KY
61108393,US-10417426-B2,US,20170830,G06F21/554,true,false,,ALIBABA GROUP HOLDING LTD,KY
61108393,US-10417426-B2,US,20170830,G06F21/554,true,false,,ALIBABA GROUP HOLDING LTD,KY
61108393,US-10417426-B2,US,20170830,G06F21/57,true,true,,ALIBABA GROUP HOLDING LTD,KY
61108393,US-10417426-B2,US,20170830,G06F21/57,true,true,,ALIBABA GROUP HOLDING LTD,KY
61108393,US-10417426-B2,US,20170830,G06F21/57,true,true,,ALIBABA GROUP HOLDING LTD,KY
61108393,US-10417426-B2,US,20170830,G06F21/57,true,true,,ALIBABA GROUP HOLDING LTD,KY
61108393,US-10417426-B2,US,20170830,G06F2221/034,false,false,,ALIBABA GROUP HOLDING LTD,KY
61108393,US-10417426-B2,US,20170830,G06F2221/034,false,false,,ALIBABA GROUP HOLDING LTD,KY
61108393,US-10417426-B2,US,20170830,G06F2221/034,false,false,,ALIBABA GROUP HOLDING LTD,KY
61108393,US-10417426-B2,US,20170830,G06F2221/034,false,false,,ALIBABA GROUP HOLDING LTD,KY
61108393,US-10417426-B2,US,20170830,G06F2221/2115,false,false,,ALIBABA GROUP HOLDING LTD,KY
61108393,US-10417426-B2,US,20170830,G06F2221/2115,false,false,,ALIBABA GROUP HOLDING LTD,KY
61108393,US-10417426-B2,US,20170830,G06Q20/4016,true,false,fintech,ALIBABA GROUP HOLDING LTD,KY
61108393,US-10417426-B2,US,20170830,G06Q20/4016,true,false,fintech,ALIBABA GROUP HOLDING LTD,KY
61108393,US-10417426-B2,US,20170830,H04L63/1425,true,false,,ALIBABA GROUP HOLDING LTD,KY
61108393,US-10417426-B2,US,20170830,H04L63/1425,true,false,,ALIBABA GROUP HOLDING LTD,KY
61108393,US-2018060587-A1,US,20170830,G06F21/316,true,false,,ALIBABA GROUP HOLDING LTD,KY
61108393,US-2018060587-A1,US,20170830,G06F21/316,true,false,,ALIBABA GROUP HOLDING LTD,KY
61108393,US-2018060587-A1,US,20170830,G06F21/552,true,false,,ALIBABA GROUP HOLDING LTD,KY
61108393,US-2018060587-A1,US,20170830,G06F21/552,true,false,,ALIBABA GROUP HOLDING LTD,KY
61108393,US-2018060587-A1,US,20170830,G06F21/554,true,false,,ALIBABA GROUP HOLDING LTD,KY
61108393,US-2018060587-A1,US,20170830,G06F21/554,true,false,,ALIBABA GROUP HOLDING LTD,KY
61108393,US-2018060587-A1,US,20170830,G06F21/57,true,true,,ALIBABA GROUP HOLDING LTD,KY
61108393,US-2018060587-A1,US,20170830,G06F21/57,true,true,,ALIBABA GROUP HOLDING LTD,KY
61108393,US-2018060587-A1,US,20170830,G06F21/57,true,true,,ALIBABA GROUP HOLDING LTD,KY
61108393,US-2018060587-A1,US,20170830,G06F21/57,true,true,,ALIBABA GROUP HOLDING LTD,KY
61108393,US-2018060587-A1,US,20170830,G06F2221/034,false,false,,ALIBABA GROUP HOLDING LTD,KY
61108393,US-2018060587-A1,US,20170830,G06F2221/034,false,false,,ALIBABA GROUP HOLDING LTD,KY
61108393,US-2018060587-A1,US,20170830,G06F2221/034,false,false,,ALIBABA GROUP HOLDING LTD,KY
61108393,US-2018060587-A1,US,20170830,G06F2221/034,false,false,,ALIBABA GROUP HOLDING LTD,KY
61108393,US-2018060587-A1,US,20170830,G06F2221/2115,false,false,,ALIBABA GROUP HOLDING LTD,KY
61108393,US-2018060587-A1,US,20170830,G06F2221/2115,false,false,,ALIBABA GROUP HOLDING LTD,KY
61108393,US-2018060587-A1,US,20170830,G06Q20/4016,true,false,fintech,ALIBABA GROUP HOLDING LTD,KY
61108393,US-2018060587-A1,US,20170830,G06Q20/4016,true,false,fintech,ALIBABA GROUP HOLDING LTD,KY
61108393,US-2018060587-A1,US,20170830,H04L63/1425,true,false,,ALIBABA GROUP HOLDING LTD,KY
61108393,US-2018060587-A1,US,20170830,H04L63/1425,true,false,,ALIBABA GROUP HOLDING LTD,KY
61108393,WO-2018045191-A1,WO,20170831,G06F21/316,true,false,,ALIBABA GROUP HOLDING LTD,US
61108393,WO-2018045191-A1,WO,20170831,G06F21/316,true,false,,ALIBABA GROUP HOLDING LTD,US
61108393,WO-2018045191-A1,WO,20170831,G06F21/552,true,false,,ALIBABA GROUP HOLDING LTD,US
61108393,WO-2018045191-A1,WO,20170831,G06F21/552,true,false,,ALIBABA GROUP HOLDING LTD,US
61108393,WO-2018045191-A1,WO,20170831,G06F21/554,true,false,,ALIBABA GROUP HOLDING LTD,US
61108393,WO-2018045191-A1,WO,20170831,G06F21/554,true,false,,ALIBABA GROUP HOLDING LTD,US
61108393,WO-2018045191-A1,WO,20170831,G06F21/57,true,true,,ALIBABA GROUP HOLDING LTD,US
61108393,WO-2018045191-A1,WO,20170831,G06F21/57,true,true,,ALIBABA GROUP HOLDING LTD,US
61108393,WO-2018045191-A1,WO,20170831,G06F21/57,true,true,,ALIBABA GROUP HOLDING LTD,US
61108393,WO-2018045191-A1,WO,20170831,G06F2221/034,false,false,,ALIBABA GROUP HOLDING LTD,US
61108393,WO-2018045191-A1,WO,20170831,G06F2221/034,false,false,,ALIBABA GROUP HOLDING LTD,US
61108393,WO-2018045191-A1,WO,20170831,G06F2221/034,false,false,,ALIBABA GROUP HOLDING LTD,US
61108393,WO-2018045191-A1,WO,20170831,G06F2221/2115,false,false,,ALIBABA GROUP HOLDING LTD,US
61108393,WO-2018045191-A1,WO,20170831,G06F2221/2115,false,false,,ALIBABA GROUP HOLDING LTD,US
61108393,WO-2018045191-A1,WO,20170831,G06Q20/4016,true,false,fintech,ALIBABA GROUP HOLDING LTD,US
61108393,WO-2018045191-A1,WO,20170831,G06Q20/4016,true,false,fintech,ALIBABA GROUP HOLDING LTD,US
61108393,WO-2018045191-A1,WO,20170831,H04L63/1425,true,false,,ALIBABA GROUP HOLDING LTD,US
61108393,WO-2018045191-A1,WO,20170831,H04L63/1425,true,false,,ALIBABA GROUP HOLDING LTD,US
62488197,US-10231897-B2,US,20171211,A61H5/00,true,true,biomed,UNIV HONG KONG POLYTECHNIC,HK
62488197,US-10231897-B2,US,20171211,A61H5/00,true,true,biomed,UNIV HONG KONG POLYTECHNIC,HK
62488197,US-10231897-B2,US,20171211,A61H99/00,true,false,biomed,UNIV HONG KONG POLYTECHNIC,HK
62488197,US-10231897-B2,US,20171211,A61H99/00,true,false,biomed,UNIV HONG KONG POLYTECHNIC,HK
62488197,US-2018161231-A1,US,20171211,A61H5/00,true,true,biomed,UNIV HONG KONG POLYTECHNIC,HK
62488197,US-2018161231-A1,US,20171211,A61H5/00,true,true,biomed,UNIV HONG KONG POLYTECHNIC,HK
62488197,US-2018161231-A1,US,20171211,A61H99/00,true,false,biomed,UNIV HONG KONG POLYTECHNIC,HK
63709484,SG-10201702952P-A,SG,20170410,G06F16/285,true,false,,MASTERCARD ASIA PACIFIC PTE LTD,SG
63709484,SG-10201702952P-A,SG,20170410,G06Q40/12,true,true,fintech,MASTERCARD ASIA PACIFIC PTE LTD,SG
63709484,SG-10201702952P-A,SG,20170410,G06Q40/12,true,true,fintech,MASTERCARD ASIA PACIFIC PTE LTD,SG
63709484,US-2018293667-A1,US,20180405,G06F16/285,true,false,,MASTERCARD ASIA PACIFIC PTE LTD,SG
63709484,US-2018293667-A1,US,20180405,G06F17/30598,true,false,,MASTERCARD ASIA PACIFIC PTE LTD,SG
63709484,US-2018293667-A1,US,20180405,G06Q40/12,true,true,fintech,MASTERCARD ASIA PACIFIC PTE LTD,SG
63709484,US-2018293667-A1,US,20180405,G06Q40/12,true,true,fintech,MASTERCARD ASIA PACIFIC PTE LTD,SG
63709484,US-2018293667-A1,US,20180405,G06Q40/12,true,true,fintech,MASTERCARD ASIA PACIFIC PTE LTD,SG
63778258,CN-108667618-A,CN,20180510,G06F16/1824,true,false,,ALIBABA GROUP HOLDING LTD,
63778258,CN-108667618-A,CN,20180510,G06Q20/38215,true,true,fintech,ALIBABA GROUP HOLDING LTD,
63778258,CN-108667618-A,CN,20180510,G06Q20/3829,true,false,fintech,ALIBABA GROUP HOLDING LTD,
63778258,CN-108667618-A,CN,20180510,H04L63/0823,true,false,,ALIBABA GROUP HOLDING LTD,
63778258,CN-108667618-A,CN,20180510,H04L9/3239,true,true,,ALIBABA GROUP HOLDING LTD,
63778258,CN-108667618-A,CN,20180510,H04L9/3247,true,true,,ALIBABA GROUP HOLDING LTD,
63778258,CN-108667618-A,CN,20180510,H04L9/3263,true,false,,ALIBABA GROUP HOLDING LTD,
63778258,CN-108667618-A,CN,20180510,H04L9/3263,true,false,,ALIBABA GROUP HOLDING LTD,
63778258,CN-108667618-A,CN,20180510,H04L9/3268,true,false,,ALIBABA GROUP HOLDING LTD,
63778258,CN-108667618-A,CN,20180510,H04L9/50,true,false,,ALIBABA GROUP HOLDING LTD,
63778258,CN-108667618-A,CN,20180510,H04L9/50,false,false,,ALIBABA GROUP HOLDING LTD,
63778258,CN-108667618-B,CN,20180510,G06F16/1824,true,false,,,
63778258,CN-108667618-B,CN,20180510,G06Q20/38215,true,true,fintech,,
63778258,CN-108667618-B,CN,20180510,G06Q20/3829,true,false,fintech,,
63778258,CN-108667618-B,CN,20180510,H04L63/0823,true,false,,,
63778258,CN-108667618-B,CN,20180510,H04L9/3239,true,true,,,
63778258,CN-108667618-B,CN,20180510,H04L9/3247,true,true,,,
63778258,CN-108667618-B,CN,20180510,H04L9/3263,true,false,,,
63778258,CN-108667618-B,CN,20180510,H04L9/3263,true,false,,,
63778258,CN-108667618-B,CN,20180510,H04L9/3268,true,false,,,
63778258,CN-108667618-B,CN,20180510,H04L9/50,true,false,,,
63778258,CN-108667618-B,CN,20180510,H04L9/50,false,false,,,
63778258,EP-3701466-A1,EP,20190509,G06F16/1824,true,false,,ALIBABA GROUP HOLDING LTD,KY
63778258,EP-3701466-A1,EP,20190509,G06Q20/38215,true,true,fintech,ALIBABA GROUP HOLDING LTD,KY
63778258,EP-3701466-A1,EP,20190509,G06Q20/3829,true,false,fintech,ALIBABA GROUP HOLDING LTD,KY
63778258,EP-3701466-A1,EP,20190509,H04L63/0823,true,false,,ALIBABA GROUP HOLDING LTD,KY
63778258,EP-3701466-A1,EP,20190509,H04L9/3239,true,true,,ALIBABA GROUP HOLDING LTD,KY
63778258,EP-3701466-A1,EP,20190509,H04L9/3247,true,true,,ALIBABA GROUP HOLDING LTD,KY
63778258,EP-3701466-A1,EP,20190509,H04L9/3263,true,false,,ALIBABA GROUP HOLDING LTD,KY
63778258,EP-3701466-A1,EP,20190509,H04L9/3263,true,false,,ALIBABA GROUP HOLDING LTD,KY
63778258,EP-3701466-A1,EP,20190509,H04L9/3268,true,false,,ALIBABA GROUP HOLDING LTD,KY
63778258,EP-3701466-A1,EP,20190509,H04L9/50,true,false,,ALIBABA GROUP HOLDING LTD,KY
63778258,EP-3701466-A1,EP,20190509,H04L9/50,false,false,,ALIBABA GROUP HOLDING LTD,KY
63778258,EP-3701466-A4,EP,20190509,G06F16/1824,true,false,,ALIBABA GROUP HOLDING LTD,KY
63778258,EP-3701466-A4,EP,20190509,G06Q20/38215,true,true,fintech,ALIBABA GROUP HOLDING LTD,KY
63778258,EP-3701466-A4,EP,20190509,G06Q20/3829,true,false,fintech,ALIBABA GROUP HOLDING LTD,KY
63778258,EP-3701466-A4,EP,20190509,H04L63/0823,true,false,,ALIBABA GROUP HOLDING LTD,KY
63778258,EP-3701466-A4,EP,20190509,H04L9/3239,true,true,,ALIBABA GROUP HOLDING LTD,KY
63778258,EP-3701466-A4,EP,20190509,H04L9/3247,true,true,,ALIBABA GROUP HOLDING LTD,KY
63778258,EP-3701466-A4,EP,20190509,H04L9/3263,true,false,,ALIBABA GROUP HOLDING LTD,KY
63778258,EP-3701466-A4,EP,20190509,H04L9/3263,true,false,,ALIBABA GROUP HOLDING LTD,KY
63778258,EP-3701466-A4,EP,20190509,H04L9/3268,true,false,,ALIBABA GROUP HOLDING LTD,KY
63778258,EP-3701466-A4,EP,20190509,H04L9/50,true,false,,ALIBABA GROUP HOLDING LTD,KY
63778258,EP-3701466-A4,EP,20190509,H04L9/50,false,false,,ALIBABA GROUP HOLDING LTD,KY
63778258,EP-3701466-B1,EP,20190509,G06F16/1824,true,false,,ADVANCED NEW TECHNOLOGIES CO LTD,KY
63778258,EP-3701466-B1,EP,20190509,G06Q20/38215,true,true,fintech,ADVANCED NEW TECHNOLOGIES CO LTD,KY
63778258,EP-3701466-B1,EP,20190509,G06Q20/3829,true,false,fintech,ADVANCED NEW TECHNOLOGIES CO LTD,KY
63778258,EP-3701466-B1,EP,20190509,H04L63/0823,true,false,,ADVANCED NEW TECHNOLOGIES CO LTD,KY
63778258,EP-3701466-B1,EP,20190509,H04L9/3239,true,true,,ADVANCED NEW TECHNOLOGIES CO LTD,KY
63778258,EP-3701466-B1,EP,20190509,H04L9/3247,true,true,,ADVANCED NEW TECHNOLOGIES CO LTD,KY
63778258,EP-3701466-B1,EP,20190509,H04L9/3263,true,false,,ADVANCED NEW TECHNOLOGIES CO LTD,KY
63778258,EP-3701466-B1,EP,20190509,H04L9/3263,true,false,,ADVANCED NEW TECHNOLOGIES CO LTD,KY
63778258,EP-3701466-B1,EP,20190509,H04L9/3268,true,false,,ADVANCED NEW TECHNOLOGIES CO LTD,KY
63778258,EP-3701466-B1,EP,20190509,H04L9/50,true,false,,ADVANCED NEW TECHNOLOGIES CO LTD,KY
63778258,EP-3701466-B1,EP,20190509,H04L9/50,false,false,,ADVANCED NEW TECHNOLOGIES CO LTD,KY
63778258,SG-11202004695X-A,SG,20190509,G06F16/1824,true,false,,ALIBABA GROUP HOLDING LTD,
63778258,SG-11202004695X-A,SG,20190509,G06Q20/38215,true,true,fintech,ALIBABA GROUP HOLDING LTD,
63778258,SG-11202004695X-A,SG,20190509,G06Q20/3829,true,false,fintech,ALIBABA GROUP HOLDING LTD,
63778258,SG-11202004695X-A,SG,20190509,H04L63/0823,true,false,,ALIBABA GROUP HOLDING LTD,
63778258,SG-11202004695X-A,SG,20190509,H04L9/3239,true,true,,ALIBABA GROUP HOLDING LTD,
63778258,SG-11202004695X-A,SG,20190509,H04L9/3247,true,true,,ALIBABA GROUP HOLDING LTD,
63778258,SG-11202004695X-A,SG,20190509,H04L9/3263,true,false,,ALIBABA GROUP HOLDING LTD,
63778258,SG-11202004695X-A,SG,20190509,H04L9/3263,true,false,,ALIBABA GROUP HOLDING LTD,
63778258,SG-11202004695X-A,SG,20190509,H04L9/3268,true,false,,ALIBABA GROUP HOLDING LTD,
63778258,SG-11202004695X-A,SG,20190509,H04L9/50,true,false,,ALIBABA GROUP HOLDING LTD,
63778258,SG-11202004695X-A,SG,20190509,H04L9/50,false,false,,ALIBABA GROUP HOLDING LTD,
63778258,TW-201947436-A,TW,20181129,G06F16/1824,true,false,,ALIBABA GROUP SERVICES LTD,HK
63778258,TW-201947436-A,TW,20181129,G06Q20/38215,true,true,fintech,ALIBABA GROUP SERVICES LTD,HK
63778258,TW-201947436-A,TW,20181129,G06Q20/3829,true,false,fintech,ALIBABA GROUP SERVICES LTD,HK
63778258,TW-201947436-A,TW,20181129,H04L63/0823,true,false,,ALIBABA GROUP SERVICES LTD,HK
63778258,TW-201947436-A,TW,20181129,H04L9/3239,true,true,,ALIBABA GROUP SERVICES LTD,HK
63778258,TW-201947436-A,TW,20181129,H04L9/3247,true,true,,ALIBABA GROUP SERVICES LTD,HK
63778258,TW-201947436-A,TW,20181129,H04L9/3263,true,false,,ALIBABA GROUP SERVICES LTD,HK
63778258,TW-201947436-A,TW,20181129,H04L9/3263,true,false,,ALIBABA GROUP SERVICES LTD,HK
63778258,TW-201947436-A,TW,20181129,H04L9/3268,true,false,,ALIBABA GROUP SERVICES LTD,HK
63778258,TW-201947436-A,TW,20181129,H04L9/50,true,false,,ALIBABA GROUP SERVICES LTD,HK
63778258,TW-201947436-A,TW,20181129,H04L9/50,false,false,,ALIBABA GROUP SERVICES LTD,HK
63778258,TW-I696933-B,TW,20181129,G06F16/1824,true,false,,ALIBABA GROUP SERVICES LTD,HK
63778258,TW-I696933-B,TW,20181129,G06Q20/38215,true,true,fintech,ALIBABA GROUP SERVICES LTD,HK
63778258,TW-I696933-B,TW,20181129,G06Q20/3829,true,false,fintech,ALIBABA GROUP SERVICES LTD,HK
63778258,TW-I696933-B,TW,20181129,H04L63/0823,true,false,,ALIBABA GROUP SERVICES LTD,HK
63778258,TW-I696933-B,TW,20181129,H04L9/3239,true,true,,ALIBABA GROUP SERVICES LTD,HK
63778258,TW-I696933-B,TW,20181129,H04L9/3247,true,true,,ALIBABA GROUP SERVICES LTD,HK
63778258,TW-I696933-B,TW,20181129,H04L9/3263,true,false,,ALIBABA GROUP SERVICES LTD,HK
63778258,TW-I696933-B,TW,20181129,H04L9/3263,true,false,,ALIBABA GROUP SERVICES LTD,HK
63778258,TW-I696933-B,TW,20181129,H04L9/3268,true,false,,ALIBABA GROUP SERVICES LTD,HK
63778258,TW-I696933-B,TW,20181129,H04L9/50,true,false,,ALIBABA GROUP SERVICES LTD,HK
63778258,TW-I696933-B,TW,20181129,H04L9/50,false,false,,ALIBABA GROUP SERVICES LTD,HK
63778258,US-10891612-B2,US,20190510,G06F16/1824,true,false,,ADVANCED NEW TECHNOLOGIES CO LTD,KY
63778258,US-10891612-B2,US,20190510,G06F16/1824,true,false,,ADVANCED NEW TECHNOLOGIES CO LTD,KY
63778258,US-10891612-B2,US,20190510,G06Q20/38215,true,true,fintech,ADVANCED NEW TECHNOLOGIES CO LTD,KY
63778258,US-10891612-B2,US,20190510,G06Q20/38215,true,true,fintech,ADVANCED NEW TECHNOLOGIES CO LTD,KY
63778258,US-10891612-B2,US,20190510,G06Q20/3829,true,false,fintech,ADVANCED NEW TECHNOLOGIES CO LTD,KY
63778258,US-10891612-B2,US,20190510,G06Q20/3829,true,false,fintech,ADVANCED NEW TECHNOLOGIES CO LTD,KY
63778258,US-10891612-B2,US,20190510,H04L2209/38,false,false,,ADVANCED NEW TECHNOLOGIES CO LTD,KY
63778258,US-10891612-B2,US,20190510,H04L63/0823,true,false,,ADVANCED NEW TECHNOLOGIES CO LTD,KY
63778258,US-10891612-B2,US,20190510,H04L9/3239,true,true,,ADVANCED NEW TECHNOLOGIES CO LTD,KY
63778258,US-10891612-B2,US,20190510,H04L9/3247,true,true,,ADVANCED NEW TECHNOLOGIES CO LTD,KY
63778258,US-10891612-B2,US,20190510,H04L9/3263,true,false,,ADVANCED NEW TECHNOLOGIES CO LTD,KY
63778258,US-10891612-B2,US,20190510,H04L9/3263,true,false,,ADVANCED NEW TECHNOLOGIES CO LTD,KY
63778258,US-10891612-B2,US,20190510,H04L9/3263,true,false,,ADVANCED NEW TECHNOLOGIES CO LTD,KY
63778258,US-10891612-B2,US,20190510,H04L9/3268,true,false,,ADVANCED NEW TECHNOLOGIES CO LTD,KY
63778258,US-10891612-B2,US,20190510,H04L9/50,true,false,,ADVANCED NEW TECHNOLOGIES CO LTD,KY
63778258,US-10891612-B2,US,20190510,H04L9/50,false,false,,ADVANCED NEW TECHNOLOGIES CO LTD,KY
63778258,US-2019347656-A1,US,20190510,G06F16/1824,true,false,,ALIBABA GROUP HOLDING LTD,KY
63778258,US-2019347656-A1,US,20190510,G06F16/1824,true,false,,ALIBABA GROUP HOLDING LTD,KY
63778258,US-2019347656-A1,US,20190510,G06Q20/38215,true,true,fintech,ALIBABA GROUP HOLDING LTD,KY
63778258,US-2019347656-A1,US,20190510,G06Q20/38215,true,true,fintech,ALIBABA GROUP HOLDING LTD,KY
63778258,US-2019347656-A1,US,20190510,G06Q20/3829,true,false,fintech,ALIBABA GROUP HOLDING LTD,KY
63778258,US-2019347656-A1,US,20190510,G06Q20/3829,true,false,fintech,ALIBABA GROUP HOLDING LTD,KY
63778258,US-2019347656-A1,US,20190510,H04L2209/38,false,false,,ALIBABA GROUP HOLDING LTD,KY
63778258,US-2019347656-A1,US,20190510,H04L63/0823,true,false,,ALIBABA GROUP HOLDING LTD,KY
63778258,US-2019347656-A1,US,20190510,H04L9/3239,true,true,,ALIBABA GROUP HOLDING LTD,KY
63778258,US-2019347656-A1,US,20190510,H04L9/3247,true,true,,ALIBABA GROUP HOLDING LTD,KY
63778258,US-2019347656-A1,US,20190510,H04L9/3263,true,false,,ALIBABA GROUP HOLDING LTD,KY
63778258,US-2019347656-A1,US,20190510,H04L9/3263,true,false,,ALIBABA GROUP HOLDING LTD,KY
63778258,US-2019347656-A1,US,20190510,H04L9/3263,true,false,,ALIBABA GROUP HOLDING LTD,KY
63778258,US-2019347656-A1,US,20190510,H04L9/3268,true,false,,ALIBABA GROUP HOLDING LTD,KY
63778258,US-2019347656-A1,US,20190510,H04L9/50,true,false,,ALIBABA GROUP HOLDING LTD,KY
63778258,US-2019347656-A1,US,20190510,H04L9/50,false,false,,ALIBABA GROUP HOLDING LTD,KY
63778258,WO-2019217724-A1,WO,20190509,G06F16/1824,true,false,,ALIBABA GROUP HOLDING LTD,US
63778258,WO-2019217724-A1,WO,20190509,G06Q20/38215,true,true,fintech,ALIBABA GROUP HOLDING LTD,US
63778258,WO-2019217724-A1,WO,20190509,G06Q20/3829,true,false,fintech,ALIBABA GROUP HOLDING LTD,US
63778258,WO-2019217724-A1,WO,20190509,H04L63/0823,true,false,,ALIBABA GROUP HOLDING LTD,US
63778258,WO-2019217724-A1,WO,20190509,H04L9/3239,true,true,,ALIBABA GROUP HOLDING LTD,US
63778258,WO-2019217724-A1,WO,20190509,H04L9/3247,true,true,,ALIBABA GROUP HOLDING LTD,US
63778258,WO-2019217724-A1,WO,20190509,H04L9/3263,true,false,,ALIBABA GROUP HOLDING LTD,US
63778258,WO-2019217724-A1,WO,20190509,H04L9/3263,true,false,,ALIBABA GROUP HOLDING LTD,US
63778258,WO-2019217724-A1,WO,20190509,H04L9/3268,true,false,,ALIBABA GROUP HOLDING LTD,US
63778258,WO-2019217724-A1,WO,20190509,H04L9/50,true,false,,ALIBABA GROUP HOLDING LTD,US
63778258,WO-2019217724-A1,WO,20190509,H04L9/50,false,false,,ALIBABA GROUP HOLDING LTD,US
64837163,CN-109087106-A,CN,20180703,G06Q20/322,true,false,fintech,ALIBABA GROUP HOLDING LTD,
64837163,CN-109087106-A,CN,20180703,G06Q20/3255,true,false,fintech,ALIBABA GROUP HOLDING LTD,
64837163,CN-109087106-A,CN,20180703,G06Q20/386,true,true,fintech,ALIBABA GROUP HOLDING LTD,
64837163,CN-109087106-A,CN,20180703,G06Q20/4016,true,true,fintech,ALIBABA GROUP HOLDING LTD,
64837163,CN-109087106-A,CN,20180703,G06Q20/4016,true,false,fintech,ALIBABA GROUP HOLDING LTD,
64837163,CN-109087106-A,CN,20180703,G06Q30/0185,true,false,,ALIBABA GROUP HOLDING LTD,
64837163,CN-109087106-B,CN,20180703,G06Q20/322,true,false,fintech,,
64837163,CN-109087106-B,CN,20180703,G06Q20/3255,true,false,fintech,,
64837163,CN-109087106-B,CN,20180703,G06Q20/386,true,true,fintech,,
64837163,CN-109087106-B,CN,20180703,G06Q20/4016,true,false,fintech,,
64837163,CN-109087106-B,CN,20180703,G06Q20/4016,true,true,fintech,,
64837163,CN-109087106-B,CN,20180703,G06Q30/0185,true,false,,,
64837163,TW-202006620-A,TW,20190506,G06Q20/322,true,false,fintech,ALIBABA GROUP SERVICES LTD,HK
64837163,TW-202006620-A,TW,20190506,G06Q20/3255,true,false,fintech,ALIBABA GROUP SERVICES LTD,HK
64837163,TW-202006620-A,TW,20190506,G06Q20/386,true,true,fintech,ALIBABA GROUP SERVICES LTD,HK
64837163,TW-202006620-A,TW,20190506,G06Q20/4016,true,true,fintech,ALIBABA GROUP SERVICES LTD,HK
64837163,TW-202006620-A,TW,20190506,G06Q20/4016,true,false,fintech,ALIBABA GROUP SERVICES LTD,HK
64837163,TW-202006620-A,TW,20190506,G06Q30/0185,true,false,,ALIBABA GROUP SERVICES LTD,HK
64837163,TW-I782205-B,TW,20190506,G06Q20/322,true,false,fintech,ADVANCED NEW TECHNOLOGIES CO LTD,KY
64837163,TW-I782205-B,TW,20190506,G06Q20/3255,true,false,fintech,ADVANCED NEW TECHNOLOGIES CO LTD,KY
64837163,TW-I782205-B,TW,20190506,G06Q20/386,true,true,fintech,ADVANCED NEW TECHNOLOGIES CO LTD,KY
64837163,TW-I782205-B,TW,20190506,G06Q20/4016,true,true,fintech,ADVANCED NEW TECHNOLOGIES CO LTD,KY
64837163,TW-I782205-B,TW,20190506,G06Q20/4016,true,false,fintech,ADVANCED NEW TECHNOLOGIES CO LTD,KY
64837163,TW-I782205-B,TW,20190506,G06Q30/0185,true,false,,ADVANCED NEW TECHNOLOGIES CO LTD,KY
64837163,WO-2020007153-A1,WO,20190604,G06Q20/322,true,false,fintech,ALIBABA GROUP HOLDING LTD,CN
64837163,WO-2020007153-A1,WO,20190604,G06Q20/3255,true,false,fintech,ALIBABA GROUP HOLDING LTD,CN
64837163,WO-2020007153-A1,WO,20190604,G06Q20/386,true,true,fintech,ALIBABA GROUP HOLDING LTD,CN
64837163,WO-2020007153-A1,WO,20190604,G06Q20/4016,true,true,fintech,ALIBABA GROUP HOLDING LTD,CN
64837163,WO-2020007153-A1,WO,20190604,G06Q20/4016,true,false,fintech,ALIBABA GROUP HOLDING LTD,CN
64837163,WO-2020007153-A1,WO,20190604,G06Q30/0185,true,false,,ALIBABA GROUP HOLDING LTD,CN
65233627,US-2021166481-A1,US,20180804,G06F8/38,true,true,,ZYETRIC ENTERPRISE LTD,HK
65233627,US-2021166481-A1,US,20180804,G06F8/38,true,true,,ZYETRIC ENTERPRISE LTD,HK
65233627,US-2021166481-A1,US,20180804,G06K9/00664,true,false,,ZYETRIC ENTERPRISE LTD,HK
65233627,US-2021166481-A1,US,20180804,G06K9/4661,true,false,,ZYETRIC ENTERPRISE LTD,HK
65233627,US-2021166481-A1,US,20180804,G06T19/006,true,false,,ZYETRIC ENTERPRISE LTD,HK
65233627,US-2021166481-A1,US,20180804,G06T19/006,true,true,,ZYETRIC ENTERPRISE LTD,HK
65233627,US-2021166481-A1,US,20180804,G06V20/10,true,false,ai,ZYETRIC ENTERPRISE LTD,HK
65233627,US-2021166481-A1,US,20180804,G06V20/20,true,false,ai,ZYETRIC ENTERPRISE LTD,HK
65233627,US-2021166481-A1,US,20180804,G06V20/20,true,false,ai,ZYETRIC ENTERPRISE LTD,HK
65233627,US-2021166481-A1,US,20180804,G06V40/28,true,false,ai,ZYETRIC ENTERPRISE LTD,HK
65233627,US-2021166481-A1,US,20180804,G06V40/28,true,false,ai,ZYETRIC ENTERPRISE LTD,HK
65233627,WO-2019026052-A1,WO,20180804,G06F8/38,true,true,,ZYETRIC ENTERPRISE LTD,CN
65233627,WO-2019026052-A1,WO,20180804,G06F8/38,true,true,,ZYETRIC ENTERPRISE LTD,CN
65233627,WO-2019026052-A1,WO,20180804,G06T19/006,true,false,,ZYETRIC ENTERPRISE LTD,CN
65233627,WO-2019026052-A1,WO,20180804,G06V20/10,true,false,ai,ZYETRIC ENTERPRISE LTD,CN
65233627,WO-2019026052-A1,WO,20180804,G06V20/20,true,false,ai,ZYETRIC ENTERPRISE LTD,CN
65233627,WO-2019026052-A1,WO,20180804,G06V20/20,true,false,ai,ZYETRIC ENTERPRISE LTD,CN
65233627,WO-2019026052-A1,WO,20180804,G06V40/28,true,false,ai,ZYETRIC ENTERPRISE LTD,CN
65233627,WO-2019026052-A1,WO,20180804,G06V40/28,true,false,ai,ZYETRIC ENTERPRISE LTD,CN
65296601,CN-109344295-A,CN,20180824,G06F16/2237,true,false,,ALIBABA GROUP HOLDING LTD,
65296601,CN-109344295-A,CN,20180824,G06F16/901,true,false,,ALIBABA GROUP HOLDING LTD,
65296601,CN-109344295-A,CN,20180824,G06F16/9024,true,true,,ALIBABA GROUP HOLDING LTD,
65296601,CN-109344295-A,CN,20180824,G06F16/9024,true,true,,ALIBABA GROUP HOLDING LTD,
65296601,CN-109344295-A,CN,20180824,G06N20/00,true,false,ai,ALIBABA GROUP HOLDING LTD,
65296601,CN-109344295-B,CN,20180824,G06F16/2237,true,false,,,
65296601,CN-109344295-B,CN,20180824,G06F16/901,true,false,,,
65296601,CN-109344295-B,CN,20180824,G06F16/9024,true,true,,,
65296601,CN-109344295-B,CN,20180824,G06F16/9024,true,true,,,
65296601,CN-109344295-B,CN,20180824,G06N20/00,true,false,ai,,
65296601,EP-3779731-A1,EP,20190710,G06F16/2237,true,false,,ADVANCED NEW TECHNOLOGIES CO LTD,KY
65296601,EP-3779731-A1,EP,20190710,G06F16/901,true,false,,ADVANCED NEW TECHNOLOGIES CO LTD,KY
65296601,EP-3779731-A1,EP,20190710,G06F16/9024,true,true,,ADVANCED NEW TECHNOLOGIES CO LTD,KY
65296601,EP-3779731-A1,EP,20190710,G06F16/9024,true,true,,ADVANCED NEW TECHNOLOGIES CO LTD,KY
65296601,EP-3779731-A1,EP,20190710,G06N20/00,true,false,ai,ADVANCED NEW TECHNOLOGIES CO LTD,KY
65296601,EP-3779731-A4,EP,20190710,G06F16/2237,true,false,,ADVANCED NEW TECHNOLOGIES CO LTD,KY
65296601,EP-3779731-A4,EP,20190710,G06F16/901,true,false,,ADVANCED NEW TECHNOLOGIES CO LTD,KY
65296601,EP-3779731-A4,EP,20190710,G06F16/9024,true,true,,ADVANCED NEW TECHNOLOGIES CO LTD,KY
65296601,EP-3779731-A4,EP,20190710,G06F16/9024,true,true,,ADVANCED NEW TECHNOLOGIES CO LTD,KY
65296601,EP-3779731-A4,EP,20190710,G06N20/00,true,false,ai,ADVANCED NEW TECHNOLOGIES CO LTD,KY
65296601,SG-11202010746S-A,SG,20190710,G06F16/2237,true,false,,ADVANCED NEW TECHNOLOGIES CO LTD,
65296601,SG-11202010746S-A,SG,20190710,G06F16/901,true,false,,ADVANCED NEW TECHNOLOGIES CO LTD,
65296601,SG-11202010746S-A,SG,20190710,G06F16/9024,true,true,,ADVANCED NEW TECHNOLOGIES CO LTD,
65296601,SG-11202010746S-A,SG,20190710,G06F16/9024,true,true,,ADVANCED NEW TECHNOLOGIES CO LTD,
65296601,SG-11202010746S-A,SG,20190710,G06N20/00,true,false,ai,ADVANCED NEW TECHNOLOGIES CO LTD,
65296601,TW-202029014-A,TW,20190620,G06F16/2237,true,false,,ALIBABA GROUP SERVICES LTD,HK
65296601,TW-202029014-A,TW,20190620,G06F16/901,true,false,,ALIBABA GROUP SERVICES LTD,HK
65296601,TW-202029014-A,TW,20190620,G06F16/9024,true,true,,ALIBABA GROUP SERVICES LTD,HK
65296601,TW-202029014-A,TW,20190620,G06F16/9024,true,true,,ALIBABA GROUP SERVICES LTD,HK
65296601,TW-202029014-A,TW,20190620,G06N20/00,true,false,ai,ALIBABA GROUP SERVICES LTD,HK
65296601,TW-I703460-B,TW,20190620,G06F16/2237,true,false,,ALIBABA GROUP SERVICES LTD,HK
65296601,TW-I703460-B,TW,20190620,G06F16/901,true,false,,ALIBABA GROUP SERVICES LTD,HK
65296601,TW-I703460-B,TW,20190620,G06F16/9024,true,true,,ALIBABA GROUP SERVICES LTD,HK
65296601,TW-I703460-B,TW,20190620,G06F16/9024,true,true,,ALIBABA GROUP SERVICES LTD,HK
65296601,TW-I703460-B,TW,20190620,G06N20/00,true,false,ai,ALIBABA GROUP SERVICES LTD,HK
65296601,US-11074295-B2,US,20201030,G06F16/2237,true,false,,ADVANCED NEW TECHNOLOGIES CO LTD,KY
65296601,US-11074295-B2,US,20201030,G06F16/2237,true,false,,ADVANCED NEW TECHNOLOGIES CO LTD,KY
65296601,US-11074295-B2,US,20201030,G06F16/901,true,false,,ADVANCED NEW TECHNOLOGIES CO LTD,KY
65296601,US-11074295-B2,US,20201030,G06F16/9024,true,true,,ADVANCED NEW TECHNOLOGIES CO LTD,KY
65296601,US-11074295-B2,US,20201030,G06F16/9024,true,true,,ADVANCED NEW TECHNOLOGIES CO LTD,KY
65296601,US-11074295-B2,US,20201030,G06F16/9024,true,true,,ADVANCED NEW TECHNOLOGIES CO LTD,KY
65296601,US-11074295-B2,US,20201030,G06N20/00,true,false,ai,ADVANCED NEW TECHNOLOGIES CO LTD,KY
65296601,US-11074295-B2,US,20201030,G06N20/00,true,false,ai,ADVANCED NEW TECHNOLOGIES CO LTD,KY
65296601,US-2021049209-A1,US,20201030,G06F16/2237,true,false,,ADVANCED NEW TECHNOLOGIES CO LTD,KY
65296601,US-2021049209-A1,US,20201030,G06F16/2237,true,false,,ADVANCED NEW TECHNOLOGIES CO LTD,KY
65296601,US-2021049209-A1,US,20201030,G06F16/901,true,false,,ADVANCED NEW TECHNOLOGIES CO LTD,KY
65296601,US-2021049209-A1,US,20201030,G06F16/9024,true,true,,ADVANCED NEW TECHNOLOGIES CO LTD,KY
65296601,US-2021049209-A1,US,20201030,G06F16/9024,true,true,,ADVANCED NEW TECHNOLOGIES CO LTD,KY
65296601,US-2021049209-A1,US,20201030,G06F16/9024,true,true,,ADVANCED NEW TECHNOLOGIES CO LTD,KY
65296601,US-2021049209-A1,US,20201030,G06N20/00,true,false,ai,ADVANCED NEW TECHNOLOGIES CO LTD,KY
65296601,US-2021049209-A1,US,20201030,G06N20/00,true,false,ai,ADVANCED NEW TECHNOLOGIES CO LTD,KY
65296601,WO-2020038141-A1,WO,20190710,G06F16/2237,true,false,,ALIBABA GROUP HOLDING LTD,CN
65296601,WO-2020038141-A1,WO,20190710,G06F16/901,true,false,,ALIBABA GROUP HOLDING LTD,CN
65296601,WO-2020038141-A1,WO,20190710,G06F16/9024,true,true,,ALIBABA GROUP HOLDING LTD,CN
65296601,WO-2020038141-A1,WO,20190710,G06F16/9024,true,true,,ALIBABA GROUP HOLDING LTD,CN
65296601,WO-2020038141-A1,WO,20190710,G06N20/00,true,false,ai,ALIBABA GROUP HOLDING LTD,CN
66734787,CN-111448239-A,CN,20181204,A01N33/12,true,true,,AGENCY SCIENCE TECH & RES | IBM,
66734787,CN-111448239-A,CN,20181204,A01N33/12,true,false,,AGENCY SCIENCE TECH & RES | IBM,
66734787,CN-111448239-A,CN,20181204,A01N33/12,true,false,,AGENCY SCIENCE TECH & RES | IBM,
66734787,CN-111448239-A,CN,20181204,A01N37/30,true,false,,AGENCY SCIENCE TECH & RES | IBM,
66734787,CN-111448239-A,CN,20181204,A01N37/30,true,true,,AGENCY SCIENCE TECH & RES | IBM,
66734787,CN-111448239-A,CN,20181204,A01N37/30,true,true,,AGENCY SCIENCE TECH & RES | IBM,
66734787,CN-111448239-A,CN,20181204,A01N43/50,true,false,,AGENCY SCIENCE TECH & RES | IBM,
66734787,CN-111448239-A,CN,20181204,A01N43/50,true,false,,AGENCY SCIENCE TECH & RES | IBM,
66734787,CN-111448239-A,CN,20181204,A01N43/50,true,false,,AGENCY SCIENCE TECH & RES | IBM,
66734787,CN-111448239-A,CN,20181204,C07C231/12,true,false,,AGENCY SCIENCE TECH & RES | IBM,
66734787,CN-111448239-A,CN,20181204,C07C233/78,true,false,,AGENCY SCIENCE TECH & RES | IBM,
66734787,CN-111448239-A,CN,20181204,C07C233/78,true,false,,AGENCY SCIENCE TECH & RES | IBM,
66734787,CN-111448239-A,CN,20181204,C07C233/78,true,false,,AGENCY SCIENCE TECH & RES | IBM,
66734787,CN-111448239-A,CN,20181204,C07D233/61,true,false,biomed,AGENCY SCIENCE TECH & RES | IBM,
66734787,CN-111448239-A,CN,20181204,C07D233/61,true,false,biomed,AGENCY SCIENCE TECH & RES | IBM,
66734787,CN-111448239-A,CN,20181204,C07D233/61,true,false,biomed,AGENCY SCIENCE TECH & RES | IBM,
66734787,CN-111448239-B,CN,20181204,A01N33/12,true,true,,,
66734787,CN-111448239-B,CN,20181204,A01N33/12,true,false,,,
66734787,CN-111448239-B,CN,20181204,A01N33/12,true,false,,,
66734787,CN-111448239-B,CN,20181204,A01N37/30,true,true,,,
66734787,CN-111448239-B,CN,20181204,A01N37/30,true,true,,,
66734787,CN-111448239-B,CN,20181204,A01N37/30,true,false,,,
66734787,CN-111448239-B,CN,20181204,A01N43/50,true,false,,,
66734787,CN-111448239-B,CN,20181204,A01N43/50,true,false,,,
66734787,CN-111448239-B,CN,20181204,A01N43/50,true,false,,,
66734787,CN-111448239-B,CN,20181204,C07C231/12,true,false,,,
66734787,CN-111448239-B,CN,20181204,C07C233/78,true,false,,,
66734787,CN-111448239-B,CN,20181204,C07C233/78,true,false,,,
66734787,CN-111448239-B,CN,20181204,C07C233/78,true,false,,,
66734787,CN-111448239-B,CN,20181204,C07D233/61,true,false,biomed,,
66734787,CN-111448239-B,CN,20181204,C07D233/61,true,false,biomed,,
66734787,CN-111448239-B,CN,20181204,C07D233/61,true,false,biomed,,
66734787,DE-112018005729-B4,DE,20181204,A01N33/12,true,false,,AGENCY SCIENCE TECH & RES | IBM,"SG,US"
66734787,DE-112018005729-B4,DE,20181204,A01N33/12,true,true,,AGENCY SCIENCE TECH & RES | IBM,"SG,US"
66734787,DE-112018005729-B4,DE,20181204,A01N33/12,true,false,,AGENCY SCIENCE TECH & RES | IBM,"SG,US"
66734787,DE-112018005729-B4,DE,20181204,A01N37/30,true,true,,AGENCY SCIENCE TECH & RES | IBM,"SG,US"
66734787,DE-112018005729-B4,DE,20181204,A01N37/30,true,true,,AGENCY SCIENCE TECH & RES | IBM,"SG,US"
66734787,DE-112018005729-B4,DE,20181204,A01N37/30,true,false,,AGENCY SCIENCE TECH & RES | IBM,"SG,US"
66734787,DE-112018005729-B4,DE,20181204,A01N43/50,true,false,,AGENCY SCIENCE TECH & RES | IBM,"SG,US"
66734787,DE-112018005729-B4,DE,20181204,A01N43/50,true,false,,AGENCY SCIENCE TECH & RES | IBM,"SG,US"
66734787,DE-112018005729-B4,DE,20181204,A01N43/50,true,false,,AGENCY SCIENCE TECH & RES | IBM,"SG,US"
66734787,DE-112018005729-B4,DE,20181204,C07C231/12,true,false,,AGENCY SCIENCE TECH & RES | IBM,"SG,US"
66734787,DE-112018005729-B4,DE,20181204,C07C233/78,true,false,,AGENCY SCIENCE TECH & RES | IBM,"SG,US"
66734787,DE-112018005729-B4,DE,20181204,C07C233/78,true,false,,AGENCY SCIENCE TECH & RES | IBM,"SG,US"
66734787,DE-112018005729-B4,DE,20181204,C07C233/78,true,false,,AGENCY SCIENCE TECH & RES | IBM,"SG,US"
66734787,DE-112018005729-B4,DE,20181204,C07D233/61,true,false,biomed,AGENCY SCIENCE TECH & RES | IBM,"SG,US"
66734787,DE-112018005729-B4,DE,20181204,C07D233/61,true,false,biomed,AGENCY SCIENCE TECH & RES | IBM,"SG,US"
66734787,DE-112018005729-B4,DE,20181204,C07D233/61,true,false,biomed,AGENCY SCIENCE TECH & RES | IBM,"SG,US"
66734787,DE-112018005729-T5,DE,20181204,A01N33/12,true,false,,AGENCY SCIENCE TECH & RES | IBM,"SG,US"
66734787,DE-112018005729-T5,DE,20181204,A01N33/12,true,true,,AGENCY SCIENCE TECH & RES | IBM,"SG,US"
66734787,DE-112018005729-T5,DE,20181204,A01N33/12,true,false,,AGENCY SCIENCE TECH & RES | IBM,"SG,US"
66734787,DE-112018005729-T5,DE,20181204,A01N37/30,true,false,,AGENCY SCIENCE TECH & RES | IBM,"SG,US"
66734787,DE-112018005729-T5,DE,20181204,A01N37/30,true,true,,AGENCY SCIENCE TECH & RES | IBM,"SG,US"
66734787,DE-112018005729-T5,DE,20181204,A01N37/30,true,true,,AGENCY SCIENCE TECH & RES | IBM,"SG,US"
66734787,DE-112018005729-T5,DE,20181204,A01N43/50,true,false,,AGENCY SCIENCE TECH & RES | IBM,"SG,US"
66734787,DE-112018005729-T5,DE,20181204,A01N43/50,true,false,,AGENCY SCIENCE TECH & RES | IBM,"SG,US"
66734787,DE-112018005729-T5,DE,20181204,A01N43/50,true,false,,AGENCY SCIENCE TECH & RES | IBM,"SG,US"
66734787,DE-112018005729-T5,DE,20181204,C07C231/12,true,false,,AGENCY SCIENCE TECH & RES | IBM,"SG,US"
66734787,DE-112018005729-T5,DE,20181204,C07C233/78,true,false,,AGENCY SCIENCE TECH & RES | IBM,"SG,US"
66734787,DE-112018005729-T5,DE,20181204,C07C233/78,true,false,,AGENCY SCIENCE TECH & RES | IBM,"SG,US"
66734787,DE-112018005729-T5,DE,20181204,C07C233/78,true,false,,AGENCY SCIENCE TECH & RES | IBM,"SG,US"
66734787,DE-112018005729-T5,DE,20181204,C07D233/61,true,false,biomed,AGENCY SCIENCE TECH & RES | IBM,"SG,US"
66734787,DE-112018005729-T5,DE,20181204,C07D233/61,true,false,biomed,AGENCY SCIENCE TECH & RES | IBM,"SG,US"
66734787,DE-112018005729-T5,DE,20181204,C07D233/61,true,false,biomed,AGENCY SCIENCE TECH & RES | IBM,"SG,US"
66734787,GB-202010334-D0,GB,20181204,A01N33/12,true,true,,AGENCY SCIENCE TECH & RES | IBM,
66734787,GB-202010334-D0,GB,20181204,A01N33/12,true,false,,AGENCY SCIENCE TECH & RES | IBM,
66734787,GB-202010334-D0,GB,20181204,A01N33/12,true,false,,AGENCY SCIENCE TECH & RES | IBM,
66734787,GB-202010334-D0,GB,20181204,A01N37/30,true,false,,AGENCY SCIENCE TECH & RES | IBM,
66734787,GB-202010334-D0,GB,20181204,A01N37/30,true,true,,AGENCY SCIENCE TECH & RES | IBM,
66734787,GB-202010334-D0,GB,20181204,A01N37/30,true,true,,AGENCY SCIENCE TECH & RES | IBM,
66734787,GB-202010334-D0,GB,20181204,A01N43/50,true,false,,AGENCY SCIENCE TECH & RES | IBM,
66734787,GB-202010334-D0,GB,20181204,A01N43/50,true,false,,AGENCY SCIENCE TECH & RES | IBM,
66734787,GB-202010334-D0,GB,20181204,A01N43/50,true,false,,AGENCY SCIENCE TECH & RES | IBM,
66734787,GB-202010334-D0,GB,20181204,C07C231/12,true,false,,AGENCY SCIENCE TECH & RES | IBM,
66734787,GB-202010334-D0,GB,20181204,C07C233/78,true,false,,AGENCY SCIENCE TECH & RES | IBM,
66734787,GB-202010334-D0,GB,20181204,C07C233/78,true,false,,AGENCY SCIENCE TECH & RES | IBM,
66734787,GB-202010334-D0,GB,20181204,C07C233/78,true,false,,AGENCY SCIENCE TECH & RES | IBM,
66734787,GB-202010334-D0,GB,20181204,C07D233/61,true,false,biomed,AGENCY SCIENCE TECH & RES | IBM,
66734787,GB-202010334-D0,GB,20181204,C07D233/61,true,false,biomed,AGENCY SCIENCE TECH & RES | IBM,
66734787,GB-202010334-D0,GB,20181204,C07D233/61,true,false,biomed,AGENCY SCIENCE TECH & RES | IBM,
66734787,GB-2583426-A,GB,20181204,A01N33/12,true,true,,AGENCY SCIENCE TECH & RES | IBM,"SG,US"
66734787,GB-2583426-A,GB,20181204,A01N33/12,true,false,,AGENCY SCIENCE TECH & RES | IBM,"SG,US"
66734787,GB-2583426-A,GB,20181204,A01N33/12,true,false,,AGENCY SCIENCE TECH & RES | IBM,"SG,US"
66734787,GB-2583426-A,GB,20181204,A01N37/30,true,false,,AGENCY SCIENCE TECH & RES | IBM,"SG,US"
66734787,GB-2583426-A,GB,20181204,A01N37/30,true,true,,AGENCY SCIENCE TECH & RES | IBM,"SG,US"
66734787,GB-2583426-A,GB,20181204,A01N37/30,true,true,,AGENCY SCIENCE TECH & RES | IBM,"SG,US"
66734787,GB-2583426-A,GB,20181204,A01N43/50,true,false,,AGENCY SCIENCE TECH & RES | IBM,"SG,US"
66734787,GB-2583426-A,GB,20181204,A01N43/50,true,false,,AGENCY SCIENCE TECH & RES | IBM,"SG,US"
66734787,GB-2583426-A,GB,20181204,A01N43/50,true,false,,AGENCY SCIENCE TECH & RES | IBM,"SG,US"
66734787,GB-2583426-A,GB,20181204,C07C231/12,true,false,,AGENCY SCIENCE TECH & RES | IBM,"SG,US"
66734787,GB-2583426-A,GB,20181204,C07C233/78,true,false,,AGENCY SCIENCE TECH & RES | IBM,"SG,US"
66734787,GB-2583426-A,GB,20181204,C07C233/78,true,false,,AGENCY SCIENCE TECH & RES | IBM,"SG,US"
66734787,GB-2583426-A,GB,20181204,C07C233/78,true,false,,AGENCY SCIENCE TECH & RES | IBM,"SG,US"
66734787,GB-2583426-A,GB,20181204,C07D233/61,true,false,biomed,AGENCY SCIENCE TECH & RES | IBM,"SG,US"
66734787,GB-2583426-A,GB,20181204,C07D233/61,true,false,biomed,AGENCY SCIENCE TECH & RES | IBM,"SG,US"
66734787,GB-2583426-A,GB,20181204,C07D233/61,true,false,biomed,AGENCY SCIENCE TECH & RES | IBM,"SG,US"
66734787,GB-2583426-B,GB,20181204,A01N33/12,true,true,,AGENCY SCIENCE TECH & RES | IBM,"SG,US"
66734787,GB-2583426-B,GB,20181204,A01N33/12,true,false,,AGENCY SCIENCE TECH & RES | IBM,"SG,US"
66734787,GB-2583426-B,GB,20181204,A01N33/12,true,false,,AGENCY SCIENCE TECH & RES | IBM,"SG,US"
66734787,GB-2583426-B,GB,20181204,A01N37/30,true,false,,AGENCY SCIENCE TECH & RES | IBM,"SG,US"
66734787,GB-2583426-B,GB,20181204,A01N37/30,true,true,,AGENCY SCIENCE TECH & RES | IBM,"SG,US"
66734787,GB-2583426-B,GB,20181204,A01N37/30,true,true,,AGENCY SCIENCE TECH & RES | IBM,"SG,US"
66734787,GB-2583426-B,GB,20181204,A01N43/50,true,false,,AGENCY SCIENCE TECH & RES | IBM,"SG,US"
66734787,GB-2583426-B,GB,20181204,A01N43/50,true,false,,AGENCY SCIENCE TECH & RES | IBM,"SG,US"
66734787,GB-2583426-B,GB,20181204,A01N43/50,true,false,,AGENCY SCIENCE TECH & RES | IBM,"SG,US"
66734787,GB-2583426-B,GB,20181204,C07C231/12,true,false,,AGENCY SCIENCE TECH & RES | IBM,"SG,US"
66734787,GB-2583426-B,GB,20181204,C07C233/78,true,false,,AGENCY SCIENCE TECH & RES | IBM,"SG,US"
66734787,GB-2583426-B,GB,20181204,C07C233/78,true,false,,AGENCY SCIENCE TECH & RES | IBM,"SG,US"
66734787,GB-2583426-B,GB,20181204,C07C233/78,true,false,,AGENCY SCIENCE TECH & RES | IBM,"SG,US"
66734787,GB-2583426-B,GB,20181204,C07D233/61,true,false,biomed,AGENCY SCIENCE TECH & RES | IBM,"SG,US"
66734787,GB-2583426-B,GB,20181204,C07D233/61,true,false,biomed,AGENCY SCIENCE TECH & RES | IBM,"SG,US"
66734787,GB-2583426-B,GB,20181204,C07D233/61,true,false,biomed,AGENCY SCIENCE TECH & RES | IBM,"SG,US"
66734787,JP-2021505556-A,JP,20181204,A01N33/12,true,false,,,
66734787,JP-2021505556-A,JP,20181204,A01N33/12,true,false,,,
66734787,JP-2021505556-A,JP,20181204,A01N33/12,true,true,,,
66734787,JP-2021505556-A,JP,20181204,A01N37/30,true,true,,,
66734787,JP-2021505556-A,JP,20181204,A01N37/30,true,false,,,
66734787,JP-2021505556-A,JP,20181204,A01N37/30,true,true,,,
66734787,JP-2021505556-A,JP,20181204,A01N43/50,true,false,,,
66734787,JP-2021505556-A,JP,20181204,A01N43/50,true,false,,,
66734787,JP-2021505556-A,JP,20181204,A01N43/50,true,false,,,
66734787,JP-2021505556-A,JP,20181204,C07C231/12,true,false,,,
66734787,JP-2021505556-A,JP,20181204,C07C233/78,true,false,,,
66734787,JP-2021505556-A,JP,20181204,C07C233/78,true,false,,,
66734787,JP-2021505556-A,JP,20181204,C07C233/78,true,false,,,
66734787,JP-2021505556-A,JP,20181204,C07D233/61,true,false,biomed,,
66734787,JP-2021505556-A,JP,20181204,C07D233/61,true,false,biomed,,
66734787,JP-2021505556-A,JP,20181204,C07D233/61,true,false,biomed,,
66734787,JP-2022179510-A,JP,20220914,A01N33/12,true,false,,,
66734787,JP-2022179510-A,JP,20220914,A01N33/12,true,false,,,
66734787,JP-2022179510-A,JP,20220914,A01N33/12,true,true,,,
66734787,JP-2022179510-A,JP,20220914,A01N37/30,true,false,,,
66734787,JP-2022179510-A,JP,20220914,A01N37/30,true,true,,,
66734787,JP-2022179510-A,JP,20220914,A01N37/30,true,true,,,
66734787,JP-2022179510-A,JP,20220914,A01N43/50,true,false,,,
66734787,JP-2022179510-A,JP,20220914,A01N43/50,true,false,,,
66734787,JP-2022179510-A,JP,20220914,A01N43/50,true,false,,,
66734787,JP-2022179510-A,JP,20220914,C07C231/12,true,false,,,
66734787,JP-2022179510-A,JP,20220914,C07C233/78,true,false,,,
66734787,JP-2022179510-A,JP,20220914,C07C233/78,true,false,,,
66734787,JP-2022179510-A,JP,20220914,C07C233/78,true,false,,,
66734787,JP-2022179510-A,JP,20220914,C07D233/61,true,false,biomed,,
66734787,JP-2022179510-A,JP,20220914,C07D233/61,true,false,biomed,,
66734787,JP-2022179510-A,JP,20220914,C07D233/61,true,false,biomed,,
66734787,JP-7457433-B2,JP,20181204,A01N33/12,true,true,,,
66734787,JP-7457433-B2,JP,20181204,A01N33/12,true,false,,,
66734787,JP-7457433-B2,JP,20181204,A01N33/12,true,false,,,
66734787,JP-7457433-B2,JP,20181204,A01N37/30,true,true,,,
66734787,JP-7457433-B2,JP,20181204,A01N37/30,true,true,,,
66734787,JP-7457433-B2,JP,20181204,A01N37/30,true,false,,,
66734787,JP-7457433-B2,JP,20181204,A01N43/50,true,false,,,
66734787,JP-7457433-B2,JP,20181204,A01N43/50,true,false,,,
66734787,JP-7457433-B2,JP,20181204,A01N43/50,true,false,,,
66734787,JP-7457433-B2,JP,20181204,C07C231/12,true,false,,,
66734787,JP-7457433-B2,JP,20181204,C07C233/78,true,false,,,
66734787,JP-7457433-B2,JP,20181204,C07C233/78,true,false,,,
66734787,JP-7457433-B2,JP,20181204,C07C233/78,true,false,,,
66734787,JP-7457433-B2,JP,20181204,C07D233/61,true,false,biomed,,
66734787,JP-7457433-B2,JP,20181204,C07D233/61,true,false,biomed,,
66734787,JP-7457433-B2,JP,20181204,C07D233/61,true,false,biomed,,
66734787,US-10743537-B2,US,20171212,A01N25/10,true,false,,AGENCY SCIENCE TECH & RES | IBM,"SG,US"
66734787,US-10743537-B2,US,20171212,A01N33/12,true,true,,AGENCY SCIENCE TECH & RES | IBM,"SG,US"
66734787,US-10743537-B2,US,20171212,A01N33/12,true,false,,AGENCY SCIENCE TECH & RES | IBM,"SG,US"
66734787,US-10743537-B2,US,20171212,A01N33/12,true,false,,AGENCY SCIENCE TECH & RES | IBM,"SG,US"
66734787,US-10743537-B2,US,20171212,A01N33/12,true,false,,AGENCY SCIENCE TECH & RES | IBM,"SG,US"
66734787,US-10743537-B2,US,20171212,A01N37/30,true,false,,AGENCY SCIENCE TECH & RES | IBM,"SG,US"
66734787,US-10743537-B2,US,20171212,A01N37/30,true,true,,AGENCY SCIENCE TECH & RES | IBM,"SG,US"
66734787,US-10743537-B2,US,20171212,A01N37/30,true,true,,AGENCY SCIENCE TECH & RES | IBM,"SG,US"
66734787,US-10743537-B2,US,20171212,A01N37/30,true,false,,AGENCY SCIENCE TECH & RES | IBM,"SG,US"
66734787,US-10743537-B2,US,20171212,A01N37/30,true,true,,AGENCY SCIENCE TECH & RES | IBM,"SG,US"
66734787,US-10743537-B2,US,20171212,A01N43/50,true,false,,AGENCY SCIENCE TECH & RES | IBM,"SG,US"
66734787,US-10743537-B2,US,20171212,A01N43/50,true,false,,AGENCY SCIENCE TECH & RES | IBM,"SG,US"
66734787,US-10743537-B2,US,20171212,A01N43/50,true,false,,AGENCY SCIENCE TECH & RES | IBM,"SG,US"
66734787,US-10743537-B2,US,20171212,A01N43/50,true,false,,AGENCY SCIENCE TECH & RES | IBM,"SG,US"
66734787,US-10743537-B2,US,20171212,C07C231/12,true,false,,AGENCY SCIENCE TECH & RES | IBM,"SG,US"
66734787,US-10743537-B2,US,20171212,C07C231/12,true,false,,AGENCY SCIENCE TECH & RES | IBM,"SG,US"
66734787,US-10743537-B2,US,20171212,C07C233/78,true,false,,AGENCY SCIENCE TECH & RES | IBM,"SG,US"
66734787,US-10743537-B2,US,20171212,C07C233/78,true,false,,AGENCY SCIENCE TECH & RES | IBM,"SG,US"
66734787,US-10743537-B2,US,20171212,C07C233/78,true,false,,AGENCY SCIENCE TECH & RES | IBM,"SG,US"
66734787,US-10743537-B2,US,20171212,C07C233/78,true,false,,AGENCY SCIENCE TECH & RES | IBM,"SG,US"
66734787,US-10743537-B2,US,20171212,C07D233/61,true,false,biomed,AGENCY SCIENCE TECH & RES | IBM,"SG,US"
66734787,US-10743537-B2,US,20171212,C07D233/61,true,false,biomed,AGENCY SCIENCE TECH & RES | IBM,"SG,US"
66734787,US-10743537-B2,US,20171212,C07D233/61,true,false,biomed,AGENCY SCIENCE TECH & RES | IBM,"SG,US"
66734787,US-10743537-B2,US,20171212,C07D233/61,true,false,biomed,AGENCY SCIENCE TECH & RES | IBM,"SG,US"
66734787,US-2019174757-A1,US,20171212,A01N33/12,true,false,,AGENCY SCIENCE TECH & RES | IBM,"SG,US"
66734787,US-2019174757-A1,US,20171212,A01N33/12,true,true,,AGENCY SCIENCE TECH & RES | IBM,"SG,US"
66734787,US-2019174757-A1,US,20171212,A01N33/12,true,false,,AGENCY SCIENCE TECH & RES | IBM,"SG,US"
66734787,US-2019174757-A1,US,20171212,A01N37/30,true,true,,AGENCY SCIENCE TECH & RES | IBM,"SG,US"
66734787,US-2019174757-A1,US,20171212,A01N37/30,true,false,,AGENCY SCIENCE TECH & RES | IBM,"SG,US"
66734787,US-2019174757-A1,US,20171212,A01N37/30,true,true,,AGENCY SCIENCE TECH & RES | IBM,"SG,US"
66734787,US-2019174757-A1,US,20171212,A01N37/30,true,true,,AGENCY SCIENCE TECH & RES | IBM,"SG,US"
66734787,US-2019174757-A1,US,20171212,A01N43/50,true,false,,AGENCY SCIENCE TECH & RES | IBM,"SG,US"
66734787,US-2019174757-A1,US,20171212,A01N43/50,true,false,,AGENCY SCIENCE TECH & RES | IBM,"SG,US"
66734787,US-2019174757-A1,US,20171212,A01N43/50,true,false,,AGENCY SCIENCE TECH & RES | IBM,"SG,US"
66734787,US-2019174757-A1,US,20171212,A01N43/50,true,false,,AGENCY SCIENCE TECH & RES | IBM,"SG,US"
66734787,US-2019174757-A1,US,20171212,C07C231/12,true,false,,AGENCY SCIENCE TECH & RES | IBM,"SG,US"
66734787,US-2019174757-A1,US,20171212,C07C231/12,true,false,,AGENCY SCIENCE TECH & RES | IBM,"SG,US"
66734787,US-2019174757-A1,US,20171212,C07C233/78,true,false,,AGENCY SCIENCE TECH & RES | IBM,"SG,US"
66734787,US-2019174757-A1,US,20171212,C07C233/78,true,false,,AGENCY SCIENCE TECH & RES | IBM,"SG,US"
66734787,US-2019174757-A1,US,20171212,C07C233/78,true,false,,AGENCY SCIENCE TECH & RES | IBM,"SG,US"
66734787,US-2019174757-A1,US,20171212,C07C233/78,true,false,,AGENCY SCIENCE TECH & RES | IBM,"SG,US"
66734787,US-2019174757-A1,US,20171212,C07D233/61,true,false,biomed,AGENCY SCIENCE TECH & RES | IBM,"SG,US"
66734787,US-2019174757-A1,US,20171212,C07D233/61,true,false,biomed,AGENCY SCIENCE TECH & RES | IBM,"SG,US"
66734787,US-2019174757-A1,US,20171212,C07D233/61,true,false,biomed,AGENCY SCIENCE TECH & RES | IBM,"SG,US"
66734787,US-2019174757-A1,US,20171212,C07D233/61,true,false,biomed,AGENCY SCIENCE TECH & RES | IBM,"SG,US"
66734787,WO-2019116161-A1,WO,20181204,A01N33/12,true,true,,AGENCY SCIENCE TECH & RES | IBM | IBM CHINA INVESTMENT CO LTD | IBM UK,"CN,GB,SG,US"
66734787,WO-2019116161-A1,WO,20181204,A01N33/12,true,false,,AGENCY SCIENCE TECH & RES | IBM | IBM CHINA INVESTMENT CO LTD | IBM UK,"CN,GB,SG,US"
66734787,WO-2019116161-A1,WO,20181204,A01N33/12,true,false,,AGENCY SCIENCE TECH & RES | IBM | IBM CHINA INVESTMENT CO LTD | IBM UK,"CN,GB,SG,US"
66734787,WO-2019116161-A1,WO,20181204,A01N37/30,true,false,,AGENCY SCIENCE TECH & RES | IBM | IBM CHINA INVESTMENT CO LTD | IBM UK,"CN,GB,SG,US"
66734787,WO-2019116161-A1,WO,20181204,A01N37/30,true,true,,AGENCY SCIENCE TECH & RES | IBM | IBM CHINA INVESTMENT CO LTD | IBM UK,"CN,GB,SG,US"
66734787,WO-2019116161-A1,WO,20181204,A01N37/30,true,true,,AGENCY SCIENCE TECH & RES | IBM | IBM CHINA INVESTMENT CO LTD | IBM UK,"CN,GB,SG,US"
66734787,WO-2019116161-A1,WO,20181204,A01N43/50,true,false,,AGENCY SCIENCE TECH & RES | IBM | IBM CHINA INVESTMENT CO LTD | IBM UK,"CN,GB,SG,US"
66734787,WO-2019116161-A1,WO,20181204,A01N43/50,true,false,,AGENCY SCIENCE TECH & RES | IBM | IBM CHINA INVESTMENT CO LTD | IBM UK,"CN,GB,SG,US"
66734787,WO-2019116161-A1,WO,20181204,A01N43/50,true,false,,AGENCY SCIENCE TECH & RES | IBM | IBM CHINA INVESTMENT CO LTD | IBM UK,"CN,GB,SG,US"
66734787,WO-2019116161-A1,WO,20181204,C07C231/12,true,false,,AGENCY SCIENCE TECH & RES | IBM | IBM CHINA INVESTMENT CO LTD | IBM UK,"CN,GB,SG,US"
66734787,WO-2019116161-A1,WO,20181204,C07C233/78,true,false,,AGENCY SCIENCE TECH & RES | IBM | IBM CHINA INVESTMENT CO LTD | IBM UK,"CN,GB,SG,US"
66734787,WO-2019116161-A1,WO,20181204,C07C233/78,true,false,,AGENCY SCIENCE TECH & RES | IBM | IBM CHINA INVESTMENT CO LTD | IBM UK,"CN,GB,SG,US"
66734787,WO-2019116161-A1,WO,20181204,C07C233/78,true,false,,AGENCY SCIENCE TECH & RES | IBM | IBM CHINA INVESTMENT CO LTD | IBM UK,"CN,GB,SG,US"
66734787,WO-2019116161-A1,WO,20181204,C07D233/61,true,false,biomed,AGENCY SCIENCE TECH & RES | IBM | IBM CHINA INVESTMENT CO LTD | IBM UK,"CN,GB,SG,US"
66734787,WO-2019116161-A1,WO,20181204,C07D233/61,true,false,biomed,AGENCY SCIENCE TECH & RES | IBM | IBM CHINA INVESTMENT CO LTD | IBM UK,"CN,GB,SG,US"
66734787,WO-2019116161-A1,WO,20181204,C07D233/61,true,false,biomed,AGENCY SCIENCE TECH & RES | IBM | IBM CHINA INVESTMENT CO LTD | IBM UK,"CN,GB,SG,US"
74229126,CN-112300130-A,CN,20200729,A61P35/00,true,false,biomed,SCENTAGE PHARMA GROUP CORP LTD | SUZHOU YASHENG MEDICINE CO LTD,
74229126,CN-112300130-A,CN,20200729,A61P35/00,true,false,biomed,SCENTAGE PHARMA GROUP CORP LTD | SUZHOU YASHENG MEDICINE CO LTD,
74229126,CN-112300130-A,CN,20200729,A61P35/02,true,false,biomed,SCENTAGE PHARMA GROUP CORP LTD | SUZHOU YASHENG MEDICINE CO LTD,
74229126,CN-112300130-A,CN,20200729,A61P35/02,true,false,biomed,SCENTAGE PHARMA GROUP CORP LTD | SUZHOU YASHENG MEDICINE CO LTD,
74229126,CN-112300130-A,CN,20200729,A61P35/02,true,false,biomed,SCENTAGE PHARMA GROUP CORP LTD | SUZHOU YASHENG MEDICINE CO LTD,
74229126,CN-112300130-A,CN,20200729,C07D209/94,true,false,biomed,SCENTAGE PHARMA GROUP CORP LTD | SUZHOU YASHENG MEDICINE CO LTD,
74229126,CN-112300130-A,CN,20200729,C07D209/94,true,false,biomed,SCENTAGE PHARMA GROUP CORP LTD | SUZHOU YASHENG MEDICINE CO LTD,
74229126,CN-112300130-A,CN,20200729,C07D221/16,true,false,biomed,SCENTAGE PHARMA GROUP CORP LTD | SUZHOU YASHENG MEDICINE CO LTD,
74229126,CN-112300130-A,CN,20200729,C07D401/04,true,false,biomed,SCENTAGE PHARMA GROUP CORP LTD | SUZHOU YASHENG MEDICINE CO LTD,
74229126,CN-112300130-A,CN,20200729,C07D401/04,true,false,biomed,SCENTAGE PHARMA GROUP CORP LTD | SUZHOU YASHENG MEDICINE CO LTD,
74229126,CN-112300130-A,CN,20200729,C07D401/04,true,false,biomed,SCENTAGE PHARMA GROUP CORP LTD | SUZHOU YASHENG MEDICINE CO LTD,
74229126,CN-112300130-A,CN,20200729,C07D401/14,true,false,biomed,SCENTAGE PHARMA GROUP CORP LTD | SUZHOU YASHENG MEDICINE CO LTD,
74229126,CN-112300130-A,CN,20200729,C07D401/14,true,false,biomed,SCENTAGE PHARMA GROUP CORP LTD | SUZHOU YASHENG MEDICINE CO LTD,
74229126,CN-112300130-A,CN,20200729,C07D401/14,true,false,biomed,SCENTAGE PHARMA GROUP CORP LTD | SUZHOU YASHENG MEDICINE CO LTD,
74229126,CN-112300130-A,CN,20200729,C07D403/04,true,true,biomed,SCENTAGE PHARMA GROUP CORP LTD | SUZHOU YASHENG MEDICINE CO LTD,
74229126,CN-112300130-A,CN,20200729,C07D403/04,true,true,biomed,SCENTAGE PHARMA GROUP CORP LTD | SUZHOU YASHENG MEDICINE CO LTD,
74229126,CN-112300130-A,CN,20200729,C07D403/04,true,false,biomed,SCENTAGE PHARMA GROUP CORP LTD | SUZHOU YASHENG MEDICINE CO LTD,
74229126,CN-112300130-A,CN,20200729,C07D403/14,true,false,biomed,SCENTAGE PHARMA GROUP CORP LTD | SUZHOU YASHENG MEDICINE CO LTD,
74229126,CN-112300130-A,CN,20200729,C07D403/14,true,false,biomed,SCENTAGE PHARMA GROUP CORP LTD | SUZHOU YASHENG MEDICINE CO LTD,
74229126,CN-112300130-A,CN,20200729,C07D403/14,true,false,biomed,SCENTAGE PHARMA GROUP CORP LTD | SUZHOU YASHENG MEDICINE CO LTD,
74229126,CN-112300130-A,CN,20200729,C07D405/14,true,false,biomed,SCENTAGE PHARMA GROUP CORP LTD | SUZHOU YASHENG MEDICINE CO LTD,
74229126,CN-112300130-A,CN,20200729,C07D405/14,true,true,biomed,SCENTAGE PHARMA GROUP CORP LTD | SUZHOU YASHENG MEDICINE CO LTD,
74229126,CN-112300130-A,CN,20200729,C07D413/14,true,false,biomed,SCENTAGE PHARMA GROUP CORP LTD | SUZHOU YASHENG MEDICINE CO LTD,
74229126,CN-112300130-A,CN,20200729,C07D413/14,true,false,biomed,SCENTAGE PHARMA GROUP CORP LTD | SUZHOU YASHENG MEDICINE CO LTD,
74229126,CN-112300130-A,CN,20200729,C07D413/14,true,false,biomed,SCENTAGE PHARMA GROUP CORP LTD | SUZHOU YASHENG MEDICINE CO LTD,
74229126,CN-112300130-A,CN,20200729,C07D417/14,true,false,biomed,SCENTAGE PHARMA GROUP CORP LTD | SUZHOU YASHENG MEDICINE CO LTD,
74229126,CN-112300130-A,CN,20200729,C07D417/14,true,false,biomed,SCENTAGE PHARMA GROUP CORP LTD | SUZHOU YASHENG MEDICINE CO LTD,
74229126,CN-112300130-A,CN,20200729,C07D417/14,true,false,biomed,SCENTAGE PHARMA GROUP CORP LTD | SUZHOU YASHENG MEDICINE CO LTD,
74229126,CN-112300130-A,CN,20200729,C07D471/04,true,false,biomed,SCENTAGE PHARMA GROUP CORP LTD | SUZHOU YASHENG MEDICINE CO LTD,
74229126,CN-112300130-A,CN,20200729,C07D471/04,true,false,biomed,SCENTAGE PHARMA GROUP CORP LTD | SUZHOU YASHENG MEDICINE CO LTD,
74229126,CN-112300130-A,CN,20200729,C07D471/04,true,false,biomed,SCENTAGE PHARMA GROUP CORP LTD | SUZHOU YASHENG MEDICINE CO LTD,
74229126,CN-112300130-A,CN,20200729,C07D495/04,true,false,biomed,SCENTAGE PHARMA GROUP CORP LTD | SUZHOU YASHENG MEDICINE CO LTD,
74229126,CN-112300130-A,CN,20200729,C07D495/04,true,false,biomed,SCENTAGE PHARMA GROUP CORP LTD | SUZHOU YASHENG MEDICINE CO LTD,
74229126,CN-112300130-A,CN,20200729,C07D495/04,true,false,biomed,SCENTAGE PHARMA GROUP CORP LTD | SUZHOU YASHENG MEDICINE CO LTD,
74229126,CN-112300130-B,CN,20200729,A61P35/00,true,false,biomed,,
74229126,CN-112300130-B,CN,20200729,A61P35/00,true,false,biomed,,
74229126,CN-112300130-B,CN,20200729,A61P35/02,true,false,biomed,,
74229126,CN-112300130-B,CN,20200729,A61P35/02,true,false,biomed,,
74229126,CN-112300130-B,CN,20200729,A61P35/02,true,false,biomed,,
74229126,CN-112300130-B,CN,20200729,C07D209/94,true,false,biomed,,
74229126,CN-112300130-B,CN,20200729,C07D209/94,true,false,biomed,,
74229126,CN-112300130-B,CN,20200729,C07D221/16,true,false,biomed,,
74229126,CN-112300130-B,CN,20200729,C07D401/04,true,false,biomed,,
74229126,CN-112300130-B,CN,20200729,C07D401/04,true,false,biomed,,
74229126,CN-112300130-B,CN,20200729,C07D401/04,true,false,biomed,,
74229126,CN-112300130-B,CN,20200729,C07D401/14,true,false,biomed,,
74229126,CN-112300130-B,CN,20200729,C07D401/14,true,false,biomed,,
74229126,CN-112300130-B,CN,20200729,C07D401/14,true,false,biomed,,
74229126,CN-112300130-B,CN,20200729,C07D403/04,true,true,biomed,,
74229126,CN-112300130-B,CN,20200729,C07D403/04,true,true,biomed,,
74229126,CN-112300130-B,CN,20200729,C07D403/04,true,false,biomed,,
74229126,CN-112300130-B,CN,20200729,C07D403/14,true,false,biomed,,
74229126,CN-112300130-B,CN,20200729,C07D403/14,true,false,biomed,,
74229126,CN-112300130-B,CN,20200729,C07D403/14,true,false,biomed,,
74229126,CN-112300130-B,CN,20200729,C07D405/14,true,false,biomed,,
74229126,CN-112300130-B,CN,20200729,C07D405/14,true,true,biomed,,
74229126,CN-112300130-B,CN,20200729,C07D413/14,true,false,biomed,,
74229126,CN-112300130-B,CN,20200729,C07D413/14,true,false,biomed,,
74229126,CN-112300130-B,CN,20200729,C07D413/14,true,false,biomed,,
74229126,CN-112300130-B,CN,20200729,C07D417/14,true,false,biomed,,
74229126,CN-112300130-B,CN,20200729,C07D417/14,true,false,biomed,,
74229126,CN-112300130-B,CN,20200729,C07D417/14,true,false,biomed,,
74229126,CN-112300130-B,CN,20200729,C07D471/04,true,false,biomed,,
74229126,CN-112300130-B,CN,20200729,C07D471/04,true,false,biomed,,
74229126,CN-112300130-B,CN,20200729,C07D471/04,true,false,biomed,,
74229126,CN-112300130-B,CN,20200729,C07D495/04,true,false,biomed,,
74229126,CN-112300130-B,CN,20200729,C07D495/04,true,false,biomed,,
74229126,CN-112300130-B,CN,20200729,C07D495/04,true,false,biomed,,
74229126,EP-3853221-A1,EP,20200729,A61P35/00,true,false,biomed,ASCENTAGE PHARMA GROUP CORP LTD | ASCENTAGE PHARMA SUZHOU CO LTD,CN
74229126,EP-3853221-A1,EP,20200729,A61P35/00,true,false,biomed,ASCENTAGE PHARMA GROUP CORP LTD | ASCENTAGE PHARMA SUZHOU CO LTD,CN
74229126,EP-3853221-A1,EP,20200729,A61P35/02,true,false,biomed,ASCENTAGE PHARMA GROUP CORP LTD | ASCENTAGE PHARMA SUZHOU CO LTD,CN
74229126,EP-3853221-A1,EP,20200729,A61P35/02,true,false,biomed,ASCENTAGE PHARMA GROUP CORP LTD | ASCENTAGE PHARMA SUZHOU CO LTD,CN
74229126,EP-3853221-A1,EP,20200729,A61P35/02,true,false,biomed,ASCENTAGE PHARMA GROUP CORP LTD | ASCENTAGE PHARMA SUZHOU CO LTD,CN
74229126,EP-3853221-A1,EP,20200729,C07D209/94,true,false,biomed,ASCENTAGE PHARMA GROUP CORP LTD | ASCENTAGE PHARMA SUZHOU CO LTD,CN
74229126,EP-3853221-A1,EP,20200729,C07D209/94,true,false,biomed,ASCENTAGE PHARMA GROUP CORP LTD | ASCENTAGE PHARMA SUZHOU CO LTD,CN
74229126,EP-3853221-A1,EP,20200729,C07D221/16,true,false,biomed,ASCENTAGE PHARMA GROUP CORP LTD | ASCENTAGE PHARMA SUZHOU CO LTD,CN
74229126,EP-3853221-A1,EP,20200729,C07D401/04,true,false,biomed,ASCENTAGE PHARMA GROUP CORP LTD | ASCENTAGE PHARMA SUZHOU CO LTD,CN
74229126,EP-3853221-A1,EP,20200729,C07D401/04,true,false,biomed,ASCENTAGE PHARMA GROUP CORP LTD | ASCENTAGE PHARMA SUZHOU CO LTD,CN
74229126,EP-3853221-A1,EP,20200729,C07D401/04,true,false,biomed,ASCENTAGE PHARMA GROUP CORP LTD | ASCENTAGE PHARMA SUZHOU CO LTD,CN
74229126,EP-3853221-A1,EP,20200729,C07D401/14,true,false,biomed,ASCENTAGE PHARMA GROUP CORP LTD | ASCENTAGE PHARMA SUZHOU CO LTD,CN
74229126,EP-3853221-A1,EP,20200729,C07D401/14,true,false,biomed,ASCENTAGE PHARMA GROUP CORP LTD | ASCENTAGE PHARMA SUZHOU CO LTD,CN
74229126,EP-3853221-A1,EP,20200729,C07D401/14,true,false,biomed,ASCENTAGE PHARMA GROUP CORP LTD | ASCENTAGE PHARMA SUZHOU CO LTD,CN
74229126,EP-3853221-A1,EP,20200729,C07D403/04,true,true,biomed,ASCENTAGE PHARMA GROUP CORP LTD | ASCENTAGE PHARMA SUZHOU CO LTD,CN
74229126,EP-3853221-A1,EP,20200729,C07D403/04,true,false,biomed,ASCENTAGE PHARMA GROUP CORP LTD | ASCENTAGE PHARMA SUZHOU CO LTD,CN
74229126,EP-3853221-A1,EP,20200729,C07D403/04,true,true,biomed,ASCENTAGE PHARMA GROUP CORP LTD | ASCENTAGE PHARMA SUZHOU CO LTD,CN
74229126,EP-3853221-A1,EP,20200729,C07D403/14,true,false,biomed,ASCENTAGE PHARMA GROUP CORP LTD | ASCENTAGE PHARMA SUZHOU CO LTD,CN
74229126,EP-3853221-A1,EP,20200729,C07D403/14,true,false,biomed,ASCENTAGE PHARMA GROUP CORP LTD | ASCENTAGE PHARMA SUZHOU CO LTD,CN
74229126,EP-3853221-A1,EP,20200729,C07D403/14,true,false,biomed,ASCENTAGE PHARMA GROUP CORP LTD | ASCENTAGE PHARMA SUZHOU CO LTD,CN
74229126,EP-3853221-A1,EP,20200729,C07D405/14,true,false,biomed,ASCENTAGE PHARMA GROUP CORP LTD | ASCENTAGE PHARMA SUZHOU CO LTD,CN
74229126,EP-3853221-A1,EP,20200729,C07D405/14,true,true,biomed,ASCENTAGE PHARMA GROUP CORP LTD | ASCENTAGE PHARMA SUZHOU CO LTD,CN
74229126,EP-3853221-A1,EP,20200729,C07D413/14,true,false,biomed,ASCENTAGE PHARMA GROUP CORP LTD | ASCENTAGE PHARMA SUZHOU CO LTD,CN
74229126,EP-3853221-A1,EP,20200729,C07D413/14,true,false,biomed,ASCENTAGE PHARMA GROUP CORP LTD | ASCENTAGE PHARMA SUZHOU CO LTD,CN
74229126,EP-3853221-A1,EP,20200729,C07D413/14,true,false,biomed,ASCENTAGE PHARMA GROUP CORP LTD | ASCENTAGE PHARMA SUZHOU CO LTD,CN
74229126,EP-3853221-A1,EP,20200729,C07D417/14,true,false,biomed,ASCENTAGE PHARMA GROUP CORP LTD | ASCENTAGE PHARMA SUZHOU CO LTD,CN
74229126,EP-3853221-A1,EP,20200729,C07D417/14,true,false,biomed,ASCENTAGE PHARMA GROUP CORP LTD | ASCENTAGE PHARMA SUZHOU CO LTD,CN
74229126,EP-3853221-A1,EP,20200729,C07D417/14,true,false,biomed,ASCENTAGE PHARMA GROUP CORP LTD | ASCENTAGE PHARMA SUZHOU CO LTD,CN
74229126,EP-3853221-A1,EP,20200729,C07D471/04,true,false,biomed,ASCENTAGE PHARMA GROUP CORP LTD | ASCENTAGE PHARMA SUZHOU CO LTD,CN
74229126,EP-3853221-A1,EP,20200729,C07D471/04,true,false,biomed,ASCENTAGE PHARMA GROUP CORP LTD | ASCENTAGE PHARMA SUZHOU CO LTD,CN
74229126,EP-3853221-A1,EP,20200729,C07D471/04,true,false,biomed,ASCENTAGE PHARMA GROUP CORP LTD | ASCENTAGE PHARMA SUZHOU CO LTD,CN
74229126,EP-3853221-A1,EP,20200729,C07D495/04,true,false,biomed,ASCENTAGE PHARMA GROUP CORP LTD | ASCENTAGE PHARMA SUZHOU CO LTD,CN
74229126,EP-3853221-A1,EP,20200729,C07D495/04,true,false,biomed,ASCENTAGE PHARMA GROUP CORP LTD | ASCENTAGE PHARMA SUZHOU CO LTD,CN
74229126,EP-3853221-A1,EP,20200729,C07D495/04,true,false,biomed,ASCENTAGE PHARMA GROUP CORP LTD | ASCENTAGE PHARMA SUZHOU CO LTD,CN
74229126,EP-3853221-A4,EP,20200729,A61P35/00,true,false,biomed,ASCENTAGE PHARMA GROUP CORP LTD | ASCENTAGE PHARMA SUZHOU CO LTD,CN
74229126,EP-3853221-A4,EP,20200729,A61P35/00,true,false,biomed,ASCENTAGE PHARMA GROUP CORP LTD | ASCENTAGE PHARMA SUZHOU CO LTD,CN
74229126,EP-3853221-A4,EP,20200729,A61P35/02,true,false,biomed,ASCENTAGE PHARMA GROUP CORP LTD | ASCENTAGE PHARMA SUZHOU CO LTD,CN
74229126,EP-3853221-A4,EP,20200729,A61P35/02,true,false,biomed,ASCENTAGE PHARMA GROUP CORP LTD | ASCENTAGE PHARMA SUZHOU CO LTD,CN
74229126,EP-3853221-A4,EP,20200729,A61P35/02,true,false,biomed,ASCENTAGE PHARMA GROUP CORP LTD | ASCENTAGE PHARMA SUZHOU CO LTD,CN
74229126,EP-3853221-A4,EP,20200729,C07D209/94,true,false,biomed,ASCENTAGE PHARMA GROUP CORP LTD | ASCENTAGE PHARMA SUZHOU CO LTD,CN
74229126,EP-3853221-A4,EP,20200729,C07D209/94,true,false,biomed,ASCENTAGE PHARMA GROUP CORP LTD | ASCENTAGE PHARMA SUZHOU CO LTD,CN
74229126,EP-3853221-A4,EP,20200729,C07D221/16,true,false,biomed,ASCENTAGE PHARMA GROUP CORP LTD | ASCENTAGE PHARMA SUZHOU CO LTD,CN
74229126,EP-3853221-A4,EP,20200729,C07D401/04,true,false,biomed,ASCENTAGE PHARMA GROUP CORP LTD | ASCENTAGE PHARMA SUZHOU CO LTD,CN
74229126,EP-3853221-A4,EP,20200729,C07D401/04,true,false,biomed,ASCENTAGE PHARMA GROUP CORP LTD | ASCENTAGE PHARMA SUZHOU CO LTD,CN
74229126,EP-3853221-A4,EP,20200729,C07D401/04,true,false,biomed,ASCENTAGE PHARMA GROUP CORP LTD | ASCENTAGE PHARMA SUZHOU CO LTD,CN
74229126,EP-3853221-A4,EP,20200729,C07D401/14,true,false,biomed,ASCENTAGE PHARMA GROUP CORP LTD | ASCENTAGE PHARMA SUZHOU CO LTD,CN
74229126,EP-3853221-A4,EP,20200729,C07D401/14,true,false,biomed,ASCENTAGE PHARMA GROUP CORP LTD | ASCENTAGE PHARMA SUZHOU CO LTD,CN
74229126,EP-3853221-A4,EP,20200729,C07D401/14,true,false,biomed,ASCENTAGE PHARMA GROUP CORP LTD | ASCENTAGE PHARMA SUZHOU CO LTD,CN
74229126,EP-3853221-A4,EP,20200729,C07D403/04,true,true,biomed,ASCENTAGE PHARMA GROUP CORP LTD | ASCENTAGE PHARMA SUZHOU CO LTD,CN
74229126,EP-3853221-A4,EP,20200729,C07D403/04,true,true,biomed,ASCENTAGE PHARMA GROUP CORP LTD | ASCENTAGE PHARMA SUZHOU CO LTD,CN
74229126,EP-3853221-A4,EP,20200729,C07D403/04,true,false,biomed,ASCENTAGE PHARMA GROUP CORP LTD | ASCENTAGE PHARMA SUZHOU CO LTD,CN
74229126,EP-3853221-A4,EP,20200729,C07D403/14,true,false,biomed,ASCENTAGE PHARMA GROUP CORP LTD | ASCENTAGE PHARMA SUZHOU CO LTD,CN
74229126,EP-3853221-A4,EP,20200729,C07D403/14,true,false,biomed,ASCENTAGE PHARMA GROUP CORP LTD | ASCENTAGE PHARMA SUZHOU CO LTD,CN
74229126,EP-3853221-A4,EP,20200729,C07D403/14,true,false,biomed,ASCENTAGE PHARMA GROUP CORP LTD | ASCENTAGE PHARMA SUZHOU CO LTD,CN
74229126,EP-3853221-A4,EP,20200729,C07D405/14,true,false,biomed,ASCENTAGE PHARMA GROUP CORP LTD | ASCENTAGE PHARMA SUZHOU CO LTD,CN
74229126,EP-3853221-A4,EP,20200729,C07D405/14,true,true,biomed,ASCENTAGE PHARMA GROUP CORP LTD | ASCENTAGE PHARMA SUZHOU CO LTD,CN
74229126,EP-3853221-A4,EP,20200729,C07D413/14,true,false,biomed,ASCENTAGE PHARMA GROUP CORP LTD | ASCENTAGE PHARMA SUZHOU CO LTD,CN
74229126,EP-3853221-A4,EP,20200729,C07D413/14,true,false,biomed,ASCENTAGE PHARMA GROUP CORP LTD | ASCENTAGE PHARMA SUZHOU CO LTD,CN
74229126,EP-3853221-A4,EP,20200729,C07D413/14,true,false,biomed,ASCENTAGE PHARMA GROUP CORP LTD | ASCENTAGE PHARMA SUZHOU CO LTD,CN
74229126,EP-3853221-A4,EP,20200729,C07D417/14,true,false,biomed,ASCENTAGE PHARMA GROUP CORP LTD | ASCENTAGE PHARMA SUZHOU CO LTD,CN
74229126,EP-3853221-A4,EP,20200729,C07D417/14,true,false,biomed,ASCENTAGE PHARMA GROUP CORP LTD | ASCENTAGE PHARMA SUZHOU CO LTD,CN
74229126,EP-3853221-A4,EP,20200729,C07D417/14,true,false,biomed,ASCENTAGE PHARMA GROUP CORP LTD | ASCENTAGE PHARMA SUZHOU CO LTD,CN
74229126,EP-3853221-A4,EP,20200729,C07D471/04,true,false,biomed,ASCENTAGE PHARMA GROUP CORP LTD | ASCENTAGE PHARMA SUZHOU CO LTD,CN
74229126,EP-3853221-A4,EP,20200729,C07D471/04,true,false,biomed,ASCENTAGE PHARMA GROUP CORP LTD | ASCENTAGE PHARMA SUZHOU CO LTD,CN
74229126,EP-3853221-A4,EP,20200729,C07D471/04,true,false,biomed,ASCENTAGE PHARMA GROUP CORP LTD | ASCENTAGE PHARMA SUZHOU CO LTD,CN
74229126,EP-3853221-A4,EP,20200729,C07D495/04,true,false,biomed,ASCENTAGE PHARMA GROUP CORP LTD | ASCENTAGE PHARMA SUZHOU CO LTD,CN
74229126,EP-3853221-A4,EP,20200729,C07D495/04,true,false,biomed,ASCENTAGE PHARMA GROUP CORP LTD | ASCENTAGE PHARMA SUZHOU CO LTD,CN
74229126,EP-3853221-A4,EP,20200729,C07D495/04,true,false,biomed,ASCENTAGE PHARMA GROUP CORP LTD | ASCENTAGE PHARMA SUZHOU CO LTD,CN
74229126,EP-3853221-B1,EP,20200729,A61P35/00,true,false,biomed,ASCENTAGE PHARMA GROUP CORP LTD | ASCENTAGE PHARMA SUZHOU CO LTD,CN
74229126,EP-3853221-B1,EP,20200729,A61P35/00,true,false,biomed,ASCENTAGE PHARMA GROUP CORP LTD | ASCENTAGE PHARMA SUZHOU CO LTD,CN
74229126,EP-3853221-B1,EP,20200729,A61P35/02,true,false,biomed,ASCENTAGE PHARMA GROUP CORP LTD | ASCENTAGE PHARMA SUZHOU CO LTD,CN
74229126,EP-3853221-B1,EP,20200729,A61P35/02,true,false,biomed,ASCENTAGE PHARMA GROUP CORP LTD | ASCENTAGE PHARMA SUZHOU CO LTD,CN
74229126,EP-3853221-B1,EP,20200729,A61P35/02,true,false,biomed,ASCENTAGE PHARMA GROUP CORP LTD | ASCENTAGE PHARMA SUZHOU CO LTD,CN
74229126,EP-3853221-B1,EP,20200729,C07D209/94,true,false,biomed,ASCENTAGE PHARMA GROUP CORP LTD | ASCENTAGE PHARMA SUZHOU CO LTD,CN
74229126,EP-3853221-B1,EP,20200729,C07D209/94,true,false,biomed,ASCENTAGE PHARMA GROUP CORP LTD | ASCENTAGE PHARMA SUZHOU CO LTD,CN
74229126,EP-3853221-B1,EP,20200729,C07D221/16,true,false,biomed,ASCENTAGE PHARMA GROUP CORP LTD | ASCENTAGE PHARMA SUZHOU CO LTD,CN
74229126,EP-3853221-B1,EP,20200729,C07D401/04,true,false,biomed,ASCENTAGE PHARMA GROUP CORP LTD | ASCENTAGE PHARMA SUZHOU CO LTD,CN
74229126,EP-3853221-B1,EP,20200729,C07D401/04,true,false,biomed,ASCENTAGE PHARMA GROUP CORP LTD | ASCENTAGE PHARMA SUZHOU CO LTD,CN
74229126,EP-3853221-B1,EP,20200729,C07D401/04,true,false,biomed,ASCENTAGE PHARMA GROUP CORP LTD | ASCENTAGE PHARMA SUZHOU CO LTD,CN
74229126,EP-3853221-B1,EP,20200729,C07D401/14,true,false,biomed,ASCENTAGE PHARMA GROUP CORP LTD | ASCENTAGE PHARMA SUZHOU CO LTD,CN
74229126,EP-3853221-B1,EP,20200729,C07D401/14,true,false,biomed,ASCENTAGE PHARMA GROUP CORP LTD | ASCENTAGE PHARMA SUZHOU CO LTD,CN
74229126,EP-3853221-B1,EP,20200729,C07D401/14,true,false,biomed,ASCENTAGE PHARMA GROUP CORP LTD | ASCENTAGE PHARMA SUZHOU CO LTD,CN
74229126,EP-3853221-B1,EP,20200729,C07D403/04,true,true,biomed,ASCENTAGE PHARMA GROUP CORP LTD | ASCENTAGE PHARMA SUZHOU CO LTD,CN
74229126,EP-3853221-B1,EP,20200729,C07D403/04,true,true,biomed,ASCENTAGE PHARMA GROUP CORP LTD | ASCENTAGE PHARMA SUZHOU CO LTD,CN
74229126,EP-3853221-B1,EP,20200729,C07D403/04,true,false,biomed,ASCENTAGE PHARMA GROUP CORP LTD | ASCENTAGE PHARMA SUZHOU CO LTD,CN
74229126,EP-3853221-B1,EP,20200729,C07D403/14,true,false,biomed,ASCENTAGE PHARMA GROUP CORP LTD | ASCENTAGE PHARMA SUZHOU CO LTD,CN
74229126,EP-3853221-B1,EP,20200729,C07D403/14,true,false,biomed,ASCENTAGE PHARMA GROUP CORP LTD | ASCENTAGE PHARMA SUZHOU CO LTD,CN
74229126,EP-3853221-B1,EP,20200729,C07D403/14,true,false,biomed,ASCENTAGE PHARMA GROUP CORP LTD | ASCENTAGE PHARMA SUZHOU CO LTD,CN
74229126,EP-3853221-B1,EP,20200729,C07D405/14,true,true,biomed,ASCENTAGE PHARMA GROUP CORP LTD | ASCENTAGE PHARMA SUZHOU CO LTD,CN
74229126,EP-3853221-B1,EP,20200729,C07D405/14,true,false,biomed,ASCENTAGE PHARMA GROUP CORP LTD | ASCENTAGE PHARMA SUZHOU CO LTD,CN
74229126,EP-3853221-B1,EP,20200729,C07D413/14,true,false,biomed,ASCENTAGE PHARMA GROUP CORP LTD | ASCENTAGE PHARMA SUZHOU CO LTD,CN
74229126,EP-3853221-B1,EP,20200729,C07D413/14,true,false,biomed,ASCENTAGE PHARMA GROUP CORP LTD | ASCENTAGE PHARMA SUZHOU CO LTD,CN
74229126,EP-3853221-B1,EP,20200729,C07D413/14,true,false,biomed,ASCENTAGE PHARMA GROUP CORP LTD | ASCENTAGE PHARMA SUZHOU CO LTD,CN
74229126,EP-3853221-B1,EP,20200729,C07D417/14,true,false,biomed,ASCENTAGE PHARMA GROUP CORP LTD | ASCENTAGE PHARMA SUZHOU CO LTD,CN
74229126,EP-3853221-B1,EP,20200729,C07D417/14,true,false,biomed,ASCENTAGE PHARMA GROUP CORP LTD | ASCENTAGE PHARMA SUZHOU CO LTD,CN
74229126,EP-3853221-B1,EP,20200729,C07D417/14,true,false,biomed,ASCENTAGE PHARMA GROUP CORP LTD | ASCENTAGE PHARMA SUZHOU CO LTD,CN
74229126,EP-3853221-B1,EP,20200729,C07D471/04,true,false,biomed,ASCENTAGE PHARMA GROUP CORP LTD | ASCENTAGE PHARMA SUZHOU CO LTD,CN
74229126,EP-3853221-B1,EP,20200729,C07D471/04,true,false,biomed,ASCENTAGE PHARMA GROUP CORP LTD | ASCENTAGE PHARMA SUZHOU CO LTD,CN
74229126,EP-3853221-B1,EP,20200729,C07D471/04,true,false,biomed,ASCENTAGE PHARMA GROUP CORP LTD | ASCENTAGE PHARMA SUZHOU CO LTD,CN
74229126,EP-3853221-B1,EP,20200729,C07D495/04,true,false,biomed,ASCENTAGE PHARMA GROUP CORP LTD | ASCENTAGE PHARMA SUZHOU CO LTD,CN
74229126,EP-3853221-B1,EP,20200729,C07D495/04,true,false,biomed,ASCENTAGE PHARMA GROUP CORP LTD | ASCENTAGE PHARMA SUZHOU CO LTD,CN
74229126,EP-3853221-B1,EP,20200729,C07D495/04,true,false,biomed,ASCENTAGE PHARMA GROUP CORP LTD | ASCENTAGE PHARMA SUZHOU CO LTD,CN
74229126,TW-202118755-A,TW,20200729,A61P35/00,true,false,biomed,ASCENTAGE PHARMA GROUP CORP LTD | ASCENTAGE PHARMA SUZHOU CO LTD,"CN,HK"
74229126,TW-202118755-A,TW,20200729,A61P35/00,true,false,biomed,ASCENTAGE PHARMA GROUP CORP LTD | ASCENTAGE PHARMA SUZHOU CO LTD,"CN,HK"
74229126,TW-202118755-A,TW,20200729,A61P35/02,true,false,biomed,ASCENTAGE PHARMA GROUP CORP LTD | ASCENTAGE PHARMA SUZHOU CO LTD,"CN,HK"
74229126,TW-202118755-A,TW,20200729,A61P35/02,true,false,biomed,ASCENTAGE PHARMA GROUP CORP LTD | ASCENTAGE PHARMA SUZHOU CO LTD,"CN,HK"
74229126,TW-202118755-A,TW,20200729,A61P35/02,true,false,biomed,ASCENTAGE PHARMA GROUP CORP LTD | ASCENTAGE PHARMA SUZHOU CO LTD,"CN,HK"
74229126,TW-202118755-A,TW,20200729,C07D209/94,true,false,biomed,ASCENTAGE PHARMA GROUP CORP LTD | ASCENTAGE PHARMA SUZHOU CO LTD,"CN,HK"
74229126,TW-202118755-A,TW,20200729,C07D209/94,true,false,biomed,ASCENTAGE PHARMA GROUP CORP LTD | ASCENTAGE PHARMA SUZHOU CO LTD,"CN,HK"
74229126,TW-202118755-A,TW,20200729,C07D221/16,true,false,biomed,ASCENTAGE PHARMA GROUP CORP LTD | ASCENTAGE PHARMA SUZHOU CO LTD,"CN,HK"
74229126,TW-202118755-A,TW,20200729,C07D401/04,true,false,biomed,ASCENTAGE PHARMA GROUP CORP LTD | ASCENTAGE PHARMA SUZHOU CO LTD,"CN,HK"
74229126,TW-202118755-A,TW,20200729,C07D401/04,true,false,biomed,ASCENTAGE PHARMA GROUP CORP LTD | ASCENTAGE PHARMA SUZHOU CO LTD,"CN,HK"
74229126,TW-202118755-A,TW,20200729,C07D401/04,true,false,biomed,ASCENTAGE PHARMA GROUP CORP LTD | ASCENTAGE PHARMA SUZHOU CO LTD,"CN,HK"
74229126,TW-202118755-A,TW,20200729,C07D401/14,true,false,biomed,ASCENTAGE PHARMA GROUP CORP LTD | ASCENTAGE PHARMA SUZHOU CO LTD,"CN,HK"
74229126,TW-202118755-A,TW,20200729,C07D401/14,true,false,biomed,ASCENTAGE PHARMA GROUP CORP LTD | ASCENTAGE PHARMA SUZHOU CO LTD,"CN,HK"
74229126,TW-202118755-A,TW,20200729,C07D401/14,true,false,biomed,ASCENTAGE PHARMA GROUP CORP LTD | ASCENTAGE PHARMA SUZHOU CO LTD,"CN,HK"
74229126,TW-202118755-A,TW,20200729,C07D403/04,true,true,biomed,ASCENTAGE PHARMA GROUP CORP LTD | ASCENTAGE PHARMA SUZHOU CO LTD,"CN,HK"
74229126,TW-202118755-A,TW,20200729,C07D403/04,true,true,biomed,ASCENTAGE PHARMA GROUP CORP LTD | ASCENTAGE PHARMA SUZHOU CO LTD,"CN,HK"
74229126,TW-202118755-A,TW,20200729,C07D403/04,true,false,biomed,ASCENTAGE PHARMA GROUP CORP LTD | ASCENTAGE PHARMA SUZHOU CO LTD,"CN,HK"
74229126,TW-202118755-A,TW,20200729,C07D403/14,true,false,biomed,ASCENTAGE PHARMA GROUP CORP LTD | ASCENTAGE PHARMA SUZHOU CO LTD,"CN,HK"
74229126,TW-202118755-A,TW,20200729,C07D403/14,true,false,biomed,ASCENTAGE PHARMA GROUP CORP LTD | ASCENTAGE PHARMA SUZHOU CO LTD,"CN,HK"
74229126,TW-202118755-A,TW,20200729,C07D403/14,true,false,biomed,ASCENTAGE PHARMA GROUP CORP LTD | ASCENTAGE PHARMA SUZHOU CO LTD,"CN,HK"
74229126,TW-202118755-A,TW,20200729,C07D405/14,true,false,biomed,ASCENTAGE PHARMA GROUP CORP LTD | ASCENTAGE PHARMA SUZHOU CO LTD,"CN,HK"
74229126,TW-202118755-A,TW,20200729,C07D405/14,true,true,biomed,ASCENTAGE PHARMA GROUP CORP LTD | ASCENTAGE PHARMA SUZHOU CO LTD,"CN,HK"
74229126,TW-202118755-A,TW,20200729,C07D413/14,true,false,biomed,ASCENTAGE PHARMA GROUP CORP LTD | ASCENTAGE PHARMA SUZHOU CO LTD,"CN,HK"
74229126,TW-202118755-A,TW,20200729,C07D413/14,true,false,biomed,ASCENTAGE PHARMA GROUP CORP LTD | ASCENTAGE PHARMA SUZHOU CO LTD,"CN,HK"
74229126,TW-202118755-A,TW,20200729,C07D413/14,true,false,biomed,ASCENTAGE PHARMA GROUP CORP LTD | ASCENTAGE PHARMA SUZHOU CO LTD,"CN,HK"
74229126,TW-202118755-A,TW,20200729,C07D417/14,true,false,biomed,ASCENTAGE PHARMA GROUP CORP LTD | ASCENTAGE PHARMA SUZHOU CO LTD,"CN,HK"
74229126,TW-202118755-A,TW,20200729,C07D417/14,true,false,biomed,ASCENTAGE PHARMA GROUP CORP LTD | ASCENTAGE PHARMA SUZHOU CO LTD,"CN,HK"
74229126,TW-202118755-A,TW,20200729,C07D417/14,true,false,biomed,ASCENTAGE PHARMA GROUP CORP LTD | ASCENTAGE PHARMA SUZHOU CO LTD,"CN,HK"
74229126,TW-202118755-A,TW,20200729,C07D471/04,true,false,biomed,ASCENTAGE PHARMA GROUP CORP LTD | ASCENTAGE PHARMA SUZHOU CO LTD,"CN,HK"
74229126,TW-202118755-A,TW,20200729,C07D471/04,true,false,biomed,ASCENTAGE PHARMA GROUP CORP LTD | ASCENTAGE PHARMA SUZHOU CO LTD,"CN,HK"
74229126,TW-202118755-A,TW,20200729,C07D471/04,true,false,biomed,ASCENTAGE PHARMA GROUP CORP LTD | ASCENTAGE PHARMA SUZHOU CO LTD,"CN,HK"
74229126,TW-202118755-A,TW,20200729,C07D495/04,true,false,biomed,ASCENTAGE PHARMA GROUP CORP LTD | ASCENTAGE PHARMA SUZHOU CO LTD,"CN,HK"
74229126,TW-202118755-A,TW,20200729,C07D495/04,true,false,biomed,ASCENTAGE PHARMA GROUP CORP LTD | ASCENTAGE PHARMA SUZHOU CO LTD,"CN,HK"
74229126,TW-202118755-A,TW,20200729,C07D495/04,true,false,biomed,ASCENTAGE PHARMA GROUP CORP LTD | ASCENTAGE PHARMA SUZHOU CO LTD,"CN,HK"
74229126,US-11987575-B2,US,20200729,A61P35/00,true,false,biomed,ASCENTAGE PHARMA GROUP CORP LTD | ASCENTAGE PHARMA SUZHOU CO LTD,",CN"
74229126,US-11987575-B2,US,20200729,A61P35/00,true,false,biomed,ASCENTAGE PHARMA GROUP CORP LTD | ASCENTAGE PHARMA SUZHOU CO LTD,",CN"
74229126,US-11987575-B2,US,20200729,A61P35/02,true,false,biomed,ASCENTAGE PHARMA GROUP CORP LTD | ASCENTAGE PHARMA SUZHOU CO LTD,",CN"
74229126,US-11987575-B2,US,20200729,A61P35/02,true,false,biomed,ASCENTAGE PHARMA GROUP CORP LTD | ASCENTAGE PHARMA SUZHOU CO LTD,",CN"
74229126,US-11987575-B2,US,20200729,A61P35/02,true,false,biomed,ASCENTAGE PHARMA GROUP CORP LTD | ASCENTAGE PHARMA SUZHOU CO LTD,",CN"
74229126,US-11987575-B2,US,20200729,A61P35/02,true,false,biomed,ASCENTAGE PHARMA GROUP CORP LTD | ASCENTAGE PHARMA SUZHOU CO LTD,",CN"
74229126,US-11987575-B2,US,20200729,C07D209/94,true,false,biomed,ASCENTAGE PHARMA GROUP CORP LTD | ASCENTAGE PHARMA SUZHOU CO LTD,",CN"
74229126,US-11987575-B2,US,20200729,C07D209/94,true,false,biomed,ASCENTAGE PHARMA GROUP CORP LTD | ASCENTAGE PHARMA SUZHOU CO LTD,",CN"
74229126,US-11987575-B2,US,20200729,C07D209/94,true,false,biomed,ASCENTAGE PHARMA GROUP CORP LTD | ASCENTAGE PHARMA SUZHOU CO LTD,",CN"
74229126,US-11987575-B2,US,20200729,C07D221/16,true,false,biomed,ASCENTAGE PHARMA GROUP CORP LTD | ASCENTAGE PHARMA SUZHOU CO LTD,",CN"
74229126,US-11987575-B2,US,20200729,C07D401/04,true,false,biomed,ASCENTAGE PHARMA GROUP CORP LTD | ASCENTAGE PHARMA SUZHOU CO LTD,",CN"
74229126,US-11987575-B2,US,20200729,C07D401/04,true,false,biomed,ASCENTAGE PHARMA GROUP CORP LTD | ASCENTAGE PHARMA SUZHOU CO LTD,",CN"
74229126,US-11987575-B2,US,20200729,C07D401/04,true,false,biomed,ASCENTAGE PHARMA GROUP CORP LTD | ASCENTAGE PHARMA SUZHOU CO LTD,",CN"
74229126,US-11987575-B2,US,20200729,C07D401/04,true,false,biomed,ASCENTAGE PHARMA GROUP CORP LTD | ASCENTAGE PHARMA SUZHOU CO LTD,",CN"
74229126,US-11987575-B2,US,20200729,C07D401/14,true,false,biomed,ASCENTAGE PHARMA GROUP CORP LTD | ASCENTAGE PHARMA SUZHOU CO LTD,",CN"
74229126,US-11987575-B2,US,20200729,C07D401/14,true,false,biomed,ASCENTAGE PHARMA GROUP CORP LTD | ASCENTAGE PHARMA SUZHOU CO LTD,",CN"
74229126,US-11987575-B2,US,20200729,C07D401/14,true,false,biomed,ASCENTAGE PHARMA GROUP CORP LTD | ASCENTAGE PHARMA SUZHOU CO LTD,",CN"
74229126,US-11987575-B2,US,20200729,C07D401/14,true,false,biomed,ASCENTAGE PHARMA GROUP CORP LTD | ASCENTAGE PHARMA SUZHOU CO LTD,",CN"
74229126,US-11987575-B2,US,20200729,C07D403/04,true,true,biomed,ASCENTAGE PHARMA GROUP CORP LTD | ASCENTAGE PHARMA SUZHOU CO LTD,",CN"
74229126,US-11987575-B2,US,20200729,C07D403/04,true,true,biomed,ASCENTAGE PHARMA GROUP CORP LTD | ASCENTAGE PHARMA SUZHOU CO LTD,",CN"
74229126,US-11987575-B2,US,20200729,C07D403/04,true,true,biomed,ASCENTAGE PHARMA GROUP CORP LTD | ASCENTAGE PHARMA SUZHOU CO LTD,",CN"
74229126,US-11987575-B2,US,20200729,C07D403/04,true,false,biomed,ASCENTAGE PHARMA GROUP CORP LTD | ASCENTAGE PHARMA SUZHOU CO LTD,",CN"
74229126,US-11987575-B2,US,20200729,C07D403/14,true,false,biomed,ASCENTAGE PHARMA GROUP CORP LTD | ASCENTAGE PHARMA SUZHOU CO LTD,",CN"
74229126,US-11987575-B2,US,20200729,C07D403/14,true,false,biomed,ASCENTAGE PHARMA GROUP CORP LTD | ASCENTAGE PHARMA SUZHOU CO LTD,",CN"
74229126,US-11987575-B2,US,20200729,C07D403/14,true,false,biomed,ASCENTAGE PHARMA GROUP CORP LTD | ASCENTAGE PHARMA SUZHOU CO LTD,",CN"
74229126,US-11987575-B2,US,20200729,C07D403/14,true,false,biomed,ASCENTAGE PHARMA GROUP CORP LTD | ASCENTAGE PHARMA SUZHOU CO LTD,",CN"
74229126,US-11987575-B2,US,20200729,C07D405/14,true,false,biomed,ASCENTAGE PHARMA GROUP CORP LTD | ASCENTAGE PHARMA SUZHOU CO LTD,",CN"
74229126,US-11987575-B2,US,20200729,C07D405/14,true,true,biomed,ASCENTAGE PHARMA GROUP CORP LTD | ASCENTAGE PHARMA SUZHOU CO LTD,",CN"
74229126,US-11987575-B2,US,20200729,C07D405/14,true,false,biomed,ASCENTAGE PHARMA GROUP CORP LTD | ASCENTAGE PHARMA SUZHOU CO LTD,",CN"
74229126,US-11987575-B2,US,20200729,C07D413/14,true,false,biomed,ASCENTAGE PHARMA GROUP CORP LTD | ASCENTAGE PHARMA SUZHOU CO LTD,",CN"
74229126,US-11987575-B2,US,20200729,C07D413/14,true,false,biomed,ASCENTAGE PHARMA GROUP CORP LTD | ASCENTAGE PHARMA SUZHOU CO LTD,",CN"
74229126,US-11987575-B2,US,20200729,C07D413/14,true,false,biomed,ASCENTAGE PHARMA GROUP CORP LTD | ASCENTAGE PHARMA SUZHOU CO LTD,",CN"
74229126,US-11987575-B2,US,20200729,C07D413/14,true,false,biomed,ASCENTAGE PHARMA GROUP CORP LTD | ASCENTAGE PHARMA SUZHOU CO LTD,",CN"
74229126,US-11987575-B2,US,20200729,C07D417/14,true,false,biomed,ASCENTAGE PHARMA GROUP CORP LTD | ASCENTAGE PHARMA SUZHOU CO LTD,",CN"
74229126,US-11987575-B2,US,20200729,C07D417/14,true,false,biomed,ASCENTAGE PHARMA GROUP CORP LTD | ASCENTAGE PHARMA SUZHOU CO LTD,",CN"
74229126,US-11987575-B2,US,20200729,C07D417/14,true,false,biomed,ASCENTAGE PHARMA GROUP CORP LTD | ASCENTAGE PHARMA SUZHOU CO LTD,",CN"
74229126,US-11987575-B2,US,20200729,C07D417/14,true,false,biomed,ASCENTAGE PHARMA GROUP CORP LTD | ASCENTAGE PHARMA SUZHOU CO LTD,",CN"
74229126,US-11987575-B2,US,20200729,C07D471/04,true,false,biomed,ASCENTAGE PHARMA GROUP CORP LTD | ASCENTAGE PHARMA SUZHOU CO LTD,",CN"
74229126,US-11987575-B2,US,20200729,C07D471/04,true,false,biomed,ASCENTAGE PHARMA GROUP CORP LTD | ASCENTAGE PHARMA SUZHOU CO LTD,",CN"
74229126,US-11987575-B2,US,20200729,C07D471/04,true,false,biomed,ASCENTAGE PHARMA GROUP CORP LTD | ASCENTAGE PHARMA SUZHOU CO LTD,",CN"
74229126,US-11987575-B2,US,20200729,C07D471/04,true,false,biomed,ASCENTAGE PHARMA GROUP CORP LTD | ASCENTAGE PHARMA SUZHOU CO LTD,",CN"
74229126,US-11987575-B2,US,20200729,C07D495/04,true,false,biomed,ASCENTAGE PHARMA GROUP CORP LTD | ASCENTAGE PHARMA SUZHOU CO LTD,",CN"
74229126,US-11987575-B2,US,20200729,C07D495/04,true,false,biomed,ASCENTAGE PHARMA GROUP CORP LTD | ASCENTAGE PHARMA SUZHOU CO LTD,",CN"
74229126,US-11987575-B2,US,20200729,C07D495/04,true,false,biomed,ASCENTAGE PHARMA GROUP CORP LTD | ASCENTAGE PHARMA SUZHOU CO LTD,",CN"
74229126,US-11987575-B2,US,20200729,C07D495/04,true,false,biomed,ASCENTAGE PHARMA GROUP CORP LTD | ASCENTAGE PHARMA SUZHOU CO LTD,",CN"
74229126,US-2022306608-A1,US,20200729,A61P35/00,true,false,biomed,ASCENTAGE PHAARMA SUZHOU CO LTD | ASCENTAGE PHARMA GROUP CORP LTD,CN
74229126,US-2022306608-A1,US,20200729,A61P35/00,true,false,biomed,ASCENTAGE PHAARMA SUZHOU CO LTD | ASCENTAGE PHARMA GROUP CORP LTD,CN
74229126,US-2022306608-A1,US,20200729,A61P35/02,true,false,biomed,ASCENTAGE PHAARMA SUZHOU CO LTD | ASCENTAGE PHARMA GROUP CORP LTD,CN
74229126,US-2022306608-A1,US,20200729,A61P35/02,true,false,biomed,ASCENTAGE PHAARMA SUZHOU CO LTD | ASCENTAGE PHARMA GROUP CORP LTD,CN
74229126,US-2022306608-A1,US,20200729,A61P35/02,true,false,biomed,ASCENTAGE PHAARMA SUZHOU CO LTD | ASCENTAGE PHARMA GROUP CORP LTD,CN
74229126,US-2022306608-A1,US,20200729,A61P35/02,true,false,biomed,ASCENTAGE PHAARMA SUZHOU CO LTD | ASCENTAGE PHARMA GROUP CORP LTD,CN
74229126,US-2022306608-A1,US,20200729,C07D209/94,true,false,biomed,ASCENTAGE PHAARMA SUZHOU CO LTD | ASCENTAGE PHARMA GROUP CORP LTD,CN
74229126,US-2022306608-A1,US,20200729,C07D209/94,true,false,biomed,ASCENTAGE PHAARMA SUZHOU CO LTD | ASCENTAGE PHARMA GROUP CORP LTD,CN
74229126,US-2022306608-A1,US,20200729,C07D209/94,true,false,biomed,ASCENTAGE PHAARMA SUZHOU CO LTD | ASCENTAGE PHARMA GROUP CORP LTD,CN
74229126,US-2022306608-A1,US,20200729,C07D221/16,true,false,biomed,ASCENTAGE PHAARMA SUZHOU CO LTD | ASCENTAGE PHARMA GROUP CORP LTD,CN
74229126,US-2022306608-A1,US,20200729,C07D401/04,true,false,biomed,ASCENTAGE PHAARMA SUZHOU CO LTD | ASCENTAGE PHARMA GROUP CORP LTD,CN
74229126,US-2022306608-A1,US,20200729,C07D401/04,true,false,biomed,ASCENTAGE PHAARMA SUZHOU CO LTD | ASCENTAGE PHARMA GROUP CORP LTD,CN
74229126,US-2022306608-A1,US,20200729,C07D401/04,true,false,biomed,ASCENTAGE PHAARMA SUZHOU CO LTD | ASCENTAGE PHARMA GROUP CORP LTD,CN
74229126,US-2022306608-A1,US,20200729,C07D401/04,true,false,biomed,ASCENTAGE PHAARMA SUZHOU CO LTD | ASCENTAGE PHARMA GROUP CORP LTD,CN
74229126,US-2022306608-A1,US,20200729,C07D401/14,true,false,biomed,ASCENTAGE PHAARMA SUZHOU CO LTD | ASCENTAGE PHARMA GROUP CORP LTD,CN
74229126,US-2022306608-A1,US,20200729,C07D401/14,true,false,biomed,ASCENTAGE PHAARMA SUZHOU CO LTD | ASCENTAGE PHARMA GROUP CORP LTD,CN
74229126,US-2022306608-A1,US,20200729,C07D401/14,true,false,biomed,ASCENTAGE PHAARMA SUZHOU CO LTD | ASCENTAGE PHARMA GROUP CORP LTD,CN
74229126,US-2022306608-A1,US,20200729,C07D401/14,true,false,biomed,ASCENTAGE PHAARMA SUZHOU CO LTD | ASCENTAGE PHARMA GROUP CORP LTD,CN
74229126,US-2022306608-A1,US,20200729,C07D403/04,true,false,biomed,ASCENTAGE PHAARMA SUZHOU CO LTD | ASCENTAGE PHARMA GROUP CORP LTD,CN
74229126,US-2022306608-A1,US,20200729,C07D403/04,true,true,biomed,ASCENTAGE PHAARMA SUZHOU CO LTD | ASCENTAGE PHARMA GROUP CORP LTD,CN
74229126,US-2022306608-A1,US,20200729,C07D403/04,true,true,biomed,ASCENTAGE PHAARMA SUZHOU CO LTD | ASCENTAGE PHARMA GROUP CORP LTD,CN
74229126,US-2022306608-A1,US,20200729,C07D403/04,true,true,biomed,ASCENTAGE PHAARMA SUZHOU CO LTD | ASCENTAGE PHARMA GROUP CORP LTD,CN
74229126,US-2022306608-A1,US,20200729,C07D403/14,true,false,biomed,ASCENTAGE PHAARMA SUZHOU CO LTD | ASCENTAGE PHARMA GROUP CORP LTD,CN
74229126,US-2022306608-A1,US,20200729,C07D403/14,true,false,biomed,ASCENTAGE PHAARMA SUZHOU CO LTD | ASCENTAGE PHARMA GROUP CORP LTD,CN
74229126,US-2022306608-A1,US,20200729,C07D403/14,true,false,biomed,ASCENTAGE PHAARMA SUZHOU CO LTD | ASCENTAGE PHARMA GROUP CORP LTD,CN
74229126,US-2022306608-A1,US,20200729,C07D403/14,true,false,biomed,ASCENTAGE PHAARMA SUZHOU CO LTD | ASCENTAGE PHARMA GROUP CORP LTD,CN
74229126,US-2022306608-A1,US,20200729,C07D405/14,true,false,biomed,ASCENTAGE PHAARMA SUZHOU CO LTD | ASCENTAGE PHARMA GROUP CORP LTD,CN
74229126,US-2022306608-A1,US,20200729,C07D405/14,true,true,biomed,ASCENTAGE PHAARMA SUZHOU CO LTD | ASCENTAGE PHARMA GROUP CORP LTD,CN
74229126,US-2022306608-A1,US,20200729,C07D405/14,true,false,biomed,ASCENTAGE PHAARMA SUZHOU CO LTD | ASCENTAGE PHARMA GROUP CORP LTD,CN
74229126,US-2022306608-A1,US,20200729,C07D413/14,true,false,biomed,ASCENTAGE PHAARMA SUZHOU CO LTD | ASCENTAGE PHARMA GROUP CORP LTD,CN
74229126,US-2022306608-A1,US,20200729,C07D413/14,true,false,biomed,ASCENTAGE PHAARMA SUZHOU CO LTD | ASCENTAGE PHARMA GROUP CORP LTD,CN
74229126,US-2022306608-A1,US,20200729,C07D413/14,true,false,biomed,ASCENTAGE PHAARMA SUZHOU CO LTD | ASCENTAGE PHARMA GROUP CORP LTD,CN
74229126,US-2022306608-A1,US,20200729,C07D413/14,true,false,biomed,ASCENTAGE PHAARMA SUZHOU CO LTD | ASCENTAGE PHARMA GROUP CORP LTD,CN
74229126,US-2022306608-A1,US,20200729,C07D417/14,true,false,biomed,ASCENTAGE PHAARMA SUZHOU CO LTD | ASCENTAGE PHARMA GROUP CORP LTD,CN
74229126,US-2022306608-A1,US,20200729,C07D417/14,true,false,biomed,ASCENTAGE PHAARMA SUZHOU CO LTD | ASCENTAGE PHARMA GROUP CORP LTD,CN
74229126,US-2022306608-A1,US,20200729,C07D417/14,true,false,biomed,ASCENTAGE PHAARMA SUZHOU CO LTD | ASCENTAGE PHARMA GROUP CORP LTD,CN
74229126,US-2022306608-A1,US,20200729,C07D417/14,true,false,biomed,ASCENTAGE PHAARMA SUZHOU CO LTD | ASCENTAGE PHARMA GROUP CORP LTD,CN
74229126,US-2022306608-A1,US,20200729,C07D471/04,true,false,biomed,ASCENTAGE PHAARMA SUZHOU CO LTD | ASCENTAGE PHARMA GROUP CORP LTD,CN
74229126,US-2022306608-A1,US,20200729,C07D471/04,true,false,biomed,ASCENTAGE PHAARMA SUZHOU CO LTD | ASCENTAGE PHARMA GROUP CORP LTD,CN
74229126,US-2022306608-A1,US,20200729,C07D471/04,true,false,biomed,ASCENTAGE PHAARMA SUZHOU CO LTD | ASCENTAGE PHARMA GROUP CORP LTD,CN
74229126,US-2022306608-A1,US,20200729,C07D471/04,true,false,biomed,ASCENTAGE PHAARMA SUZHOU CO LTD | ASCENTAGE PHARMA GROUP CORP LTD,CN
74229126,US-2022306608-A1,US,20200729,C07D495/04,true,false,biomed,ASCENTAGE PHAARMA SUZHOU CO LTD | ASCENTAGE PHARMA GROUP CORP LTD,CN
74229126,US-2022306608-A1,US,20200729,C07D495/04,true,false,biomed,ASCENTAGE PHAARMA SUZHOU CO LTD | ASCENTAGE PHARMA GROUP CORP LTD,CN
74229126,US-2022306608-A1,US,20200729,C07D495/04,true,false,biomed,ASCENTAGE PHAARMA SUZHOU CO LTD | ASCENTAGE PHARMA GROUP CORP LTD,CN
74229126,US-2022306608-A1,US,20200729,C07D495/04,true,false,biomed,ASCENTAGE PHAARMA SUZHOU CO LTD | ASCENTAGE PHARMA GROUP CORP LTD,CN
74229126,WO-2021018195-A1,WO,20200729,A61P35/00,true,false,biomed,ASCENTAGE PHARMA GROUP CORP LTD | ASCENTAGE PHARMA SUZHOU CO LTD,CN
74229126,WO-2021018195-A1,WO,20200729,A61P35/00,true,false,biomed,ASCENTAGE PHARMA GROUP CORP LTD | ASCENTAGE PHARMA SUZHOU CO LTD,CN
74229126,WO-2021018195-A1,WO,20200729,A61P35/02,true,false,biomed,ASCENTAGE PHARMA GROUP CORP LTD | ASCENTAGE PHARMA SUZHOU CO LTD,CN
74229126,WO-2021018195-A1,WO,20200729,A61P35/02,true,false,biomed,ASCENTAGE PHARMA GROUP CORP LTD | ASCENTAGE PHARMA SUZHOU CO LTD,CN
74229126,WO-2021018195-A1,WO,20200729,A61P35/02,true,false,biomed,ASCENTAGE PHARMA GROUP CORP LTD | ASCENTAGE PHARMA SUZHOU CO LTD,CN
74229126,WO-2021018195-A1,WO,20200729,C07D209/94,true,false,biomed,ASCENTAGE PHARMA GROUP CORP LTD | ASCENTAGE PHARMA SUZHOU CO LTD,CN
74229126,WO-2021018195-A1,WO,20200729,C07D209/94,true,false,biomed,ASCENTAGE PHARMA GROUP CORP LTD | ASCENTAGE PHARMA SUZHOU CO LTD,CN
74229126,WO-2021018195-A1,WO,20200729,C07D221/16,true,false,biomed,ASCENTAGE PHARMA GROUP CORP LTD | ASCENTAGE PHARMA SUZHOU CO LTD,CN
74229126,WO-2021018195-A1,WO,20200729,C07D401/04,true,false,biomed,ASCENTAGE PHARMA GROUP CORP LTD | ASCENTAGE PHARMA SUZHOU CO LTD,CN
74229126,WO-2021018195-A1,WO,20200729,C07D401/04,true,false,biomed,ASCENTAGE PHARMA GROUP CORP LTD | ASCENTAGE PHARMA SUZHOU CO LTD,CN
74229126,WO-2021018195-A1,WO,20200729,C07D401/04,true,false,biomed,ASCENTAGE PHARMA GROUP CORP LTD | ASCENTAGE PHARMA SUZHOU CO LTD,CN
74229126,WO-2021018195-A1,WO,20200729,C07D401/14,true,false,biomed,ASCENTAGE PHARMA GROUP CORP LTD | ASCENTAGE PHARMA SUZHOU CO LTD,CN
74229126,WO-2021018195-A1,WO,20200729,C07D401/14,true,false,biomed,ASCENTAGE PHARMA GROUP CORP LTD | ASCENTAGE PHARMA SUZHOU CO LTD,CN
74229126,WO-2021018195-A1,WO,20200729,C07D401/14,true,false,biomed,ASCENTAGE PHARMA GROUP CORP LTD | ASCENTAGE PHARMA SUZHOU CO LTD,CN
74229126,WO-2021018195-A1,WO,20200729,C07D403/04,true,true,biomed,ASCENTAGE PHARMA GROUP CORP LTD | ASCENTAGE PHARMA SUZHOU CO LTD,CN
74229126,WO-2021018195-A1,WO,20200729,C07D403/04,true,true,biomed,ASCENTAGE PHARMA GROUP CORP LTD | ASCENTAGE PHARMA SUZHOU CO LTD,CN
74229126,WO-2021018195-A1,WO,20200729,C07D403/04,true,false,biomed,ASCENTAGE PHARMA GROUP CORP LTD | ASCENTAGE PHARMA SUZHOU CO LTD,CN
74229126,WO-2021018195-A1,WO,20200729,C07D403/14,true,false,biomed,ASCENTAGE PHARMA GROUP CORP LTD | ASCENTAGE PHARMA SUZHOU CO LTD,CN
74229126,WO-2021018195-A1,WO,20200729,C07D403/14,true,false,biomed,ASCENTAGE PHARMA GROUP CORP LTD | ASCENTAGE PHARMA SUZHOU CO LTD,CN
74229126,WO-2021018195-A1,WO,20200729,C07D403/14,true,false,biomed,ASCENTAGE PHARMA GROUP CORP LTD | ASCENTAGE PHARMA SUZHOU CO LTD,CN
74229126,WO-2021018195-A1,WO,20200729,C07D405/14,true,false,biomed,ASCENTAGE PHARMA GROUP CORP LTD | ASCENTAGE PHARMA SUZHOU CO LTD,CN
74229126,WO-2021018195-A1,WO,20200729,C07D405/14,true,true,biomed,ASCENTAGE PHARMA GROUP CORP LTD | ASCENTAGE PHARMA SUZHOU CO LTD,CN
74229126,WO-2021018195-A1,WO,20200729,C07D413/14,true,false,biomed,ASCENTAGE PHARMA GROUP CORP LTD | ASCENTAGE PHARMA SUZHOU CO LTD,CN
74229126,WO-2021018195-A1,WO,20200729,C07D413/14,true,false,biomed,ASCENTAGE PHARMA GROUP CORP LTD | ASCENTAGE PHARMA SUZHOU CO LTD,CN
74229126,WO-2021018195-A1,WO,20200729,C07D413/14,true,false,biomed,ASCENTAGE PHARMA GROUP CORP LTD | ASCENTAGE PHARMA SUZHOU CO LTD,CN
74229126,WO-2021018195-A1,WO,20200729,C07D417/14,true,false,biomed,ASCENTAGE PHARMA GROUP CORP LTD | ASCENTAGE PHARMA SUZHOU CO LTD,CN
74229126,WO-2021018195-A1,WO,20200729,C07D417/14,true,false,biomed,ASCENTAGE PHARMA GROUP CORP LTD | ASCENTAGE PHARMA SUZHOU CO LTD,CN
74229126,WO-2021018195-A1,WO,20200729,C07D417/14,true,false,biomed,ASCENTAGE PHARMA GROUP CORP LTD | ASCENTAGE PHARMA SUZHOU CO LTD,CN
74229126,WO-2021018195-A1,WO,20200729,C07D471/04,true,false,biomed,ASCENTAGE PHARMA GROUP CORP LTD | ASCENTAGE PHARMA SUZHOU CO LTD,CN
74229126,WO-2021018195-A1,WO,20200729,C07D471/04,true,false,biomed,ASCENTAGE PHARMA GROUP CORP LTD | ASCENTAGE PHARMA SUZHOU CO LTD,CN
74229126,WO-2021018195-A1,WO,20200729,C07D471/04,true,false,biomed,ASCENTAGE PHARMA GROUP CORP LTD | ASCENTAGE PHARMA SUZHOU CO LTD,CN
74229126,WO-2021018195-A1,WO,20200729,C07D495/04,true,false,biomed,ASCENTAGE PHARMA GROUP CORP LTD | ASCENTAGE PHARMA SUZHOU CO LTD,CN
74229126,WO-2021018195-A1,WO,20200729,C07D495/04,true,false,biomed,ASCENTAGE PHARMA GROUP CORP LTD | ASCENTAGE PHARMA SUZHOU CO LTD,CN
74229126,WO-2021018195-A1,WO,20200729,C07D495/04,true,false,biomed,ASCENTAGE PHARMA GROUP CORP LTD | ASCENTAGE PHARMA SUZHOU CO LTD,CN
74682582,US-11083665-B2,US,20190904,A61H15/00,true,true,biomed,MU GLOBAL HOLDING LTD,HK
74682582,US-11083665-B2,US,20190904,A61H15/00,true,true,biomed,MU GLOBAL HOLDING LTD,HK
74682582,US-11083665-B2,US,20190904,A61H2033/061,false,false,biomed,MU GLOBAL HOLDING LTD,HK
74682582,US-11083665-B2,US,20190904,A61H2033/061,false,false,biomed,MU GLOBAL HOLDING LTD,HK
74682582,US-11083665-B2,US,20190904,A61H2033/061,false,false,biomed,MU GLOBAL HOLDING LTD,HK
74682582,US-11083665-B2,US,20190904,A61H2201/0142,false,false,biomed,MU GLOBAL HOLDING LTD,HK
74682582,US-11083665-B2,US,20190904,A61H2201/0142,false,false,biomed,MU GLOBAL HOLDING LTD,HK
74682582,US-11083665-B2,US,20190904,A61H2201/0142,false,false,biomed,MU GLOBAL HOLDING LTD,HK
74682582,US-11083665-B2,US,20190904,A61H2201/0173,false,false,biomed,MU GLOBAL HOLDING LTD,HK
74682582,US-11083665-B2,US,20190904,A61H2201/0207,false,false,biomed,MU GLOBAL HOLDING LTD,HK
74682582,US-11083665-B2,US,20190904,A61H2201/0207,false,false,biomed,MU GLOBAL HOLDING LTD,HK
74682582,US-11083665-B2,US,20190904,A61H2201/0207,false,false,biomed,MU GLOBAL HOLDING LTD,HK
74682582,US-11083665-B2,US,20190904,A61H2201/0221,false,false,biomed,MU GLOBAL HOLDING LTD,HK
74682582,US-11083665-B2,US,20190904,A61H2201/169,false,false,biomed,MU GLOBAL HOLDING LTD,HK
74682582,US-11083665-B2,US,20190904,A61H2201/1695,false,false,biomed,MU GLOBAL HOLDING LTD,HK
74682582,US-11083665-B2,US,20190904,A61H2201/1695,false,false,biomed,MU GLOBAL HOLDING LTD,HK
74682582,US-11083665-B2,US,20190904,A61H2201/50,false,false,biomed,MU GLOBAL HOLDING LTD,HK
74682582,US-11083665-B2,US,20190904,A61H2203/0443,false,false,biomed,MU GLOBAL HOLDING LTD,HK
74682582,US-11083665-B2,US,20190904,A61H33/06,true,true,biomed,MU GLOBAL HOLDING LTD,HK
74682582,US-11083665-B2,US,20190904,A61H33/066,true,false,biomed,MU GLOBAL HOLDING LTD,HK
74682582,US-11083665-B2,US,20190904,A61H33/066,true,false,biomed,MU GLOBAL HOLDING LTD,HK
74682582,US-11083665-B2,US,20190904,A61H33/066,true,false,biomed,MU GLOBAL HOLDING LTD,HK
74682582,US-2021059894-A1,US,20190904,A61H15/00,true,true,biomed,MU GLOBAL HOLDING LTD,HK
74682582,US-2021059894-A1,US,20190904,A61H15/00,true,true,biomed,MU GLOBAL HOLDING LTD,HK
74682582,US-2021059894-A1,US,20190904,A61H2033/061,false,false,biomed,MU GLOBAL HOLDING LTD,HK
74682582,US-2021059894-A1,US,20190904,A61H2033/061,false,false,biomed,MU GLOBAL HOLDING LTD,HK
74682582,US-2021059894-A1,US,20190904,A61H2033/061,false,false,biomed,MU GLOBAL HOLDING LTD,HK
74682582,US-2021059894-A1,US,20190904,A61H2201/0142,false,false,biomed,MU GLOBAL HOLDING LTD,HK
74682582,US-2021059894-A1,US,20190904,A61H2201/0142,false,false,biomed,MU GLOBAL HOLDING LTD,HK
74682582,US-2021059894-A1,US,20190904,A61H2201/0142,false,false,biomed,MU GLOBAL HOLDING LTD,HK
74682582,US-2021059894-A1,US,20190904,A61H2201/0173,false,false,biomed,MU GLOBAL HOLDING LTD,HK
74682582,US-2021059894-A1,US,20190904,A61H2201/0207,false,false,biomed,MU GLOBAL HOLDING LTD,HK
74682582,US-2021059894-A1,US,20190904,A61H2201/0207,false,false,biomed,MU GLOBAL HOLDING LTD,HK
74682582,US-2021059894-A1,US,20190904,A61H2201/0207,false,false,biomed,MU GLOBAL HOLDING LTD,HK
74682582,US-2021059894-A1,US,20190904,A61H2201/0221,false,false,biomed,MU GLOBAL HOLDING LTD,HK
74682582,US-2021059894-A1,US,20190904,A61H2201/169,false,false,biomed,MU GLOBAL HOLDING LTD,HK
74682582,US-2021059894-A1,US,20190904,A61H2201/1695,false,false,biomed,MU GLOBAL HOLDING LTD,HK
74682582,US-2021059894-A1,US,20190904,A61H2201/1695,false,false,biomed,MU GLOBAL HOLDING LTD,HK
74682582,US-2021059894-A1,US,20190904,A61H2201/50,false,false,biomed,MU GLOBAL HOLDING LTD,HK
74682582,US-2021059894-A1,US,20190904,A61H2203/0443,false,false,biomed,MU GLOBAL HOLDING LTD,HK
74682582,US-2021059894-A1,US,20190904,A61H33/06,true,true,biomed,MU GLOBAL HOLDING LTD,HK
74682582,US-2021059894-A1,US,20190904,A61H33/066,true,false,biomed,MU GLOBAL HOLDING LTD,HK
74682582,US-2021059894-A1,US,20190904,A61H33/066,true,false,biomed,MU GLOBAL HOLDING LTD,HK
74682582,US-2021059894-A1,US,20190904,A61H33/066,true,false,biomed,MU GLOBAL HOLDING LTD,HK
78106540,AU-2021204584-A1,AU,20210607,G06F18/214,true,false,,SENSETIME INT PTE LTD,SG
78106540,AU-2021204584-A1,AU,20210607,G06N3/045,true,false,ai,SENSETIME INT PTE LTD,SG
78106540,AU-2021204584-A1,AU,20210607,G06N3/08,true,false,ai,SENSETIME INT PTE LTD,SG
78106540,AU-2021204584-A1,AU,20210607,G06T2207/30196,false,false,,SENSETIME INT PTE LTD,SG
78106540,AU-2021204584-A1,AU,20210607,G06T7/0002,true,true,,SENSETIME INT PTE LTD,SG
78106540,AU-2021204584-A1,AU,20210607,G06T7/11,true,false,,SENSETIME INT PTE LTD,SG
78106540,AU-2021204584-A1,AU,20210607,G06T7/70,true,false,,SENSETIME INT PTE LTD,SG
78106540,AU-2021204584-A1,AU,20210607,G06V10/75,true,true,ai,SENSETIME INT PTE LTD,SG
78106540,AU-2021204584-A1,AU,20210607,G06V10/82,true,false,ai,SENSETIME INT PTE LTD,SG
78106540,AU-2021204584-A1,AU,20210607,G06V40/10,true,false,ai,SENSETIME INT PTE LTD,SG
78106540,AU-2021204584-A1,AU,20210607,G06V40/107,true,false,ai,SENSETIME INT PTE LTD,SG
78106540,AU-2021204584-A1,AU,20210607,G06V40/107,true,false,ai,SENSETIME INT PTE LTD,SG
78106540,AU-2021204584-A1,AU,20210607,G06V40/161,true,false,ai,SENSETIME INT PTE LTD,SG
78106540,AU-2021204584-A1,AU,20210607,G06V40/161,true,false,ai,SENSETIME INT PTE LTD,SG
78106540,AU-2021204584-A1,AU,20210607,G06V40/172,true,true,ai,SENSETIME INT PTE LTD,SG
78106540,AU-2021204584-A1,AU,20210607,G06V40/172,true,true,ai,SENSETIME INT PTE LTD,SG
78106540,AU-2021204584-A1,AU,20210607,G06V40/70,true,false,ai,SENSETIME INT PTE LTD,SG
78106540,CN-113557546-A,CN,20210607,G06F18/214,true,false,,SENSETIME PVT LTD,
78106540,CN-113557546-A,CN,20210607,G06N3/045,true,false,ai,SENSETIME PVT LTD,
78106540,CN-113557546-A,CN,20210607,G06N3/08,true,false,ai,SENSETIME PVT LTD,
78106540,CN-113557546-A,CN,20210607,G06T2207/30196,false,false,,SENSETIME PVT LTD,
78106540,CN-113557546-A,CN,20210607,G06T7/0002,true,true,,SENSETIME PVT LTD,
78106540,CN-113557546-A,CN,20210607,G06T7/11,true,false,,SENSETIME PVT LTD,
78106540,CN-113557546-A,CN,20210607,G06T7/70,true,false,,SENSETIME PVT LTD,
78106540,CN-113557546-A,CN,20210607,G06V10/75,true,true,ai,SENSETIME PVT LTD,
78106540,CN-113557546-A,CN,20210607,G06V10/82,true,false,ai,SENSETIME PVT LTD,
78106540,CN-113557546-A,CN,20210607,G06V40/10,true,false,ai,SENSETIME PVT LTD,
78106540,CN-113557546-A,CN,20210607,G06V40/107,true,false,ai,SENSETIME PVT LTD,
78106540,CN-113557546-A,CN,20210607,G06V40/107,true,false,ai,SENSETIME PVT LTD,
78106540,CN-113557546-A,CN,20210607,G06V40/161,true,false,ai,SENSETIME PVT LTD,
78106540,CN-113557546-A,CN,20210607,G06V40/161,true,false,ai,SENSETIME PVT LTD,
78106540,CN-113557546-A,CN,20210607,G06V40/172,true,true,ai,SENSETIME PVT LTD,
78106540,CN-113557546-A,CN,20210607,G06V40/172,true,true,ai,SENSETIME PVT LTD,
78106540,CN-113557546-A,CN,20210607,G06V40/70,true,false,ai,SENSETIME PVT LTD,
78106540,CN-113557546-B,CN,20210607,G06F18/214,true,false,,,
78106540,CN-113557546-B,CN,20210607,G06N3/045,true,false,ai,,
78106540,CN-113557546-B,CN,20210607,G06N3/08,true,false,ai,,
78106540,CN-113557546-B,CN,20210607,G06T2207/30196,false,false,,,
78106540,CN-113557546-B,CN,20210607,G06T7/0002,true,true,,,
78106540,CN-113557546-B,CN,20210607,G06T7/11,true,false,,,
78106540,CN-113557546-B,CN,20210607,G06T7/70,true,false,,,
78106540,CN-113557546-B,CN,20210607,G06V10/75,true,true,ai,,
78106540,CN-113557546-B,CN,20210607,G06V10/82,true,false,ai,,
78106540,CN-113557546-B,CN,20210607,G06V40/10,true,false,ai,,
78106540,CN-113557546-B,CN,20210607,G06V40/107,true,false,ai,,
78106540,CN-113557546-B,CN,20210607,G06V40/107,true,false,ai,,
78106540,CN-113557546-B,CN,20210607,G06V40/161,true,false,ai,,
78106540,CN-113557546-B,CN,20210607,G06V40/161,true,false,ai,,
78106540,CN-113557546-B,CN,20210607,G06V40/172,true,true,ai,,
78106540,CN-113557546-B,CN,20210607,G06V40/172,true,true,ai,,
78106540,CN-113557546-B,CN,20210607,G06V40/70,true,false,ai,,
78106540,KR-20220130567-A,KR,20210607,G06F18/214,true,false,,SENSETIME INT PTE LTD,SG
78106540,KR-20220130567-A,KR,20210607,G06N3/045,true,false,ai,SENSETIME INT PTE LTD,SG
78106540,KR-20220130567-A,KR,20210607,G06N3/08,true,false,ai,SENSETIME INT PTE LTD,SG
78106540,KR-20220130567-A,KR,20210607,G06T2207/30196,false,false,,SENSETIME INT PTE LTD,SG
78106540,KR-20220130567-A,KR,20210607,G06T2207/30196,false,false,,SENSETIME INT PTE LTD,SG
78106540,KR-20220130567-A,KR,20210607,G06T7/0002,true,true,,SENSETIME INT PTE LTD,SG
78106540,KR-20220130567-A,KR,20210607,G06T7/11,true,false,,SENSETIME INT PTE LTD,SG
78106540,KR-20220130567-A,KR,20210607,G06T7/11,true,false,,SENSETIME INT PTE LTD,SG
78106540,KR-20220130567-A,KR,20210607,G06T7/70,true,false,,SENSETIME INT PTE LTD,SG
78106540,KR-20220130567-A,KR,20210607,G06T7/70,true,false,,SENSETIME INT PTE LTD,SG
78106540,KR-20220130567-A,KR,20210607,G06V10/75,true,true,ai,SENSETIME INT PTE LTD,SG
78106540,KR-20220130567-A,KR,20210607,G06V10/82,true,false,ai,SENSETIME INT PTE LTD,SG
78106540,KR-20220130567-A,KR,20210607,G06V40/10,true,false,ai,SENSETIME INT PTE LTD,SG
78106540,KR-20220130567-A,KR,20210607,G06V40/10,true,false,ai,SENSETIME INT PTE LTD,SG
78106540,KR-20220130567-A,KR,20210607,G06V40/107,true,false,ai,SENSETIME INT PTE LTD,SG
78106540,KR-20220130567-A,KR,20210607,G06V40/107,true,false,ai,SENSETIME INT PTE LTD,SG
78106540,KR-20220130567-A,KR,20210607,G06V40/161,true,false,ai,SENSETIME INT PTE LTD,SG
78106540,KR-20220130567-A,KR,20210607,G06V40/161,true,false,ai,SENSETIME INT PTE LTD,SG
78106540,KR-20220130567-A,KR,20210607,G06V40/172,true,true,ai,SENSETIME INT PTE LTD,SG
78106540,KR-20220130567-A,KR,20210607,G06V40/172,true,true,ai,SENSETIME INT PTE LTD,SG
78106540,KR-20220130567-A,KR,20210607,G06V40/172,true,true,ai,SENSETIME INT PTE LTD,SG
78106540,KR-20220130567-A,KR,20210607,G06V40/70,true,false,ai,SENSETIME INT PTE LTD,SG
78106540,PH-12021551563-A1,PH,20210607,G06F18/214,true,false,,SENSETIME INT PTE LTD,SG
78106540,PH-12021551563-A1,PH,20210607,G06N3/045,true,false,ai,SENSETIME INT PTE LTD,SG
78106540,PH-12021551563-A1,PH,20210607,G06N3/08,true,false,ai,SENSETIME INT PTE LTD,SG
78106540,PH-12021551563-A1,PH,20210607,G06T2207/30196,false,false,,SENSETIME INT PTE LTD,SG
78106540,PH-12021551563-A1,PH,20210607,G06T7/0002,true,true,,SENSETIME INT PTE LTD,SG
78106540,PH-12021551563-A1,PH,20210607,G06T7/11,true,false,,SENSETIME INT PTE LTD,SG
78106540,PH-12021551563-A1,PH,20210607,G06T7/70,true,false,,SENSETIME INT PTE LTD,SG
78106540,PH-12021551563-A1,PH,20210607,G06V10/75,true,true,ai,SENSETIME INT PTE LTD,SG
78106540,PH-12021551563-A1,PH,20210607,G06V10/82,true,false,ai,SENSETIME INT PTE LTD,SG
78106540,PH-12021551563-A1,PH,20210607,G06V40/10,true,false,ai,SENSETIME INT PTE LTD,SG
78106540,PH-12021551563-A1,PH,20210607,G06V40/107,true,false,ai,SENSETIME INT PTE LTD,SG
78106540,PH-12021551563-A1,PH,20210607,G06V40/107,true,false,ai,SENSETIME INT PTE LTD,SG
78106540,PH-12021551563-A1,PH,20210607,G06V40/161,true,false,ai,SENSETIME INT PTE LTD,SG
78106540,PH-12021551563-A1,PH,20210607,G06V40/161,true,false,ai,SENSETIME INT PTE LTD,SG
78106540,PH-12021551563-A1,PH,20210607,G06V40/172,true,true,ai,SENSETIME INT PTE LTD,SG
78106540,PH-12021551563-A1,PH,20210607,G06V40/172,true,true,ai,SENSETIME INT PTE LTD,SG
78106540,PH-12021551563-A1,PH,20210607,G06V40/70,true,false,ai,SENSETIME INT PTE LTD,SG
78106540,US-2022300774-A1,US,20210630,G06F18/214,true,false,,SENSETIME INT PTE LTD,SG
78106540,US-2022300774-A1,US,20210630,G06K9/00228,true,false,,SENSETIME INT PTE LTD,SG
78106540,US-2022300774-A1,US,20210630,G06K9/00375,true,false,,SENSETIME INT PTE LTD,SG
78106540,US-2022300774-A1,US,20210630,G06K9/6256,true,false,,SENSETIME INT PTE LTD,SG
78106540,US-2022300774-A1,US,20210630,G06K9/64,true,true,,SENSETIME INT PTE LTD,SG
78106540,US-2022300774-A1,US,20210630,G06N3/045,true,false,ai,SENSETIME INT PTE LTD,SG
78106540,US-2022300774-A1,US,20210630,G06N3/08,true,false,ai,SENSETIME INT PTE LTD,SG
78106540,US-2022300774-A1,US,20210630,G06T2207/30196,false,false,,SENSETIME INT PTE LTD,SG
78106540,US-2022300774-A1,US,20210630,G06T7/0002,true,true,,SENSETIME INT PTE LTD,SG
78106540,US-2022300774-A1,US,20210630,G06T7/11,true,false,,SENSETIME INT PTE LTD,SG
78106540,US-2022300774-A1,US,20210630,G06T7/70,true,false,,SENSETIME INT PTE LTD,SG
78106540,US-2022300774-A1,US,20210630,G06V10/75,true,true,ai,SENSETIME INT PTE LTD,SG
78106540,US-2022300774-A1,US,20210630,G06V10/82,true,false,ai,SENSETIME INT PTE LTD,SG
78106540,US-2022300774-A1,US,20210630,G06V40/10,true,false,ai,SENSETIME INT PTE LTD,SG
78106540,US-2022300774-A1,US,20210630,G06V40/107,true,false,ai,SENSETIME INT PTE LTD,SG
78106540,US-2022300774-A1,US,20210630,G06V40/107,true,false,ai,SENSETIME INT PTE LTD,SG
78106540,US-2022300774-A1,US,20210630,G06V40/161,true,false,ai,SENSETIME INT PTE LTD,SG
78106540,US-2022300774-A1,US,20210630,G06V40/161,true,false,ai,SENSETIME INT PTE LTD,SG
78106540,US-2022300774-A1,US,20210630,G06V40/172,true,true,ai,SENSETIME INT PTE LTD,SG
78106540,US-2022300774-A1,US,20210630,G06V40/172,true,true,ai,SENSETIME INT PTE LTD,SG
78106540,US-2022300774-A1,US,20210630,G06V40/70,true,false,ai,SENSETIME INT PTE LTD,SG
78745733,US-2023234050-A1,US,20210527,B01L2200/0689,false,false,,NAT UNIV SINGAPORE,SG
78745733,US-2023234050-A1,US,20210527,B01L2200/0689,false,false,,NAT UNIV SINGAPORE,SG
78745733,US-2023234050-A1,US,20210527,B01L2200/10,false,false,,NAT UNIV SINGAPORE,SG
78745733,US-2023234050-A1,US,20210527,B01L2200/10,false,false,,NAT UNIV SINGAPORE,SG
78745733,US-2023234050-A1,US,20210527,B01L2200/147,false,false,,NAT UNIV SINGAPORE,SG
78745733,US-2023234050-A1,US,20210527,B01L2200/147,false,false,,NAT UNIV SINGAPORE,SG
78745733,US-2023234050-A1,US,20210527,B01L2300/0816,false,false,,NAT UNIV SINGAPORE,SG
78745733,US-2023234050-A1,US,20210527,B01L2300/0816,false,false,,NAT UNIV SINGAPORE,SG
78745733,US-2023234050-A1,US,20210527,B01L2300/0861,false,false,,NAT UNIV SINGAPORE,SG
78745733,US-2023234050-A1,US,20210527,B01L2300/0861,false,false,,NAT UNIV SINGAPORE,SG
78745733,US-2023234050-A1,US,20210527,B01L2300/0883,false,false,,NAT UNIV SINGAPORE,SG
78745733,US-2023234050-A1,US,20210527,B01L2300/0883,false,false,,NAT UNIV SINGAPORE,SG
78745733,US-2023234050-A1,US,20210527,B01L2300/18,false,false,,NAT UNIV SINGAPORE,SG
78745733,US-2023234050-A1,US,20210527,B01L2300/18,false,false,,NAT UNIV SINGAPORE,SG
78745733,US-2023234050-A1,US,20210527,B01L3/502715,true,true,,NAT UNIV SINGAPORE,SG
78745733,US-2023234050-A1,US,20210527,B01L3/502715,true,true,,NAT UNIV SINGAPORE,SG
78745733,US-2023234050-A1,US,20210527,B01L3/502715,true,true,,NAT UNIV SINGAPORE,SG
78745733,US-2023234050-A1,US,20210527,B01L3/502784,false,false,,NAT UNIV SINGAPORE,SG
78745733,US-2023234050-A1,US,20210527,B01L3/502784,false,false,,NAT UNIV SINGAPORE,SG
78745733,US-2023234050-A1,US,20210527,B01L7/52,false,false,,NAT UNIV SINGAPORE,SG
78745733,US-2023234050-A1,US,20210527,B01L7/52,false,false,,NAT UNIV SINGAPORE,SG
78745733,US-2023234050-A1,US,20210527,C12Q1/686,false,false,biomed,NAT UNIV SINGAPORE,SG
78745733,US-2023234050-A1,US,20210527,C12Q1/686,false,false,biomed,NAT UNIV SINGAPORE,SG
78745733,US-2023234050-A1,US,20210527,G01N2021/0346,false,false,,NAT UNIV SINGAPORE,SG
78745733,US-2023234050-A1,US,20210527,G01N2021/0346,false,false,,NAT UNIV SINGAPORE,SG
78745733,US-2023234050-A1,US,20210527,G01N2021/6482,false,false,,NAT UNIV SINGAPORE,SG
78745733,US-2023234050-A1,US,20210527,G01N2021/6482,false,false,,NAT UNIV SINGAPORE,SG
78745733,US-2023234050-A1,US,20210527,G01N21/0332,false,false,,NAT UNIV SINGAPORE,SG
78745733,US-2023234050-A1,US,20210527,G01N21/0332,false,false,,NAT UNIV SINGAPORE,SG
78745733,WO-2021242176-A1,WO,20210527,B01L2200/0689,false,false,,NAT UNIV SINGAPORE,SG
78745733,WO-2021242176-A1,WO,20210527,B01L2200/10,false,false,,NAT UNIV SINGAPORE,SG
78745733,WO-2021242176-A1,WO,20210527,B01L2200/10,false,false,,NAT UNIV SINGAPORE,SG
78745733,WO-2021242176-A1,WO,20210527,B01L2200/147,false,false,,NAT UNIV SINGAPORE,SG
78745733,WO-2021242176-A1,WO,20210527,B01L2200/147,false,false,,NAT UNIV SINGAPORE,SG
78745733,WO-2021242176-A1,WO,20210527,B01L2300/0816,false,false,,NAT UNIV SINGAPORE,SG
78745733,WO-2021242176-A1,WO,20210527,B01L2300/0861,false,false,,NAT UNIV SINGAPORE,SG
78745733,WO-2021242176-A1,WO,20210527,B01L2300/0883,false,false,,NAT UNIV SINGAPORE,SG
78745733,WO-2021242176-A1,WO,20210527,B01L2300/0883,false,false,,NAT UNIV SINGAPORE,SG
78745733,WO-2021242176-A1,WO,20210527,B01L2300/18,false,false,,NAT UNIV SINGAPORE,SG
78745733,WO-2021242176-A1,WO,20210527,B01L3/502715,true,true,,NAT UNIV SINGAPORE,SG
78745733,WO-2021242176-A1,WO,20210527,B01L3/502715,true,true,,NAT UNIV SINGAPORE,SG
78745733,WO-2021242176-A1,WO,20210527,B01L3/502784,false,false,,NAT UNIV SINGAPORE,SG
78745733,WO-2021242176-A1,WO,20210527,B01L3/502784,false,false,,NAT UNIV SINGAPORE,SG
78745733,WO-2021242176-A1,WO,20210527,B01L7/52,false,false,,NAT UNIV SINGAPORE,SG
78745733,WO-2021242176-A1,WO,20210527,B01L7/52,false,false,,NAT UNIV SINGAPORE,SG
78745733,WO-2021242176-A1,WO,20210527,C12Q1/686,false,false,biomed,NAT UNIV SINGAPORE,SG
78745733,WO-2021242176-A1,WO,20210527,C12Q1/686,false,false,biomed,NAT UNIV SINGAPORE,SG
78745733,WO-2021242176-A1,WO,20210527,G01N2021/0346,false,false,,NAT UNIV SINGAPORE,SG
78745733,WO-2021242176-A1,WO,20210527,G01N2021/0346,false,false,,NAT UNIV SINGAPORE,SG
78745733,WO-2021242176-A1,WO,20210527,G01N2021/6482,false,false,,NAT UNIV SINGAPORE,SG
78745733,WO-2021242176-A1,WO,20210527,G01N2021/6482,false,false,,NAT UNIV SINGAPORE,SG
78745733,WO-2021242176-A1,WO,20210527,G01N21/0332,false,false,,NAT UNIV SINGAPORE,SG
78745733,WO-2021242176-A1,WO,20210527,G01N21/0332,false,false,,NAT UNIV SINGAPORE,SG
81448966,JP-2025513444-A,JP,20220421,A61K31/44,true,true,biomed,,
81448966,JP-2025513444-A,JP,20220421,A61K31/455,true,true,biomed,,
81448966,JP-2025513444-A,JP,20220421,A61K31/52,true,false,biomed,,
81448966,JP-2025513444-A,JP,20220421,A61K45/06,true,false,biomed,,
81448966,JP-2025513444-A,JP,20220421,A61K45/06,true,false,biomed,,
81448966,JP-2025513444-A,JP,20220421,A61P17/00,true,false,biomed,,
81448966,JP-2025513444-A,JP,20220421,A61P17/00,true,false,biomed,,
81448966,JP-2025513444-A,JP,20220421,A61P17/14,true,false,biomed,,
81448966,JP-2025513444-A,JP,20220421,A61P17/14,true,false,biomed,,
81448966,JP-2025513444-A,JP,20220421,A61P37/00,true,false,biomed,,
81448966,JP-2025513444-A,JP,20220421,A61P37/06,true,false,biomed,,
81448966,US-2023338356-A1,US,20230316,A61K31/44,true,true,biomed,ASLAN PHARMACEUTICALS PTE LTD,SG
81448966,US-2023338356-A1,US,20230316,A61K31/455,true,true,biomed,ASLAN PHARMACEUTICALS PTE LTD,SG
81448966,US-2023338356-A1,US,20230316,A61K31/455,true,true,biomed,ASLAN PHARMACEUTICALS PTE LTD,SG
81448966,US-2023338356-A1,US,20230316,A61K31/52,true,false,biomed,ASLAN PHARMACEUTICALS PTE LTD,SG
81448966,US-2023338356-A1,US,20230316,A61K45/06,true,false,biomed,ASLAN PHARMACEUTICALS PTE LTD,SG
81448966,US-2023338356-A1,US,20230316,A61K45/06,true,false,biomed,ASLAN PHARMACEUTICALS PTE LTD,SG
81448966,US-2023338356-A1,US,20230316,A61P17/00,true,false,biomed,ASLAN PHARMACEUTICALS PTE LTD,SG
81448966,US-2023338356-A1,US,20230316,A61P17/00,true,false,biomed,ASLAN PHARMACEUTICALS PTE LTD,SG
81448966,US-2023338356-A1,US,20230316,A61P17/00,true,false,biomed,ASLAN PHARMACEUTICALS PTE LTD,SG
81448966,US-2023338356-A1,US,20230316,A61P17/14,true,false,biomed,ASLAN PHARMACEUTICALS PTE LTD,SG
81448966,US-2023338356-A1,US,20230316,A61P17/14,true,false,biomed,ASLAN PHARMACEUTICALS PTE LTD,SG
81448966,US-2023338356-A1,US,20230316,A61P37/00,true,false,biomed,ASLAN PHARMACEUTICALS PTE LTD,SG
81448966,US-2023338356-A1,US,20230316,A61P37/06,true,false,biomed,ASLAN PHARMACEUTICALS PTE LTD,SG
81448966,US-2023338356-A1,US,20230316,A61P37/06,true,false,biomed,ASLAN PHARMACEUTICALS PTE LTD,SG
81448966,US-2025262199-A1,US,20220421,A61K31/44,true,true,biomed,ASLAN PHARMACEUTICALS PTE LTD,SG
81448966,US-2025262199-A1,US,20220421,A61K31/455,true,true,biomed,ASLAN PHARMACEUTICALS PTE LTD,SG
81448966,US-2025262199-A1,US,20220421,A61K31/455,true,true,biomed,ASLAN PHARMACEUTICALS PTE LTD,SG
81448966,US-2025262199-A1,US,20220421,A61K31/52,true,false,biomed,ASLAN PHARMACEUTICALS PTE LTD,SG
81448966,US-2025262199-A1,US,20220421,A61K45/06,true,false,biomed,ASLAN PHARMACEUTICALS PTE LTD,SG
81448966,US-2025262199-A1,US,20220421,A61K45/06,true,false,biomed,ASLAN PHARMACEUTICALS PTE LTD,SG
81448966,US-2025262199-A1,US,20220421,A61K45/06,true,false,biomed,ASLAN PHARMACEUTICALS PTE LTD,SG
81448966,US-2025262199-A1,US,20220421,A61P17/00,true,false,biomed,ASLAN PHARMACEUTICALS PTE LTD,SG
81448966,US-2025262199-A1,US,20220421,A61P17/00,true,false,biomed,ASLAN PHARMACEUTICALS PTE LTD,SG
81448966,US-2025262199-A1,US,20220421,A61P17/00,true,false,biomed,ASLAN PHARMACEUTICALS PTE LTD,SG
81448966,US-2025262199-A1,US,20220421,A61P17/14,true,false,biomed,ASLAN PHARMACEUTICALS PTE LTD,SG
81448966,US-2025262199-A1,US,20220421,A61P17/14,true,false,biomed,ASLAN PHARMACEUTICALS PTE LTD,SG
81448966,US-2025262199-A1,US,20220421,A61P17/14,true,false,biomed,ASLAN PHARMACEUTICALS PTE LTD,SG
81448966,US-2025262199-A1,US,20220421,A61P37/00,true,false,biomed,ASLAN PHARMACEUTICALS PTE LTD,SG
81448966,US-2025262199-A1,US,20220421,A61P37/06,true,false,biomed,ASLAN PHARMACEUTICALS PTE LTD,SG
81448966,US-2025262199-A1,US,20220421,A61P37/06,true,false,biomed,ASLAN PHARMACEUTICALS PTE LTD,SG
81448966,WO-2023204754-A1,WO,20220421,A61K31/44,true,true,biomed,ASLAN PHARMACEUTICALS PTE LTD,SG
81448966,WO-2023204754-A1,WO,20220421,A61K31/455,true,true,biomed,ASLAN PHARMACEUTICALS PTE LTD,SG
81448966,WO-2023204754-A1,WO,20220421,A61K31/52,true,false,biomed,ASLAN PHARMACEUTICALS PTE LTD,SG
81448966,WO-2023204754-A1,WO,20220421,A61K45/06,true,false,biomed,ASLAN PHARMACEUTICALS PTE LTD,SG
81448966,WO-2023204754-A1,WO,20220421,A61K45/06,true,false,biomed,ASLAN PHARMACEUTICALS PTE LTD,SG
81448966,WO-2023204754-A1,WO,20220421,A61P17/00,true,false,biomed,ASLAN PHARMACEUTICALS PTE LTD,SG
81448966,WO-2023204754-A1,WO,20220421,A61P17/00,true,false,biomed,ASLAN PHARMACEUTICALS PTE LTD,SG
81448966,WO-2023204754-A1,WO,20220421,A61P17/14,true,false,biomed,ASLAN PHARMACEUTICALS PTE LTD,SG
81448966,WO-2023204754-A1,WO,20220421,A61P17/14,true,false,biomed,ASLAN PHARMACEUTICALS PTE LTD,SG
81448966,WO-2023204754-A1,WO,20220421,A61P37/00,true,false,biomed,ASLAN PHARMACEUTICALS PTE LTD,SG
81448966,WO-2023204754-A1,WO,20220421,A61P37/06,true,false,biomed,ASLAN PHARMACEUTICALS PTE LTD,SG
81535398,US-11334836-B2,US,20200625,A61K2300/00,true,false,biomed,MSM HOLDINGS PTE | MSM Holdings Pte Ltd,SG
81535398,US-11334836-B2,US,20200625,A61K31/375,true,false,biomed,MSM HOLDINGS PTE | MSM Holdings Pte Ltd,SG
81535398,US-11334836-B2,US,20200625,A61K31/375,true,false,biomed,MSM HOLDINGS PTE | MSM Holdings Pte Ltd,SG
81535398,US-11334836-B2,US,20200625,A61K31/375,true,false,biomed,MSM HOLDINGS PTE | MSM Holdings Pte Ltd,SG
81535398,US-11334836-B2,US,20200625,A61K36/23,true,false,biomed,MSM HOLDINGS PTE | MSM Holdings Pte Ltd,SG
81535398,US-11334836-B2,US,20200625,A61K36/23,true,false,biomed,MSM HOLDINGS PTE | MSM Holdings Pte Ltd,SG
81535398,US-11334836-B2,US,20200625,A61K36/23,true,false,biomed,MSM HOLDINGS PTE | MSM Holdings Pte Ltd,SG
81535398,US-11334836-B2,US,20200625,A61K36/886,true,false,biomed,MSM HOLDINGS PTE | MSM Holdings Pte Ltd,SG
81535398,US-11334836-B2,US,20200625,A61K36/886,true,false,biomed,MSM HOLDINGS PTE | MSM Holdings Pte Ltd,SG
81535398,US-11334836-B2,US,20200625,A61K36/886,true,false,biomed,MSM HOLDINGS PTE | MSM Holdings Pte Ltd,SG
81535398,US-11334836-B2,US,20200625,A61K38/1825,true,false,biomed,MSM HOLDINGS PTE | MSM Holdings Pte Ltd,SG
81535398,US-11334836-B2,US,20200625,A61K38/1825,true,false,biomed,MSM HOLDINGS PTE | MSM Holdings Pte Ltd,SG
81535398,US-11334836-B2,US,20200625,A61K38/1825,true,false,biomed,MSM HOLDINGS PTE | MSM Holdings Pte Ltd,SG
81535398,US-11334836-B2,US,20200625,A61K38/1841,true,false,biomed,MSM HOLDINGS PTE | MSM Holdings Pte Ltd,SG
81535398,US-11334836-B2,US,20200625,A61K38/1841,true,false,biomed,MSM HOLDINGS PTE | MSM Holdings Pte Ltd,SG
81535398,US-11334836-B2,US,20200625,A61K38/1841,true,false,biomed,MSM HOLDINGS PTE | MSM Holdings Pte Ltd,SG
81535398,US-11334836-B2,US,20200625,A61K38/2066,true,false,biomed,MSM HOLDINGS PTE | MSM Holdings Pte Ltd,SG
81535398,US-11334836-B2,US,20200625,A61K38/2066,true,false,biomed,MSM HOLDINGS PTE | MSM Holdings Pte Ltd,SG
81535398,US-11334836-B2,US,20200625,A61K38/2066,true,false,biomed,MSM HOLDINGS PTE | MSM Holdings Pte Ltd,SG
81535398,US-11334836-B2,US,20200625,A61K47/10,true,false,biomed,MSM HOLDINGS PTE | MSM Holdings Pte Ltd,SG
81535398,US-11334836-B2,US,20200625,A61K47/10,true,false,biomed,MSM HOLDINGS PTE | MSM Holdings Pte Ltd,SG
81535398,US-11334836-B2,US,20200625,A61K47/10,true,false,biomed,MSM HOLDINGS PTE | MSM Holdings Pte Ltd,SG
81535398,US-11334836-B2,US,20200625,A61K47/32,true,false,biomed,MSM HOLDINGS PTE | MSM Holdings Pte Ltd,SG
81535398,US-11334836-B2,US,20200625,A61K47/32,true,false,biomed,MSM HOLDINGS PTE | MSM Holdings Pte Ltd,SG
81535398,US-11334836-B2,US,20200625,A61K47/32,true,false,biomed,MSM HOLDINGS PTE | MSM Holdings Pte Ltd,SG
81535398,US-11334836-B2,US,20200625,A61K47/34,true,false,biomed,MSM HOLDINGS PTE | MSM Holdings Pte Ltd,SG
81535398,US-11334836-B2,US,20200625,A61K47/34,true,false,biomed,MSM HOLDINGS PTE | MSM Holdings Pte Ltd,SG
81535398,US-11334836-B2,US,20200625,A61K47/34,true,false,biomed,MSM HOLDINGS PTE | MSM Holdings Pte Ltd,SG
81535398,US-11334836-B2,US,20200625,A61K47/36,true,false,biomed,MSM HOLDINGS PTE | MSM Holdings Pte Ltd,SG
81535398,US-11334836-B2,US,20200625,A61K47/36,true,false,biomed,MSM HOLDINGS PTE | MSM Holdings Pte Ltd,SG
81535398,US-11334836-B2,US,20200625,A61K47/36,true,false,biomed,MSM HOLDINGS PTE | MSM Holdings Pte Ltd,SG
81535398,US-11334836-B2,US,20200625,A61K9/0014,true,false,biomed,MSM HOLDINGS PTE | MSM Holdings Pte Ltd,SG
81535398,US-11334836-B2,US,20200625,A61K9/0014,true,false,biomed,MSM HOLDINGS PTE | MSM Holdings Pte Ltd,SG
81535398,US-11334836-B2,US,20200625,A61K9/0014,true,false,biomed,MSM HOLDINGS PTE | MSM Holdings Pte Ltd,SG
81535398,US-11334836-B2,US,20200625,A61K9/06,true,false,biomed,MSM HOLDINGS PTE | MSM Holdings Pte Ltd,SG
81535398,US-11334836-B2,US,20200625,A61K9/06,true,false,biomed,MSM HOLDINGS PTE | MSM Holdings Pte Ltd,SG
81535398,US-11334836-B2,US,20200625,A61K9/06,true,false,biomed,MSM HOLDINGS PTE | MSM Holdings Pte Ltd,SG
81535398,US-11334836-B2,US,20200625,A61P17/00,true,false,biomed,MSM HOLDINGS PTE | MSM Holdings Pte Ltd,SG
81535398,US-11334836-B2,US,20200625,A61P17/00,true,false,biomed,MSM HOLDINGS PTE | MSM Holdings Pte Ltd,SG
81535398,US-11334836-B2,US,20200625,A61P17/00,true,false,biomed,MSM HOLDINGS PTE | MSM Holdings Pte Ltd,SG
81535398,US-11334836-B2,US,20200625,A61P17/02,true,false,biomed,MSM HOLDINGS PTE | MSM Holdings Pte Ltd,SG
81535398,US-11334836-B2,US,20200625,A61P17/02,true,false,biomed,MSM HOLDINGS PTE | MSM Holdings Pte Ltd,SG
81535398,US-11334836-B2,US,20200625,A61P17/02,true,false,biomed,MSM HOLDINGS PTE | MSM Holdings Pte Ltd,SG
81535398,US-11334836-B2,US,20200625,A61P17/10,true,false,biomed,MSM HOLDINGS PTE | MSM Holdings Pte Ltd,SG
81535398,US-11334836-B2,US,20200625,A61P17/10,true,false,biomed,MSM HOLDINGS PTE | MSM Holdings Pte Ltd,SG
81535398,US-11334836-B2,US,20200625,A61P17/10,true,false,biomed,MSM HOLDINGS PTE | MSM Holdings Pte Ltd,SG
81535398,US-11334836-B2,US,20200625,G06F18/241,true,false,,MSM HOLDINGS PTE | MSM Holdings Pte Ltd,SG
81535398,US-11334836-B2,US,20200625,G06K9/00369,true,false,,MSM HOLDINGS PTE | MSM Holdings Pte Ltd,SG
81535398,US-11334836-B2,US,20200625,G06K9/6202,true,false,,MSM HOLDINGS PTE | MSM Holdings Pte Ltd,SG
81535398,US-11334836-B2,US,20200625,G06K9/6268,true,false,,MSM HOLDINGS PTE | MSM Holdings Pte Ltd,SG
81535398,US-11334836-B2,US,20200625,G06K9/66,true,false,,MSM HOLDINGS PTE | MSM Holdings Pte Ltd,SG
81535398,US-11334836-B2,US,20200625,G06N20/00,true,false,ai,MSM HOLDINGS PTE | MSM Holdings Pte Ltd,SG
81535398,US-11334836-B2,US,20200625,G06N20/00,true,false,ai,MSM HOLDINGS PTE | MSM Holdings Pte Ltd,SG
81535398,US-11334836-B2,US,20200625,G06Q10/06398,true,true,,MSM HOLDINGS PTE | MSM Holdings Pte Ltd,SG
81535398,US-11334836-B2,US,20200625,G06Q10/06398,true,true,,MSM HOLDINGS PTE | MSM Holdings Pte Ltd,SG
81535398,US-11334836-B2,US,20200625,G06Q10/06398,true,true,,MSM HOLDINGS PTE | MSM Holdings Pte Ltd,SG
81535398,US-11334836-B2,US,20200625,G06Q10/1053,true,false,,MSM HOLDINGS PTE | MSM Holdings Pte Ltd,SG
81535398,US-11334836-B2,US,20200625,G06Q10/1053,true,false,,MSM HOLDINGS PTE | MSM Holdings Pte Ltd,SG
81535398,US-11334836-B2,US,20200625,G06Q10/1053,true,false,,MSM HOLDINGS PTE | MSM Holdings Pte Ltd,SG
81535398,US-11334836-B2,US,20200625,G06Q10/40,false,false,,MSM HOLDINGS PTE | MSM Holdings Pte Ltd,SG
81535398,US-11334836-B2,US,20200625,G06Q10/40,false,false,,MSM HOLDINGS PTE | MSM Holdings Pte Ltd,SG
81535398,US-11334836-B2,US,20200625,G06Q50/01,false,false,,MSM HOLDINGS PTE | MSM Holdings Pte Ltd,SG
81535398,US-11334836-B2,US,20200625,G06V10/751,true,false,ai,MSM HOLDINGS PTE | MSM Holdings Pte Ltd,SG
81535398,US-11334836-B2,US,20200625,G06V30/194,true,false,ai,MSM HOLDINGS PTE | MSM Holdings Pte Ltd,SG
81535398,US-11334836-B2,US,20200625,G06V40/103,true,false,ai,MSM HOLDINGS PTE | MSM Holdings Pte Ltd,SG
81535398,US-11334836-B2,US,20200625,G07C13/00,true,false,,MSM HOLDINGS PTE | MSM Holdings Pte Ltd,SG
81535398,US-11334836-B2,US,20200625,G07C13/00,true,false,,MSM HOLDINGS PTE | MSM Holdings Pte Ltd,SG
81535398,US-2020327477-A1,US,20200625,A61K31/375,true,false,biomed,MSM HOLDINGS PTE,SG
81535398,US-2020327477-A1,US,20200625,A61K31/375,true,false,biomed,MSM HOLDINGS PTE,SG
81535398,US-2020327477-A1,US,20200625,A61K31/375,true,false,biomed,MSM HOLDINGS PTE,SG
81535398,US-2020327477-A1,US,20200625,A61K36/23,true,false,biomed,MSM HOLDINGS PTE,SG
81535398,US-2020327477-A1,US,20200625,A61K36/23,true,false,biomed,MSM HOLDINGS PTE,SG
81535398,US-2020327477-A1,US,20200625,A61K36/23,true,false,biomed,MSM HOLDINGS PTE,SG
81535398,US-2020327477-A1,US,20200625,A61K36/886,true,false,biomed,MSM HOLDINGS PTE,SG
81535398,US-2020327477-A1,US,20200625,A61K36/886,true,false,biomed,MSM HOLDINGS PTE,SG
81535398,US-2020327477-A1,US,20200625,A61K36/886,true,false,biomed,MSM HOLDINGS PTE,SG
81535398,US-2020327477-A1,US,20200625,A61K38/1825,true,false,biomed,MSM HOLDINGS PTE,SG
81535398,US-2020327477-A1,US,20200625,A61K38/1825,true,false,biomed,MSM HOLDINGS PTE,SG
81535398,US-2020327477-A1,US,20200625,A61K38/1825,true,false,biomed,MSM HOLDINGS PTE,SG
81535398,US-2020327477-A1,US,20200625,A61K38/1841,true,false,biomed,MSM HOLDINGS PTE,SG
81535398,US-2020327477-A1,US,20200625,A61K38/1841,true,false,biomed,MSM HOLDINGS PTE,SG
81535398,US-2020327477-A1,US,20200625,A61K38/1841,true,false,biomed,MSM HOLDINGS PTE,SG
81535398,US-2020327477-A1,US,20200625,A61K38/2066,true,false,biomed,MSM HOLDINGS PTE,SG
81535398,US-2020327477-A1,US,20200625,A61K38/2066,true,false,biomed,MSM HOLDINGS PTE,SG
81535398,US-2020327477-A1,US,20200625,A61K38/2066,true,false,biomed,MSM HOLDINGS PTE,SG
81535398,US-2020327477-A1,US,20200625,A61K47/10,true,false,biomed,MSM HOLDINGS PTE,SG
81535398,US-2020327477-A1,US,20200625,A61K47/10,true,false,biomed,MSM HOLDINGS PTE,SG
81535398,US-2020327477-A1,US,20200625,A61K47/10,true,false,biomed,MSM HOLDINGS PTE,SG
81535398,US-2020327477-A1,US,20200625,A61K47/32,true,false,biomed,MSM HOLDINGS PTE,SG
81535398,US-2020327477-A1,US,20200625,A61K47/32,true,false,biomed,MSM HOLDINGS PTE,SG
81535398,US-2020327477-A1,US,20200625,A61K47/32,true,false,biomed,MSM HOLDINGS PTE,SG
81535398,US-2020327477-A1,US,20200625,A61K47/34,true,false,biomed,MSM HOLDINGS PTE,SG
81535398,US-2020327477-A1,US,20200625,A61K47/34,true,false,biomed,MSM HOLDINGS PTE,SG
81535398,US-2020327477-A1,US,20200625,A61K47/34,true,false,biomed,MSM HOLDINGS PTE,SG
81535398,US-2020327477-A1,US,20200625,A61K47/36,true,false,biomed,MSM HOLDINGS PTE,SG
81535398,US-2020327477-A1,US,20200625,A61K47/36,true,false,biomed,MSM HOLDINGS PTE,SG
81535398,US-2020327477-A1,US,20200625,A61K47/36,true,false,biomed,MSM HOLDINGS PTE,SG
81535398,US-2020327477-A1,US,20200625,A61K9/0014,true,false,biomed,MSM HOLDINGS PTE,SG
81535398,US-2020327477-A1,US,20200625,A61K9/0014,true,false,biomed,MSM HOLDINGS PTE,SG
81535398,US-2020327477-A1,US,20200625,A61K9/0014,true,false,biomed,MSM HOLDINGS PTE,SG
81535398,US-2020327477-A1,US,20200625,A61K9/06,true,false,biomed,MSM HOLDINGS PTE,SG
81535398,US-2020327477-A1,US,20200625,A61K9/06,true,false,biomed,MSM HOLDINGS PTE,SG
81535398,US-2020327477-A1,US,20200625,A61K9/06,true,false,biomed,MSM HOLDINGS PTE,SG
81535398,US-2020327477-A1,US,20200625,A61P17/00,true,false,biomed,MSM HOLDINGS PTE,SG
81535398,US-2020327477-A1,US,20200625,A61P17/00,true,false,biomed,MSM HOLDINGS PTE,SG
81535398,US-2020327477-A1,US,20200625,A61P17/00,true,false,biomed,MSM HOLDINGS PTE,SG
81535398,US-2020327477-A1,US,20200625,A61P17/02,true,false,biomed,MSM HOLDINGS PTE,SG
81535398,US-2020327477-A1,US,20200625,A61P17/02,true,false,biomed,MSM HOLDINGS PTE,SG
81535398,US-2020327477-A1,US,20200625,A61P17/02,true,false,biomed,MSM HOLDINGS PTE,SG
81535398,US-2020327477-A1,US,20200625,A61P17/10,true,false,biomed,MSM HOLDINGS PTE,SG
81535398,US-2020327477-A1,US,20200625,A61P17/10,true,false,biomed,MSM HOLDINGS PTE,SG
81535398,US-2020327477-A1,US,20200625,A61P17/10,true,false,biomed,MSM HOLDINGS PTE,SG
81535398,US-2020327477-A1,US,20200625,G06F18/241,true,false,,MSM HOLDINGS PTE,SG
81535398,US-2020327477-A1,US,20200625,G06K9/00369,true,false,,MSM HOLDINGS PTE,SG
81535398,US-2020327477-A1,US,20200625,G06K9/6202,true,false,,MSM HOLDINGS PTE,SG
81535398,US-2020327477-A1,US,20200625,G06K9/6268,true,false,,MSM HOLDINGS PTE,SG
81535398,US-2020327477-A1,US,20200625,G06K9/66,true,false,,MSM HOLDINGS PTE,SG
81535398,US-2020327477-A1,US,20200625,G06N20/00,true,false,ai,MSM HOLDINGS PTE,SG
81535398,US-2020327477-A1,US,20200625,G06N20/00,true,false,ai,MSM HOLDINGS PTE,SG
81535398,US-2020327477-A1,US,20200625,G06Q10/06398,true,true,,MSM HOLDINGS PTE,SG
81535398,US-2020327477-A1,US,20200625,G06Q10/06398,true,true,,MSM HOLDINGS PTE,SG
81535398,US-2020327477-A1,US,20200625,G06Q10/06398,true,true,,MSM HOLDINGS PTE,SG
81535398,US-2020327477-A1,US,20200625,G06Q10/1053,true,false,,MSM HOLDINGS PTE,SG
81535398,US-2020327477-A1,US,20200625,G06Q10/1053,true,false,,MSM HOLDINGS PTE,SG
81535398,US-2020327477-A1,US,20200625,G06Q10/1053,true,false,,MSM HOLDINGS PTE,SG
81535398,US-2020327477-A1,US,20200625,G06Q10/40,false,false,,MSM HOLDINGS PTE,SG
81535398,US-2020327477-A1,US,20200625,G06Q10/40,false,false,,MSM HOLDINGS PTE,SG
81535398,US-2020327477-A1,US,20200625,G06Q50/01,false,false,,MSM HOLDINGS PTE,SG
81535398,US-2020327477-A1,US,20200625,G06V10/751,true,false,ai,MSM HOLDINGS PTE,SG
81535398,US-2020327477-A1,US,20200625,G06V30/194,true,false,ai,MSM HOLDINGS PTE,SG
81535398,US-2020327477-A1,US,20200625,G06V40/103,true,false,ai,MSM HOLDINGS PTE,SG
81535398,US-2020327477-A1,US,20200625,G07C13/00,true,false,,MSM HOLDINGS PTE,SG
81535398,US-2020327477-A1,US,20200625,G07C13/00,true,false,,MSM HOLDINGS PTE,SG
82668520,CN-114869700-A,CN,20220325,A41D13/065,false,false,,DONGGUAN YONGSHENG MEDICAL TECH CO LTD | VINCENT MEDICAL DONGGUAN MFG CO LTD,
82668520,CN-114869700-A,CN,20220325,A41F1/002,true,false,,DONGGUAN YONGSHENG MEDICAL TECH CO LTD | VINCENT MEDICAL DONGGUAN MFG CO LTD,
82668520,CN-114869700-A,CN,20220325,A41F1/002,true,false,,DONGGUAN YONGSHENG MEDICAL TECH CO LTD | VINCENT MEDICAL DONGGUAN MFG CO LTD,
82668520,CN-114869700-A,CN,20220325,A44B11/25,true,true,,DONGGUAN YONGSHENG MEDICAL TECH CO LTD | VINCENT MEDICAL DONGGUAN MFG CO LTD,
82668520,CN-114869700-A,CN,20220325,A44B11/258,true,false,,DONGGUAN YONGSHENG MEDICAL TECH CO LTD | VINCENT MEDICAL DONGGUAN MFG CO LTD,
82668520,CN-114869700-A,CN,20220325,A61F5/0123,true,false,biomed,DONGGUAN YONGSHENG MEDICAL TECH CO LTD | VINCENT MEDICAL DONGGUAN MFG CO LTD,
82668520,CN-114869700-A,CN,20220325,A61F5/0123,true,true,biomed,DONGGUAN YONGSHENG MEDICAL TECH CO LTD | VINCENT MEDICAL DONGGUAN MFG CO LTD,
82668520,CN-114869700-A,CN,20220325,A61F5/05,true,false,biomed,DONGGUAN YONGSHENG MEDICAL TECH CO LTD | VINCENT MEDICAL DONGGUAN MFG CO LTD,
82668520,CN-114869700-A,CN,20220325,A61H2205/102,false,false,biomed,DONGGUAN YONGSHENG MEDICAL TECH CO LTD | VINCENT MEDICAL DONGGUAN MFG CO LTD,
82668520,CN-114869700-A,CN,20220325,A61H3/00,true,true,biomed,DONGGUAN YONGSHENG MEDICAL TECH CO LTD | VINCENT MEDICAL DONGGUAN MFG CO LTD,
82668520,CN-114869700-B,CN,20220325,A41D13/065,false,false,,,
82668520,CN-114869700-B,CN,20220325,A41F1/002,true,false,,,
82668520,CN-114869700-B,CN,20220325,A41F1/002,true,false,,,
82668520,CN-114869700-B,CN,20220325,A44B11/25,true,true,,,
82668520,CN-114869700-B,CN,20220325,A44B11/258,true,false,,,
82668520,CN-114869700-B,CN,20220325,A61F5/0123,true,false,biomed,,
82668520,CN-114869700-B,CN,20220325,A61F5/0123,true,true,biomed,,
82668520,CN-114869700-B,CN,20220325,A61F5/05,true,false,biomed,,
82668520,CN-114869700-B,CN,20220325,A61H2205/102,false,false,biomed,,
82668520,CN-114869700-B,CN,20220325,A61H3/00,true,true,biomed,,
82668520,EP-4279040-A1,EP,20230323,A41D13/065,false,false,,VINCENT MEDICAL DONG GUAN MFG CO LTD,CN
82668520,EP-4279040-A1,EP,20230323,A41F1/002,true,false,,VINCENT MEDICAL DONG GUAN MFG CO LTD,CN
82668520,EP-4279040-A1,EP,20230323,A41F1/002,true,false,,VINCENT MEDICAL DONG GUAN MFG CO LTD,CN
82668520,EP-4279040-A1,EP,20230323,A44B11/25,true,true,,VINCENT MEDICAL DONG GUAN MFG CO LTD,CN
82668520,EP-4279040-A1,EP,20230323,A44B11/258,true,false,,VINCENT MEDICAL DONG GUAN MFG CO LTD,CN
82668520,EP-4279040-A1,EP,20230323,A61F5/0123,true,false,biomed,VINCENT MEDICAL DONG GUAN MFG CO LTD,CN
82668520,EP-4279040-A1,EP,20230323,A61F5/0123,true,true,biomed,VINCENT MEDICAL DONG GUAN MFG CO LTD,CN
82668520,EP-4279040-A1,EP,20230323,A61F5/05,true,false,biomed,VINCENT MEDICAL DONG GUAN MFG CO LTD,CN
82668520,EP-4279040-A1,EP,20230323,A61H2205/102,false,false,biomed,VINCENT MEDICAL DONG GUAN MFG CO LTD,CN
82668520,EP-4279040-A1,EP,20230323,A61H3/00,true,true,biomed,VINCENT MEDICAL DONG GUAN MFG CO LTD,CN
82668520,EP-4279040-A4,EP,20230323,A41D13/065,false,false,,VINCENT MEDICAL DONG GUAN MFG CO LTD,CN
82668520,EP-4279040-A4,EP,20230323,A41F1/002,true,false,,VINCENT MEDICAL DONG GUAN MFG CO LTD,CN
82668520,EP-4279040-A4,EP,20230323,A41F1/002,true,false,,VINCENT MEDICAL DONG GUAN MFG CO LTD,CN
82668520,EP-4279040-A4,EP,20230323,A44B11/25,true,true,,VINCENT MEDICAL DONG GUAN MFG CO LTD,CN
82668520,EP-4279040-A4,EP,20230323,A44B11/258,true,false,,VINCENT MEDICAL DONG GUAN MFG CO LTD,CN
82668520,EP-4279040-A4,EP,20230323,A61F5/0123,true,false,biomed,VINCENT MEDICAL DONG GUAN MFG CO LTD,CN
82668520,EP-4279040-A4,EP,20230323,A61F5/0123,true,true,biomed,VINCENT MEDICAL DONG GUAN MFG CO LTD,CN
82668520,EP-4279040-A4,EP,20230323,A61F5/05,true,false,biomed,VINCENT MEDICAL DONG GUAN MFG CO LTD,CN
82668520,EP-4279040-A4,EP,20230323,A61H2205/102,false,false,biomed,VINCENT MEDICAL DONG GUAN MFG CO LTD,CN
82668520,EP-4279040-A4,EP,20230323,A61H3/00,true,true,biomed,VINCENT MEDICAL DONG GUAN MFG CO LTD,CN
82668520,EP-4279040-B1,EP,20230323,A41D13/065,false,false,,REHAB ROBOTICS COMPANY LTD | VINCENT MEDICAL DONG GUAN MFG CO LTD | VINCENT MEDICAL MANUFACTUING CO LTD,"CN,HK"
82668520,EP-4279040-B1,EP,20230323,A41F1/002,true,false,,REHAB ROBOTICS COMPANY LTD | VINCENT MEDICAL DONG GUAN MFG CO LTD | VINCENT MEDICAL MANUFACTUING CO LTD,"CN,HK"
82668520,EP-4279040-B1,EP,20230323,A41F1/002,true,false,,REHAB ROBOTICS COMPANY LTD | VINCENT MEDICAL DONG GUAN MFG CO LTD | VINCENT MEDICAL MANUFACTUING CO LTD,"CN,HK"
82668520,EP-4279040-B1,EP,20230323,A44B11/25,true,true,,REHAB ROBOTICS COMPANY LTD | VINCENT MEDICAL DONG GUAN MFG CO LTD | VINCENT MEDICAL MANUFACTUING CO LTD,"CN,HK"
82668520,EP-4279040-B1,EP,20230323,A44B11/258,true,false,,REHAB ROBOTICS COMPANY LTD | VINCENT MEDICAL DONG GUAN MFG CO LTD | VINCENT MEDICAL MANUFACTUING CO LTD,"CN,HK"
82668520,EP-4279040-B1,EP,20230323,A61F5/0123,true,false,biomed,REHAB ROBOTICS COMPANY LTD | VINCENT MEDICAL DONG GUAN MFG CO LTD | VINCENT MEDICAL MANUFACTUING CO LTD,"CN,HK"
82668520,EP-4279040-B1,EP,20230323,A61F5/0123,true,true,biomed,REHAB ROBOTICS COMPANY LTD | VINCENT MEDICAL DONG GUAN MFG CO LTD | VINCENT MEDICAL MANUFACTUING CO LTD,"CN,HK"
82668520,EP-4279040-B1,EP,20230323,A61F5/05,true,false,biomed,REHAB ROBOTICS COMPANY LTD | VINCENT MEDICAL DONG GUAN MFG CO LTD | VINCENT MEDICAL MANUFACTUING CO LTD,"CN,HK"
82668520,EP-4279040-B1,EP,20230323,A61H2205/102,false,false,biomed,REHAB ROBOTICS COMPANY LTD | VINCENT MEDICAL DONG GUAN MFG CO LTD | VINCENT MEDICAL MANUFACTUING CO LTD,"CN,HK"
82668520,EP-4279040-B1,EP,20230323,A61H3/00,true,true,biomed,REHAB ROBOTICS COMPANY LTD | VINCENT MEDICAL DONG GUAN MFG CO LTD | VINCENT MEDICAL MANUFACTUING CO LTD,"CN,HK"
82668520,EP-4279040-B8,EP,20230323,A41D13/065,false,false,,REHAB ROBOTICS COMPANY LTD | VINCENT MEDICAL DONG GUAN MFG CO LTD | VINCENT MEDICAL DONG GUAN TECH CO LTD,"CN,HK"
82668520,EP-4279040-B8,EP,20230323,A41F1/002,true,false,,REHAB ROBOTICS COMPANY LTD | VINCENT MEDICAL DONG GUAN MFG CO LTD | VINCENT MEDICAL DONG GUAN TECH CO LTD,"CN,HK"
82668520,EP-4279040-B8,EP,20230323,A41F1/002,true,false,,REHAB ROBOTICS COMPANY LTD | VINCENT MEDICAL DONG GUAN MFG CO LTD | VINCENT MEDICAL DONG GUAN TECH CO LTD,"CN,HK"
82668520,EP-4279040-B8,EP,20230323,A44B11/25,true,true,,REHAB ROBOTICS COMPANY LTD | VINCENT MEDICAL DONG GUAN MFG CO LTD | VINCENT MEDICAL DONG GUAN TECH CO LTD,"CN,HK"
82668520,EP-4279040-B8,EP,20230323,A44B11/258,true,false,,REHAB ROBOTICS COMPANY LTD | VINCENT MEDICAL DONG GUAN MFG CO LTD | VINCENT MEDICAL DONG GUAN TECH CO LTD,"CN,HK"
82668520,EP-4279040-B8,EP,20230323,A61F5/0123,true,false,biomed,REHAB ROBOTICS COMPANY LTD | VINCENT MEDICAL DONG GUAN MFG CO LTD | VINCENT MEDICAL DONG GUAN TECH CO LTD,"CN,HK"
82668520,EP-4279040-B8,EP,20230323,A61F5/0123,true,true,biomed,REHAB ROBOTICS COMPANY LTD | VINCENT MEDICAL DONG GUAN MFG CO LTD | VINCENT MEDICAL DONG GUAN TECH CO LTD,"CN,HK"
82668520,EP-4279040-B8,EP,20230323,A61F5/05,true,false,biomed,REHAB ROBOTICS COMPANY LTD | VINCENT MEDICAL DONG GUAN MFG CO LTD | VINCENT MEDICAL DONG GUAN TECH CO LTD,"CN,HK"
82668520,EP-4279040-B8,EP,20230323,A61H2205/102,false,false,biomed,REHAB ROBOTICS COMPANY LTD | VINCENT MEDICAL DONG GUAN MFG CO LTD | VINCENT MEDICAL DONG GUAN TECH CO LTD,"CN,HK"
82668520,EP-4279040-B8,EP,20230323,A61H3/00,true,true,biomed,REHAB ROBOTICS COMPANY LTD | VINCENT MEDICAL DONG GUAN MFG CO LTD | VINCENT MEDICAL DONG GUAN TECH CO LTD,"CN,HK"
82668520,EP-4279040-C0,EP,20230323,A41D13/065,false,false,,REHAB ROBOTICS COMPANY LTD | VINCENT MEDICAL DONG GUAN MFG CO LTD | VINCENT MEDICAL MANUFACTUING CO LTD,"CN,HK"
82668520,EP-4279040-C0,EP,20230323,A41F1/002,true,false,,REHAB ROBOTICS COMPANY LTD | VINCENT MEDICAL DONG GUAN MFG CO LTD | VINCENT MEDICAL MANUFACTUING CO LTD,"CN,HK"
82668520,EP-4279040-C0,EP,20230323,A41F1/002,true,false,,REHAB ROBOTICS COMPANY LTD | VINCENT MEDICAL DONG GUAN MFG CO LTD | VINCENT MEDICAL MANUFACTUING CO LTD,"CN,HK"
82668520,EP-4279040-C0,EP,20230323,A44B11/25,true,true,,REHAB ROBOTICS COMPANY LTD | VINCENT MEDICAL DONG GUAN MFG CO LTD | VINCENT MEDICAL MANUFACTUING CO LTD,"CN,HK"
82668520,EP-4279040-C0,EP,20230323,A44B11/258,true,false,,REHAB ROBOTICS COMPANY LTD | VINCENT MEDICAL DONG GUAN MFG CO LTD | VINCENT MEDICAL MANUFACTUING CO LTD,"CN,HK"
82668520,EP-4279040-C0,EP,20230323,A61F5/0123,true,false,biomed,REHAB ROBOTICS COMPANY LTD | VINCENT MEDICAL DONG GUAN MFG CO LTD | VINCENT MEDICAL MANUFACTUING CO LTD,"CN,HK"
82668520,EP-4279040-C0,EP,20230323,A61F5/0123,true,true,biomed,REHAB ROBOTICS COMPANY LTD | VINCENT MEDICAL DONG GUAN MFG CO LTD | VINCENT MEDICAL MANUFACTUING CO LTD,"CN,HK"
82668520,EP-4279040-C0,EP,20230323,A61F5/05,true,false,biomed,REHAB ROBOTICS COMPANY LTD | VINCENT MEDICAL DONG GUAN MFG CO LTD | VINCENT MEDICAL MANUFACTUING CO LTD,"CN,HK"
82668520,EP-4279040-C0,EP,20230323,A61H2205/102,false,false,biomed,REHAB ROBOTICS COMPANY LTD | VINCENT MEDICAL DONG GUAN MFG CO LTD | VINCENT MEDICAL MANUFACTUING CO LTD,"CN,HK"
82668520,EP-4279040-C0,EP,20230323,A61H3/00,true,true,biomed,REHAB ROBOTICS COMPANY LTD | VINCENT MEDICAL DONG GUAN MFG CO LTD | VINCENT MEDICAL MANUFACTUING CO LTD,"CN,HK"
82668520,US-12514340-B2,US,20230323,A41D13/065,false,false,,REHAB ROBOTICS COMPANY LTD | VINCENT MEDICAL DONG GUAN MFG CO LTD | VINCENT MEDICAL DONG GUAN TECH CO LTD,"CN,HK"
82668520,US-12514340-B2,US,20230323,A41F1/002,true,false,,REHAB ROBOTICS COMPANY LTD | VINCENT MEDICAL DONG GUAN MFG CO LTD | VINCENT MEDICAL DONG GUAN TECH CO LTD,"CN,HK"
82668520,US-12514340-B2,US,20230323,A41F1/002,true,false,,REHAB ROBOTICS COMPANY LTD | VINCENT MEDICAL DONG GUAN MFG CO LTD | VINCENT MEDICAL DONG GUAN TECH CO LTD,"CN,HK"
82668520,US-12514340-B2,US,20230323,A41F1/002,true,false,,REHAB ROBOTICS COMPANY LTD | VINCENT MEDICAL DONG GUAN MFG CO LTD | VINCENT MEDICAL DONG GUAN TECH CO LTD,"CN,HK"
82668520,US-12514340-B2,US,20230323,A44B11/25,true,true,,REHAB ROBOTICS COMPANY LTD | VINCENT MEDICAL DONG GUAN MFG CO LTD | VINCENT MEDICAL DONG GUAN TECH CO LTD,"CN,HK"
82668520,US-12514340-B2,US,20230323,A44B11/25,true,true,,REHAB ROBOTICS COMPANY LTD | VINCENT MEDICAL DONG GUAN MFG CO LTD | VINCENT MEDICAL DONG GUAN TECH CO LTD,"CN,HK"
82668520,US-12514340-B2,US,20230323,A44B11/258,true,false,,REHAB ROBOTICS COMPANY LTD | VINCENT MEDICAL DONG GUAN MFG CO LTD | VINCENT MEDICAL DONG GUAN TECH CO LTD,"CN,HK"
82668520,US-12514340-B2,US,20230323,A61F5/0123,true,false,biomed,REHAB ROBOTICS COMPANY LTD | VINCENT MEDICAL DONG GUAN MFG CO LTD | VINCENT MEDICAL DONG GUAN TECH CO LTD,"CN,HK"
82668520,US-12514340-B2,US,20230323,A61F5/0123,true,true,biomed,REHAB ROBOTICS COMPANY LTD | VINCENT MEDICAL DONG GUAN MFG CO LTD | VINCENT MEDICAL DONG GUAN TECH CO LTD,"CN,HK"
82668520,US-12514340-B2,US,20230323,A61F5/0123,true,false,biomed,REHAB ROBOTICS COMPANY LTD | VINCENT MEDICAL DONG GUAN MFG CO LTD | VINCENT MEDICAL DONG GUAN TECH CO LTD,"CN,HK"
82668520,US-12514340-B2,US,20230323,A61F5/05,true,false,biomed,REHAB ROBOTICS COMPANY LTD | VINCENT MEDICAL DONG GUAN MFG CO LTD | VINCENT MEDICAL DONG GUAN TECH CO LTD,"CN,HK"
82668520,US-12514340-B2,US,20230323,A61H2205/102,false,false,biomed,REHAB ROBOTICS COMPANY LTD | VINCENT MEDICAL DONG GUAN MFG CO LTD | VINCENT MEDICAL DONG GUAN TECH CO LTD,"CN,HK"
82668520,US-12514340-B2,US,20230323,A61H3/00,true,true,biomed,REHAB ROBOTICS COMPANY LTD | VINCENT MEDICAL DONG GUAN MFG CO LTD | VINCENT MEDICAL DONG GUAN TECH CO LTD,"CN,HK"
82668520,US-2025000215-A1,US,20230323,A41D13/065,false,false,,REHAB ROBOTICS COMPANY LTD | VINCENT MEDICAL DONG GUAN MFG CO LTD | VINCENT MEDICAL DONG GUAN TECH CO LTD,"CN,HK"
82668520,US-2025000215-A1,US,20230323,A41F1/002,true,false,,REHAB ROBOTICS COMPANY LTD | VINCENT MEDICAL DONG GUAN MFG CO LTD | VINCENT MEDICAL DONG GUAN TECH CO LTD,"CN,HK"
82668520,US-2025000215-A1,US,20230323,A41F1/002,true,false,,REHAB ROBOTICS COMPANY LTD | VINCENT MEDICAL DONG GUAN MFG CO LTD | VINCENT MEDICAL DONG GUAN TECH CO LTD,"CN,HK"
82668520,US-2025000215-A1,US,20230323,A41F1/002,true,false,,REHAB ROBOTICS COMPANY LTD | VINCENT MEDICAL DONG GUAN MFG CO LTD | VINCENT MEDICAL DONG GUAN TECH CO LTD,"CN,HK"
82668520,US-2025000215-A1,US,20230323,A44B11/25,true,true,,REHAB ROBOTICS COMPANY LTD | VINCENT MEDICAL DONG GUAN MFG CO LTD | VINCENT MEDICAL DONG GUAN TECH CO LTD,"CN,HK"
82668520,US-2025000215-A1,US,20230323,A44B11/25,true,true,,REHAB ROBOTICS COMPANY LTD | VINCENT MEDICAL DONG GUAN MFG CO LTD | VINCENT MEDICAL DONG GUAN TECH CO LTD,"CN,HK"
82668520,US-2025000215-A1,US,20230323,A44B11/258,true,false,,REHAB ROBOTICS COMPANY LTD | VINCENT MEDICAL DONG GUAN MFG CO LTD | VINCENT MEDICAL DONG GUAN TECH CO LTD,"CN,HK"
82668520,US-2025000215-A1,US,20230323,A61F5/0123,true,false,biomed,REHAB ROBOTICS COMPANY LTD | VINCENT MEDICAL DONG GUAN MFG CO LTD | VINCENT MEDICAL DONG GUAN TECH CO LTD,"CN,HK"
82668520,US-2025000215-A1,US,20230323,A61F5/0123,true,true,biomed,REHAB ROBOTICS COMPANY LTD | VINCENT MEDICAL DONG GUAN MFG CO LTD | VINCENT MEDICAL DONG GUAN TECH CO LTD,"CN,HK"
82668520,US-2025000215-A1,US,20230323,A61F5/0123,true,false,biomed,REHAB ROBOTICS COMPANY LTD | VINCENT MEDICAL DONG GUAN MFG CO LTD | VINCENT MEDICAL DONG GUAN TECH CO LTD,"CN,HK"
82668520,US-2025000215-A1,US,20230323,A61F5/05,true,false,biomed,REHAB ROBOTICS COMPANY LTD | VINCENT MEDICAL DONG GUAN MFG CO LTD | VINCENT MEDICAL DONG GUAN TECH CO LTD,"CN,HK"
82668520,US-2025000215-A1,US,20230323,A61H2205/102,false,false,biomed,REHAB ROBOTICS COMPANY LTD | VINCENT MEDICAL DONG GUAN MFG CO LTD | VINCENT MEDICAL DONG GUAN TECH CO LTD,"CN,HK"
82668520,US-2025000215-A1,US,20230323,A61H3/00,true,true,biomed,REHAB ROBOTICS COMPANY LTD | VINCENT MEDICAL DONG GUAN MFG CO LTD | VINCENT MEDICAL DONG GUAN TECH CO LTD,"CN,HK"
82668520,WO-2023179722-A1,WO,20230323,A41D13/065,false,false,,REHAB ROBOTICS COMPANY LTD | VINCENT MEDICAL DONG GUAN MFG CO LTD | VINCENT MEDICAL DONG GUAN TECH CO LTD,CN
82668520,WO-2023179722-A1,WO,20230323,A41F1/002,true,false,,REHAB ROBOTICS COMPANY LTD | VINCENT MEDICAL DONG GUAN MFG CO LTD | VINCENT MEDICAL DONG GUAN TECH CO LTD,CN
82668520,WO-2023179722-A1,WO,20230323,A41F1/002,true,false,,REHAB ROBOTICS COMPANY LTD | VINCENT MEDICAL DONG GUAN MFG CO LTD | VINCENT MEDICAL DONG GUAN TECH CO LTD,CN
82668520,WO-2023179722-A1,WO,20230323,A44B11/25,true,true,,REHAB ROBOTICS COMPANY LTD | VINCENT MEDICAL DONG GUAN MFG CO LTD | VINCENT MEDICAL DONG GUAN TECH CO LTD,CN
82668520,WO-2023179722-A1,WO,20230323,A44B11/258,true,false,,REHAB ROBOTICS COMPANY LTD | VINCENT MEDICAL DONG GUAN MFG CO LTD | VINCENT MEDICAL DONG GUAN TECH CO LTD,CN
82668520,WO-2023179722-A1,WO,20230323,A61F5/0123,true,false,biomed,REHAB ROBOTICS COMPANY LTD | VINCENT MEDICAL DONG GUAN MFG CO LTD | VINCENT MEDICAL DONG GUAN TECH CO LTD,CN
82668520,WO-2023179722-A1,WO,20230323,A61F5/0123,true,true,biomed,REHAB ROBOTICS COMPANY LTD | VINCENT MEDICAL DONG GUAN MFG CO LTD | VINCENT MEDICAL DONG GUAN TECH CO LTD,CN
82668520,WO-2023179722-A1,WO,20230323,A61F5/05,true,false,biomed,REHAB ROBOTICS COMPANY LTD | VINCENT MEDICAL DONG GUAN MFG CO LTD | VINCENT MEDICAL DONG GUAN TECH CO LTD,CN
82668520,WO-2023179722-A1,WO,20230323,A61H2205/102,false,false,biomed,REHAB ROBOTICS COMPANY LTD | VINCENT MEDICAL DONG GUAN MFG CO LTD | VINCENT MEDICAL DONG GUAN TECH CO LTD,CN
82668520,WO-2023179722-A1,WO,20230323,A61H3/00,true,true,biomed,REHAB ROBOTICS COMPANY LTD | VINCENT MEDICAL DONG GUAN MFG CO LTD | VINCENT MEDICAL DONG GUAN TECH CO LTD,CN
83459986,US-2024177180-A1,US,20220329,G06F16/24578,true,true,,AI PALETTE PTE LTD,SG
83459986,US-2024177180-A1,US,20220329,G06F16/24578,true,false,,AI PALETTE PTE LTD,SG
83459986,US-2024177180-A1,US,20220329,G06F16/3331,true,false,,AI PALETTE PTE LTD,SG
83459986,US-2024177180-A1,US,20220329,G06F16/35,true,false,,AI PALETTE PTE LTD,SG
83459986,US-2024177180-A1,US,20220329,G06F17/18,true,false,,AI PALETTE PTE LTD,SG
83459986,US-2024177180-A1,US,20220329,G06F40/20,true,false,ai,AI PALETTE PTE LTD,SG
83459986,US-2024177180-A1,US,20220329,G06F40/20,true,false,ai,AI PALETTE PTE LTD,SG
83459986,US-2024177180-A1,US,20220329,G06F40/30,true,true,ai,AI PALETTE PTE LTD,SG
83459986,US-2024177180-A1,US,20220329,G06F40/40,true,false,ai,AI PALETTE PTE LTD,SG
83459986,US-2024177180-A1,US,20220329,G06N20/00,true,false,ai,AI PALETTE PTE LTD,SG
83459986,US-2024177180-A1,US,20220329,G06N20/00,false,false,ai,AI PALETTE PTE LTD,SG
83459986,US-2024177180-A1,US,20220329,G06N3/006,true,false,ai,AI PALETTE PTE LTD,SG
83459986,US-2024177180-A1,US,20220329,G06N3/045,true,false,ai,AI PALETTE PTE LTD,SG
83459986,US-2024177180-A1,US,20220329,G06N3/0464,false,false,ai,AI PALETTE PTE LTD,SG
83459986,US-2024177180-A1,US,20220329,G06N3/088,false,false,ai,AI PALETTE PTE LTD,SG
83459986,US-2024177180-A1,US,20220329,G06Q10/06,true,false,,AI PALETTE PTE LTD,SG
83459986,US-2024177180-A1,US,20220329,G06Q10/063,true,false,,AI PALETTE PTE LTD,SG
83459986,US-2024177180-A1,US,20220329,G06Q10/101,true,false,,AI PALETTE PTE LTD,SG
83459986,US-2024177180-A1,US,20220329,G06Q10/101,true,false,,AI PALETTE PTE LTD,SG
83459986,US-2024177180-A1,US,20220329,G06Q10/101,true,false,,AI PALETTE PTE LTD,SG
83459986,US-2024177180-A1,US,20220329,G06Q30/0201,true,false,,AI PALETTE PTE LTD,SG
83459986,US-2024177180-A1,US,20220329,G06Q30/0201,true,false,,AI PALETTE PTE LTD,SG
83459986,US-2024177180-A1,US,20220329,G06Q30/0202,true,true,,AI PALETTE PTE LTD,SG
83459986,US-2024177180-A1,US,20220329,G06Q30/0202,true,true,,AI PALETTE PTE LTD,SG
83459986,WO-2022211730-A1,WO,20220329,G06F16/24578,true,true,,AI PALETTE PTE LTD,SG
83459986,WO-2022211730-A1,WO,20220329,G06F16/24578,true,false,,AI PALETTE PTE LTD,SG
83459986,WO-2022211730-A1,WO,20220329,G06F16/3331,true,false,,AI PALETTE PTE LTD,SG
83459986,WO-2022211730-A1,WO,20220329,G06F16/35,true,false,,AI PALETTE PTE LTD,SG
83459986,WO-2022211730-A1,WO,20220329,G06F17/18,true,false,,AI PALETTE PTE LTD,SG
83459986,WO-2022211730-A1,WO,20220329,G06F40/20,true,false,ai,AI PALETTE PTE LTD,SG
83459986,WO-2022211730-A1,WO,20220329,G06F40/20,true,false,ai,AI PALETTE PTE LTD,SG
83459986,WO-2022211730-A1,WO,20220329,G06F40/30,true,true,ai,AI PALETTE PTE LTD,SG
83459986,WO-2022211730-A1,WO,20220329,G06F40/40,true,false,ai,AI PALETTE PTE LTD,SG
83459986,WO-2022211730-A1,WO,20220329,G06N20/00,true,false,ai,AI PALETTE PTE LTD,SG
83459986,WO-2022211730-A1,WO,20220329,G06N20/00,false,false,ai,AI PALETTE PTE LTD,SG
83459986,WO-2022211730-A1,WO,20220329,G06N3/006,true,false,ai,AI PALETTE PTE LTD,SG
83459986,WO-2022211730-A1,WO,20220329,G06N3/045,true,false,ai,AI PALETTE PTE LTD,SG
83459986,WO-2022211730-A1,WO,20220329,G06N3/0464,false,false,ai,AI PALETTE PTE LTD,SG
83459986,WO-2022211730-A1,WO,20220329,G06N3/088,false,false,ai,AI PALETTE PTE LTD,SG
83459986,WO-2022211730-A1,WO,20220329,G06Q10/06,true,false,,AI PALETTE PTE LTD,SG
83459986,WO-2022211730-A1,WO,20220329,G06Q10/063,true,false,,AI PALETTE PTE LTD,SG
83459986,WO-2022211730-A1,WO,20220329,G06Q10/101,true,false,,AI PALETTE PTE LTD,SG
83459986,WO-2022211730-A1,WO,20220329,G06Q10/101,true,false,,AI PALETTE PTE LTD,SG
83459986,WO-2022211730-A1,WO,20220329,G06Q30/0201,true,false,,AI PALETTE PTE LTD,SG
83459986,WO-2022211730-A1,WO,20220329,G06Q30/0201,true,false,,AI PALETTE PTE LTD,SG
83459986,WO-2022211730-A1,WO,20220329,G06Q30/0202,true,true,,AI PALETTE PTE LTD,SG
85719325,WO-2023047165-A1,WO,20210927,G06F18/241,true,false,,SENSETIME INT PTE LTD,SG
85719325,WO-2023047165-A1,WO,20210927,G06N3/044,true,false,ai,SENSETIME INT PTE LTD,SG
85719325,WO-2023047165-A1,WO,20210927,G06N3/0464,true,false,ai,SENSETIME INT PTE LTD,SG
85719325,WO-2023047165-A1,WO,20210927,G06N3/08,true,false,ai,SENSETIME INT PTE LTD,SG
85719325,WO-2023047165-A1,WO,20210927,G06T2207/20084,false,false,,SENSETIME INT PTE LTD,SG
85719325,WO-2023047165-A1,WO,20210927,G06T7/12,true,true,,SENSETIME INT PTE LTD,SG
85719325,WO-2023047165-A1,WO,20210927,G06V10/44,true,false,ai,SENSETIME INT PTE LTD,SG
85719325,WO-2023047165-A1,WO,20210927,G06V10/82,true,false,ai,SENSETIME INT PTE LTD,SG
89029809,EP-4638225-A1,EP,20231129,B60W2050/006,false,false,,CONTINENTAL AUTOMOTIVE TECH GMBH | UNIV NANYANG TECH,"DE,SG"
89029809,EP-4638225-A1,EP,20231129,B60W2520/10,false,false,,CONTINENTAL AUTOMOTIVE TECH GMBH | UNIV NANYANG TECH,"DE,SG"
89029809,EP-4638225-A1,EP,20231129,B60W2520/105,false,false,,CONTINENTAL AUTOMOTIVE TECH GMBH | UNIV NANYANG TECH,"DE,SG"
89029809,EP-4638225-A1,EP,20231129,B60W2540/043,false,false,,CONTINENTAL AUTOMOTIVE TECH GMBH | UNIV NANYANG TECH,"DE,SG"
89029809,EP-4638225-A1,EP,20231129,B60W40/09,true,true,,CONTINENTAL AUTOMOTIVE TECH GMBH | UNIV NANYANG TECH,"DE,SG"
89029809,EP-4638225-A1,EP,20231129,G06F18/23213,false,false,,CONTINENTAL AUTOMOTIVE TECH GMBH | UNIV NANYANG TECH,"DE,SG"
89029809,EP-4638225-A1,EP,20231129,G06Q40/08,true,false,fintech,CONTINENTAL AUTOMOTIVE TECH GMBH | UNIV NANYANG TECH,"DE,SG"
89029809,EP-4638225-A1,EP,20231129,G06Q50/40,true,false,,CONTINENTAL AUTOMOTIVE TECH GMBH | UNIV NANYANG TECH,"DE,SG"
89029809,WO-2024132419-A1,WO,20231129,B60W2050/006,false,false,,CONTINENTAL AUTOMOTIVE TECH GMBH | UNIV NANYANG TECH,"DE,SG"
89029809,WO-2024132419-A1,WO,20231129,B60W2520/10,false,false,,CONTINENTAL AUTOMOTIVE TECH GMBH | UNIV NANYANG TECH,"DE,SG"
89029809,WO-2024132419-A1,WO,20231129,B60W2520/105,false,false,,CONTINENTAL AUTOMOTIVE TECH GMBH | UNIV NANYANG TECH,"DE,SG"
89029809,WO-2024132419-A1,WO,20231129,B60W2540/043,false,false,,CONTINENTAL AUTOMOTIVE TECH GMBH | UNIV NANYANG TECH,"DE,SG"
89029809,WO-2024132419-A1,WO,20231129,B60W40/09,true,true,,CONTINENTAL AUTOMOTIVE TECH GMBH | UNIV NANYANG TECH,"DE,SG"
89029809,WO-2024132419-A1,WO,20231129,G06F18/23213,false,false,,CONTINENTAL AUTOMOTIVE TECH GMBH | UNIV NANYANG TECH,"DE,SG"
89029809,WO-2024132419-A1,WO,20231129,G06Q40/08,true,false,fintech,CONTINENTAL AUTOMOTIVE TECH GMBH | UNIV NANYANG TECH,"DE,SG"
89029809,WO-2024132419-A1,WO,20231129,G06Q50/40,true,false,,CONTINENTAL AUTOMOTIVE TECH GMBH | UNIV NANYANG TECH,"DE,SG"
89169119,US-2023410800-A1,US,20220616,G06F3/0482,true,false,,LENOVO SINGAPORE PTE LTD,SG
89169119,US-2023410800-A1,US,20220616,G06F3/0484,true,false,,LENOVO SINGAPORE PTE LTD,SG
89169119,US-2023410800-A1,US,20220616,G06F3/0484,true,false,,LENOVO SINGAPORE PTE LTD,SG
89169119,US-2023410800-A1,US,20220616,G06F3/04842,true,true,,LENOVO SINGAPORE PTE LTD,SG
89169119,US-2023410800-A1,US,20220616,G06F3/167,true,false,,LENOVO SINGAPORE PTE LTD,SG
89169119,US-2023410800-A1,US,20220616,G10L15/02,true,false,ai,LENOVO SINGAPORE PTE LTD,SG
89169119,US-2023410800-A1,US,20220616,G10L15/02,true,false,ai,LENOVO SINGAPORE PTE LTD,SG
89169119,US-2023410800-A1,US,20220616,G10L15/22,true,true,ai,LENOVO SINGAPORE PTE LTD,SG
89169119,US-2023410800-A1,US,20220616,G10L15/22,true,true,ai,LENOVO SINGAPORE PTE LTD,SG
89169119,US-2023410800-A1,US,20220616,G10L15/22,false,false,ai,LENOVO SINGAPORE PTE LTD,SG
89169119,US-2023410800-A1,US,20220616,G10L2015/223,false,false,ai,LENOVO SINGAPORE PTE LTD,SG
89169119,US-2023410800-A1,US,20220616,G10L2015/223,false,false,ai,LENOVO SINGAPORE PTE LTD,SG
91081046,US-2024168432-A1,US,20221101,A61B5/004,true,false,biomed,HANSON DAVID | LAM DOMINIC MAN KIT | LAM OLIVIA YEE YEE,"HK,US"
91081046,US-2024168432-A1,US,20221101,A61B5/0042,false,false,biomed,HANSON DAVID | LAM DOMINIC MAN KIT | LAM OLIVIA YEE YEE,"HK,US"
91081046,US-2024168432-A1,US,20221101,A61B5/0059,true,false,biomed,HANSON DAVID | LAM DOMINIC MAN KIT | LAM OLIVIA YEE YEE,"HK,US"
91081046,US-2024168432-A1,US,20221101,G03H1/0005,true,false,,HANSON DAVID | LAM DOMINIC MAN KIT | LAM OLIVIA YEE YEE,"HK,US"
91081046,US-2024168432-A1,US,20221101,G03H1/0005,true,false,,HANSON DAVID | LAM DOMINIC MAN KIT | LAM OLIVIA YEE YEE,"HK,US"
91081046,US-2024168432-A1,US,20221101,G03H1/0443,true,false,,HANSON DAVID | LAM DOMINIC MAN KIT | LAM OLIVIA YEE YEE,"HK,US"
91081046,US-2024168432-A1,US,20221101,G03H1/0808,true,false,,HANSON DAVID | LAM DOMINIC MAN KIT | LAM OLIVIA YEE YEE,"HK,US"
91081046,US-2024168432-A1,US,20221101,G03H1/0808,true,true,,HANSON DAVID | LAM DOMINIC MAN KIT | LAM OLIVIA YEE YEE,"HK,US"
91081046,US-2024168432-A1,US,20221101,G03H1/0808,true,true,,HANSON DAVID | LAM DOMINIC MAN KIT | LAM OLIVIA YEE YEE,"HK,US"
91081046,US-2024168432-A1,US,20221101,G03H1/0866,true,false,,HANSON DAVID | LAM DOMINIC MAN KIT | LAM OLIVIA YEE YEE,"HK,US"
91081046,US-2024168432-A1,US,20221101,G03H1/2645,true,false,,HANSON DAVID | LAM DOMINIC MAN KIT | LAM OLIVIA YEE YEE,"HK,US"
91081046,US-2024168432-A1,US,20221101,G03H2001/266,false,false,,HANSON DAVID | LAM DOMINIC MAN KIT | LAM OLIVIA YEE YEE,"HK,US"
91081046,US-2024168432-A1,US,20221101,G03H2210/30,false,false,,HANSON DAVID | LAM DOMINIC MAN KIT | LAM OLIVIA YEE YEE,"HK,US"
91081046,US-2024168432-A1,US,20221101,G06V10/141,true,false,ai,HANSON DAVID | LAM DOMINIC MAN KIT | LAM OLIVIA YEE YEE,"HK,US"
91081046,US-2024168432-A1,US,20221101,G06V10/82,true,false,ai,HANSON DAVID | LAM DOMINIC MAN KIT | LAM OLIVIA YEE YEE,"HK,US"
91081046,US-2024168432-A1,US,20221101,G06V20/41,true,false,ai,HANSON DAVID | LAM DOMINIC MAN KIT | LAM OLIVIA YEE YEE,"HK,US"
91081046,US-2024168432-A1,US,20221101,G06V2201/03,false,false,ai,HANSON DAVID | LAM DOMINIC MAN KIT | LAM OLIVIA YEE YEE,"HK,US"
91081046,US-2024168432-A1,US,20221101,G16H15/00,true,false,biomed,HANSON DAVID | LAM DOMINIC MAN KIT | LAM OLIVIA YEE YEE,"HK,US"
91081046,US-2024168432-A1,US,20221101,G16H15/00,true,false,biomed,HANSON DAVID | LAM DOMINIC MAN KIT | LAM OLIVIA YEE YEE,"HK,US"
91081046,US-2024168432-A1,US,20221101,G16H15/00,true,false,biomed,HANSON DAVID | LAM DOMINIC MAN KIT | LAM OLIVIA YEE YEE,"HK,US"
91081046,US-2024168432-A1,US,20221101,G16H30/40,true,false,biomed,HANSON DAVID | LAM DOMINIC MAN KIT | LAM OLIVIA YEE YEE,"HK,US"
91081046,US-2024168432-A1,US,20221101,G16H30/40,true,false,biomed,HANSON DAVID | LAM DOMINIC MAN KIT | LAM OLIVIA YEE YEE,"HK,US"
91081046,US-2024168432-A1,US,20221101,G16H30/40,true,false,biomed,HANSON DAVID | LAM DOMINIC MAN KIT | LAM OLIVIA YEE YEE,"HK,US"
91081046,US-2024168432-A1,US,20221101,G16H50/20,true,false,biomed,HANSON DAVID | LAM DOMINIC MAN KIT | LAM OLIVIA YEE YEE,"HK,US"
91081046,US-2024168432-A1,US,20221101,G16H50/20,true,false,biomed,HANSON DAVID | LAM DOMINIC MAN KIT | LAM OLIVIA YEE YEE,"HK,US"
91081046,US-2024168432-A1,US,20221101,G16H50/20,true,false,biomed,HANSON DAVID | LAM DOMINIC MAN KIT | LAM OLIVIA YEE YEE,"HK,US"
91081046,US-2024168432-A1,US,20221101,G16H50/30,true,false,biomed,HANSON DAVID | LAM DOMINIC MAN KIT | LAM OLIVIA YEE YEE,"HK,US"
91081046,US-2024168432-A1,US,20221101,G16H50/30,true,false,biomed,HANSON DAVID | LAM DOMINIC MAN KIT | LAM OLIVIA YEE YEE,"HK,US"
91081046,US-2024168432-A1,US,20221101,G16H50/30,true,true,biomed,HANSON DAVID | LAM DOMINIC MAN KIT | LAM OLIVIA YEE YEE,"HK,US"
91897360,WO-2024151206-A1,WO,20230109,G06Q10/087,true,false,,TENPAY GLOBAL PTE LTD,SG
91897360,WO-2024151206-A1,WO,20230109,G06Q30/0207,true,true,,TENPAY GLOBAL PTE LTD,SG
91897360,WO-2024151206-A1,WO,20230109,G06Q30/0283,true,false,,TENPAY GLOBAL PTE LTD,SG
91897360,WO-2024151206-A1,WO,20230109,G06Q30/0633,true,false,,TENPAY GLOBAL PTE LTD,SG
91897360,WO-2024151206-A1,WO,20230109,G06Q30/08,true,false,,TENPAY GLOBAL PTE LTD,SG
91897360,WO-2024151206-A1,WO,20230109,G06Q40/04,true,false,fintech,TENPAY GLOBAL PTE LTD,SG